ID,RCTRCK,RACE_DE,PRDCTN_NATION_NM,SEX,AGE,BND_WT,TRNER,RCHOSE_OWNR_NM,RCHOSE_BDWGH
1,부경,2005-01-07,미,암,,53,오문식,한국마사회,430
2,부경,2005-01-07,미,암,,50,백광열,한국마사회,429
3,부경,2005-01-07,미,암,,50,김영관,한국마사회,471
4,부경,2005-01-07,한,암,,50,유충열,한국마사회,434
5,부경,2005-01-07,한,암,,53,김길중,한국마사회,443
6,부경,2005-01-07,미,암,,50,윤주혁,한국마사회,498
7,부경,2005-01-07,미,암,,50,장세한,한국마사회,398
8,부경,2005-01-07,미,암,,53,조용배,한국마사회,413
9,부경,2005-01-07,일,암,,53,김병학,한국마사회,424
10,부경,2005-01-07,미,암,,53,오문식,한국마사회,419
11,부경,2005-01-07,미,암,,50,최기홍,한국마사회,482
12,부경,2005-01-07,호,수,,53,오문식,한국마사회,485
13,부경,2005-01-07,한,수,,51,김남중,한국마사회,479
14,부경,2005-01-07,미,수,,51,고홍석,한국마사회,437
15,부경,2005-01-07,미,수,,51,임금만,한국마사회,467
16,부경,2005-01-07,한,수,,51,강형곤,한국마사회,468
17,부경,2005-01-07,한,암,,50,윤주혁,한국마사회,428
18,부경,2005-01-07,미,암,,50,김창옥,한국마사회,463
19,부경,2005-01-07,미,암,,53,민장기,한국마사회,430
20,부경,2005-01-07,미,암,,53,조용배,한국마사회,485
21,부경,2005-01-07,미,암,,50,조용배,한국마사회,459
22,부경,2005-01-07,한,암,,50,김창옥,한국마사회,399
23,부경,2005-01-07,미,암,,52,한상복,한국마사회,461
24,부경,2005-01-07,한,수,,53,백광열,한국마사회,478
25,부경,2005-01-07,한,수,,51,강형곤,한국마사회,
26,부경,2005-01-07,미,수,,51,김상석,한국마사회,443
27,부경,2005-01-07,한,수,,51,김성현,한국마사회,436
28,부경,2005-01-07,미,수,,51,이정표,한국마사회,473
29,부경,2005-01-07,미,수,,54,강병은,한국마사회,451
30,부경,2005-01-07,한,수,,54,강병은,한국마사회,411
31,부경,2005-01-07,한,수,,54,김재섭,한국마사회,403
32,부경,2005-01-07,한,수,,54,오문식,한국마사회,455
33,부경,2005-01-07,호,수,,50,임금만,한국마사회,428
34,부경,2005-01-07,호,수,,50,최기홍,한국마사회,476
35,부경,2005-01-07,호,수,,50,임금만,한국마사회,431
36,부경,2005-01-07,미,수,,51,이정표,한국마사회,474
37,부경,2005-01-07,한,수,,51,유병복,한국마사회,426
38,부경,2005-01-07,뉴,수,,50,이정표,한국마사회,467
39,부경,2005-01-07,호,암,,50,김상석,한국마사회,415
40,부경,2005-01-07,뉴,암,,50,강형곤,한국마사회,453
41,부경,2005-01-07,뉴,암,,50,유병복,한국마사회,433
42,부경,2005-01-07,한,암,,50,유병복,한국마사회,419
43,부경,2005-01-07,한,암,,50,김남중,한국마사회,487
44,부경,2005-01-07,미,암,,50,김창옥,한국마사회,456
45,부경,2005-01-07,미,암,,50,장세한,한국마사회,416
46,부경,2005-01-07,한,암,,53,김재섭,한국마사회,424
47,부경,2005-01-07,미,암,,50,백광열,한국마사회,481
48,부경,2005-01-07,호,거,,50,조용배,한국마사회,436
49,부경,2005-01-07,미,거,,54,민장기,한국마사회,439
50,부경,2005-01-07,미,거,,51,김창옥,한국마사회,427
51,부경,2005-01-07,한,거,,51,강형곤,한국마사회,470
52,부경,2005-01-07,미,암,,50,김창옥,한국마사회,442
53,부경,2005-01-07,뉴,암,,53,김재섭,한국마사회,436
54,부경,2005-01-07,호,암,,50,김상석,한국마사회,415
55,부경,2005-01-07,호,암,,50,고홍석,한국마사회,454
56,부경,2005-01-07,호,암,,50,유충열,한국마사회,432
57,부경,2005-01-07,뉴,암,,52,한상복,한국마사회,447
58,부경,2005-01-07,미,암,,50,김상석,한국마사회,428
59,부경,2005-01-07,한,암,,51,김병학,한국마사회,512
60,부경,2005-01-07,한,암,,54,김병학,한국마사회,468
61,부경,2005-01-07,한,암,,51,장세한,한국마사회,465
62,부경,2005-01-07,한,암,,51,이정표,한국마사회,468
63,부경,2005-01-07,한,암,,51,양귀선,한국마사회,454
64,부경,2005-01-07,한,암,,51,유병복,한국마사회,419
65,부경,2005-01-07,한,수,,53,윤주혁,한국마사회,460
66,부경,2005-01-07,미,수,,51,김남중,한국마사회,451
67,부경,2005-01-07,호,수,,53,양귀선,한국마사회,486
68,부경,2005-01-07,호,수,,53,김병학,한국마사회,426
69,부경,2005-01-07,미,수,,51,김남중,한국마사회,506
70,부경,2005-01-07,미,거,,51,김영관,한국마사회,477
71,부경,2005-01-07,호,암,,50,윤주혁,한국마사회,429
72,부경,2005-01-07,호,암,,50,김영관,한국마사회,495
73,부경,2005-01-07,미,암,,50,고홍석,한국마사회,465
74,부경,2005-01-07,미,암,,50,양귀선,한국마사회,449
75,부경,2005-01-07,미,암,,50,백광열,한국마사회,452
76,부경,2005-01-14,한,수,,56,오문식,한국마사회,
77,부경,2005-01-14,한,수,,53,백광열,한국마사회,485
78,부경,2005-01-14,한,수,,56,강병은,한국마사회,437
79,부경,2005-01-14,미,수,,54,김병학,한국마사회,417
80,부경,2005-01-14,일,수,,51,강형곤,한국마사회,423
81,부경,2005-01-14,미,암,,50,장세한,한국마사회,433
82,부경,2005-01-14,미,암,,53,오문식,한국마사회,433
83,부경,2005-01-14,미,암,,50,장세한,한국마사회,437
84,부경,2005-01-14,미,암,,50,김남중,한국마사회,439
85,부경,2005-01-14,한,암,,53,김재섭,한국마사회,445
86,부경,2005-01-14,미,암,,52,한상복,한국마사회,462
87,부경,2005-01-14,호,암,,50,양귀선,한국마사회,426
88,부경,2005-01-14,호,암,,50,김성현,한국마사회,403
89,부경,2005-01-14,미,수,,51,백광열,한국마사회,503
90,부경,2005-01-14,한,수,,53,양귀선,한국마사회,494
91,부경,2005-01-14,한,수,,51,강형곤,한국마사회,455
92,부경,2005-01-14,한,수,,56,조용배,한국마사회,473
93,부경,2005-01-14,한,수,,53,최기홍,한국마사회,448
94,부경,2005-01-14,한,수,,53,김성현,한국마사회,433
95,부경,2005-01-14,미,수,,51,조용배,한국마사회,434
96,부경,2005-01-14,일,수,,51,김창옥,한국마사회,474
97,부경,2005-01-14,미,수,,51,강형곤,한국마사회,443
98,부경,2005-01-14,호,수,,50,이정표,한국마사회,468
99,부경,2005-01-14,호,수,,50,유병복,한국마사회,422
100,부경,2005-01-14,호,수,,52,한상복,한국마사회,507
101,부경,2005-01-14,호,수,,50,백광열,한국마사회,433
102,부경,2005-01-14,호,수,,50,유병복,한국마사회,424
103,부경,2005-01-14,호,수,,53,오문식,한국마사회,413
104,부경,2005-01-14,한,수,,51,최기홍,한국마사회,491
105,부경,2005-01-14,한,수,,54,오문식,한국마사회,431
106,부경,2005-01-14,한,수,,51,김창옥,한국마사회,455
107,부경,2005-01-14,한,수,,51,오문식,한국마사회,
108,부경,2005-01-14,미,수,,51,최기홍,한국마사회,452
109,부경,2005-01-14,미,수,,51,김남중,한국마사회,451
110,부경,2005-01-14,미,수,,51,유병복,한국마사회,416
111,부경,2005-01-14,미,수,,51,유충열,한국마사회,459
112,부경,2005-01-14,호,수,,50,김창옥,한국마사회,433
113,부경,2005-01-14,미,암,,50,최기홍,한국마사회,449
114,부경,2005-01-14,미,암,,53,양귀선,한국마사회,384
115,부경,2005-01-14,미,암,,53,김병학,한국마사회,403
116,부경,2005-01-14,호,암,,50,윤주혁,한국마사회,433
117,부경,2005-01-14,한,암,,50,조용배,한국마사회,437
118,부경,2005-01-14,한,암,,50,유충열,한국마사회,428
119,부경,2005-01-14,한,암,,53,김길중,한국마사회,397
120,부경,2005-01-14,한,암,,52,한상복,한국마사회,438
121,부경,2005-01-14,한,암,,53,김남중,한국마사회,465
122,부경,2005-01-14,한,암,,53,양귀선,한국마사회,414
123,부경,2005-01-14,한,암,,50,김상석,한국마사회,410
124,부경,2005-01-14,호,암,,50,김창옥,한국마사회,405
125,부경,2005-01-14,호,암,,50,백광열,한국마사회,430
126,부경,2005-01-14,뉴,암,,50,김상석,한국마사회,426
127,부경,2005-01-14,미,암,,53,조용배,한국마사회,470
128,부경,2005-01-14,미,거,,51,김영관,한국마사회,458
129,부경,2005-01-14,미,암,,50,고홍석,한국마사회,419
130,부경,2005-01-14,미,암,,53,강병은,한국마사회,432
131,부경,2005-01-14,미,암,,50,이정표,한국마사회,405
132,부경,2005-01-14,한,암,,51,최기홍,한국마사회,423
133,부경,2005-01-14,한,암,,51,고홍석,한국마사회,423
134,부경,2005-01-14,한,암,,51,장세한,한국마사회,468
135,부경,2005-01-14,한,암,,51,김상석,한국마사회,435
136,부경,2005-01-14,호,암,,50,강형곤,한국마사회,423
137,부경,2005-01-14,뉴,암,,53,김길중,한국마사회,411
138,부경,2005-01-14,한,암,,51,김성현,한국마사회,422
139,부경,2005-01-14,한,암,,54,김재섭,한국마사회,427
140,부경,2005-01-14,한,암,,51,조용배,한국마사회,429
141,부경,2005-01-14,미,암,,50,임금만,한국마사회,414
142,부경,2005-01-14,호,암,,53,김재섭,한국마사회,426
143,부경,2005-01-14,한,암,,53,김병학,한국마사회,412
144,부경,2005-01-14,한,암,,50,김남중,한국마사회,422
145,부경,2005-01-14,미,암,,50,윤주혁,한국마사회,426
146,부경,2005-01-14,한,수,,53,백광열,한국마사회,524
147,부경,2005-01-14,한,수,,53,김창옥,한국마사회,469
148,부경,2005-01-14,한,수,,54,김길중,한국마사회,447
149,부경,2005-01-14,한,수,,53,한상복,한국마사회,468
150,부경,2005-01-14,미,수,,51,이정표,한국마사회,405
151,부경,2005-01-14,한,암,,50,유충열,한국마사회,415
152,부경,2005-01-14,한,암,,51,유병복,한국마사회,413
153,부경,2005-01-21,한,암,,50,백광열,한국마사회,485
154,부경,2005-01-21,미,수,,51,유충열,한국마사회,507
155,부경,2005-01-21,한,수,,53,백광열,한국마사회,480
156,부경,2005-01-21,미,수,,51,유충열,한국마사회,433
157,부경,2005-01-21,한,암,,51,김상석,한국마사회,444
158,부경,2005-01-21,미,암,,50,김창옥,한국마사회,407
159,부경,2005-01-21,미,암,,53,김길중,한국마사회,458
160,부경,2005-01-21,한,암,,53,김길중,한국마사회,433
161,부경,2005-01-21,한,암,,53,오문식,한국마사회,461
162,부경,2005-01-21,한,암,,50,김남중,한국마사회,478
163,부경,2005-01-21,미,암,,50,유병복,한국마사회,444
164,부경,2005-01-21,미,암,,50,최기홍,한국마사회,454
165,부경,2005-01-21,미,암,,50,김길중,한국마사회,431
166,부경,2005-01-21,미,암,,50,김남중,한국마사회,453
167,부경,2005-01-21,미,암,,50,김상석,한국마사회,412
168,부경,2005-01-21,한,암,,53,민장기,한국마사회,442
169,부경,2005-01-21,한,암,,50,유병복,한국마사회,
170,부경,2005-01-21,한,암,,50,조용배,한국마사회,410
171,부경,2005-01-21,한,암,,53,고홍석,한국마사회,425
172,부경,2005-01-21,한,암,,50,강형곤,한국마사회,406
173,부경,2005-01-21,한,암,,50,김창옥,한국마사회,391
174,부경,2005-01-21,한,암,,50,윤주혁,한국마사회,410
175,부경,2005-01-21,미,암,,53,오문식,한국마사회,398
176,부경,2005-01-21,미,암,,50,유충열,한국마사회,423
177,부경,2005-01-21,미,암,,50,이정표,한국마사회,430
178,부경,2005-01-21,호,암,,50,김성현,한국마사회,442
179,부경,2005-01-21,호,암,,53,김영관,한국마사회,486
180,부경,2005-01-21,호,암,,50,강형곤,한국마사회,400
181,부경,2005-01-21,호,암,,50,이정표,한국마사회,451
182,부경,2005-01-21,호,암,,53,김남중,한국마사회,504
183,부경,2005-01-21,한,암,,51,최기홍,한국마사회,485
184,부경,2005-01-21,한,암,,51,임금만,한국마사회,458
185,부경,2005-01-21,한,암,,51,장세한,한국마사회,453
186,부경,2005-01-21,호,거,,50,백광열,한국마사회,451
187,부경,2005-01-21,호,거,,50,유병복,한국마사회,485
188,부경,2005-01-21,미,거,,54,강병은,한국마사회,437
189,부경,2005-01-21,한,수,,51,김상석,한국마사회,465
190,부경,2005-01-21,한,암,,50,최기홍,한국마사회,448
191,부경,2005-01-21,한,암,,51,이정표,한국마사회,460
192,부경,2005-01-21,한,암,,54,강병은,한국마사회,426
193,부경,2005-01-21,한,암,,51,장세한,한국마사회,480
194,부경,2005-01-21,한,암,,54,김병학,한국마사회,466
195,부경,2005-01-21,한,암,,51,고홍석,한국마사회,468
196,부경,2005-01-21,한,암,,51,유병복,한국마사회,418
197,부경,2005-01-21,한,암,,51,조용배,한국마사회,496
198,부경,2005-01-21,한,암,,51,김남중,한국마사회,485
199,부경,2005-01-21,미,암,,53,김재섭,한국마사회,430
200,부경,2005-01-21,미,암,,50,강형곤,한국마사회,418
201,부경,2005-01-21,호,암,,50,고홍석,한국마사회,472
202,부경,2005-01-21,미,암,,50,백광열,한국마사회,453
203,부경,2005-01-21,호,암,,50,고홍석,한국마사회,477
204,부경,2005-01-21,한,암,,54,강병은,한국마사회,463
205,부경,2005-01-21,미,암,,50,백광열,한국마사회,483
206,부경,2005-01-21,일,암,,50,김상석,한국마사회,391
207,부경,2005-01-21,미,암,,53,김길중,한국마사회,407
208,부경,2005-01-21,한,수,,53,백광열,한국마사회,507
209,부경,2005-01-21,한,수,,56,오문식,한국마사회,463
210,부경,2005-01-21,한,수,,56,오문식,한국마사회,463
211,부경,2005-01-21,미,수,,54,양귀선,한국마사회,499
212,부경,2005-01-21,일,수,,51,고홍석,한국마사회,487
213,부경,2005-01-21,미,수,,51,장세한,한국마사회,440
214,부경,2005-01-21,한,수,,52,김재섭,한국마사회,417
215,부경,2005-01-21,한,수,,51,최기홍,한국마사회,437
216,부경,2005-01-21,한,수,,51,이정표,한국마사회,463
217,부경,2005-01-21,한,수,,51,조용배,한국마사회,466
218,부경,2005-01-21,한,수,,54,강병은,한국마사회,453
219,부경,2005-01-21,한,수,,51,김창옥,한국마사회,468
220,부경,2005-01-21,한,수,,54,강병은,한국마사회,457
221,부경,2005-01-21,한,수,,51,김상석,한국마사회,440
222,부경,2005-01-21,한,수,,54,민장기,한국마사회,444
223,부경,2005-01-21,호,암,,50,윤주혁,한국마사회,423
224,부경,2005-01-21,한,수,,53,김병학,한국마사회,467
225,부경,2005-01-21,한,수,,53,김남중,한국마사회,490
226,부경,2005-01-21,미,수,,51,장세한,한국마사회,492
227,부경,2005-01-21,미,수,,51,최기홍,한국마사회,474
228,부경,2005-01-21,뉴,수,,53,양귀선,한국마사회,480
229,부경,2005-01-21,미,수,,53,한상복,한국마사회,471
230,부경,2005-01-21,호,수,,50,고홍석,한국마사회,463
231,부경,2005-01-21,한,암,,52,한상복,한국마사회,431
232,부경,2005-01-21,한,암,,50,장세한,한국마사회,425
233,부경,2005-01-28,한,수,,51,김창옥,한국마사회,456
234,부경,2005-01-28,한,수,,56,강병은,한국마사회,471
235,부경,2005-01-28,한,수,,53,김남중,한국마사회,483
236,부경,2005-01-28,호,수,,50,임금만,한국마사회,427
237,부경,2005-01-28,한,수,,56,오문식,한국마사회,432
238,부경,2005-01-28,한,수,,53,이정표,한국마사회,438
239,부경,2005-01-28,한,수,,54,김재섭,한국마사회,452
240,부경,2005-01-28,미,수,,51,임금만,한국마사회,469
241,부경,2005-01-28,미,수,,51,김남중,한국마사회,460
242,부경,2005-01-28,미,수,,54,김길중,한국마사회,462
243,부경,2005-01-28,한,수,,51,백광열,한국마사회,464
244,부경,2005-01-28,한,수,,51,강형곤,한국마사회,470
245,부경,2005-01-28,한,수,,53,한상복,한국마사회,468
246,부경,2005-01-28,한,수,,53,백광열,한국마사회,472
247,부경,2005-01-28,한,수,,53,김창옥,한국마사회,466
248,부경,2005-01-28,한,수,,56,민장기,한국마사회,432
249,부경,2005-01-28,미,수,,51,고홍석,한국마사회,468
250,부경,2005-01-28,미,수,,54,김병학,한국마사회,374
251,부경,2005-01-28,미,수,,51,윤주혁,한국마사회,488
252,부경,2005-01-28,미,수,,51,윤주혁,한국마사회,450
253,부경,2005-01-28,미,수,,51,장세한,한국마사회,465
254,부경,2005-01-28,호,수,,50,백광열,한국마사회,428
255,부경,2005-01-28,한,암,,49,김상석,한국마사회,453
256,부경,2005-01-28,한,암,,52,김영관,한국마사회,463
257,부경,2005-01-28,미,수,,51,강형곤,한국마사회,480
258,부경,2005-01-28,미,수,,51,유병복,한국마사회,443
259,부경,2005-01-28,미,거,,54,김재섭,한국마사회,446
260,부경,2005-01-28,호,수,,50,유병복,한국마사회,435
261,부경,2005-01-28,호,수,,50,김창옥,한국마사회,462
262,부경,2005-01-28,뉴,암,,50,고홍석,한국마사회,471
263,부경,2005-01-28,호,암,,53,김길중,한국마사회,456
264,부경,2005-01-28,호,암,,50,이정표,한국마사회,420
265,부경,2005-01-28,호,암,,52,한상복,한국마사회,445
266,부경,2005-01-28,한,암,,53,강병은,한국마사회,413
267,부경,2005-01-28,미,암,,53,민장기,한국마사회,415
268,부경,2005-01-28,미,암,,50,유충열,한국마사회,394
269,부경,2005-01-28,미,암,,50,김영관,한국마사회,391
270,부경,2005-01-28,한,암,,51,유병복,한국마사회,449
271,부경,2005-01-28,한,암,,54,김재섭,한국마사회,487
272,부경,2005-01-28,한,암,,50,강형곤,한국마사회,487
273,부경,2005-01-28,한,암,,50,이정표,한국마사회,412
274,부경,2005-01-28,한,암,,50,고홍석,한국마사회,438
275,부경,2005-01-28,한,암,,50,김남중,한국마사회,449
276,부경,2005-01-28,미,암,,50,고홍석,한국마사회,498
277,부경,2005-01-28,호,암,,50,김상석,한국마사회,400
278,부경,2005-01-28,호,암,,53,김병학,한국마사회,454
279,부경,2005-01-28,미,암,,50,김상석,한국마사회,406
280,부경,2005-01-28,미,암,,53,김병학,한국마사회,452
281,부경,2005-01-28,일,암,,50,백광열,한국마사회,434
282,부경,2005-01-28,미,암,,53,강병은,한국마사회,462
283,부경,2005-01-28,호,거,,52,한상복,한국마사회,448
284,부경,2005-01-28,미,거,,54,민장기,한국마사회,436
285,부경,2005-01-28,미,거,,54,오문식,한국마사회,473
286,부경,2005-01-28,한,수,,51,고홍석,한국마사회,490
287,부경,2005-01-28,한,수,,54,김길중,한국마사회,431
288,부경,2005-01-28,호,수,,53,오문식,한국마사회,461
289,부경,2005-01-28,미,암,,50,장세한,한국마사회,416
290,부경,2005-01-28,미,암,,50,최기홍,한국마사회,421
291,부경,2005-01-28,한,암,,53,김병학,한국마사회,438
292,부경,2005-01-28,미,암,,50,백광열,한국마사회,432
293,부경,2005-01-28,미,암,,53,오문식,한국마사회,424
294,부경,2005-01-28,한,암,,50,백광열,한국마사회,435
295,부경,2005-01-28,한,암,,50,김남중,한국마사회,445
296,부경,2005-01-28,호,암,,50,백광열,한국마사회,446
297,부경,2005-01-28,한,암,,51,임금만,한국마사회,433
298,부경,2005-01-28,한,암,,51,장세한,한국마사회,473
299,부경,2005-01-28,한,암,,51,고홍석,한국마사회,490
300,부경,2005-01-28,한,암,,51,김남중,한국마사회,510
301,부경,2005-01-28,한,암,,51,김성현,한국마사회,467
302,부경,2005-01-28,미,수,,51,유병복,한국마사회,416
303,부경,2005-01-28,미,수,,53,한상복,한국마사회,506
304,부경,2005-01-28,호,수,,50,김남중,한국마사회,477
305,부경,2005-01-28,호,수,,50,윤주혁,한국마사회,450
306,부경,2005-01-28,미,수,,51,강형곤,한국마사회,483
307,부경,2005-01-28,미,수,,54,김영관,한국마사회,483
308,부경,2005-01-28,미,수,,51,강형곤,한국마사회,464
309,부경,2005-01-28,미,암,,50,장세한,한국마사회,376
310,부경,2005-01-28,한,암,,50,장세한,한국마사회,424
311,부경,2005-01-28,호,암,,53,양귀선,한국마사회,476
312,부경,2005-01-28,미,암,,53,오문식,한국마사회,398
313,부경,2005-01-28,한,암,,51,유병복,한국마사회,441
314,부경,2005-01-28,한,암,,49,강형곤,한국마사회,447
315,부경,2005-01-28,한,암,,50,김창옥,한국마사회,434
316,부경,2005-01-28,미,암,,53,민장기,한국마사회,386
317,부경,2005-01-28,한,수,,56,강병은,한국마사회,448
318,부경,2005-01-28,한,수,,51,최기홍,한국마사회,504
319,부경,2005-02-04,미,암,,50,고홍석,한국마사회,473
320,부경,2005-02-04,호,암,,50,조용배,한국마사회,496
321,부경,2005-02-04,한,암,,51,유병복,한국마사회,418
322,부경,2005-02-04,한,암,,54,양귀선,한국마사회,500
323,부경,2005-02-04,미,암,,50,이정표,한국마사회,447
324,부경,2005-02-04,한,수,,53,윤주혁,한국마사회,466
325,부경,2005-02-04,미,암,,50,김창옥,한국마사회,451
326,부경,2005-02-04,미,암,,53,민장기,한국마사회,407
327,부경,2005-02-04,호,암,,53,김병학,한국마사회,476
328,부경,2005-02-04,미,암,,50,김성현,한국마사회,485
329,부경,2005-02-04,한,암,,51,장세한,한국마사회,448
330,부경,2005-02-04,한,암,,54,김병학,한국마사회,458
331,부경,2005-02-04,한,암,,53,유충열,한국마사회,457
332,부경,2005-02-04,한,암,,53,오문식,한국마사회,472
333,부경,2005-02-04,미,암,,53,오문식,한국마사회,430
334,부경,2005-02-04,미,암,,53,김재섭,한국마사회,393
335,부경,2005-02-04,미,암,,50,장세한,한국마사회,407
336,부경,2005-02-04,미,암,,53,양귀선,한국마사회,437
337,부경,2005-02-04,미,암,,53,민장기,한국마사회,431
338,부경,2005-02-04,한,암,,51,김성현,한국마사회,430
339,부경,2005-02-04,한,암,,50,최기홍,한국마사회,420
340,부경,2005-02-04,미,암,,52,한상복,한국마사회,467
341,부경,2005-02-04,한,암,,54,김병학,한국마사회,487
342,부경,2005-02-04,한,암,,51,김상석,한국마사회,437
343,부경,2005-02-04,한,암,,51,김병학,한국마사회,505
344,부경,2005-02-04,뉴,암,,50,유병복,한국마사회,415
345,부경,2005-02-04,호,암,,53,김병학,한국마사회,456
346,부경,2005-02-04,호,암,,50,김창옥,한국마사회,403
347,부경,2005-02-04,호,암,,53,유충열,한국마사회,452
348,부경,2005-02-04,한,암,,50,강형곤,한국마사회,415
349,부경,2005-02-04,한,암,,50,유병복,한국마사회,411
350,부경,2005-02-04,한,암,,50,김창옥,한국마사회,478
351,부경,2005-02-04,한,암,,50,이정표,한국마사회,408
352,부경,2005-02-04,미,암,,50,조용배,한국마사회,456
353,부경,2005-02-04,호,암,,50,이정표,한국마사회,446
354,부경,2005-02-04,미,암,,50,김창옥,한국마사회,468
355,부경,2005-02-04,뉴,암,,53,강병은,한국마사회,440
356,부경,2005-02-04,호,암,,50,최기홍,한국마사회,505
357,부경,2005-02-04,호,암,,53,양귀선,한국마사회,455
358,부경,2005-02-04,뉴,암,,50,강형곤,한국마사회,443
359,부경,2005-02-04,호,암,,50,김상석,한국마사회,416
360,부경,2005-02-04,뉴,암,,52,한상복,한국마사회,451
361,부경,2005-02-04,한,암,,54,강병은,한국마사회,427
362,부경,2005-02-04,미,수,,51,김성현,한국마사회,423
363,부경,2005-02-04,한,수,,54,오문식,한국마사회,436
364,부경,2005-02-04,호,수,,53,김병학,한국마사회,427
365,부경,2005-02-04,미,수,,54,유충열,한국마사회,460
366,부경,2005-02-04,호,수,,50,김남중,한국마사회,499
367,부경,2005-02-04,미,수,,51,김남중,한국마사회,492
368,부경,2005-02-04,미,수,,51,김병학,한국마사회,417
369,부경,2005-02-04,한,수,,54,오문식,한국마사회,462
370,부경,2005-02-04,호,수,,53,오문식,한국마사회,479
371,부경,2005-02-04,호,수,,50,이정표,한국마사회,469
372,부경,2005-02-04,호,수,,50,최기홍,한국마사회,485
373,부경,2005-02-04,미,수,,51,고홍석,한국마사회,446
374,부경,2005-02-04,미,수,,51,최기홍,한국마사회,454
375,부경,2005-02-04,뉴,수,,53,김길중,한국마사회,492
376,부경,2005-02-04,호,수,,53,김재섭,한국마사회,437
377,부경,2005-02-04,한,수,,53,김창옥,한국마사회,452
378,부경,2005-02-04,한,수,,53,장세한,한국마사회,456
379,부경,2005-02-04,한,수,,51,이정표,한국마사회,444
380,부경,2005-02-04,한,수,,51,강형곤,한국마사회,478
381,부경,2005-02-04,한,수,,53,김영관,한국마사회,454
382,부경,2005-02-04,미,수,,54,강병은,한국마사회,475
383,부경,2005-02-04,한,수,,51,김상석,한국마사회,458
384,부경,2005-02-04,한,수,,53,오문식,한국마사회,465
385,부경,2005-02-04,한,수,,53,최기홍,한국마사회,490
386,부경,2005-02-04,일,수,,51,김창옥,한국마사회,469
387,부경,2005-02-04,미,수,,51,김상석,한국마사회,428
388,부경,2005-02-04,한,수,,51,김성현,한국마사회,446
389,부경,2005-02-04,한,수,,51,최기홍,한국마사회,476
390,부경,2005-02-04,호,수,,52,김재섭,한국마사회,436
391,부경,2005-02-04,한,수,,54,양귀선,한국마사회,505
392,부경,2005-02-04,한,수,,56,양귀선,한국마사회,490
393,부경,2005-02-04,한,수,,53,최기홍,한국마사회,448
394,부경,2005-02-04,한,수,,56,김재섭,한국마사회,446
395,부경,2005-02-04,한,수,,53,백광열,한국마사회,482
396,부경,2005-02-04,미,수,,51,장세한,한국마사회,460
397,부경,2005-02-04,미,수,,51,김남중,한국마사회,445
398,부경,2005-02-04,한,수,,56,강병은,한국마사회,437
399,부경,2005-02-04,한,수,,56,조용배,한국마사회,468
400,부경,2005-02-04,한,암,,51,김재섭,한국마사회,422
401,부경,2005-02-04,한,암,,51,장세한,한국마사회,495
402,부경,2005-02-04,호,암,,50,강형곤,한국마사회,403
403,부경,2005-02-04,한,암,,50,김남중,한국마사회,501
404,부경,2005-02-04,한,암,,53,유충열,한국마사회,422
405,부경,2005-02-04,일,암,,53,민장기,한국마사회,414
406,부경,2005-02-04,미,암,,53,오문식,한국마사회,402
407,부경,2005-02-04,미,암,,53,김남중,한국마사회,445
408,부경,2005-02-04,미,암,,50,김창옥,한국마사회,466
409,부경,2005-02-04,호,암,,50,유병복,한국마사회,396
410,부경,2005-02-04,한,수,,53,백광열,한국마사회,520
411,부경,2005-02-04,미,수,,51,양귀선,한국마사회,412
412,부경,2005-02-04,미,거,,54,김영관,한국마사회,462
413,부경,2005-02-04,미,거,,51,김성현,한국마사회,452
414,부경,2005-02-04,미,거,,51,김영관,한국마사회,468
415,부경,2005-02-04,한,거,,51,강형곤,한국마사회,467
416,부경,2005-02-04,호,거,,50,조용배,한국마사회,443
417,부경,2005-02-04,미,거,,51,김창옥,한국마사회,430
418,부경,2005-02-04,미,암,,50,조용배,한국마사회,455
419,부경,2005-02-04,미,암,,53,오문식,한국마사회,430
420,부경,2005-02-04,미,암,,53,양귀선,한국마사회,408
421,부경,2005-02-04,한,암,,51,임금만,한국마사회,487
422,부경,2005-02-04,뉴,암,,53,유충열,한국마사회,424
423,부경,2005-02-04,호,암,,50,강형곤,한국마사회,431
424,부경,2005-02-04,뉴,암,,53,김재섭,한국마사회,439
425,부경,2005-02-04,미,암,,50,최기홍,한국마사회,437
426,부경,2005-02-18,미,암,,53,김길중,한국마사회,416
427,부경,2005-02-18,한,암,,51,고홍석,한국마사회,433
428,부경,2005-02-18,호,암,,53,김성현,한국마사회,415
429,부경,2005-02-18,한,암,,52,한상복,한국마사회,451
430,부경,2005-02-18,한,암,,50,강형곤,한국마사회,435
431,부경,2005-02-18,호,암,,53,조용배,한국마사회,453
432,부경,2005-02-18,미,암,,50,김길중,한국마사회,458
433,부경,2005-02-18,미,암,,50,고홍석,한국마사회,429
434,부경,2005-02-18,한,암,,51,김상석,한국마사회,458
435,부경,2005-02-18,한,암,,54,김성현,한국마사회,419
436,부경,2005-02-18,호,수,,50,김창옥,한국마사회,423
437,부경,2005-02-18,한,수,,56,김성현,한국마사회,449
438,부경,2005-02-18,한,수,,53,백광열,한국마사회,469
439,부경,2005-02-18,미,수,,51,김병학,한국마사회,415
440,부경,2005-02-18,한,수,,54,유충열,한국마사회,467
441,부경,2005-02-18,한,수,,54,민장기,한국마사회,452
442,부경,2005-02-18,한,수,,54,강병은,한국마사회,455
443,부경,2005-02-18,한,수,,51,강형곤,한국마사회,445
444,부경,2005-02-18,한,수,,51,장세한,한국마사회,468
445,부경,2005-02-18,한,수,,51,김상석,한국마사회,449
446,부경,2005-02-18,한,수,,53,이정표,한국마사회,485
447,부경,2005-02-18,미,수,,51,유병복,한국마사회,420
448,부경,2005-02-18,한,수,,51,김영관,한국마사회,482
449,부경,2005-02-18,한,수,,54,김길중,한국마사회,450
450,부경,2005-02-18,한,수,,51,김창옥,한국마사회,453
451,부경,2005-02-18,미,수,,54,유충열,한국마사회,461
452,부경,2005-02-18,한,암,,53,김병학,한국마사회,427
453,부경,2005-02-18,호,거,,50,백광열,한국마사회,436
454,부경,2005-02-18,미,거,,51,김영관,한국마사회,454
455,부경,2005-02-18,미,거,,54,유충열,한국마사회,453
456,부경,2005-02-18,미,거,,54,강병은,한국마사회,457
457,부경,2005-02-18,한,수,,53,고홍석,한국마사회,487
458,부경,2005-02-18,한,수,,53,백광열,한국마사회,480
459,부경,2005-02-18,한,수,,53,백광열,한국마사회,519
460,부경,2005-02-18,호,수,,50,김상석,한국마사회,411
461,부경,2005-02-18,호,수,,53,양귀선,한국마사회,432
462,부경,2005-02-18,호,수,,50,고홍석,한국마사회,460
463,부경,2005-02-18,호,수,,53,김남중,한국마사회,483
464,부경,2005-02-18,미,수,,51,강형곤,한국마사회,485
465,부경,2005-02-18,미,수,,51,이정표,한국마사회,470
466,부경,2005-02-18,한,수,,53,김병학,한국마사회,466
467,부경,2005-02-18,한,수,,54,한상복,한국마사회,470
468,부경,2005-02-18,한,수,,56,민장기,한국마사회,434
469,부경,2005-02-18,호,수,,53,오문식,한국마사회,438
470,부경,2005-02-18,한,수,,49,김상석,한국마사회,463
471,부경,2005-02-18,미,수,,51,고홍석,한국마사회,440
472,부경,2005-02-18,한,수,,56,오문식,한국마사회,432
473,부경,2005-02-18,호,수,,53,양귀선,한국마사회,444
474,부경,2005-02-18,호,수,,50,최기홍,한국마사회,411
475,부경,2005-02-18,호,수,,50,임금만,한국마사회,451
476,부경,2005-02-18,뉴,수,,50,장세한,한국마사회,469
477,부경,2005-02-18,미,암,,50,김창옥,한국마사회,477
478,부경,2005-02-18,미,암,,50,백광열,한국마사회,485
479,부경,2005-02-18,호,암,,52,한상복,한국마사회,448
480,부경,2005-02-18,미,암,,50,최기홍,한국마사회,491
481,부경,2005-02-18,한,암,,54,김재섭,한국마사회,439
482,부경,2005-02-18,한,암,,51,최기홍,한국마사회,431
483,부경,2005-02-18,한,암,,54,김병학,한국마사회,474
484,부경,2005-02-18,한,암,,51,김영관,한국마사회,455
485,부경,2005-02-18,호,암,,50,고홍석,한국마사회,473
486,부경,2005-02-18,호,암,,53,강병은,한국마사회,428
487,부경,2005-02-18,한,암,,51,이정표,한국마사회,478
488,부경,2005-02-18,한,암,,50,김길중,한국마사회,416
489,부경,2005-02-18,한,암,,50,조용배,한국마사회,435
490,부경,2005-02-18,한,암,,50,이정표,한국마사회,431
491,부경,2005-02-18,미,암,,50,김상석,한국마사회,399
492,부경,2005-02-18,호,암,,53,김성현,한국마사회,420
493,부경,2005-02-18,일,암,,53,김병학,한국마사회,425
494,부경,2005-02-18,일,암,,50,김영관,한국마사회,476
495,부경,2005-02-18,호,암,,50,백광열,한국마사회,450
496,부경,2005-02-18,호,암,,53,김재섭,한국마사회,425
497,부경,2005-02-18,호,암,,50,장세한,한국마사회,471
498,부경,2005-02-18,호,암,,50,이정표,한국마사회,437
499,부경,2005-02-18,한,암,,51,김상석,한국마사회,439
500,부경,2005-02-18,한,암,,54,임금만,한국마사회,453
501,부경,2005-02-18,미,암,,50,유병복,한국마사회,450
502,부경,2005-02-18,호,암,,50,고홍석,한국마사회,468
503,부경,2005-02-18,한,암,,50,김남중,한국마사회,497
504,부경,2005-02-18,한,암,,53,김남중,한국마사회,455
505,부경,2005-02-18,한,암,,51,장세한,한국마사회,485
506,부경,2005-02-18,미,암,,50,이정표,한국마사회,437
507,부경,2005-02-18,미,암,,53,김재섭,한국마사회,423
508,부경,2005-02-18,호,암,,50,윤주혁,한국마사회,440
509,부경,2005-02-18,미,암,,50,최기홍,한국마사회,414
510,부경,2005-02-18,호,암,,53,고홍석,한국마사회,452
511,부경,2005-02-18,미,암,,50,김남중,한국마사회,451
512,부경,2005-02-18,미,암,,50,조용배,한국마사회,403
513,부경,2005-02-18,미,암,,50,윤주혁,한국마사회,416
514,부경,2005-02-18,한,암,,53,김길중,한국마사회,446
515,부경,2005-02-18,한,암,,50,장세한,한국마사회,423
516,부경,2005-02-18,한,암,,53,김남중,한국마사회,466
517,부경,2005-02-18,한,암,,53,김상석,한국마사회,397
518,부경,2005-02-18,미,암,,50,최기홍,한국마사회,450
519,부경,2005-02-18,호,암,,50,김영관,한국마사회,491
520,부경,2005-02-18,한,암,,50,김창옥,한국마사회,429
521,부경,2005-02-18,한,암,,50,백광열,한국마사회,502
522,부경,2005-02-18,미,암,,50,김창옥,한국마사회,404
523,부경,2005-02-18,한,암,,53,유충열,한국마사회,387
524,부경,2005-02-18,미,암,,53,김남중,한국마사회,436
525,부경,2005-02-18,미,암,,53,조용배,한국마사회,477
526,부경,2005-02-18,미,암,,50,이정표,한국마사회,413
527,부경,2005-02-18,미,암,,50,김영관,한국마사회,394
528,부경,2005-02-18,미,암,,53,임금만,한국마사회,417
529,부경,2005-02-18,미,암,,53,김병학,한국마사회,413
530,부경,2005-02-18,한,암,,50,강형곤,한국마사회,411
531,부경,2005-02-18,한,암,,51,김창옥,한국마사회,473
532,부경,2005-02-18,한,암,,54,강병은,한국마사회,456
533,부경,2005-02-18,한,암,,51,고홍석,한국마사회,468
534,부경,2005-02-18,한,암,,50,조용배,한국마사회,
535,부경,2005-02-18,한,암,,51,유병복,한국마사회,415
536,부경,2005-02-18,한,암,,53,양귀선,한국마사회,447
537,부경,2005-02-18,미,암,,50,김상석,한국마사회,407
538,부경,2005-02-18,호,거,,52,한상복,한국마사회,447
539,부경,2005-02-18,한,암,,51,유병복,한국마사회,412
540,부경,2005-02-18,미,수,,51,윤주혁,한국마사회,477
541,부경,2005-02-18,미,거,,54,김성현,한국마사회,466
542,부경,2005-02-18,한,암,,50,고홍석,한국마사회,412
543,부경,2005-02-18,미,암,,50,장세한,한국마사회,455
544,부경,2005-02-18,한,암,,51,최기홍,한국마사회,497
545,부경,2005-02-18,호,수,,50,유병복,한국마사회,422
546,부경,2005-02-18,미,수,,51,백광열,한국마사회,489
547,부경,2005-02-18,호,수,,50,윤주혁,한국마사회,435
548,부경,2005-02-18,미,수,,54,김남중,한국마사회,435
549,부경,2005-02-18,미,수,,51,강형곤,한국마사회,446
550,부경,2005-02-18,한,수,,53,김남중,한국마사회,496
551,부경,2005-02-18,호,수,,53,양귀선,한국마사회,491
552,부경,2005-02-25,한,암,,51,김창옥,한국마사회,485
553,부경,2005-02-25,한,암,,54,김재섭,한국마사회,476
554,부경,2005-02-25,한,암,,51,장세한,한국마사회,475
555,부경,2005-02-25,한,암,,53,민장기,한국마사회,431
556,부경,2005-02-25,한,암,,51,임금만,한국마사회,443
557,부경,2005-02-25,한,암,,50,김남중,한국마사회,486
558,부경,2005-02-25,한,암,,51,강형곤,한국마사회,427
559,부경,2005-02-25,한,암,,50,조용배,한국마사회,428
560,부경,2005-02-25,미,암,,50,김길중,한국마사회,415
561,부경,2005-02-25,미,암,,53,김병학,한국마사회,454
562,부경,2005-02-25,한,암,,51,유병복,한국마사회,438
563,부경,2005-02-25,한,암,,53,김병학,한국마사회,446
564,부경,2005-02-25,한,암,,50,김창옥,한국마사회,410
565,부경,2005-02-25,미,암,,53,양귀선,한국마사회,443
566,부경,2005-02-25,미,암,,53,김재섭,한국마사회,428
567,부경,2005-02-25,한,암,,50,이정표,한국마사회,409
568,부경,2005-02-25,한,암,,53,김남중,한국마사회,467
569,부경,2005-02-25,일,암,,50,백광열,한국마사회,435
570,부경,2005-02-25,호,암,,50,김상석,한국마사회,420
571,부경,2005-02-25,한,암,,50,고홍석,한국마사회,444
572,부경,2005-02-25,한,암,,50,김성현,한국마사회,424
573,부경,2005-02-25,뉴,암,,50,고홍석,한국마사회,472
574,부경,2005-02-25,뉴,암,,53,임금만,한국마사회,466
575,부경,2005-02-25,호,암,,53,김병학,한국마사회,455
576,부경,2005-02-25,호,암,,50,임금만,한국마사회,408
577,부경,2005-02-25,뉴,암,,53,김길중,한국마사회,420
578,부경,2005-02-25,뉴,암,,53,강병은,한국마사회,423
579,부경,2005-02-25,호,암,,52,한상복,한국마사회,458
580,부경,2005-02-25,미,암,,53,김영관,한국마사회,467
581,부경,2005-02-25,한,암,,50,장세한,한국마사회,440
582,부경,2005-02-25,호,수,,50,백광열,한국마사회,443
583,부경,2005-02-25,호,수,,50,백광열,한국마사회,502
584,부경,2005-02-25,한,거,,54,유충열,한국마사회,413
585,부경,2005-02-25,호,암,,50,김남중,한국마사회,519
586,부경,2005-02-25,한,암,,50,김남중,한국마사회,428
587,부경,2005-02-25,한,암,,50,임금만,한국마사회,417
588,부경,2005-02-25,호,암,,53,민장기,한국마사회,466
589,부경,2005-02-25,호,암,,50,이정표,한국마사회,413
590,부경,2005-02-25,한,수,,53,최기홍,한국마사회,483
591,부경,2005-02-25,미,수,,51,이정표,한국마사회,411
592,부경,2005-02-25,미,수,,51,고홍석,한국마사회,488
593,부경,2005-02-25,한,암,,51,김영관,한국마사회,463
594,부경,2005-02-25,한,암,,51,장세한,한국마사회,467
595,부경,2005-02-25,미,수,,51,김성현,한국마사회,422
596,부경,2005-02-25,한,수,,54,한상복,한국마사회,438
597,부경,2005-02-25,한,수,,54,김남중,한국마사회,511
598,부경,2005-02-25,미,거,,54,오문식,한국마사회,472
599,부경,2005-02-25,미,거,,54,민장기,한국마사회,443
600,부경,2005-02-25,호,거,,50,김성현,한국마사회,413
601,부경,2005-02-25,호,거,,50,유병복,한국마사회,465
602,부경,2005-02-25,한,거,,53,강형곤,한국마사회,461
603,부경,2005-02-25,미,수,,51,유병복,한국마사회,449
604,부경,2005-02-25,미,수,,51,강형곤,한국마사회,478
605,부경,2005-02-25,미,수,,54,임금만,한국마사회,466
606,부경,2005-02-25,한,수,,53,윤주혁,한국마사회,442
607,부경,2005-02-25,한,수,,51,조용배,한국마사회,489
608,부경,2005-02-25,한,수,,56,강병은,한국마사회,444
609,부경,2005-02-25,한,수,,51,이정표,한국마사회,463
610,부경,2005-02-25,한,수,,53,윤주혁,한국마사회,463
611,부경,2005-02-25,한,수,,54,김재섭,한국마사회,413
612,부경,2005-02-25,한,수,,51,강형곤,한국마사회,467
613,부경,2005-02-25,한,수,,51,고홍석,한국마사회,514
614,부경,2005-02-25,호,수,,53,민장기,한국마사회,436
615,부경,2005-02-25,한,수,,53,김창옥,한국마사회,480
616,부경,2005-02-25,한,수,,53,김영관,한국마사회,474
617,부경,2005-02-25,한,수,,56,오문식,한국마사회,455
618,부경,2005-02-25,미,수,,54,양귀선,한국마사회,518
619,부경,2005-02-25,일,수,,51,강형곤,한국마사회,419
620,부경,2005-02-25,미,수,,51,김남중,한국마사회,456
621,부경,2005-02-25,일,수,,51,고홍석,한국마사회,505
622,부경,2005-02-25,미,수,,54,김병학,한국마사회,400
623,부경,2005-02-25,호,수,,50,김창옥,한국마사회,443
624,부경,2005-02-25,미,수,,51,장세한,한국마사회,504
625,부경,2005-02-25,한,수,,53,김영관,한국마사회,444
626,부경,2005-02-25,한,수,,53,백광열,한국마사회,489
627,부경,2005-02-25,한,수,,56,양귀선,한국마사회,486
628,부경,2005-02-25,한,수,,51,강병은,한국마사회,426
629,부경,2005-02-25,호,수,,50,윤주혁,한국마사회,442
630,부경,2005-02-25,호,수,,52,한상복,한국마사회,527
631,부경,2005-02-25,호,수,,53,김재섭,한국마사회,454
632,부경,2005-02-25,한,암,,51,조용배,한국마사회,496
633,부경,2005-02-25,한,암,,50,김상석,한국마사회,414
634,부경,2005-02-25,일,암,,50,김상석,한국마사회,382
635,부경,2005-02-25,한,암,,53,조용배,한국마사회,473
636,부경,2005-02-25,미,암,,53,오문식,한국마사회,412
637,부경,2005-02-25,한,암,,53,오문식,한국마사회,462
638,부경,2005-02-25,한,암,,52,한상복,한국마사회,456
639,부경,2005-02-25,한,암,,51,고홍석,한국마사회,470
640,부경,2005-02-25,한,암,,51,김상석,한국마사회,444
641,부경,2005-02-25,미,암,,53,오문식,한국마사회,409
642,부경,2005-02-25,일,암,,50,조용배,한국마사회,471
643,부경,2005-02-25,한,암,,51,강형곤,한국마사회,442
644,부경,2005-02-25,한,암,,53,유충열,한국마사회,415
645,부경,2005-02-25,한,암,,51,김성현,한국마사회,418
646,부경,2005-02-25,한,암,,51,이정표,한국마사회,466
647,부경,2005-02-25,일,암,,53,임금만,한국마사회,450
648,부경,2005-02-25,미,암,,50,윤주혁,한국마사회,
649,부경,2005-02-25,한,암,,51,김남중,한국마사회,520
650,부경,2005-02-25,한,암,,54,임금만,한국마사회,428
651,부경,2005-02-25,한,암,,50,강형곤,한국마사회,485
652,부경,2005-02-25,한,암,,53,오문식,한국마사회,
653,부경,2005-02-25,한,암,,53,강병은,한국마사회,422
654,부경,2005-02-25,미,암,,50,백광열,한국마사회,433
655,부경,2005-02-25,미,암,,50,장세한,한국마사회,418
656,부경,2005-02-25,한,암,,54,김병학,한국마사회,487
657,부경,2005-03-04,미,암,,50,강병은,한국마사회,
658,부경,2005-03-04,미,암,,50,김성현,한국마사회,435
659,부경,2005-03-04,미,암,,50,백광열,한국마사회,429
660,부경,2005-03-04,뉴,암,,50,김창옥,한국마사회,456
661,부경,2005-03-04,뉴,암,,52,김재섭,한국마사회,435
662,부경,2005-03-04,미,암,,50,장세한,한국마사회,391
663,부경,2005-03-04,미,암,,53,민장기,한국마사회,433
664,부경,2005-03-04,미,암,,50,백광열,한국마사회,422
665,부경,2005-03-04,한,암,,54,양귀선,한국마사회,492
666,부경,2005-03-04,한,암,,51,장세한,한국마사회,490
667,부경,2005-03-04,미,암,,50,조용배,한국마사회,452
668,부경,2005-03-04,미,암,,53,오문식,한국마사회,428
669,부경,2005-03-04,미,암,,53,김재섭,한국마사회,398
670,부경,2005-03-04,미,암,,50,조용배,한국마사회,453
671,부경,2005-03-04,미,암,,50,고홍석,한국마사회,508
672,부경,2005-03-04,미,암,,53,고홍석,한국마사회,474
673,부경,2005-03-04,호,암,,52,한상복,한국마사회,479
674,부경,2005-03-04,호,암,,50,김상석,한국마사회,390
675,부경,2005-03-04,한,암,,53,유충열,한국마사회,472
676,부경,2005-03-04,한,암,,50,강형곤,한국마사회,409
677,부경,2005-03-04,미,암,,50,김영관,한국마사회,398
678,부경,2005-03-04,미,암,,53,오문식,한국마사회,429
679,부경,2005-03-04,한,암,,50,김창옥,한국마사회,382
680,부경,2005-03-04,한,암,,51,김영관,한국마사회,441
681,부경,2005-03-04,미,암,,53,김성현,한국마사회,479
682,부경,2005-03-04,미,거,,51,김영관,한국마사회,450
683,부경,2005-03-04,한,암,,51,김상석,한국마사회,434
684,부경,2005-03-04,미,암,,53,양귀선,한국마사회,422
685,부경,2005-03-04,호,암,,50,유병복,한국마사회,406
686,부경,2005-03-04,미,수,,54,양귀선,한국마사회,403
687,부경,2005-03-04,한,수,,56,오문식,한국마사회,477
688,부경,2005-03-04,호,수,,53,김재섭,한국마사회,435
689,부경,2005-03-04,미,수,,51,이정표,한국마사회,485
690,부경,2005-03-04,한,수,,53,김남중,한국마사회,486
691,부경,2005-03-04,한,수,,51,김창옥,한국마사회,453
692,부경,2005-03-04,호,수,,53,김병학,한국마사회,455
693,부경,2005-03-04,호,수,,50,김남중,한국마사회,488
694,부경,2005-03-04,미,수,,54,김병학,한국마사회,415
695,부경,2005-03-04,한,수,,51,강형곤,한국마사회,475
696,부경,2005-03-04,미,수,,51,최기홍,한국마사회,452
697,부경,2005-03-04,미,수,,51,장세한,한국마사회,463
698,부경,2005-03-04,한,수,,51,김성현,한국마사회,444
699,부경,2005-03-04,호,수,,50,김창옥,한국마사회,448
700,부경,2005-03-04,한,수,,53,백광열,한국마사회,470
701,부경,2005-03-04,호,수,,53,김재섭,한국마사회,445
702,부경,2005-03-04,호,수,,50,이정표,한국마사회,474
703,부경,2005-03-04,호,수,,53,오문식,한국마사회,473
704,부경,2005-03-04,미,수,,51,유병복,한국마사회,417
705,부경,2005-03-04,미,수,,51,김상석,한국마사회,424
706,부경,2005-03-04,미,수,,51,강형곤,한국마사회,450
707,부경,2005-03-04,한,수,,51,최기홍,한국마사회,494
708,부경,2005-03-04,한,수,,51,김상석,한국마사회,453
709,부경,2005-03-04,호,수,,53,오문식,한국마사회,475
710,부경,2005-03-04,미,수,,53,한상복,한국마사회,510
711,부경,2005-03-04,미,수,,51,강형곤,한국마사회,440
712,부경,2005-03-04,미,수,,54,유충열,한국마사회,438
713,부경,2005-03-04,미,수,,51,김남중,한국마사회,492
714,부경,2005-03-04,한,수,,56,김재섭,한국마사회,440
715,부경,2005-03-04,한,수,,56,조용배,한국마사회,469
716,부경,2005-03-04,한,수,,53,김창옥,한국마사회,455
717,부경,2005-03-04,미,암,,53,양귀선,한국마사회,379
718,부경,2005-03-04,미,암,,53,민장기,한국마사회,401
719,부경,2005-03-04,미,암,,50,김길중,한국마사회,419
720,부경,2005-03-04,미,암,,50,최기홍,한국마사회,459
721,부경,2005-03-04,호,암,,50,조용배,한국마사회,452
722,부경,2005-03-04,호,암,,50,김창옥,한국마사회,412
723,부경,2005-03-04,호,암,,50,윤주혁,한국마사회,431
724,부경,2005-03-04,호,암,,53,양귀선,한국마사회,433
725,부경,2005-03-04,호,암,,53,김병학,한국마사회,464
726,부경,2005-03-04,미,거,,54,김성현,한국마사회,452
727,부경,2005-03-04,한,거,,51,강형곤,한국마사회,462
728,부경,2005-03-04,한,거,,56,김병학,한국마사회,416
729,부경,2005-03-04,호,암,,53,양귀선,한국마사회,455
730,부경,2005-03-04,미,암,,50,윤주혁,한국마사회,421
731,부경,2005-03-04,일,암,,50,김영관,한국마사회,465
732,부경,2005-03-04,미,암,,50,김창옥,한국마사회,465
733,부경,2005-03-04,한,암,,50,유병복,한국마사회,
734,부경,2005-03-04,한,암,,54,김병학,한국마사회,458
735,부경,2005-03-04,한,암,,53,유충열,한국마사회,442
736,부경,2005-03-04,한,암,,51,김남중,한국마사회,486
737,부경,2005-03-04,미,암,,50,김창옥,한국마사회,442
738,부경,2005-03-04,한,암,,50,윤주혁,한국마사회,414
739,부경,2005-03-04,한,암,,51,임금만,한국마사회,479
740,부경,2005-03-04,미,암,,50,최기홍,한국마사회,430
741,부경,2005-03-04,미,암,,53,민장기,한국마사회,378
742,부경,2005-03-04,미,암,,50,이정표,한국마사회,431
743,부경,2005-03-04,뉴,암,,50,강형곤,한국마사회,444
744,부경,2005-03-04,호,암,,53,유충열,한국마사회,456
745,부경,2005-03-04,호,암,,53,임금만,한국마사회,425
746,부경,2005-03-04,뉴,암,,50,백광열,한국마사회,451
747,부경,2005-03-04,호,암,,50,조용배,한국마사회,495
748,부경,2005-03-04,한,암,,50,이정표,한국마사회,411
749,부경,2005-03-04,한,암,,50,김남중,한국마사회,442
750,부경,2005-03-04,한,암,,53,임금만,한국마사회,430
751,부경,2005-03-04,한,암,,50,유병복,한국마사회,414
752,부경,2005-03-04,한,암,,50,김상석,한국마사회,400
753,부경,2005-03-04,한,암,,50,최기홍,한국마사회,437
754,부경,2005-03-04,한,암,,51,김상석,한국마사회,441
755,부경,2005-03-11,호,암,,50,강형곤,한국마사회,396
756,부경,2005-03-11,호,암,,50,장세한,한국마사회,455
757,부경,2005-03-11,미,암,,50,장세한,한국마사회,403
758,부경,2005-03-11,미,암,,50,장세한,한국마사회,407
759,부경,2005-03-11,미,암,,52,한상복,한국마사회,457
760,부경,2005-03-11,미,암,,50,고홍석,한국마사회,420
761,부경,2005-03-11,한,암,,50,김남중,한국마사회,441
762,부경,2005-03-11,미,암,,50,김창옥,한국마사회,465
763,부경,2005-03-11,미,수,,51,장세한,한국마사회,462
764,부경,2005-03-11,미,수,,53,한상복,한국마사회,473
765,부경,2005-03-11,한,암,,54,김병학,한국마사회,473
766,부경,2005-03-11,일,암,,50,조용배,한국마사회,460
767,부경,2005-03-11,호,암,,50,김영관,한국마사회,405
768,부경,2005-03-11,뉴,암,,50,유병복,한국마사회,414
769,부경,2005-03-11,한,수,,53,김상석,한국마사회,413
770,부경,2005-03-11,한,수,,51,이정표,한국마사회,447
771,부경,2005-03-11,한,수,,51,유병복,한국마사회,428
772,부경,2005-03-11,호,수,,50,백광열,한국마사회,433
773,부경,2005-03-11,호,수,,53,양귀선,한국마사회,439
774,부경,2005-03-11,한,수,,53,최기홍,한국마사회,471
775,부경,2005-03-11,한,암,,50,김창옥,한국마사회,463
776,부경,2005-03-11,미,암,,50,최기홍,한국마사회,406
777,부경,2005-03-11,한,수,,53,한상복,한국마사회,465
778,부경,2005-03-11,한,수,,53,김병학,한국마사회,463
779,부경,2005-03-11,호,수,,50,윤주혁,한국마사회,413
780,부경,2005-03-11,한,수,,56,강병은,한국마사회,464
781,부경,2005-03-11,한,수,,56,오문식,한국마사회,502
782,부경,2005-03-11,한,수,,53,김남중,한국마사회,489
783,부경,2005-03-11,미,수,,54,김영관,한국마사회,482
784,부경,2005-03-11,한,수,,56,오문식,한국마사회,426
785,부경,2005-03-11,한,수,,53,윤주혁,한국마사회,440
786,부경,2005-03-11,호,수,,50,조용배,한국마사회,450
787,부경,2005-03-11,호,수,,50,김상석,한국마사회,427
788,부경,2005-03-11,한,수,,54,김재섭,한국마사회,428
789,부경,2005-03-11,한,수,,51,유병복,한국마사회,460
790,부경,2005-03-11,한,수,,51,김상석,한국마사회,438
791,부경,2005-03-11,한,수,,51,이정표,한국마사회,462
792,부경,2005-03-11,호,수,,50,윤주혁,한국마사회,419
793,부경,2005-03-11,미,수,,51,김남중,한국마사회,451
794,부경,2005-03-11,한,수,,51,강병은,한국마사회,454
795,부경,2005-03-11,한,수,,54,양귀선,한국마사회,495
796,부경,2005-03-11,한,수,,51,김상석,한국마사회,453
797,부경,2005-03-11,한,수,,54,김성현,한국마사회,463
798,부경,2005-03-11,호,수,,53,임금만,한국마사회,441
799,부경,2005-03-11,호,수,,50,백광열,한국마사회,490
800,부경,2005-03-11,호,수,,50,이정표,한국마사회,457
801,부경,2005-03-11,미,수,,54,민장기,한국마사회,490
802,부경,2005-03-11,한,암,,51,임금만,한국마사회,443
803,부경,2005-03-11,한,암,,53,유충열,한국마사회,436
804,부경,2005-03-11,뉴,암,,52,한상복,한국마사회,454
805,부경,2005-03-11,호,암,,50,고홍석,한국마사회,445
806,부경,2005-03-11,호,암,,50,강형곤,한국마사회,398
807,부경,2005-03-11,미,암,,50,김남중,한국마사회,438
808,부경,2005-03-11,한,암,,50,강형곤,한국마사회,419
809,부경,2005-03-11,한,암,,53,양귀선,한국마사회,442
810,부경,2005-03-11,한,암,,53,민장기,한국마사회,427
811,부경,2005-03-11,한,암,,51,임금만,한국마사회,510
812,부경,2005-03-11,미,거,,54,강병은,한국마사회,457
813,부경,2005-03-11,미,거,,51,임금만,한국마사회,464
814,부경,2005-03-11,호,거,,50,조용배,한국마사회,453
815,부경,2005-03-11,한,수,,53,장세한,한국마사회,463
816,부경,2005-03-11,미,수,,51,강형곤,한국마사회,471
817,부경,2005-03-11,미,수,,51,김성현,한국마사회,497
818,부경,2005-03-11,일,수,,51,김창옥,한국마사회,
819,부경,2005-03-11,호,암,,50,강형곤,한국마사회,432
820,부경,2005-03-11,미,암,,53,오문식,한국마사회,410
821,부경,2005-03-11,뉴,암,,50,김창옥,한국마사회,442
822,부경,2005-03-11,호,암,,53,김재섭,한국마사회,437
823,부경,2005-03-11,한,암,,53,김병학,한국마사회,407
824,부경,2005-03-11,호,암,,50,강형곤,한국마사회,403
825,부경,2005-03-11,호,암,,53,김병학,한국마사회,470
826,부경,2005-03-11,호,암,,50,최기홍,한국마사회,496
827,부경,2005-03-11,미,암,,52,한상복,한국마사회,467
828,부경,2005-03-11,미,암,,50,조용배,한국마사회,461
829,부경,2005-03-11,미,암,,50,김상석,한국마사회,423
830,부경,2005-03-11,미,암,,53,오문식,한국마사회,404
831,부경,2005-03-11,한,암,,50,김남중,한국마사회,498
832,부경,2005-03-11,한,암,,50,장세한,한국마사회,456
833,부경,2005-03-11,미,암,,50,윤주혁,한국마사회,474
834,부경,2005-03-11,미,암,,53,양귀선,한국마사회,413
835,부경,2005-03-11,미,암,,50,백광열,한국마사회,480
836,부경,2005-03-11,미,암,,53,김재섭,한국마사회,430
837,부경,2005-03-11,미,암,,53,김길중,한국마사회,400
838,부경,2005-03-11,한,암,,52,한상복,한국마사회,448
839,부경,2005-03-18,미,수,,51,김성현,한국마사회,418
840,부경,2005-03-18,미,수,,54,김병학,한국마사회,374
841,부경,2005-03-18,한,수,,54,오문식,한국마사회,437
842,부경,2005-03-18,한,수,,56,김성현,한국마사회,446
843,부경,2005-03-18,미,수,,54,민장기,한국마사회,475
844,부경,2005-03-18,한,수,,56,오문식,한국마사회,464
845,부경,2005-03-18,한,수,,53,이정표,한국마사회,489
846,부경,2005-03-18,미,수,,51,윤주혁,한국마사회,458
847,부경,2005-03-18,미,수,,54,고홍석,한국마사회,444
848,부경,2005-03-18,한,수,,52,김재섭,한국마사회,415
849,부경,2005-03-18,한,수,,51,김길중,한국마사회,453
850,부경,2005-03-18,호,수,,53,양귀선,한국마사회,489
851,부경,2005-03-18,호,수,,50,김상석,한국마사회,410
852,부경,2005-03-18,호,수,,50,임금만,한국마사회,437
853,부경,2005-03-18,호,수,,53,민장기,한국마사회,439
854,부경,2005-03-18,호,수,,53,오문식,한국마사회,438
855,부경,2005-03-18,호,수,,50,유병복,한국마사회,415
856,부경,2005-03-18,한,수,,51,강형곤,한국마사회,472
857,부경,2005-03-18,한,수,,51,김창옥,한국마사회,440
858,부경,2005-03-18,호,수,,50,백광열,한국마사회,441
859,부경,2005-03-18,호,수,,50,김남중,한국마사회,476
860,부경,2005-03-18,호,수,,53,민장기,한국마사회,432
861,부경,2005-03-18,한,수,,54,강병은,한국마사회,426
862,부경,2005-03-18,한,수,,54,민장기,한국마사회,449
863,부경,2005-03-18,한,암,,54,강병은,한국마사회,432
864,부경,2005-03-18,한,암,,51,조용배,한국마사회,497
865,부경,2005-03-18,한,암,,51,강병은,한국마사회,471
866,부경,2005-03-18,한,암,,54,민장기,한국마사회,430
867,부경,2005-03-18,미,암,,50,유병복,한국마사회,455
868,부경,2005-03-18,한,암,,51,고홍석,한국마사회,425
869,부경,2005-03-18,한,암,,54,김병학,한국마사회,508
870,부경,2005-03-18,호,암,,53,김재섭,한국마사회,422
871,부경,2005-03-18,호,암,,50,강병은,한국마사회,432
872,부경,2005-03-18,미,수,,54,유충열,한국마사회,471
873,부경,2005-03-18,한,수,,56,민장기,한국마사회,436
874,부경,2005-03-18,호,수,,52,한상복,한국마사회,518
875,부경,2005-03-18,호,수,,50,유병복,한국마사회,475
876,부경,2005-03-18,호,수,,50,고홍석,한국마사회,453
877,부경,2005-03-18,한,수,,53,백광열,한국마사회,471
878,부경,2005-03-18,한,수,,51,김남중,한국마사회,505
879,부경,2005-03-18,한,수,,51,김길중,한국마사회,431
880,부경,2005-03-18,호,수,,50,최기홍,한국마사회,418
881,부경,2005-03-18,미,수,,51,고홍석,한국마사회,466
882,부경,2005-03-18,미,수,,51,김남중,한국마사회,437
883,부경,2005-03-18,미,수,,51,장세한,한국마사회,516
884,부경,2005-03-18,일,수,,51,강형곤,한국마사회,421
885,부경,2005-03-18,미,거,,51,김창옥,한국마사회,423
886,부경,2005-03-18,미,거,,51,김영관,한국마사회,450
887,부경,2005-03-18,미,거,,54,김영관,한국마사회,455
888,부경,2005-03-18,미,거,,54,민장기,한국마사회,437
889,부경,2005-03-18,한,거,,53,강형곤,한국마사회,458
890,부경,2005-03-18,호,거,,50,김창옥,한국마사회,459
891,부경,2005-03-18,뉴,거,,53,양귀선,한국마사회,
892,부경,2005-03-18,미,거,,54,김성현,한국마사회,447
893,부경,2005-03-18,한,암,,51,김상석,한국마사회,434
894,부경,2005-03-18,미,암,,50,이정표,한국마사회,390
895,부경,2005-03-18,호,암,,50,윤주혁,한국마사회,437
896,부경,2005-03-18,한,암,,51,김성현,한국마사회,407
897,부경,2005-03-18,한,암,,51,고홍석,한국마사회,463
898,부경,2005-03-18,한,암,,54,김영관,한국마사회,439
899,부경,2005-03-18,한,암,,51,이정표,한국마사회,457
900,부경,2005-03-18,한,암,,50,조용배,한국마사회,424
901,부경,2005-03-18,미,암,,53,김길중,한국마사회,458
902,부경,2005-03-18,미,암,,53,김병학,한국마사회,452
903,부경,2005-03-18,한,암,,51,장세한,한국마사회,503
904,부경,2005-03-18,한,암,,51,김상석,한국마사회,444
905,부경,2005-03-18,미,암,,53,김길중,한국마사회,414
906,부경,2005-03-18,미,암,,50,강병은,한국마사회,473
907,부경,2005-03-18,미,암,,50,김영관,한국마사회,394
908,부경,2005-03-18,한,암,,50,조용배,한국마사회,426
909,부경,2005-03-18,한,암,,53,양귀선,한국마사회,390
910,부경,2005-03-18,호,암,,50,강형곤,한국마사회,403
911,부경,2005-03-18,한,암,,50,백광열,한국마사회,500
912,부경,2005-03-18,한,암,,50,조용배,한국마사회,437
913,부경,2005-03-18,미,암,,50,김남중,한국마사회,451
914,부경,2005-03-18,미,암,,50,윤주혁,한국마사회,422
915,부경,2005-03-18,한,암,,50,백광열,한국마사회,436
916,부경,2005-03-18,한,암,,50,김길중,한국마사회,430
917,부경,2005-03-18,호,암,,50,윤주혁,한국마사회,429
918,부경,2005-03-18,미,암,,50,김상석,한국마사회,396
919,부경,2005-03-18,미,암,,50,임금만,한국마사회,421
920,부경,2005-03-18,미,암,,50,김창옥,한국마사회,471
921,부경,2005-03-18,한,암,,53,김재섭,한국마사회,415
922,부경,2005-03-18,한,암,,50,김창옥,한국마사회,407
923,부경,2005-03-18,미,수,,54,임금만,한국마사회,469
924,부경,2005-03-18,한,거,,54,오문식,한국마사회,458
925,부경,2005-03-18,호,거,,50,유병복,한국마사회,459
926,부경,2005-03-18,미,거,,54,유충열,한국마사회,461
927,부경,2005-03-18,미,암,,50,최기홍,한국마사회,446
928,부경,2005-03-18,한,암,,50,강형곤,한국마사회,439
929,부경,2005-03-18,한,수,,54,민장기,한국마사회,463
930,부경,2005-03-18,한,수,,51,이정표,한국마사회,441
931,부경,2005-03-18,호,암,,53,양귀선,한국마사회,485
932,부경,2005-03-18,뉴,암,,53,유충열,한국마사회,430
933,부경,2005-03-18,호,암,,50,임금만,한국마사회,409
934,부경,2005-03-18,호,암,,50,백광열,한국마사회,512
935,부경,2005-03-18,한,암,,50,김남중,한국마사회,455
936,부경,2005-03-18,한,암,,53,김길중,한국마사회,407
937,부경,2005-03-18,호,암,,52,한상복,한국마사회,445
938,부경,2005-03-18,호,암,,50,김상석,한국마사회,428
939,부경,2005-03-18,한,암,,50,강형곤,한국마사회,477
940,부경,2005-03-18,한,암,,50,이정표,한국마사회,411
941,부경,2005-03-18,한,암,,50,임금만,한국마사회,409
942,부경,2005-03-18,한,암,,52,한상복,한국마사회,449
943,부경,2005-03-18,한,암,,50,유병복,한국마사회,462
944,부경,2005-03-18,한,암,,54,임금만,한국마사회,427
945,부경,2005-03-18,한,암,,54,김재섭,한국마사회,431
946,부경,2005-03-25,한,암,,51,임금만,한국마사회,442
947,부경,2005-03-25,호,거,,50,백광열,한국마사회,443
948,부경,2005-03-25,호,거,,53,김병학,한국마사회,404
949,부경,2005-03-25,호,거,,50,김성현,한국마사회,407
950,부경,2005-03-25,호,거,,52,한상복,한국마사회,435
951,부경,2005-03-25,한,거,,51,강형곤,한국마사회,456
952,부경,2005-03-25,뉴,거,,52,한상복,한국마사회,485
953,부경,2005-03-25,미,거,,51,오문식,한국마사회,477
954,부경,2005-03-25,호,암,,50,강병은,한국마사회,457
955,부경,2005-03-25,호,암,,50,조용배,한국마사회,458
956,부경,2005-03-25,호,암,,50,김남중,한국마사회,492
957,부경,2005-03-25,호,암,,53,오문식,한국마사회,444
958,부경,2005-03-25,호,암,,53,민장기,한국마사회,459
959,부경,2005-03-25,호,암,,50,유충열,한국마사회,414
960,부경,2005-03-25,한,암,,51,김상석,한국마사회,445
961,부경,2005-03-25,한,암,,51,강형곤,한국마사회,431
962,부경,2005-03-25,미,암,,53,김병학,한국마사회,417
963,부경,2005-03-25,뉴,암,,50,강형곤,한국마사회,439
964,부경,2005-03-25,호,암,,53,민장기,한국마사회,480
965,부경,2005-03-25,호,암,,53,김병학,한국마사회,464
966,부경,2005-03-25,호,암,,50,김상석,한국마사회,416
967,부경,2005-03-25,호,암,,52,한상복,한국마사회,457
968,부경,2005-03-25,한,암,,50,김남중,한국마사회,477
969,부경,2005-03-25,한,암,,50,조용배,한국마사회,476
970,부경,2005-03-25,한,암,,53,강병은,한국마사회,453
971,부경,2005-03-25,한,암,,52,한상복,한국마사회,450
972,부경,2005-03-25,한,암,,50,김성현,한국마사회,434
973,부경,2005-03-25,한,암,,53,김성현,한국마사회,430
974,부경,2005-03-25,한,암,,53,김남중,한국마사회,440
975,부경,2005-03-25,한,암,,51,김성현,한국마사회,414
976,부경,2005-03-25,한,암,,54,양귀선,한국마사회,448
977,부경,2005-03-25,미,암,,50,윤주혁,한국마사회,473
978,부경,2005-03-25,미,암,,53,오문식,한국마사회,409
979,부경,2005-03-25,일,암,,50,김상석,한국마사회,386
980,부경,2005-03-25,뉴,암,,50,고홍석,한국마사회,466
981,부경,2005-03-25,한,암,,53,김재섭,한국마사회,463
982,부경,2005-03-25,한,암,,54,김남중,한국마사회,512
983,부경,2005-03-25,한,암,,50,김남중,한국마사회,418
984,부경,2005-03-25,한,암,,53,김병학,한국마사회,453
985,부경,2005-03-25,한,암,,51,고홍석,한국마사회,485
986,부경,2005-03-25,미,수,,54,김남중,한국마사회,446
987,부경,2005-03-25,미,거,,51,유병복,한국마사회,456
988,부경,2005-03-25,뉴,거,,53,양귀선,한국마사회,478
989,부경,2005-03-25,한,수,,51,최기홍,한국마사회,511
990,부경,2005-03-25,한,암,,51,조용배,한국마사회,434
991,부경,2005-03-25,일,암,,50,임금만,한국마사회,438
992,부경,2005-03-25,한,암,,51,장세한,한국마사회,481
993,부경,2005-03-25,미,암,,53,오문식,한국마사회,404
994,부경,2005-03-25,한,암,,50,윤주혁,한국마사회,425
995,부경,2005-03-25,호,암,,53,김남중,한국마사회,508
996,부경,2005-03-25,한,암,,53,오문식,한국마사회,459
997,부경,2005-03-25,뉴,암,,50,윤주혁,한국마사회,453
998,부경,2005-03-25,호,암,,50,백광열,한국마사회,444
999,부경,2005-03-25,뉴,암,,50,강병은,한국마사회,433
1000,부경,2005-03-25,한,암,,50,임금만,한국마사회,439
1001,부경,2005-03-25,한,수,,56,김재섭,한국마사회,441
1002,부경,2005-03-25,한,수,,53,장세한,한국마사회,463
1003,부경,2005-03-25,한,수,,54,강병은,한국마사회,485
1004,부경,2005-03-25,한,수,,53,김창옥,한국마사회,474
1005,부경,2005-03-25,한,수,,51,이정표,한국마사회,451
1006,부경,2005-03-25,호,수,,50,최기홍,한국마사회,418
1007,부경,2005-03-25,호,수,,53,김재섭,한국마사회,435
1008,부경,2005-03-25,호,수,,50,이정표,한국마사회,440
1009,부경,2005-03-25,한,수,,54,임금만,한국마사회,472
1010,부경,2005-03-25,한,수,,54,김재섭,한국마사회,423
1011,부경,2005-03-25,한,수,,53,한상복,한국마사회,467
1012,부경,2005-03-25,한,수,,53,백광열,한국마사회,462
1013,부경,2005-03-25,한,수,,56,고홍석,한국마사회,449
1014,부경,2005-03-25,미,수,,51,김상석,한국마사회,426
1015,부경,2005-03-25,한,수,,53,한상복,한국마사회,417
1016,부경,2005-03-25,한,수,,54,김병학,한국마사회,471
1017,부경,2005-03-25,한,수,,54,김재섭,한국마사회,483
1018,부경,2005-03-25,뉴,수,,53,김길중,한국마사회,516
1019,부경,2005-03-25,미,수,,54,김재섭,한국마사회,483
1020,부경,2005-03-25,미,수,,51,윤주혁,한국마사회,475
1021,부경,2005-03-25,한,암,,53,김길중,한국마사회,456
1022,부경,2005-03-25,일,암,,53,민장기,한국마사회,408
1023,부경,2005-03-25,한,수,,56,양귀선,한국마사회,486
1024,부경,2005-03-25,한,수,,51,강형곤,한국마사회,457
1025,부경,2005-03-25,한,수,,51,조용배,한국마사회,492
1026,부경,2005-03-25,한,수,,53,백광열,한국마사회,469
1027,부경,2005-03-25,미,수,,51,최기홍,한국마사회,457
1028,부경,2005-03-25,한,수,,53,최기홍,한국마사회,477
1029,부경,2005-03-25,한,수,,53,김영관,한국마사회,427
1030,부경,2005-03-25,호,수,,50,윤주혁,한국마사회,426
1031,부경,2005-03-25,미,수,,54,유충열,한국마사회,433
1032,부경,2005-03-25,미,수,,51,강형곤,한국마사회,479
1033,부경,2005-03-25,호,수,,50,유병복,한국마사회,442
1034,부경,2005-03-25,한,수,,51,최기홍,한국마사회,468
1035,부경,2005-03-25,한,수,,54,고홍석,한국마사회,519
1036,부경,2005-03-25,한,수,,51,김상석,한국마사회,465
1037,부경,2005-03-25,일,수,,51,고홍석,한국마사회,496
1038,부경,2005-03-25,미,암,,50,최기홍,한국마사회,472
1039,부경,2005-03-25,호,암,,50,조용배,한국마사회,496
1040,부경,2005-03-25,한,암,,54,김재섭,한국마사회,518
1041,부경,2005-03-25,한,암,,53,김재섭,한국마사회,486
1042,부경,2005-03-25,한,암,,50,장세한,한국마사회,428
1043,부경,2005-03-25,한,암,,50,김상석,한국마사회,390
1044,부경,2005-03-25,한,암,,53,강병은,한국마사회,423
1045,부경,2005-03-25,한,암,,50,강형곤,한국마사회,401
1046,부경,2005-03-25,한,암,,50,김상석,한국마사회,413
1047,부경,2005-03-25,한,암,,54,김재섭,한국마사회,476
1048,부경,2005-03-25,한,암,,53,양귀선,한국마사회,442
1049,부경,2005-03-25,한,암,,50,이정표,한국마사회,402
1050,부경,2005-03-25,미,암,,53,김병학,한국마사회,441
1051,부경,2005-03-25,미,암,,50,윤주혁,한국마사회,462
1052,부경,2005-03-25,미,암,,53,김길중,한국마사회,411
1053,부경,2005-03-25,미,암,,53,김재섭,한국마사회,427
1054,부경,2005-03-25,한,암,,54,김병학,한국마사회,
1055,부경,2005-03-25,한,암,,51,유병복,한국마사회,416
1056,부경,2005-03-25,한,암,,51,최기홍,한국마사회,426
1057,부경,2005-04-01,일,수,,51,김창옥,한국마사회,474
1058,부경,2005-04-01,미,수,,54,유충열,한국마사회,516
1059,부경,2005-04-01,한,수,,53,김상석,한국마사회,413
1060,부경,2005-04-01,호,수,,50,김남중,한국마사회,483
1061,부경,2005-04-01,호,수,,50,오문식,한국마사회,468
1062,부경,2005-04-01,한,수,,53,김남중,한국마사회,481
1063,부경,2005-04-01,호,암,,50,김상석,한국마사회,393
1064,부경,2005-04-01,호,암,,50,장세한,한국마사회,469
1065,부경,2005-04-01,호,암,,53,김길중,한국마사회,436
1066,부경,2005-04-01,호,암,,50,강형곤,한국마사회,393
1067,부경,2005-04-01,호,암,,50,고홍석,한국마사회,441
1068,부경,2005-04-01,호,암,,50,이정표,한국마사회,399
1069,부경,2005-04-01,호,암,,50,김창옥,한국마사회,409
1070,부경,2005-04-01,호,암,,53,김재섭,한국마사회,438
1071,부경,2005-04-01,뉴,암,,50,김상석,한국마사회,434
1072,부경,2005-04-01,뉴,암,,50,조용배,한국마사회,451
1073,부경,2005-04-01,미,암,,50,이정표,한국마사회,419
1074,부경,2005-04-01,미,암,,50,오문식,한국마사회,431
1075,부경,2005-04-01,미,암,,53,민장기,한국마사회,391
1076,부경,2005-04-01,미,암,,50,김창옥,한국마사회,405
1077,부경,2005-04-01,미,암,,53,임금만,한국마사회,459
1078,부경,2005-04-01,미,암,,53,민장기,한국마사회,429
1079,부경,2005-04-01,미,암,,50,조용배,한국마사회,465
1080,부경,2005-04-01,뉴,암,,50,김길중,한국마사회,418
1081,부경,2005-04-01,호,암,,50,임금만,한국마사회,413
1082,부경,2005-04-01,일,암,,53,김영관,한국마사회,431
1083,부경,2005-04-01,한,암,,53,김영관,한국마사회,455
1084,부경,2005-04-01,미,암,,50,김창옥,한국마사회,479
1085,부경,2005-04-01,미,암,,52,한상복,한국마사회,461
1086,부경,2005-04-01,한,암,,51,장세한,한국마사회,496
1087,부경,2005-04-01,한,암,,50,유병복,한국마사회,415
1088,부경,2005-04-01,한,암,,51,김상석,한국마사회,439
1089,부경,2005-04-01,한,암,,54,김영관,한국마사회,423
1090,부경,2005-04-01,한,암,,54,김병학,한국마사회,471
1091,부경,2005-04-01,한,암,,54,김상석,한국마사회,439
1092,부경,2005-04-01,한,암,,51,이정표,한국마사회,449
1093,부경,2005-04-01,한,암,,54,김영관,한국마사회,479
1094,부경,2005-04-01,한,암,,50,최기홍,한국마사회,432
1095,부경,2005-04-01,한,암,,50,강형곤,한국마사회,419
1096,부경,2005-04-01,미,암,,50,조용배,한국마사회,450
1097,부경,2005-04-01,미,암,,50,김창옥,한국마사회,469
1098,부경,2005-04-01,미,암,,53,김성현,한국마사회,475
1099,부경,2005-04-01,호,암,,53,양귀선,한국마사회,451
1100,부경,2005-04-01,미,암,,50,최기홍,한국마사회,412
1101,부경,2005-04-01,호,암,,50,강형곤,한국마사회,439
1102,부경,2005-04-01,미,암,,50,조용배,한국마사회,443
1103,부경,2005-04-01,미,암,,50,오문식,한국마사회,429
1104,부경,2005-04-01,한,암,,50,최기홍,한국마사회,451
1105,부경,2005-04-01,한,암,,51,이정표,한국마사회,462
1106,부경,2005-04-01,한,암,,53,김재섭,한국마사회,414
1107,부경,2005-04-01,한,암,,54,김병학,한국마사회,492
1108,부경,2005-04-01,한,암,,54,양귀선,한국마사회,489
1109,부경,2005-04-01,한,암,,54,임금만,한국마사회,451
1110,부경,2005-04-01,한,암,,50,최기홍,한국마사회,415
1111,부경,2005-04-01,미,암,,53,양귀선,한국마사회,414
1112,부경,2005-04-01,미,암,,53,유충열,한국마사회,432
1113,부경,2005-04-01,한,암,,50,양귀선,한국마사회,397
1114,부경,2005-04-01,호,암,,50,강형곤,한국마사회,475
1115,부경,2005-04-01,미,암,,50,김성현,한국마사회,435
1116,부경,2005-04-01,미,암,,50,고홍석,한국마사회,463
1117,부경,2005-04-01,한,암,,51,강형곤,한국마사회,443
1118,부경,2005-04-01,한,암,,51,유병복,한국마사회,422
1119,부경,2005-04-01,한,암,,53,유충열,한국마사회,416
1120,부경,2005-04-01,뉴,거,,50,김남중,한국마사회,490
1121,부경,2005-04-01,미,수,,51,윤주혁,한국마사회,450
1122,부경,2005-04-01,한,수,,53,김병학,한국마사회,467
1123,부경,2005-04-01,한,암,,53,임금만,한국마사회,446
1124,부경,2005-04-01,한,암,,50,김창옥,한국마사회,385
1125,부경,2005-04-01,호,암,,50,김창옥,한국마사회,435
1126,부경,2005-04-01,미,암,,50,고홍석,한국마사회,422
1127,부경,2005-04-01,한,암,,51,장세한,한국마사회,445
1128,부경,2005-04-01,한,암,,50,김남중,한국마사회,499
1129,부경,2005-04-01,호,암,,53,고홍석,한국마사회,466
1130,부경,2005-04-01,호,암,,50,윤주혁,한국마사회,425
1131,부경,2005-04-01,미,암,,53,김영관,한국마사회,434
1132,부경,2005-04-01,미,암,,50,조용배,한국마사회,426
1133,부경,2005-04-01,미,수,,54,임금만,한국마사회,424
1134,부경,2005-04-01,미,수,,51,유병복,한국마사회,425
1135,부경,2005-04-01,미,수,,51,유병복,한국마사회,413
1136,부경,2005-04-01,미,수,,53,한상복,한국마사회,476
1137,부경,2005-04-01,미,수,,51,유병복,한국마사회,443
1138,부경,2005-04-01,한,수,,53,양귀선,한국마사회,494
1139,부경,2005-04-01,호,수,,50,최기홍,한국마사회,480
1140,부경,2005-04-01,미,수,,53,한상복,한국마사회,500
1141,부경,2005-04-01,호,수,,50,윤주혁,한국마사회,418
1142,부경,2005-04-01,한,수,,54,유충열,한국마사회,456
1143,부경,2005-04-01,한,수,,51,장세한,한국마사회,513
1144,부경,2005-04-01,한,수,,51,김길중,한국마사회,428
1145,부경,2005-04-01,한,수,,53,고홍석,한국마사회,480
1146,부경,2005-04-01,한,수,,53,민장기,한국마사회,434
1147,부경,2005-04-01,미,수,,51,고홍석,한국마사회,484
1148,부경,2005-04-01,한,수,,51,최기홍,한국마사회,496
1149,부경,2005-04-01,한,수,,53,오문식,한국마사회,430
1150,부경,2005-04-01,한,수,,53,조용배,한국마사회,471
1151,부경,2005-04-01,뉴,거,,53,김길중,한국마사회,460
1152,부경,2005-04-01,호,거,,50,김창옥,한국마사회,430
1153,부경,2005-04-01,미,거,,54,강병은,한국마사회,468
1154,부경,2005-04-01,한,거,,54,양귀선,한국마사회,482
1155,부경,2005-04-01,미,거,,54,임금만,한국마사회,462
1156,부경,2005-04-01,호,수,,53,임금만,한국마사회,451
1157,부경,2005-04-01,호,수,,53,김재섭,한국마사회,425
1158,부경,2005-04-01,호,수,,50,유병복,한국마사회,439
1159,부경,2005-04-01,한,수,,51,김상석,한국마사회,461
1160,부경,2005-04-01,미,수,,51,최기홍,한국마사회,486
1161,부경,2005-04-01,한,수,,51,고홍석,한국마사회,417
1162,부경,2005-04-01,한,수,,51,김성현,한국마사회,440
1163,부경,2005-04-01,한,수,,54,김상석,한국마사회,440
1164,부경,2005-04-01,호,수,,50,김상석,한국마사회,436
1165,부경,2005-04-01,한,수,,54,김재섭,한국마사회,460
1166,부경,2005-04-01,미,수,,51,강형곤,한국마사회,450
1167,부경,2005-04-01,미,수,,51,김남중,한국마사회,486
1168,부경,2005-04-01,호,수,,50,윤주혁,한국마사회,457
1169,부경,2005-04-01,호,수,,50,조용배,한국마사회,464
1170,부경,2005-04-01,호,수,,53,임금만,한국마사회,446
1171,부경,2005-04-01,뉴,수,,50,김남중,한국마사회,505
1172,부경,2005-04-01,한,거,,51,조용배,한국마사회,402
1173,부경,2005-04-01,호,거,,50,조용배,한국마사회,453
1174,부경,2005-04-01,미,거,,54,김재섭,한국마사회,452
1175,부경,2005-04-01,호,암,,53,김병학,한국마사회,448
1176,부경,2005-04-01,일,암,,53,양귀선,한국마사회,470
1177,부경,2005-04-01,미,암,,50,김남중,한국마사회,428
1178,부경,2005-04-01,일,암,,50,백광열,한국마사회,435
1179,부경,2005-04-01,호,암,,50,최기홍,한국마사회,485
1180,부경,2005-04-01,한,암,,52,한상복,한국마사회,447
1181,부경,2005-04-01,미,암,,53,민장기,한국마사회,373
1182,부경,2005-04-01,미,암,,50,김길중,한국마사회,400
1183,부경,2005-04-01,미,암,,50,강형곤,한국마사회,431
1184,부경,2005-04-01,한,암,,53,양귀선,한국마사회,409
1185,부경,2005-04-01,한,암,,50,민장기,한국마사회,463
1186,부경,2005-04-01,한,암,,53,유충열,한국마사회,376
1187,부경,2005-04-01,한,암,,50,김상석,한국마사회,401
1188,부경,2005-04-01,호,암,,53,유충열,한국마사회,453
1189,부경,2005-04-01,호,암,,53,오문식,한국마사회,476
1190,부경,2005-04-01,호,암,,50,조용배,한국마사회,443
1191,부경,2005-04-15,한,수,,51,김남중,한국마사회,512
1192,부경,2005-04-15,한,수,,53,최기홍,한국마사회,480
1193,부경,2005-04-15,한,수,,51,이정표,한국마사회,479
1194,부경,2005-04-15,호,수,,50,윤주혁,한국마사회,450
1195,부경,2005-04-15,미,수,,51,고홍석,한국마사회,470
1196,부경,2005-04-15,한,수,,51,이정표,한국마사회,441
1197,부경,2005-04-15,한,수,,53,한상복,한국마사회,476
1198,부경,2005-04-15,한,수,,54,강병은,한국마사회,470
1199,부경,2005-04-15,호,수,,50,김남중,한국마사회,496
1200,부경,2005-04-15,한,암,,50,강형곤,한국마사회,401
1201,부경,2005-04-15,한,암,,53,양귀선,한국마사회,434
1202,부경,2005-04-15,한,암,,51,유병복,한국마사회,403
1203,부경,2005-04-15,한,암,,51,조용배,한국마사회,427
1204,부경,2005-04-15,미,암,,50,윤주혁,한국마사회,438
1205,부경,2005-04-15,한,암,,51,장세한,한국마사회,467
1206,부경,2005-04-15,미,수,,51,강형곤,한국마사회,450
1207,부경,2005-04-15,한,수,,53,최기홍,한국마사회,467
1208,부경,2005-04-15,한,수,,56,백광열,한국마사회,499
1209,부경,2005-04-15,한,수,,53,김영관,한국마사회,441
1210,부경,2005-04-15,한,수,,51,강형곤,한국마사회,486
1211,부경,2005-04-15,미,수,,54,유충열,한국마사회,430
1212,부경,2005-04-15,미,수,,54,양귀선,한국마사회,420
1213,부경,2005-04-15,미,수,,51,김남중,한국마사회,438
1214,부경,2005-04-15,미,수,,51,장세한,한국마사회,484
1215,부경,2005-04-15,미,수,,54,민장기,한국마사회,503
1216,부경,2005-04-15,미,수,,51,유병복,한국마사회,417
1217,부경,2005-04-15,한,수,,54,김영관,한국마사회,493
1218,부경,2005-04-15,한,수,,53,백광열,한국마사회,473
1219,부경,2005-04-15,호,수,,50,오문식,한국마사회,492
1220,부경,2005-04-15,미,수,,51,김병학,한국마사회,426
1221,부경,2005-04-15,호,수,,53,민장기,한국마사회,437
1222,부경,2005-04-15,한,수,,54,김재섭,한국마사회,425
1223,부경,2005-04-15,한,수,,53,백광열,한국마사회,533
1224,부경,2005-04-15,한,수,,53,윤주혁,한국마사회,492
1225,부경,2005-04-15,한,수,,54,김성현,한국마사회,472
1226,부경,2005-04-15,호,수,,53,김재섭,한국마사회,451
1227,부경,2005-04-15,호,수,,53,양귀선,한국마사회,
1228,부경,2005-04-15,호,수,,50,장세한,한국마사회,505
1229,부경,2005-04-15,호,수,,53,백광열,한국마사회,
1230,부경,2005-04-15,호,거,,50,김창옥,한국마사회,469
1231,부경,2005-04-15,한,거,,51,오문식,한국마사회,467
1232,부경,2005-04-15,미,거,,54,김성현,한국마사회,460
1233,부경,2005-04-15,미,거,,54,민장기,한국마사회,448
1234,부경,2005-04-15,뉴,거,,53,양귀선,한국마사회,480
1235,부경,2005-04-15,일,암,,50,백광열,한국마사회,450
1236,부경,2005-04-15,일,암,,53,김병학,한국마사회,437
1237,부경,2005-04-15,미,암,,50,장세한,한국마사회,476
1238,부경,2005-04-15,뉴,암,,53,임금만,한국마사회,463
1239,부경,2005-04-15,미,암,,50,최기홍,한국마사회,494
1240,부경,2005-04-15,미,암,,53,백광열,한국마사회,437
1241,부경,2005-04-15,한,암,,51,장세한,한국마사회,515
1242,부경,2005-04-15,한,암,,51,최기홍,한국마사회,510
1243,부경,2005-04-15,한,암,,50,조용배,한국마사회,442
1244,부경,2005-04-15,한,암,,50,김남중,한국마사회,464
1245,부경,2005-04-15,미,암,,50,김상석,한국마사회,431
1246,부경,2005-04-15,미,암,,50,김창옥,한국마사회,476
1247,부경,2005-04-15,한,암,,53,유충열,한국마사회,416
1248,부경,2005-04-15,한,암,,51,윤주혁,한국마사회,439
1249,부경,2005-04-15,미,암,,50,오문식,한국마사회,417
1250,부경,2005-04-15,미,암,,50,김영관,한국마사회,412
1251,부경,2005-04-15,미,암,,50,백광열,한국마사회,487
1252,부경,2005-04-15,호,암,,50,윤주혁,한국마사회,434
1253,부경,2005-04-15,한,암,,52,김영관,한국마사회,485
1254,부경,2005-04-15,미,암,,53,임금만,한국마사회,420
1255,부경,2005-04-15,미,암,,53,김병학,한국마사회,451
1256,부경,2005-04-15,미,암,,50,이정표,한국마사회,460
1257,부경,2005-04-15,호,암,,50,고홍석,한국마사회,484
1258,부경,2005-04-15,호,암,,53,강병은,한국마사회,446
1259,부경,2005-04-15,호,암,,50,유병복,한국마사회,418
1260,부경,2005-04-15,한,암,,54,임금만,한국마사회,531
1261,부경,2005-04-15,미,암,,50,윤주혁,한국마사회,466
1262,부경,2005-04-15,미,암,,53,윤주혁,한국마사회,492
1263,부경,2005-04-15,한,암,,50,김창옥,한국마사회,410
1264,부경,2005-04-15,호,거,,53,김병학,한국마사회,485
1265,부경,2005-04-15,뉴,거,,50,윤주혁,한국마사회,496
1266,부경,2005-04-15,호,거,,50,김남중,한국마사회,487
1267,부경,2005-04-15,한,암,,50,장세한,한국마사회,450
1268,부경,2005-04-15,뉴,암,,50,김상석,한국마사회,438
1269,부경,2005-04-15,호,암,,50,강형곤,한국마사회,409
1270,부경,2005-04-15,뉴,암,,50,유병복,한국마사회,414
1271,부경,2005-04-15,한,암,,51,김상석,한국마사회,451
1272,부경,2005-04-15,한,암,,51,백광열,한국마사회,480
1273,부경,2005-04-15,한,암,,50,강형곤,한국마사회,427
1274,부경,2005-04-15,한,암,,53,양귀선,한국마사회,398
1275,부경,2005-04-15,한,암,,51,조용배,한국마사회,511
1276,부경,2005-04-15,한,암,,50,이정표,한국마사회,417
1277,부경,2005-04-15,호,암,,50,강형곤,한국마사회,401
1278,부경,2005-04-15,한,암,,53,김길중,한국마사회,451
1279,부경,2005-04-15,미,수,,54,임금만,한국마사회,477
1280,부경,2005-04-15,호,암,,53,김길중,한국마사회,461
1281,부경,2005-04-15,뉴,암,,50,김창옥,한국마사회,448
1282,부경,2005-04-15,미,수,,54,김성현,한국마사회,434
1283,부경,2005-04-15,한,수,,54,김재섭,한국마사회,471
1284,부경,2005-04-15,미,암,,53,김재섭,한국마사회,402
1285,부경,2005-04-15,한,암,,51,유병복,한국마사회,446
1286,부경,2005-04-15,한,암,,50,김창옥,한국마사회,474
1287,부경,2005-04-15,한,암,,53,유충열,한국마사회,492
1288,부경,2005-04-15,한,수,,51,백광열,한국마사회,495
1289,부경,2005-04-15,한,암,,53,양귀선,한국마사회,501
1290,부경,2005-04-15,한,암,,53,임금만,한국마사회,422
1291,부경,2005-04-15,한,암,,50,조용배,한국마사회,442
1292,부경,2005-04-15,뉴,암,,53,김재섭,한국마사회,444
1293,부경,2005-04-15,미,암,,50,백광열,한국마사회,428
1294,부경,2005-04-15,일,암,,50,조용배,한국마사회,469
1295,부경,2005-04-15,호,암,,53,김병학,한국마사회,505
1296,부경,2005-04-22,한,암,,51,강형곤,한국마사회,433
1297,부경,2005-04-22,한,암,,51,김영관,한국마사회,436
1298,부경,2005-04-22,한,암,,53,김성현,한국마사회,434
1299,부경,2005-04-22,한,암,,50,김남중,한국마사회,482
1300,부경,2005-04-22,한,암,,53,김병학,한국마사회,382
1301,부경,2005-04-22,호,암,,53,유충열,한국마사회,444
1302,부경,2005-04-22,한,암,,51,최기홍,한국마사회,429
1303,부경,2005-04-22,호,암,,50,조용배,한국마사회,480
1304,부경,2005-04-22,미,암,,53,김재섭,한국마사회,440
1305,부경,2005-04-22,한,수,,54,임금만,한국마사회,477
1306,부경,2005-04-22,한,수,,51,백광열,한국마사회,512
1307,부경,2005-04-22,호,수,,53,양귀선,한국마사회,455
1308,부경,2005-04-22,한,수,,51,오문식,한국마사회,439
1309,부경,2005-04-22,미,암,,50,최기홍,한국마사회,461
1310,부경,2005-04-22,한,암,,54,김병학,한국마사회,495
1311,부경,2005-04-22,한,암,,50,조용배,한국마사회,474
1312,부경,2005-04-22,호,수,,50,최기홍,한국마사회,440
1313,부경,2005-04-22,호,수,,50,한상복,한국마사회,518
1314,부경,2005-04-22,한,수,,51,이정표,한국마사회,450
1315,부경,2005-04-22,한,암,,53,김성현,한국마사회,444
1316,부경,2005-04-22,한,암,,53,김재섭,한국마사회,503
1317,부경,2005-04-22,호,암,,50,장세한,한국마사회,474
1318,부경,2005-04-22,호,암,,50,조용배,한국마사회,496
1319,부경,2005-04-22,호,암,,50,김남중,한국마사회,514
1320,부경,2005-04-22,뉴,암,,50,김상석,한국마사회,438
1321,부경,2005-04-22,호,암,,50,이정표,한국마사회,450
1322,부경,2005-04-22,호,암,,52,한상복,한국마사회,484
1323,부경,2005-04-22,호,암,,53,강병은,한국마사회,466
1324,부경,2005-04-22,한,암,,50,오문식,한국마사회,470
1325,부경,2005-04-22,한,암,,50,김상석,한국마사회,392
1326,부경,2005-04-22,미,암,,50,강형곤,한국마사회,413
1327,부경,2005-04-22,미,암,,50,오문식,한국마사회,411
1328,부경,2005-04-22,미,암,,53,양귀선,한국마사회,454
1329,부경,2005-04-22,미,암,,50,장세한,한국마사회,412
1330,부경,2005-04-22,미,암,,50,양귀선,한국마사회,415
1331,부경,2005-04-22,미,암,,53,김병학,한국마사회,442
1332,부경,2005-04-22,한,암,,51,임금만,한국마사회,444
1333,부경,2005-04-22,한,암,,51,윤주혁,한국마사회,428
1334,부경,2005-04-22,미,암,,50,김상석,한국마사회,450
1335,부경,2005-04-22,미,암,,50,김창옥,한국마사회,469
1336,부경,2005-04-22,미,암,,50,김창옥,한국마사회,448
1337,부경,2005-04-22,한,암,,52,김상석,한국마사회,443
1338,부경,2005-04-22,한,암,,50,유병복,한국마사회,426
1339,부경,2005-04-22,미,암,,53,김영관,한국마사회,457
1340,부경,2005-04-22,한,암,,50,최기홍,한국마사회,482
1341,부경,2005-04-22,한,암,,50,윤주혁,한국마사회,446
1342,부경,2005-04-22,한,암,,50,장세한,한국마사회,428
1343,부경,2005-04-22,일,암,,50,김상석,한국마사회,387
1344,부경,2005-04-22,미,암,,53,김병학,한국마사회,427
1345,부경,2005-04-22,호,암,,50,윤주혁,한국마사회,429
1346,부경,2005-04-22,호,암,,53,김병학,한국마사회,479
1347,부경,2005-04-22,뉴,암,,50,강형곤,한국마사회,451
1348,부경,2005-04-22,한,암,,54,임금만,한국마사회,479
1349,부경,2005-04-22,한,암,,54,김재섭,한국마사회,442
1350,부경,2005-04-22,미,수,,51,윤주혁,한국마사회,458
1351,부경,2005-04-22,미,수,,51,최기홍,한국마사회,458
1352,부경,2005-04-22,미,암,,50,백광열,한국마사회,442
1353,부경,2005-04-22,미,수,,51,장세한,한국마사회,521
1354,부경,2005-04-22,한,수,,51,김길중,한국마사회,470
1355,부경,2005-04-22,한,수,,54,김병학,한국마사회,470
1356,부경,2005-04-22,한,수,,51,김상석,한국마사회,463
1357,부경,2005-04-22,한,수,,53,백광열,한국마사회,469
1358,부경,2005-04-22,한,수,,51,유병복,한국마사회,475
1359,부경,2005-04-22,호,수,,50,이정표,한국마사회,458
1360,부경,2005-04-22,호,수,,50,양귀선,한국마사회,494
1361,부경,2005-04-22,호,수,,50,조용배,한국마사회,479
1362,부경,2005-04-22,호,수,,53,임금만,한국마사회,442
1363,부경,2005-04-22,미,수,,54,강병은,한국마사회,490
1364,부경,2005-04-22,미,수,,54,민장기,한국마사회,
1365,부경,2005-04-22,미,수,,51,이정표,한국마사회,423
1366,부경,2005-04-22,일,수,,51,강형곤,한국마사회,420
1367,부경,2005-04-22,호,수,,53,윤주혁,한국마사회,490
1368,부경,2005-04-22,호,수,,50,오문식,한국마사회,458
1369,부경,2005-04-22,한,거,,53,김병학,한국마사회,436
1370,부경,2005-04-22,호,거,,50,유병복,한국마사회,460
1371,부경,2005-04-22,뉴,거,,53,임금만,한국마사회,441
1372,부경,2005-04-22,뉴,거,,53,양귀선,한국마사회,462
1373,부경,2005-04-22,한,거,,54,임금만,한국마사회,434
1374,부경,2005-04-22,호,수,,50,유병복,한국마사회,443
1375,부경,2005-04-22,미,수,,51,고홍석,한국마사회,443
1376,부경,2005-04-22,호,수,,53,임금만,한국마사회,446
1377,부경,2005-04-22,한,수,,56,윤주혁,한국마사회,485
1378,부경,2005-04-22,한,수,,54,민장기,한국마사회,499
1379,부경,2005-04-22,한,수,,53,고홍석,한국마사회,450
1380,부경,2005-04-22,한,수,,51,최기홍,한국마사회,484
1381,부경,2005-04-22,미,수,,51,김남중,한국마사회,451
1382,부경,2005-04-22,미,수,,51,강형곤,한국마사회,491
1383,부경,2005-04-22,미,수,,51,이정표,한국마사회,478
1384,부경,2005-04-22,호,수,,53,김길중,한국마사회,470
1385,부경,2005-04-22,한,수,,51,강형곤,한국마사회,482
1386,부경,2005-04-22,한,수,,51,고홍석,한국마사회,522
1387,부경,2005-04-22,한,수,,54,양귀선,한국마사회,517
1388,부경,2005-04-29,한,수,,51,김상석,한국마사회,451
1389,부경,2005-04-29,한,암,,51,김남중,한국마사회,530
1390,부경,2005-04-29,한,수,,53,김남중,한국마사회,479
1391,부경,2005-04-29,미,수,,51,김병학,한국마사회,383
1392,부경,2005-04-29,미,수,,54,김재섭,한국마사회,490
1393,부경,2005-04-29,한,수,,53,최기홍,한국마사회,486
1394,부경,2005-04-29,한,수,,53,백광열,한국마사회,488
1395,부경,2005-04-29,한,수,,53,오문식,한국마사회,433
1396,부경,2005-04-29,호,수,,50,김창옥,한국마사회,466
1397,부경,2005-04-29,호,수,,50,김상석,한국마사회,437
1398,부경,2005-04-29,호,수,,50,윤주혁,한국마사회,419
1399,부경,2005-04-29,미,거,,51,오문식,한국마사회,483
1400,부경,2005-04-29,한,거,,51,김남중,한국마사회,446
1401,부경,2005-04-29,뉴,거,,52,한상복,한국마사회,487
1402,부경,2005-04-29,호,거,,53,김성현,한국마사회,414
1403,부경,2005-04-29,호,거,,50,백광열,한국마사회,467
1404,부경,2005-04-29,한,수,,51,조용배,한국마사회,500
1405,부경,2005-04-29,한,수,,56,민장기,한국마사회,441
1406,부경,2005-04-29,한,수,,51,백광열,한국마사회,479
1407,부경,2005-04-29,한,수,,51,장세한,한국마사회,484
1408,부경,2005-04-29,한,수,,54,민장기,한국마사회,512
1409,부경,2005-04-29,한,수,,51,김길중,한국마사회,453
1410,부경,2005-04-29,호,암,,50,민장기,한국마사회,471
1411,부경,2005-04-29,뉴,암,,53,유충열,한국마사회,453
1412,부경,2005-04-29,호,암,,50,김창옥,한국마사회,437
1413,부경,2005-04-29,한,암,,50,민장기,한국마사회,458
1414,부경,2005-04-29,한,암,,53,유충열,한국마사회,465
1415,부경,2005-04-29,미,암,,53,김길중,한국마사회,412
1416,부경,2005-04-29,미,암,,53,김재섭,한국마사회,445
1417,부경,2005-04-29,한,암,,53,김성현,한국마사회,437
1418,부경,2005-04-29,한,암,,50,오문식,한국마사회,465
1419,부경,2005-04-29,미,암,,50,조용배,한국마사회,489
1420,부경,2005-04-29,한,암,,53,양귀선,한국마사회,463
1421,부경,2005-04-29,한,암,,51,김성현,한국마사회,428
1422,부경,2005-04-29,미,암,,50,유병복,한국마사회,446
1423,부경,2005-04-29,한,수,,51,이정표,한국마사회,458
1424,부경,2005-04-29,일,수,,54,고홍석,한국마사회,495
1425,부경,2005-04-29,미,수,,51,강형곤,한국마사회,495
1426,부경,2005-04-29,한,수,,56,윤주혁,한국마사회,469
1427,부경,2005-04-29,호,수,,53,임금만,한국마사회,459
1428,부경,2005-04-29,호,수,,50,유병복,한국마사회,421
1429,부경,2005-04-29,호,수,,53,김병학,한국마사회,459
1430,부경,2005-04-29,한,수,,51,김창옥,한국마사회,448
1431,부경,2005-04-29,미,거,,54,김성현,한국마사회,466
1432,부경,2005-04-29,한,거,,51,강형곤,한국마사회,468
1433,부경,2005-04-29,뉴,거,,53,김재섭,한국마사회,446
1434,부경,2005-04-29,한,암,,53,김영관,한국마사회,472
1435,부경,2005-04-29,미,암,,50,김창옥,한국마사회,494
1436,부경,2005-04-29,미,암,,50,김길중,한국마사회,457
1437,부경,2005-04-29,미,암,,52,한상복,한국마사회,473
1438,부경,2005-04-29,미,암,,50,김상석,한국마사회,412
1439,부경,2005-04-29,일,암,,50,유병복,한국마사회,406
1440,부경,2005-04-29,한,암,,50,한상복,한국마사회,460
1441,부경,2005-04-29,한,암,,53,오문식,한국마사회,457
1442,부경,2005-04-29,한,암,,51,김창옥,한국마사회,478
1443,부경,2005-04-29,호,암,,50,강형곤,한국마사회,490
1444,부경,2005-04-29,미,수,,51,강형곤,한국마사회,458
1445,부경,2005-04-29,미,수,,51,윤주혁,한국마사회,488
1446,부경,2005-04-29,호,수,,53,김재섭,한국마사회,458
1447,부경,2005-04-29,호,수,,53,민장기,한국마사회,460
1448,부경,2005-04-29,호,수,,50,윤주혁,한국마사회,465
1449,부경,2005-04-29,한,암,,50,강형곤,한국마사회,443
1450,부경,2005-04-29,한,암,,54,김영관,한국마사회,453
1451,부경,2005-04-29,한,암,,51,장세한,한국마사회,490
1452,부경,2005-04-29,한,암,,50,오문식,한국마사회,475
1453,부경,2005-04-29,미,거,,51,유병복,한국마사회,450
1454,부경,2005-04-29,한,거,,53,강형곤,한국마사회,476
1455,부경,2005-04-29,호,거,,53,김병학,한국마사회,432
1456,부경,2005-04-29,뉴,거,,53,김길중,한국마사회,472
1457,부경,2005-04-29,한,암,,50,백광열,한국마사회,452
1458,부경,2005-04-29,한,암,,53,민장기,한국마사회,476
1459,부경,2005-04-29,한,암,,50,조용배,한국마사회,437
1460,부경,2005-04-29,한,암,,50,장세한,한국마사회,425
1461,부경,2005-04-29,한,암,,53,한상복,한국마사회,
1462,부경,2005-04-29,호,암,,53,양귀선,한국마사회,443
1463,부경,2005-04-29,한,암,,51,김영관,한국마사회,474
1464,부경,2005-04-29,한,암,,54,김성현,한국마사회,416
1465,부경,2005-04-29,미,암,,50,최기홍,한국마사회,477
1466,부경,2005-04-29,미,암,,50,윤주혁,한국마사회,435
1467,부경,2005-04-29,호,암,,53,김병학,한국마사회,478
1468,부경,2005-04-29,미,암,,50,장세한,한국마사회,427
1469,부경,2005-04-29,호,암,,50,백광열,한국마사회,466
1470,부경,2005-04-29,미,수,,51,김남중,한국마사회,466
1471,부경,2005-04-29,한,수,,53,백광열,한국마사회,474
1472,부경,2005-04-29,한,수,,53,한상복,한국마사회,420
1473,부경,2005-04-29,한,수,,56,김재섭,한국마사회,446
1474,부경,2005-05-06,미,암,,53,강병은,한국마사회,441
1475,부경,2005-05-06,한,암,,53,임금만,한국마사회,442
1476,부경,2005-05-06,한,암,,50,김창옥,한국마사회,432
1477,부경,2005-05-06,한,암,,53,양귀선,한국마사회,406
1478,부경,2005-05-06,한,암,,50,강형곤,한국마사회,424
1479,부경,2005-05-06,한,암,,53,유충열,한국마사회,449
1480,부경,2005-05-06,뉴,암,,50,김길중,한국마사회,411
1481,부경,2005-05-06,뉴,암,,50,조용배,한국마사회,456
1482,부경,2005-05-06,호,암,,53,김재섭,한국마사회,426
1483,부경,2005-05-06,호,암,,53,양귀선,한국마사회,454
1484,부경,2005-05-06,한,암,,54,임금만,한국마사회,453
1485,부경,2005-05-06,한,암,,54,양귀선,한국마사회,430
1486,부경,2005-05-06,한,암,,50,이정표,한국마사회,423
1487,부경,2005-05-06,한,암,,54,김병학,한국마사회,482
1488,부경,2005-05-06,한,암,,51,김상석,한국마사회,431
1489,부경,2005-05-06,미,암,,50,이정표,한국마사회,439
1490,부경,2005-05-06,미,암,,50,한상복,한국마사회,472
1491,부경,2005-05-06,한,암,,50,이정표,한국마사회,411
1492,부경,2005-05-06,호,암,,50,유병복,한국마사회,403
1493,부경,2005-05-06,호,암,,50,조용배,한국마사회,467
1494,부경,2005-05-06,호,암,,50,오문식,한국마사회,447
1495,부경,2005-05-06,호,암,,50,김창옥,한국마사회,418
1496,부경,2005-05-06,호,암,,53,김병학,한국마사회,446
1497,부경,2005-05-06,한,암,,50,강병은,한국마사회,411
1498,부경,2005-05-06,한,암,,51,장세한,한국마사회,436
1499,부경,2005-05-06,호,암,,50,강형곤,한국마사회,385
1500,부경,2005-05-06,한,암,,50,김상석,한국마사회,410
1501,부경,2005-05-06,한,암,,51,유병복,한국마사회,406
1502,부경,2005-05-06,호,수,,50,오문식,한국마사회,475
1503,부경,2005-05-06,한,수,,51,윤주혁,한국마사회,470
1504,부경,2005-05-06,한,수,,51,최기홍,한국마사회,503
1505,부경,2005-05-06,한,암,,51,김상석,한국마사회,442
1506,부경,2005-05-06,한,암,,51,윤주혁,한국마사회,440
1507,부경,2005-05-06,한,암,,50,한상복,한국마사회,458
1508,부경,2005-05-06,뉴,암,,50,김상석,한국마사회,429
1509,부경,2005-05-06,한,암,,51,고홍석,한국마사회,485
1510,부경,2005-05-06,한,수,,56,양귀선,한국마사회,492
1511,부경,2005-05-06,일,수,,51,김창옥,한국마사회,475
1512,부경,2005-05-06,한,수,,51,백광열,한국마사회,505
1513,부경,2005-05-06,한,수,,51,고홍석,한국마사회,415
1514,부경,2005-05-06,호,수,,53,민장기,한국마사회,458
1515,부경,2005-05-06,한,수,,51,김남중,한국마사회,500
1516,부경,2005-05-06,한,수,,51,장세한,한국마사회,510
1517,부경,2005-05-06,미,수,,54,유충열,한국마사회,511
1518,부경,2005-05-06,미,수,,51,유병복,한국마사회,423
1519,부경,2005-05-06,미,수,,54,민장기,한국마사회,513
1520,부경,2005-05-06,호,수,,50,장세한,한국마사회,
1521,부경,2005-05-06,미,수,,54,김성현,한국마사회,531
1522,부경,2005-05-06,한,수,,54,김병학,한국마사회,499
1523,부경,2005-05-06,한,수,,53,김상석,한국마사회,413
1524,부경,2005-05-06,한,수,,53,백광열,한국마사회,525
1525,부경,2005-05-06,미,수,,54,유충열,한국마사회,468
1526,부경,2005-05-06,미,수,,51,김병학,한국마사회,436
1527,부경,2005-05-06,미,수,,51,최기홍,한국마사회,486
1528,부경,2005-05-06,미,수,,51,김남중,한국마사회,
1529,부경,2005-05-06,한,수,,53,한상복,한국마사회,471
1530,부경,2005-05-06,한,수,,54,민장기,한국마사회,474
1531,부경,2005-05-06,한,수,,53,오문식,한국마사회,462
1532,부경,2005-05-06,호,수,,50,최기홍,한국마사회,439
1533,부경,2005-05-06,호,수,,50,유병복,한국마사회,445
1534,부경,2005-05-06,한,수,,54,임금만,한국마사회,481
1535,부경,2005-05-06,호,수,,53,김성현,한국마사회,480
1536,부경,2005-05-06,미,수,,53,한상복,한국마사회,474
1537,부경,2005-05-06,호,수,,50,최기홍,한국마사회,478
1538,부경,2005-05-06,한,수,,54,강병은,한국마사회,432
1539,부경,2005-05-06,호,수,,50,백광열,한국마사회,442
1540,부경,2005-05-06,호,수,,53,김재섭,한국마사회,437
1541,부경,2005-05-06,호,수,,50,김상석,한국마사회,408
1542,부경,2005-05-06,호,거,,53,김병학,한국마사회,473
1543,부경,2005-05-06,호,거,,52,한상복,한국마사회,450
1544,부경,2005-05-06,호,거,,50,김창옥,한국마사회,439
1545,부경,2005-05-06,미,거,,54,임금만,한국마사회,462
1546,부경,2005-05-06,뉴,거,,50,김남중,한국마사회,513
1547,부경,2005-05-06,한,거,,54,양귀선,한국마사회,448
1548,부경,2005-05-06,한,암,,50,최기홍,한국마사회,427
1549,부경,2005-05-06,한,암,,50,강형곤,한국마사회,417
1550,부경,2005-05-06,한,암,,50,조용배,한국마사회,433
1551,부경,2005-05-06,미,암,,50,강형곤,한국마사회,446
1552,부경,2005-05-06,한,암,,51,장세한,한국마사회,505
1553,부경,2005-05-06,한,암,,51,김남중,한국마사회,481
1554,부경,2005-05-06,한,암,,51,백광열,한국마사회,464
1555,부경,2005-05-06,한,암,,51,김창옥,한국마사회,457
1556,부경,2005-05-06,한,암,,54,양귀선,한국마사회,482
1557,부경,2005-05-06,호,암,,53,김재섭,한국마사회,431
1558,부경,2005-05-06,뉴,암,,50,윤주혁,한국마사회,451
1559,부경,2005-05-06,뉴,암,,53,강병은,한국마사회,437
1560,부경,2005-05-06,미,암,,50,오문식,한국마사회,403
1561,부경,2005-05-06,호,암,,53,양귀선,한국마사회,
1562,부경,2005-05-06,미,암,,50,고홍석,한국마사회,432
1563,부경,2005-05-06,미,암,,50,김영관,한국마사회,412
1564,부경,2005-05-06,미,암,,53,김재섭,한국마사회,436
1565,부경,2005-05-06,미,암,,53,양귀선,한국마사회,384
1566,부경,2005-05-06,미,암,,53,김성현,한국마사회,447
1567,부경,2005-05-06,한,암,,54,민장기,한국마사회,428
1568,부경,2005-05-06,한,암,,54,김병학,한국마사회,495
1569,부경,2005-05-06,미,암,,50,백광열,한국마사회,476
1570,부경,2005-05-06,한,암,,51,장세한,한국마사회,506
1571,부경,2005-05-06,한,암,,51,강형곤,한국마사회,444
1572,부경,2005-05-06,한,암,,51,조용배,한국마사회,511
1573,부경,2005-05-06,호,암,,50,최기홍,한국마사회,483
1574,부경,2005-05-06,미,암,,53,양귀선,한국마사회,407
1575,부경,2005-05-06,호,암,,50,강형곤,한국마사회,438
1576,부경,2005-05-06,미,암,,50,김창옥,한국마사회,414
1577,부경,2005-05-13,한,수,,54,김길중,한국마사회,471
1578,부경,2005-05-13,한,수,,51,강형곤,한국마사회,495
1579,부경,2005-05-13,한,수,,51,이정표,한국마사회,474
1580,부경,2005-05-13,한,수,,54,최기홍,한국마사회,477
1581,부경,2005-05-13,미,수,,51,윤주혁,한국마사회,457
1582,부경,2005-05-13,미,수,,51,강형곤,한국마사회,
1583,부경,2005-05-13,미,수,,51,이정표,한국마사회,494
1584,부경,2005-05-13,미,수,,53,한상복,한국마사회,501
1585,부경,2005-05-13,호,암,,52,한상복,한국마사회,474
1586,부경,2005-05-13,일,암,,53,백광열,한국마사회,432
1587,부경,2005-05-13,한,암,,50,백광열,한국마사회,452
1588,부경,2005-05-13,한,암,,50,고홍석,한국마사회,450
1589,부경,2005-05-13,호,암,,53,김성현,한국마사회,433
1590,부경,2005-05-13,일,암,,53,김병학,한국마사회,431
1591,부경,2005-05-13,한,수,,51,김재섭,한국마사회,420
1592,부경,2005-05-13,한,수,,51,강형곤,한국마사회,471
1593,부경,2005-05-13,한,수,,54,김재섭,한국마사회,436
1594,부경,2005-05-13,한,수,,54,민장기,한국마사회,499
1595,부경,2005-05-13,한,수,,51,김상석,한국마사회,470
1596,부경,2005-05-13,호,거,,50,김창옥,한국마사회,466
1597,부경,2005-05-13,미,거,,54,강병은,한국마사회,475
1598,부경,2005-05-13,미,거,,54,유충열,한국마사회,480
1599,부경,2005-05-13,한,거,,51,강형곤,한국마사회,468
1600,부경,2005-05-13,뉴,거,,50,김길중,한국마사회,458
1601,부경,2005-05-13,호,거,,52,한상복,한국마사회,475
1602,부경,2005-05-13,한,거,,54,임금만,한국마사회,433
1603,부경,2005-05-13,미,수,,51,유병복,한국마사회,419
1604,부경,2005-05-13,호,수,,53,강병은,한국마사회,
1605,부경,2005-05-13,호,수,,53,양귀선,한국마사회,461
1606,부경,2005-05-13,호,수,,53,김재섭,한국마사회,442
1607,부경,2005-05-13,호,수,,50,유병복,한국마사회,481
1608,부경,2005-05-13,호,수,,50,윤주혁,한국마사회,494
1609,부경,2005-05-13,호,수,,50,김상석,한국마사회,435
1610,부경,2005-05-13,호,수,,53,민장기,한국마사회,440
1611,부경,2005-05-13,뉴,수,,53,김길중,한국마사회,523
1612,부경,2005-05-13,미,수,,51,김남중,한국마사회,435
1613,부경,2005-05-13,미,수,,54,김성현,한국마사회,434
1614,부경,2005-05-13,미,수,,51,유병복,한국마사회,411
1615,부경,2005-05-13,미,수,,51,김병학,한국마사회,385
1616,부경,2005-05-13,한,수,,53,장세한,한국마사회,464
1617,부경,2005-05-13,한,수,,53,김창옥,한국마사회,455
1618,부경,2005-05-13,한,수,,53,윤주혁,한국마사회,490
1619,부경,2005-05-13,한,수,,56,강병은,한국마사회,478
1620,부경,2005-05-13,한,수,,53,최기홍,한국마사회,483
1621,부경,2005-05-13,한,수,,51,이정표,한국마사회,430
1622,부경,2005-05-13,한,수,,51,김영관,한국마사회,486
1623,부경,2005-05-13,미,암,,50,김남중,한국마사회,440
1624,부경,2005-05-13,미,암,,53,유충열,한국마사회,405
1625,부경,2005-05-13,미,암,,50,김상석,한국마사회,444
1626,부경,2005-05-13,미,암,,53,김병학,한국마사회,427
1627,부경,2005-05-13,뉴,암,,50,한상복,한국마사회,470
1628,부경,2005-05-13,미,암,,53,조용배,한국마사회,453
1629,부경,2005-05-13,미,암,,50,오문식,한국마사회,434
1630,부경,2005-05-13,미,암,,53,임금만,한국마사회,417
1631,부경,2005-05-13,미,암,,50,오문식,한국마사회,410
1632,부경,2005-05-13,미,암,,50,오문식,한국마사회,443
1633,부경,2005-05-13,한,암,,50,윤주혁,한국마사회,448
1634,부경,2005-05-13,한,암,,53,양귀선,한국마사회,443
1635,부경,2005-05-13,한,암,,53,양귀선,한국마사회,402
1636,부경,2005-05-13,한,암,,51,김영관,한국마사회,472
1637,부경,2005-05-13,한,암,,53,강병은,한국마사회,472
1638,부경,2005-05-13,한,암,,50,장세한,한국마사회,427
1639,부경,2005-05-13,한,암,,51,유충열,한국마사회,429
1640,부경,2005-05-13,한,암,,50,김길중,한국마사회,466
1641,부경,2005-05-13,한,암,,51,김상석,한국마사회,454
1642,부경,2005-05-13,한,암,,51,김영관,한국마사회,434
1643,부경,2005-05-13,한,암,,54,임금만,한국마사회,532
1644,부경,2005-05-13,미,암,,50,오문식,한국마사회,422
1645,부경,2005-05-13,미,암,,53,김성현,한국마사회,488
1646,부경,2005-05-13,한,암,,50,김창옥,한국마사회,390
1647,부경,2005-05-13,한,암,,50,한상복,한국마사회,461
1648,부경,2005-05-13,한,암,,53,민장기,한국마사회,483
1649,부경,2005-05-13,미,암,,50,장세한,한국마사회,407
1650,부경,2005-05-13,일,암,,50,조용배,한국마사회,463
1651,부경,2005-05-13,미,암,,50,고홍석,한국마사회,473
1652,부경,2005-05-13,호,암,,53,유충열,한국마사회,451
1653,부경,2005-05-13,미,암,,50,장세한,한국마사회,413
1654,부경,2005-05-13,미,암,,53,강병은,한국마사회,480
1655,부경,2005-05-13,미,암,,50,조용배,한국마사회,431
1656,부경,2005-05-13,뉴,암,,53,백광열,한국마사회,455
1657,부경,2005-05-13,미,암,,53,김재섭,한국마사회,398
1658,부경,2005-05-13,한,암,,50,장세한,한국마사회,451
1659,부경,2005-05-13,한,암,,50,조용배,한국마사회,441
1660,부경,2005-05-13,한,암,,50,유병복,한국마사회,
1661,부경,2005-05-13,한,암,,53,민장기,한국마사회,457
1662,부경,2005-05-13,한,암,,50,장세한,한국마사회,474
1663,부경,2005-05-13,한,암,,50,김남중,한국마사회,432
1664,부경,2005-05-13,한,암,,50,최기홍,한국마사회,449
1665,부경,2005-05-13,호,암,,50,고홍석,한국마사회,474
1666,부경,2005-05-13,호,암,,50,장세한,한국마사회,456
1667,부경,2005-05-13,호,암,,50,강형곤,한국마사회,393
1668,부경,2005-05-13,뉴,암,,53,김재섭,한국마사회,441
1669,부경,2005-05-13,호,암,,53,김병학,한국마사회,492
1670,부경,2005-05-13,호,암,,50,조용배,한국마사회,454
1671,부경,2005-05-13,호,암,,50,백광열,한국마사회,456
1672,부경,2005-05-13,한,암,,53,임금만,한국마사회,414
1673,부경,2005-05-13,일,암,,50,김영관,한국마사회,453
1674,부경,2005-05-13,한,수,,54,김재섭,한국마사회,446
1675,부경,2005-05-13,미,암,,50,최기홍,한국마사회,421
1676,부경,2005-05-13,호,암,,50,김상석,한국마사회,423
1677,부경,2005-05-13,한,암,,50,이정표,한국마사회,427
1678,부경,2005-05-13,한,암,,50,백광열,한국마사회,440
1679,부경,2005-05-13,한,암,,53,한상복,한국마사회,455
1680,부경,2005-05-13,한,암,,51,조용배,한국마사회,422
1681,부경,2005-05-13,한,암,,54,김재섭,한국마사회,497
1682,부경,2005-05-13,한,수,,51,백광열,한국마사회,468
1683,부경,2005-05-13,미,수,,54,고홍석,한국마사회,486
1684,부경,2005-05-13,뉴,거,,53,양귀선,한국마사회,475
1685,부경,2005-05-13,한,수,,54,김성현,한국마사회,471
1686,부경,2005-05-13,호,수,,50,김남중,한국마사회,480
1687,부경,2005-05-13,호,수,,50,윤주혁,한국마사회,445
1688,부경,2005-05-13,호,암,,50,김영관,한국마사회,485
1689,부경,2005-05-20,뉴,거,,53,양귀선,한국마사회,452
1690,부경,2005-05-20,한,거,,51,오문식,한국마사회,468
1691,부경,2005-05-20,미,거,,54,민장기,한국마사회,445
1692,부경,2005-05-20,호,거,,52,백광열,한국마사회,428
1693,부경,2005-05-20,한,암,,51,최기홍,한국마사회,424
1694,부경,2005-05-20,한,암,,54,김성현,한국마사회,428
1695,부경,2005-05-20,일,암,,50,김상석,한국마사회,397
1696,부경,2005-05-20,호,수,,50,한상복,한국마사회,518
1697,부경,2005-05-20,미,수,,51,강형곤,한국마사회,486
1698,부경,2005-05-20,미,수,,51,고홍석,한국마사회,436
1699,부경,2005-05-20,호,수,,53,양귀선,한국마사회,480
1700,부경,2005-05-20,미,수,,51,장세한,한국마사회,514
1701,부경,2005-05-20,한,수,,53,김남중,한국마사회,476
1702,부경,2005-05-20,한,수,,53,김창옥,한국마사회,473
1703,부경,2005-05-20,한,수,,54,양귀선,한국마사회,494
1704,부경,2005-05-20,한,수,,51,백광열,한국마사회,490
1705,부경,2005-05-20,호,수,,50,윤주혁,한국마사회,413
1706,부경,2005-05-20,한,수,,56,백광열,한국마사회,476
1707,부경,2005-05-20,한,암,,51,임금만,한국마사회,460
1708,부경,2005-05-20,한,수,,51,김상석,한국마사회,465
1709,부경,2005-05-20,호,수,,50,이정표,한국마사회,451
1710,부경,2005-05-20,미,수,,51,김상석,한국마사회,434
1711,부경,2005-05-20,미,수,,51,강병은,한국마사회,482
1712,부경,2005-05-20,미,수,,54,민장기,한국마사회,487
1713,부경,2005-05-20,한,수,,53,윤주혁,한국마사회,462
1714,부경,2005-05-20,미,수,,54,유충열,한국마사회,431
1715,부경,2005-05-20,일,수,,51,강형곤,한국마사회,431
1716,부경,2005-05-20,미,수,,51,유병복,한국마사회,434
1717,부경,2005-05-20,한,수,,51,오문식,한국마사회,446
1718,부경,2005-05-20,호,수,,53,임금만,한국마사회,444
1719,부경,2005-05-20,호,수,,50,오문식,한국마사회,450
1720,부경,2005-05-20,한,수,,53,김성현,한국마사회,472
1721,부경,2005-05-20,한,수,,54,김병학,한국마사회,489
1722,부경,2005-05-20,한,수,,54,김길중,한국마사회,450
1723,부경,2005-05-20,한,수,,54,민장기,한국마사회,518
1724,부경,2005-05-20,한,수,,51,강형곤,한국마사회,486
1725,부경,2005-05-20,한,수,,56,백광열,한국마사회,465
1726,부경,2005-05-20,호,거,,50,김남중,한국마사회,471
1727,부경,2005-05-20,한,거,,56,강병은,한국마사회,452
1728,부경,2005-05-20,미,거,,51,오문식,한국마사회,476
1729,부경,2005-05-20,미,암,,50,장세한,한국마사회,452
1730,부경,2005-05-20,호,암,,52,한상복,한국마사회,458
1731,부경,2005-05-20,호,암,,50,김남중,한국마사회,504
1732,부경,2005-05-20,한,암,,50,김남중,한국마사회,470
1733,부경,2005-05-20,한,암,,50,백광열,한국마사회,483
1734,부경,2005-05-20,한,암,,50,김창옥,한국마사회,481
1735,부경,2005-05-20,호,암,,53,유충열,한국마사회,451
1736,부경,2005-05-20,한,암,,50,윤주혁,한국마사회,431
1737,부경,2005-05-20,뉴,암,,50,강형곤,한국마사회,444
1738,부경,2005-05-20,호,수,,50,조용배,한국마사회,
1739,부경,2005-05-20,호,수,,50,유병복,한국마사회,433
1740,부경,2005-05-20,한,수,,53,한상복,한국마사회,409
1741,부경,2005-05-20,일,암,,53,양귀선,한국마사회,453
1742,부경,2005-05-20,호,암,,53,민장기,한국마사회,486
1743,부경,2005-05-20,뉴,암,,50,유병복,한국마사회,410
1744,부경,2005-05-20,호,암,,50,장세한,한국마사회,470
1745,부경,2005-05-20,호,암,,50,강형곤,한국마사회,411
1746,부경,2005-05-20,호,암,,50,강병은,한국마사회,443
1747,부경,2005-05-20,호,암,,50,오문식,한국마사회,481
1748,부경,2005-05-20,호,암,,50,윤주혁,한국마사회,431
1749,부경,2005-05-20,미,암,,50,이정표,한국마사회,422
1750,부경,2005-05-20,미,암,,50,김영관,한국마사회,415
1751,부경,2005-05-20,미,암,,53,김병학,한국마사회,440
1752,부경,2005-05-20,미,암,,53,김길중,한국마사회,415
1753,부경,2005-05-20,한,암,,50,김길중,한국마사회,442
1754,부경,2005-05-20,한,암,,50,김남중,한국마사회,453
1755,부경,2005-05-20,한,암,,50,조용배,한국마사회,428
1756,부경,2005-05-20,호,암,,50,김상석,한국마사회,415
1757,부경,2005-05-20,뉴,암,,50,김창옥,한국마사회,448
1758,부경,2005-05-20,한,암,,52,김성현,한국마사회,434
1759,부경,2005-05-20,한,암,,53,김길중,한국마사회,420
1760,부경,2005-05-20,한,암,,50,강형곤,한국마사회,420
1761,부경,2005-05-20,한,암,,50,김길중,한국마사회,459
1762,부경,2005-05-20,호,암,,50,윤주혁,한국마사회,436
1763,부경,2005-05-20,한,암,,53,유충열,한국마사회,486
1764,부경,2005-05-20,한,암,,52,한상복,한국마사회,464
1765,부경,2005-05-20,한,암,,50,유충열,한국마사회,412
1766,부경,2005-05-20,미,암,,53,민장기,한국마사회,442
1767,부경,2005-05-20,미,암,,50,윤주혁,한국마사회,436
1768,부경,2005-05-20,미,암,,50,조용배,한국마사회,452
1769,부경,2005-05-20,미,암,,50,강형곤,한국마사회,416
1770,부경,2005-05-20,미,암,,50,고홍석,한국마사회,507
1771,부경,2005-05-20,미,암,,53,유충열,한국마사회,446
1772,부경,2005-05-20,호,암,,53,김병학,한국마사회,477
1773,부경,2005-05-20,뉴,암,,53,임금만,한국마사회,467
1774,부경,2005-05-20,미,암,,50,김창옥,한국마사회,470
1775,부경,2005-05-20,한,암,,51,고홍석,한국마사회,474
1776,부경,2005-05-20,한,암,,50,최기홍,한국마사회,428
1777,부경,2005-05-20,한,암,,53,김병학,한국마사회,456
1778,부경,2005-05-20,한,암,,51,장세한,한국마사회,465
1779,부경,2005-05-20,한,암,,51,고홍석,한국마사회,447
1780,부경,2005-05-20,미,암,,50,김재섭,한국마사회,440
1781,부경,2005-05-20,한,암,,51,유병복,한국마사회,416
1782,부경,2005-05-20,한,암,,50,김창옥,한국마사회,409
1783,부경,2005-05-20,한,암,,50,김영관,한국마사회,476
1784,부경,2005-05-20,한,암,,53,김병학,한국마사회,379
1785,부경,2005-05-20,한,암,,54,김병학,한국마사회,490
1786,부경,2005-05-20,한,암,,51,김재섭,한국마사회,434
1787,부경,2005-05-20,한,암,,50,김재섭,한국마사회,502
1788,부경,2005-05-20,한,암,,51,김성현,한국마사회,410
1789,부경,2005-05-20,호,거,,50,유병복,한국마사회,449
1790,부경,2005-05-27,한,암,,50,김창옥,한국마사회,436
1791,부경,2005-05-27,뉴,암,,53,백광열,한국마사회,435
1792,부경,2005-05-27,호,암,,50,백광열,한국마사회,443
1793,부경,2005-05-27,한,수,,53,백광열,한국마사회,485
1794,부경,2005-05-27,한,수,,53,고홍석,한국마사회,445
1795,부경,2005-05-27,일,암,,53,민장기,한국마사회,433
1796,부경,2005-05-27,미,암,,50,조용배,한국마사회,470
1797,부경,2005-05-27,미,암,,53,오문식,한국마사회,410
1798,부경,2005-05-27,호,수,,50,김남중,한국마사회,485
1799,부경,2005-05-27,호,수,,50,오문식,한국마사회,481
1800,부경,2005-05-27,미,수,,51,고홍석,한국마사회,476
1801,부경,2005-05-27,한,수,,56,오문식,한국마사회,512
1802,부경,2005-05-27,한,수,,51,최기홍,한국마사회,481
1803,부경,2005-05-27,한,암,,50,조용배,한국마사회,436
1804,부경,2005-05-27,호,수,,50,윤주혁,한국마사회,436
1805,부경,2005-05-27,호,수,,53,임금만,한국마사회,453
1806,부경,2005-05-27,미,암,,50,유병복,한국마사회,446
1807,부경,2005-05-27,일,암,,53,백광열,한국마사회,422
1808,부경,2005-05-27,미,암,,50,장세한,한국마사회,428
1809,부경,2005-05-27,미,암,,50,김상석,한국마사회,422
1810,부경,2005-05-27,미,암,,53,김길중,한국마사회,413
1811,부경,2005-05-27,미,암,,52,한상복,한국마사회,461
1812,부경,2005-05-27,미,암,,50,김창옥,한국마사회,487
1813,부경,2005-05-27,일,암,,50,유병복,한국마사회,406
1814,부경,2005-05-27,한,암,,51,김상석,한국마사회,439
1815,부경,2005-05-27,한,암,,50,강형곤,한국마사회,403
1816,부경,2005-05-27,한,암,,50,김길중,한국마사회,421
1817,부경,2005-05-27,뉴,암,,53,유충열,한국마사회,447
1818,부경,2005-05-27,한,암,,51,윤주혁,한국마사회,434
1819,부경,2005-05-27,한,수,,51,유병복,한국마사회,465
1820,부경,2005-05-27,미,수,,54,민장기,한국마사회,492
1821,부경,2005-05-27,미,수,,51,김병학,한국마사회,466
1822,부경,2005-05-27,한,암,,53,민장기,한국마사회,441
1823,부경,2005-05-27,한,암,,50,유병복,한국마사회,423
1824,부경,2005-05-27,한,암,,53,양귀선,한국마사회,395
1825,부경,2005-05-27,미,암,,50,이정표,한국마사회,402
1826,부경,2005-05-27,호,암,,50,김상석,한국마사회,407
1827,부경,2005-05-27,미,암,,50,장세한,한국마사회,402
1828,부경,2005-05-27,미,암,,50,김창옥,한국마사회,417
1829,부경,2005-05-27,일,암,,50,조용배,한국마사회,459
1830,부경,2005-05-27,미,암,,53,민장기,한국마사회,380
1831,부경,2005-05-27,미,암,,53,김길중,한국마사회,420
1832,부경,2005-05-27,호,암,,50,김창옥,한국마사회,431
1833,부경,2005-05-27,호,암,,50,고홍석,한국마사회,469
1834,부경,2005-05-27,뉴,암,,50,조용배,한국마사회,456
1835,부경,2005-05-27,호,암,,50,이정표,한국마사회,442
1836,부경,2005-05-27,뉴,거,,50,한상복,한국마사회,486
1837,부경,2005-05-27,미,거,,54,임금만,한국마사회,408
1838,부경,2005-05-27,미,거,,51,김창옥,한국마사회,434
1839,부경,2005-05-27,미,거,,51,김영관,한국마사회,464
1840,부경,2005-05-27,한,거,,51,김남중,한국마사회,448
1841,부경,2005-05-27,호,거,,53,김성현,한국마사회,419
1842,부경,2005-05-27,뉴,거,,50,윤주혁,한국마사회,493
1843,부경,2005-05-27,한,거,,56,김병학,한국마사회,413
1844,부경,2005-05-27,미,거,,54,김성현,한국마사회,466
1845,부경,2005-05-27,미,거,,51,김영관,한국마사회,465
1846,부경,2005-05-27,미,수,,51,강형곤,한국마사회,499
1847,부경,2005-05-27,미,수,,53,한상복,한국마사회,480
1848,부경,2005-05-27,한,암,,53,김성현,한국마사회,446
1849,부경,2005-05-27,한,암,,50,장세한,한국마사회,450
1850,부경,2005-05-27,한,암,,53,유충열,한국마사회,453
1851,부경,2005-05-27,한,암,,53,김성현,한국마사회,441
1852,부경,2005-05-27,한,암,,53,김병학,한국마사회,411
1853,부경,2005-05-27,한,암,,53,오문식,한국마사회,453
1854,부경,2005-05-27,한,암,,50,조용배,한국마사회,416
1855,부경,2005-05-27,한,암,,54,양귀선,한국마사회,416
1856,부경,2005-05-27,호,암,,53,김병학,한국마사회,449
1857,부경,2005-05-27,호,암,,50,조용배,한국마사회,464
1858,부경,2005-05-27,호,암,,50,임금만,한국마사회,424
1859,부경,2005-05-27,한,암,,53,양귀선,한국마사회,412
1860,부경,2005-05-27,한,암,,54,김병학,한국마사회,489
1861,부경,2005-05-27,한,암,,50,백광열,한국마사회,439
1862,부경,2005-05-27,한,암,,50,김상석,한국마사회,408
1863,부경,2005-05-27,한,암,,51,강형곤,한국마사회,421
1864,부경,2005-05-27,한,암,,53,한상복,한국마사회,504
1865,부경,2005-05-27,한,암,,51,장세한,한국마사회,482
1866,부경,2005-05-27,한,암,,51,백광열,한국마사회,457
1867,부경,2005-05-27,한,암,,51,조용배,한국마사회,417
1868,부경,2005-05-27,미,암,,50,최기홍,한국마사회,470
1869,부경,2005-05-27,미,암,,53,임금만,한국마사회,462
1870,부경,2005-05-27,미,암,,50,김상석,한국마사회,414
1871,부경,2005-05-27,미,암,,50,조용배,한국마사회,494
1872,부경,2005-05-27,미,암,,53,김재섭,한국마사회,440
1873,부경,2005-05-27,한,암,,51,김창옥,한국마사회,477
1874,부경,2005-05-27,한,암,,51,강형곤,한국마사회,436
1875,부경,2005-05-27,미,수,,51,김남중,한국마사회,436
1876,부경,2005-05-27,한,수,,51,최기홍,한국마사회,520
1877,부경,2005-05-27,한,수,,56,오문식,한국마사회,465
1878,부경,2005-05-27,호,수,,53,김성현,한국마사회,489
1879,부경,2005-05-27,호,수,,53,민장기,한국마사회,458
1880,부경,2005-05-27,호,수,,53,김재섭,한국마사회,455
1881,부경,2005-05-27,호,수,,50,백광열,한국마사회,432
1882,부경,2005-05-27,한,수,,51,김창옥,한국마사회,449
1883,부경,2005-05-27,호,수,,50,장세한,한국마사회,506
1884,부경,2005-05-27,한,수,,51,장세한,한국마사회,512
1885,부경,2005-05-27,한,수,,51,최기홍,한국마사회,467
1886,부경,2005-05-27,호,수,,53,김길중,한국마사회,461
1887,부경,2005-05-27,뉴,수,,50,장세한,한국마사회,476
1888,부경,2005-05-27,호,수,,53,양귀선,한국마사회,442
1889,부경,2005-05-27,호,수,,53,임금만,한국마사회,458
1890,부경,2005-05-27,한,수,,51,고홍석,한국마사회,420
1891,부경,2005-05-27,한,수,,51,김상석,한국마사회,473
1892,부경,2005-05-27,한,수,,54,김재섭,한국마사회,492
1893,부경,2005-05-27,한,수,,53,한상복,한국마사회,481
1894,부경,2005-05-27,한,수,,54,강병은,한국마사회,473
1895,부경,2005-05-27,한,수,,51,고홍석,한국마사회,515
1896,부경,2005-05-27,한,수,,51,백광열,한국마사회,458
1897,부경,2005-05-27,한,수,,51,이정표,한국마사회,453
1898,부경,2005-05-27,한,수,,53,이정표,한국마사회,495
1899,부경,2005-05-27,한,수,,53,윤주혁,한국마사회,468
1900,부경,2005-05-27,한,수,,51,김영관,한국마사회,485
1901,부경,2005-05-27,한,수,,53,김재섭,한국마사회,447
1902,부경,2005-05-27,한,수,,51,김상석,한국마사회,449
1903,부경,2005-05-27,한,수,,54,조용배,한국마사회,501
1904,부경,2005-05-27,미,수,,51,김성현,한국마사회,524
1905,부경,2005-05-27,미,수,,51,김길중,한국마사회,486
1906,부경,2005-05-27,미,수,,54,김재섭,한국마사회,488
1907,부경,2005-05-27,일,수,,51,오문식,한국마사회,501
1908,부경,2005-05-27,미,수,,54,임금만,한국마사회,479
1909,부경,2005-06-03,호,암,,50,강형곤,한국마사회,480
1910,부경,2005-06-03,뉴,암,,50,김길중,한국마사회,413
1911,부경,2005-06-03,호,암,,50,오문식,한국마사회,455
1912,부경,2005-06-03,호,암,,53,양귀선,한국마사회,464
1913,부경,2005-06-03,한,암,,51,김성현,한국마사회,415
1914,부경,2005-06-03,한,암,,51,김창옥,한국마사회,456
1915,부경,2005-06-03,한,암,,51,김남중,한국마사회,476
1916,부경,2005-06-03,한,암,,54,김병학,한국마사회,489
1917,부경,2005-06-03,한,암,,54,민장기,한국마사회,429
1918,부경,2005-06-03,호,암,,53,김병학,한국마사회,473
1919,부경,2005-06-03,호,암,,50,강형곤,한국마사회,447
1920,부경,2005-06-03,호,암,,50,백광열,한국마사회,464
1921,부경,2005-06-03,호,암,,50,최기홍,한국마사회,483
1922,부경,2005-06-03,호,암,,53,김길중,한국마사회,466
1923,부경,2005-06-03,한,암,,52,김영관,한국마사회,439
1924,부경,2005-06-03,한,암,,52,유병복,한국마사회,405
1925,부경,2005-06-03,미,암,,53,김재섭,한국마사회,435
1926,부경,2005-06-03,미,암,,53,김병학,한국마사회,457
1927,부경,2005-06-03,미,암,,53,김길중,한국마사회,463
1928,부경,2005-06-03,미,암,,50,김영관,한국마사회,413
1929,부경,2005-06-03,미,암,,50,김남중,한국마사회,430
1930,부경,2005-06-03,한,암,,51,조용배,한국마사회,440
1931,부경,2005-06-03,한,암,,54,민장기,한국마사회,455
1932,부경,2005-06-03,한,암,,54,최기홍,한국마사회,427
1933,부경,2005-06-03,한,암,,53,유병복,한국마사회,462
1934,부경,2005-06-03,미,암,,54,양귀선,한국마사회,445
1935,부경,2005-06-03,한,암,,55,김상석,한국마사회,451
1936,부경,2005-06-03,호,암,,50,강형곤,한국마사회,410
1937,부경,2005-06-03,호,암,,53,유충열,한국마사회,417
1938,부경,2005-06-03,한,거,,53,강형곤,한국마사회,478
1939,부경,2005-06-03,호,거,,53,조용배,한국마사회,470
1940,부경,2005-06-03,미,암,,53,김영관,한국마사회,463
1941,부경,2005-06-03,한,암,,52,장세한,한국마사회,501
1942,부경,2005-06-03,한,암,,51,강형곤,한국마사회,448
1943,부경,2005-06-03,미,암,,53,김상석,한국마사회,404
1944,부경,2005-06-03,미,암,,53,유충열,한국마사회,400
1945,부경,2005-06-03,한,암,,50,한상복,한국마사회,457
1946,부경,2005-06-03,한,암,,53,강병은,한국마사회,413
1947,부경,2005-06-03,한,암,,50,김상석,한국마사회,416
1948,부경,2005-06-03,한,암,,50,김길중,한국마사회,415
1949,부경,2005-06-03,뉴,암,,50,김상석,한국마사회,433
1950,부경,2005-06-03,미,수,,54,양귀선,한국마사회,410
1951,부경,2005-06-03,한,수,,54,김길중,한국마사회,479
1952,부경,2005-06-03,호,암,,52,한상복,한국마사회,462
1953,부경,2005-06-03,한,암,,54,유충열,한국마사회,436
1954,부경,2005-06-03,미,암,,50,오문식,한국마사회,406
1955,부경,2005-06-03,미,암,,53,김성현,한국마사회,452
1956,부경,2005-06-03,호,수,,50,최기홍,한국마사회,428
1957,부경,2005-06-03,뉴,거,,50,김남중,한국마사회,500
1958,부경,2005-06-03,뉴,거,,53,김재섭,한국마사회,439
1959,부경,2005-06-03,뉴,거,,53,김길중,한국마사회,461
1960,부경,2005-06-03,미,거,,54,임금만,한국마사회,451
1961,부경,2005-06-03,뉴,거,,53,임금만,한국마사회,439
1962,부경,2005-06-03,미,거,,54,유병복,한국마사회,449
1963,부경,2005-06-03,일,수,,51,김창옥,한국마사회,470
1964,부경,2005-06-03,미,수,,51,유병복,한국마사회,423
1965,부경,2005-06-03,호,수,,50,유병복,한국마사회,479
1966,부경,2005-06-03,한,수,,54,김성현,한국마사회,465
1967,부경,2005-06-03,한,수,,54,강병은,한국마사회,434
1968,부경,2005-06-03,한,수,,51,고홍석,한국마사회,461
1969,부경,2005-06-03,한,수,,54,민장기,한국마사회,466
1970,부경,2005-06-03,미,수,,51,윤주혁,한국마사회,486
1971,부경,2005-06-03,미,수,,55,윤주혁,한국마사회,466
1972,부경,2005-06-03,호,수,,54,최기홍,한국마사회,476
1973,부경,2005-06-03,미,수,,54,장세한,한국마사회,467
1974,부경,2005-06-03,미,수,,54,유충열,한국마사회,470
1975,부경,2005-06-03,미,수,,53,최기홍,한국마사회,484
1976,부경,2005-06-03,호,수,,50,김창옥,한국마사회,461
1977,부경,2005-06-03,한,수,,52,백광열,한국마사회,500
1978,부경,2005-06-03,뉴,수,,50,장세한,한국마사회,481
1979,부경,2005-06-03,한,수,,57,백광열,한국마사회,475
1980,부경,2005-06-03,호,수,,50,이정표,한국마사회,479
1981,부경,2005-06-03,호,수,,50,오문식,한국마사회,472
1982,부경,2005-06-03,호,수,,50,유병복,한국마사회,424
1983,부경,2005-06-03,한,수,,53,김남중,한국마사회,483
1984,부경,2005-06-03,호,수,,53,김재섭,한국마사회,448
1985,부경,2005-06-03,호,수,,50,김상석,한국마사회,409
1986,부경,2005-06-03,일,수,,51,고홍석,한국마사회,487
1987,부경,2005-06-03,호,수,,50,유병복,한국마사회,444
1988,부경,2005-06-03,호,수,,50,오문식,한국마사회,486
1989,부경,2005-06-03,뉴,수,,50,김길중,한국마사회,521
1990,부경,2005-06-03,호,수,,50,윤주혁,한국마사회,485
1991,부경,2005-06-03,호,암,,50,조용배,한국마사회,451
1992,부경,2005-06-03,호,암,,53,김재섭,한국마사회,435
1993,부경,2005-06-03,뉴,암,,51,윤주혁,한국마사회,461
1994,부경,2005-06-03,한,암,,54,김재섭,한국마사회,463
1995,부경,2005-06-03,호,암,,53,민장기,한국마사회,472
1996,부경,2005-06-03,미,암,,50,강형곤,한국마사회,443
1997,부경,2005-06-03,한,암,,50,조용배,한국마사회,482
1998,부경,2005-06-03,한,암,,50,윤주혁,한국마사회,436
1999,부경,2005-06-03,한,암,,50,김남중,한국마사회,506
2000,부경,2005-06-03,한,암,,50,김성현,한국마사회,469
2001,부경,2005-06-03,한,암,,50,임금만,한국마사회,410
2002,부경,2005-06-03,한,암,,50,이정표,한국마사회,399
2003,부경,2005-06-03,한,암,,53,민장기,한국마사회,469
2004,부경,2005-06-03,한,암,,50,장세한,한국마사회,423
2005,부경,2005-06-03,한,암,,50,김길중,한국마사회,454
2006,부경,2005-06-03,한,암,,53,임금만,한국마사회,446
2007,부경,2005-06-03,호,암,,50,김창옥,한국마사회,424
2008,부경,2005-06-03,한,거,,54,임금만,한국마사회,434
2009,부경,2005-06-03,호,거,,53,김병학,한국마사회,472
2010,부경,2005-06-03,호,거,,52,한상복,한국마사회,451
2011,부경,2005-06-03,한,암,,54,김상석,한국마사회,439
2012,부경,2005-06-03,한,암,,51,오문식,한국마사회,470
2013,부경,2005-06-03,미,암,,53,강병은,한국마사회,446
2014,부경,2005-06-03,미,암,,53,양귀선,한국마사회,420
2015,부경,2005-06-10,한,수,,54,김재섭,한국마사회,422
2016,부경,2005-06-10,미,수,,51,김남중,한국마사회,430
2017,부경,2005-06-10,한,수,,54,임금만,한국마사회,483
2018,부경,2005-06-10,한,수,,51,이정표,한국마사회,465
2019,부경,2005-06-10,한,수,,53,김창옥,한국마사회,467
2020,부경,2005-06-10,한,수,,53,김재섭,한국마사회,439
2021,부경,2005-06-10,호,수,,53,민장기,한국마사회,434
2022,부경,2005-06-10,호,수,,50,김남중,한국마사회,475
2023,부경,2005-06-10,호,수,,50,김상석,한국마사회,435
2024,부경,2005-06-10,한,수,,56,민장기,한국마사회,441
2025,부경,2005-06-10,한,수,,53,김남중,한국마사회,475
2026,부경,2005-06-10,한,수,,53,윤주혁,한국마사회,484
2027,부경,2005-06-10,한,수,,53,최기홍,한국마사회,488
2028,부경,2005-06-10,한,수,,51,최기홍,한국마사회,450
2029,부경,2005-06-10,한,수,,51,민장기,한국마사회,500
2030,부경,2005-06-10,미,수,,54,유충열,한국마사회,511
2031,부경,2005-06-10,미,수,,51,유병복,한국마사회,413
2032,부경,2005-06-10,미,수,,51,강형곤,한국마사회,485
2033,부경,2005-06-10,한,수,,53,김창옥,한국마사회,442
2034,부경,2005-06-10,한,수,,51,김성현,한국마사회,472
2035,부경,2005-06-10,한,수,,53,오문식,한국마사회,471
2036,부경,2005-06-10,한,암,,50,김길중,한국마사회,450
2037,부경,2005-06-10,한,암,,50,조용배,한국마사회,419
2038,부경,2005-06-10,호,암,,50,윤주혁,한국마사회,435
2039,부경,2005-06-10,한,암,,51,김성현,한국마사회,431
2040,부경,2005-06-10,호,거,,52,한상복,한국마사회,475
2041,부경,2005-06-10,미,거,,54,유충열,한국마사회,473
2042,부경,2005-06-10,호,거,,50,김창옥,한국마사회,464
2043,부경,2005-06-10,뉴,거,,53,양귀선,한국마사회,467
2044,부경,2005-06-10,호,수,,53,김병학,한국마사회,456
2045,부경,2005-06-10,한,수,,53,백광열,한국마사회,522
2046,부경,2005-06-10,일,암,,50,윤주혁,한국마사회,463
2047,부경,2005-06-10,미,암,,50,장세한,한국마사회,403
2048,부경,2005-06-10,일,암,,50,김상석,한국마사회,389
2049,부경,2005-06-10,미,암,,50,오문식,한국마사회,442
2050,부경,2005-06-10,미,암,,50,백광열,한국마사회,436
2051,부경,2005-06-10,미,암,,53,민장기,한국마사회,404
2052,부경,2005-06-10,호,암,,50,장세한,한국마사회,457
2053,부경,2005-06-10,호,암,,53,김길중,한국마사회,441
2054,부경,2005-06-10,한,암,,51,임금만,한국마사회,429
2055,부경,2005-06-10,한,암,,52,한상복,한국마사회,447
2056,부경,2005-06-10,한,암,,54,김병학,한국마사회,472
2057,부경,2005-06-10,한,암,,50,양귀선,한국마사회,399
2058,부경,2005-06-10,미,암,,53,김병학,한국마사회,428
2059,부경,2005-06-10,호,암,,50,김상석,한국마사회,419
2060,부경,2005-06-10,미,암,,50,최기홍,한국마사회,458
2061,부경,2005-06-10,한,암,,51,조용배,한국마사회,505
2062,부경,2005-06-10,한,암,,54,김병학,한국마사회,489
2063,부경,2005-06-10,한,암,,50,강형곤,한국마사회,505
2064,부경,2005-06-10,뉴,암,,53,김재섭,한국마사회,442
2065,부경,2005-06-10,일,암,,48,김영관,한국마사회,461
2066,부경,2005-06-10,미,암,,51,임금만,한국마사회,419
2067,부경,2005-06-10,한,암,,53,양귀선,한국마사회,462
2068,부경,2005-06-10,한,암,,53,임금만,한국마사회,441
2069,부경,2005-06-10,뉴,암,,53,강병은,한국마사회,443
2070,부경,2005-06-10,호,암,,53,유충열,한국마사회,435
2071,부경,2005-06-10,뉴,암,,50,백광열,한국마사회,437
2072,부경,2005-06-10,한,암,,51,고홍석,한국마사회,478
2073,부경,2005-06-10,한,암,,51,김상석,한국마사회,452
2074,부경,2005-06-10,한,암,,54,유충열,한국마사회,429
2075,부경,2005-06-10,한,암,,54,김재섭,한국마사회,489
2076,부경,2005-06-10,호,암,,50,강형곤,한국마사회,392
2077,부경,2005-06-10,호,암,,50,김재섭,한국마사회,435
2078,부경,2005-06-10,뉴,암,,50,한상복,한국마사회,468
2079,부경,2005-06-10,호,암,,50,조용배,한국마사회,468
2080,부경,2005-06-10,한,암,,49,김창옥,한국마사회,395
2081,부경,2005-06-10,뉴,암,,50,김상석,한국마사회,436
2082,부경,2005-06-10,호,암,,50,강형곤,한국마사회,399
2083,부경,2005-06-10,한,암,,53,김길중,한국마사회,453
2084,부경,2005-06-10,한,암,,50,한상복,한국마사회,462
2085,부경,2005-06-10,한,암,,50,양귀선,한국마사회,412
2086,부경,2005-06-10,한,암,,54,임금만,한국마사회,446
2087,부경,2005-06-10,미,암,,50,김상석,한국마사회,438
2088,부경,2005-06-10,미,암,,53,오문식,한국마사회,401
2089,부경,2005-06-10,한,암,,50,윤주혁,한국마사회,426
2090,부경,2005-06-10,한,암,,51,백광열,한국마사회,438
2091,부경,2005-06-10,한,암,,51,장세한,한국마사회,432
2092,부경,2005-06-10,한,암,,53,유충열,한국마사회,391
2093,부경,2005-06-10,미,암,,50,조용배,한국마사회,450
2094,부경,2005-06-10,한,거,,50,강형곤,한국마사회,467
2095,부경,2005-06-10,한,암,,50,강형곤,한국마사회,419
2096,부경,2005-06-10,한,암,,54,강병은,한국마사회,430
2097,부경,2005-06-10,호,암,,50,이정표,한국마사회,475
2098,부경,2005-06-10,미,수,,51,장세한,한국마사회,489
2099,부경,2005-06-10,한,수,,56,백광열,한국마사회,485
2100,부경,2005-06-10,한,수,,51,이정표,한국마사회,429
2101,부경,2005-06-10,한,수,,53,윤주혁,한국마사회,465
2102,부경,2005-06-10,미,암,,50,한상복,한국마사회,470
2103,부경,2005-06-10,일,암,,50,백광열,한국마사회,412
2104,부경,2005-06-10,미,암,,50,조용배,한국마사회,451
2105,부경,2005-06-10,미,암,,50,최기홍,한국마사회,413
2106,부경,2005-06-10,미,암,,53,김성현,한국마사회,485
2107,부경,2005-06-10,미,암,,48,오문식,한국마사회,419
2108,부경,2005-06-10,미,암,,48,백광열,한국마사회,432
2109,부경,2005-06-10,한,암,,49,최기홍,한국마사회,425
2110,부경,2005-06-10,한,암,,50,장세한,한국마사회,467
2111,부경,2005-06-10,한,암,,51,김남중,한국마사회,427
2112,부경,2005-06-17,호,암,,51,김성현,한국마사회,431
2113,부경,2005-06-17,한,암,,51,유충열,한국마사회,
2114,부경,2005-06-17,한,암,,50,김영관,한국마사회,483
2115,부경,2005-06-17,뉴,암,,50,강형곤,한국마사회,443
2116,부경,2005-06-17,미,암,,53,장세한,한국마사회,421
2117,부경,2005-06-17,호,암,,53,강병은,한국마사회,436
2118,부경,2005-06-17,호,암,,50,오문식,한국마사회,478
2119,부경,2005-06-17,미,거,,54,김성현,한국마사회,465
2120,부경,2005-06-17,한,거,,51,오문식,한국마사회,464
2121,부경,2005-06-17,뉴,거,,50,윤주혁,한국마사회,490
2122,부경,2005-06-17,호,거,,51,김남중,한국마사회,478
2123,부경,2005-06-17,호,거,,52,유병복,한국마사회,451
2124,부경,2005-06-17,미,암,,50,조용배,한국마사회,477
2125,부경,2005-06-17,뉴,암,,50,유병복,한국마사회,413
2126,부경,2005-06-17,한,암,,50,이정표,한국마사회,412
2127,부경,2005-06-17,한,암,,50,김남중,한국마사회,450
2128,부경,2005-06-17,미,암,,53,김병학,한국마사회,444
2129,부경,2005-06-17,일,암,,53,민장기,한국마사회,425
2130,부경,2005-06-17,호,암,,51,윤주혁,한국마사회,438
2131,부경,2005-06-17,미,암,,50,김창옥,한국마사회,419
2132,부경,2005-06-17,미,암,,53,김길중,한국마사회,405
2133,부경,2005-06-17,호,수,,50,윤주혁,한국마사회,440
2134,부경,2005-06-17,한,수,,51,백광열,한국마사회,465
2135,부경,2005-06-17,호,수,,50,장세한,한국마사회,510
2136,부경,2005-06-17,한,수,,54,김병학,한국마사회,466
2137,부경,2005-06-17,한,수,,53,김성현,한국마사회,455
2138,부경,2005-06-17,호,거,,50,김창옥,한국마사회,440
2139,부경,2005-06-17,미,암,,50,김창옥,한국마사회,490
2140,부경,2005-06-17,호,암,,50,고홍석,한국마사회,472
2141,부경,2005-06-17,한,수,,51,김상석,한국마사회,449
2142,부경,2005-06-17,미,수,,51,고홍석,한국마사회,
2143,부경,2005-06-17,한,수,,50,한상복,한국마사회,417
2144,부경,2005-06-17,한,수,,57,양귀선,한국마사회,485
2145,부경,2005-06-17,호,암,,53,유충열,한국마사회,443
2146,부경,2005-06-17,일,암,,50,유병복,한국마사회,401
2147,부경,2005-06-17,한,암,,50,유병복,한국마사회,412
2148,부경,2005-06-17,한,암,,51,윤주혁,한국마사회,432
2149,부경,2005-06-17,한,암,,51,백광열,한국마사회,461
2150,부경,2005-06-17,한,암,,53,한상복,한국마사회,444
2151,부경,2005-06-17,한,암,,51,양귀선,한국마사회,413
2152,부경,2005-06-17,한,암,,50,강형곤,한국마사회,433
2153,부경,2005-06-17,호,암,,50,최기홍,한국마사회,462
2154,부경,2005-06-17,한,수,,51,강형곤,한국마사회,469
2155,부경,2005-06-17,미,수,,52,유충열,한국마사회,430
2156,부경,2005-06-17,미,수,,51,강형곤,한국마사회,443
2157,부경,2005-06-17,미,수,,48,강병은,한국마사회,477
2158,부경,2005-06-17,한,수,,51,김상석,한국마사회,462
2159,부경,2005-06-17,호,수,,53,임금만,한국마사회,426
2160,부경,2005-06-17,한,수,,51,김영관,한국마사회,492
2161,부경,2005-06-17,한,수,,53,최기홍,한국마사회,453
2162,부경,2005-06-17,미,암,,48,조용배,한국마사회,432
2163,부경,2005-06-17,미,암,,48,김창옥,한국마사회,465
2164,부경,2005-06-17,미,암,,48,고홍석,한국마사회,436
2165,부경,2005-06-17,한,암,,54,김병학,한국마사회,450
2166,부경,2005-06-17,한,암,,55,김영관,한국마사회,451
2167,부경,2005-06-17,한,암,,49,김상석,한국마사회,440
2168,부경,2005-06-17,한,암,,51,김창옥,한국마사회,406
2169,부경,2005-06-17,한,암,,50,조용배,한국마사회,439
2170,부경,2005-06-17,미,암,,50,장세한,한국마사회,457
2171,부경,2005-06-17,한,암,,49,장세한,한국마사회,467
2172,부경,2005-06-17,한,암,,52,김재섭,한국마사회,426
2173,부경,2005-06-17,미,수,,52,김상석,한국마사회,429
2174,부경,2005-06-17,한,암,,51,김상석,한국마사회,441
2175,부경,2005-06-17,한,암,,50,장세한,한국마사회,424
2176,부경,2005-06-17,뉴,거,,53,강병은,한국마사회,456
2177,부경,2005-06-17,호,거,,50,김성현,한국마사회,425
2178,부경,2005-06-17,한,암,,49,백광열,한국마사회,491
2179,부경,2005-06-17,미,수,,51,백광열,한국마사회,471
2180,부경,2005-06-17,한,수,,51,고홍석,한국마사회,418
2181,부경,2005-06-17,한,수,,51,김상석,한국마사회,474
2182,부경,2005-06-17,한,수,,51,김창옥,한국마사회,437
2183,부경,2005-06-17,한,수,,52,장세한,한국마사회,479
2184,부경,2005-06-17,한,수,,53,강형곤,한국마사회,462
2185,부경,2005-06-17,한,수,,52,윤주혁,한국마사회,472
2186,부경,2005-06-17,호,수,,53,양귀선,한국마사회,478
2187,부경,2005-06-17,호,수,,50,최기홍,한국마사회,432
2188,부경,2005-06-17,호,수,,53,김병학,한국마사회,469
2189,부경,2005-06-17,미,수,,51,장세한,한국마사회,516
2190,부경,2005-06-17,호,수,,50,이정표,한국마사회,458
2191,부경,2005-06-17,호,수,,51,유병복,한국마사회,445
2192,부경,2005-06-17,호,수,,53,김길중,한국마사회,458
2193,부경,2005-06-17,호,수,,50,이정표,한국마사회,464
2194,부경,2005-06-17,호,수,,50,장세한,한국마사회,496
2195,부경,2005-06-17,미,수,,54,민장기,한국마사회,486
2196,부경,2005-06-17,호,수,,53,양귀선,한국마사회,450
2197,부경,2005-06-17,호,수,,50,오문식,한국마사회,445
2198,부경,2005-06-17,한,수,,55,오문식,한국마사회,440
2199,부경,2005-06-17,한,수,,52,백광열,한국마사회,458
2200,부경,2005-06-17,뉴,암,,50,조용배,한국마사회,448
2201,부경,2005-06-17,호,암,,53,임금만,한국마사회,417
2202,부경,2005-06-17,한,암,,50,김길중,한국마사회,420
2203,부경,2005-06-17,한,암,,50,민장기,한국마사회,432
2204,부경,2005-06-17,한,암,,50,임금만,한국마사회,409
2205,부경,2005-06-17,한,암,,53,김병학,한국마사회,370
2206,부경,2005-06-17,미,암,,50,이정표,한국마사회,462
2207,부경,2005-06-17,미,암,,50,김재섭,한국마사회,434
2208,부경,2005-06-17,미,암,,50,김영관,한국마사회,410
2209,부경,2005-06-17,미,암,,50,양귀선,한국마사회,392
2210,부경,2005-06-17,호,암,,53,임금만,한국마사회,458
2211,부경,2005-06-17,호,암,,56,김병학,한국마사회,479
2212,부경,2005-06-17,호,암,,53,한상복,한국마사회,475
2213,부경,2005-06-17,호,암,,50,김영관,한국마사회,405
2214,부경,2005-06-17,미,암,,51,백광열,한국마사회,434
2215,부경,2005-06-17,호,암,,56,양귀선,한국마사회,450
2216,부경,2005-06-17,미,암,,54,김재섭,한국마사회,432
2217,부경,2005-06-17,호,암,,50,조용배,한국마사회,483
2218,부경,2005-06-24,한,암,,51,강병은,한국마사회,475
2219,부경,2005-06-24,한,암,,50,김남중,한국마사회,485
2220,부경,2005-06-24,한,수,,54,강병은,한국마사회,462
2221,부경,2005-06-24,미,암,,50,최기홍,한국마사회,460
2222,부경,2005-06-24,미,암,,51,조용배,한국마사회,460
2223,부경,2005-06-24,미,암,,49,김상석,한국마사회,424
2224,부경,2005-06-24,호,암,,50,유병복,한국마사회,398
2225,부경,2005-06-24,미,암,,50,유충열,한국마사회,402
2226,부경,2005-06-24,호,수,,50,유병복,한국마사회,482
2227,부경,2005-06-24,호,수,,50,김재섭,한국마사회,437
2228,부경,2005-06-24,한,거,,51,김남중,한국마사회,497
2229,부경,2005-06-24,한,거,,54,김재섭,한국마사회,452
2230,부경,2005-06-24,호,거,,53,김병학,한국마사회,423
2231,부경,2005-06-24,한,암,,50,최기홍,한국마사회,425
2232,부경,2005-06-24,호,암,,50,민장기,한국마사회,468
2233,부경,2005-06-24,뉴,암,,50,유충열,한국마사회,468
2234,부경,2005-06-24,한,암,,50,양귀선,한국마사회,417
2235,부경,2005-06-24,한,암,,50,조용배,한국마사회,467
2236,부경,2005-06-24,일,암,,53,김병학,한국마사회,426
2237,부경,2005-06-24,일,암,,48,김영관,한국마사회,455
2238,부경,2005-06-24,한,암,,51,유병복,한국마사회,413
2239,부경,2005-06-24,한,암,,50,장세한,한국마사회,479
2240,부경,2005-06-24,한,암,,51,김영관,한국마사회,437
2241,부경,2005-06-24,한,암,,49,김창옥,한국마사회,472
2242,부경,2005-06-24,한,암,,52,김병학,한국마사회,483
2243,부경,2005-06-24,한,암,,48,조용배,한국마사회,419
2244,부경,2005-06-24,호,암,,51,고홍석,한국마사회,465
2245,부경,2005-06-24,한,암,,50,김창옥,한국마사회,427
2246,부경,2005-06-24,한,암,,51,강형곤,한국마사회,428
2247,부경,2005-06-24,한,암,,50,오문식,한국마사회,441
2248,부경,2005-06-24,한,암,,52,한상복,한국마사회,487
2249,부경,2005-06-24,한,암,,50,김길중,한국마사회,412
2250,부경,2005-06-24,한,암,,54,민장기,한국마사회,421
2251,부경,2005-06-24,한,암,,50,김성현,한국마사회,457
2252,부경,2005-06-24,한,암,,50,윤주혁,한국마사회,438
2253,부경,2005-06-24,한,암,,53,김성현,한국마사회,440
2254,부경,2005-06-24,한,암,,54,임금만,한국마사회,449
2255,부경,2005-06-24,한,암,,51,임금만,한국마사회,417
2256,부경,2005-06-24,한,암,,54,김병학,한국마사회,478
2257,부경,2005-06-24,한,암,,48,최기홍,한국마사회,418
2258,부경,2005-06-24,한,암,,50,유충열,한국마사회,450
2259,부경,2005-06-24,한,암,,50,김창옥,한국마사회,483
2260,부경,2005-06-24,한,암,,50,임금만,한국마사회,475
2261,부경,2005-06-24,한,암,,50,김상석,한국마사회,408
2262,부경,2005-06-24,한,암,,50,민장기,한국마사회,448
2263,부경,2005-06-24,한,암,,50,장세한,한국마사회,446
2264,부경,2005-06-24,한,암,,50,강형곤,한국마사회,405
2265,부경,2005-06-24,일,암,,53,김재섭,한국마사회,442
2266,부경,2005-06-24,일,암,,50,김상석,한국마사회,388
2267,부경,2005-06-24,미,암,,50,윤주혁,한국마사회,481
2268,부경,2005-06-24,미,암,,49,강형곤,한국마사회,441
2269,부경,2005-06-24,미,암,,53,민장기,한국마사회,367
2270,부경,2005-06-24,미,암,,50,김길중,한국마사회,422
2271,부경,2005-06-24,미,암,,50,이정표,한국마사회,424
2272,부경,2005-06-24,호,암,,50,강형곤,한국마사회,419
2273,부경,2005-06-24,미,암,,50,오문식,한국마사회,403
2274,부경,2005-06-24,미,암,,51,유병복,한국마사회,456
2275,부경,2005-06-24,미,암,,51,한상복,한국마사회,460
2276,부경,2005-06-24,한,암,,53,민장기,한국마사회,470
2277,부경,2005-06-24,한,암,,53,고홍석,한국마사회,443
2278,부경,2005-06-24,한,암,,50,한상복,한국마사회,455
2279,부경,2005-06-24,한,암,,50,김길중,한국마사회,447
2280,부경,2005-06-24,한,암,,50,양귀선,한국마사회,397
2281,부경,2005-06-24,일,암,,50,조용배,한국마사회,458
2282,부경,2005-06-24,미,암,,50,김영관,한국마사회,444
2283,부경,2005-06-24,한,암,,50,조용배,한국마사회,423
2284,부경,2005-06-24,미,거,,49,김영관,한국마사회,448
2285,부경,2005-06-24,한,거,,51,김남중,한국마사회,442
2286,부경,2005-06-24,뉴,거,,53,고홍석,한국마사회,457
2287,부경,2005-06-24,뉴,거,,53,양귀선,한국마사회,446
2288,부경,2005-06-24,한,거,,53,김병학,한국마사회,406
2289,부경,2005-06-24,뉴,거,,51,김길중,한국마사회,487
2290,부경,2005-06-24,한,거,,54,임금만,한국마사회,430
2291,부경,2005-06-24,미,수,,53,임금만,한국마사회,474
2292,부경,2005-06-24,미,수,,51,김성현,한국마사회,425
2293,부경,2005-06-24,일,수,,51,오문식,한국마사회,485
2294,부경,2005-06-24,미,수,,51,김재섭,한국마사회,492
2295,부경,2005-06-24,미,수,,54,양귀선,한국마사회,498
2296,부경,2005-06-24,한,수,,51,윤주혁,한국마사회,469
2297,부경,2005-06-24,한,수,,51,유병복,한국마사회,462
2298,부경,2005-06-24,미,수,,50,조용배,한국마사회,444
2299,부경,2005-06-24,미,수,,53,고홍석,한국마사회,434
2300,부경,2005-06-24,한,수,,54,고홍석,한국마사회,517
2301,부경,2005-06-24,한,수,,52,김상석,한국마사회,409
2302,부경,2005-06-24,미,수,,48,김병학,한국마사회,422
2303,부경,2005-06-24,한,수,,56,강병은,한국마사회,470
2304,부경,2005-06-24,한,수,,53,최기홍,한국마사회,482
2305,부경,2005-06-24,한,수,,53,김남중,한국마사회,470
2306,부경,2005-06-24,한,수,,54,임금만,한국마사회,468
2307,부경,2005-06-24,한,수,,51,이정표,한국마사회,446
2308,부경,2005-06-24,한,수,,54,양귀선,한국마사회,490
2309,부경,2005-06-24,한,수,,51,최기홍,한국마사회,451
2310,부경,2005-06-24,미,수,,49,유병복,한국마사회,447
2311,부경,2005-06-24,일,수,,48,강형곤,한국마사회,423
2312,부경,2005-06-24,호,수,,48,윤주혁,한국마사회,420
2313,부경,2005-06-24,한,수,,51,최기홍,한국마사회,522
2314,부경,2005-06-24,한,수,,51,이정표,한국마사회,444
2315,부경,2005-06-24,한,수,,51,최기홍,한국마사회,507
2316,부경,2005-06-24,호,수,,50,양귀선,한국마사회,437
2317,부경,2005-06-24,호,수,,50,오문식,한국마사회,477
2318,부경,2005-06-24,호,수,,50,강병은,한국마사회,493
2319,부경,2005-06-24,호,수,,53,임금만,한국마사회,445
2320,부경,2005-06-24,호,수,,50,조용배,한국마사회,477
2321,부경,2005-06-24,한,수,,53,고홍석,한국마사회,449
2322,부경,2005-06-24,한,수,,53,윤주혁,한국마사회,416
2323,부경,2005-06-24,미,수,,51,유병복,한국마사회,415
2324,부경,2005-06-24,미,수,,51,김남중,한국마사회,480
2325,부경,2005-06-24,호,수,,53,임금만,한국마사회,444
2326,부경,2005-06-24,호,수,,52,한상복,한국마사회,515
2327,부경,2005-06-24,호,암,,50,조용배,한국마사회,446
2328,부경,2005-07-01,뉴,암,,50,김창옥,한국마사회,435
2329,부경,2005-07-01,호,수,,51,김재섭,한국마사회,464
2330,부경,2005-07-01,호,암,,50,김상석,한국마사회,403
2331,부경,2005-07-01,호,암,,50,윤주혁,한국마사회,426
2332,부경,2005-07-01,한,암,,51,장세한,한국마사회,419
2333,부경,2005-07-01,한,암,,51,김길중,한국마사회,408
2334,부경,2005-07-01,한,암,,51,이정표,한국마사회,402
2335,부경,2005-07-01,한,암,,51,민장기,한국마사회,471
2336,부경,2005-07-01,한,암,,54,김성현,한국마사회,457
2337,부경,2005-07-01,한,암,,51,한상복,한국마사회,461
2338,부경,2005-07-01,미,암,,51,김영관,한국마사회,407
2339,부경,2005-07-01,호,암,,53,민장기,한국마사회,487
2340,부경,2005-07-01,뉴,암,,50,김상석,한국마사회,427
2341,부경,2005-07-01,호,암,,50,김영관,한국마사회,463
2342,부경,2005-07-01,호,암,,50,김창옥,한국마사회,422
2343,부경,2005-07-01,호,암,,50,유충열,한국마사회,430
2344,부경,2005-07-01,호,암,,50,장세한,한국마사회,475
2345,부경,2005-07-01,미,암,,51,장세한,한국마사회,403
2346,부경,2005-07-01,호,암,,50,김남중,한국마사회,476
2347,부경,2005-07-01,뉴,수,,54,김길중,한국마사회,526
2348,부경,2005-07-01,한,암,,51,강형곤,한국마사회,416
2349,부경,2005-07-01,뉴,암,,50,유병복,한국마사회,420
2350,부경,2005-07-01,한,수,,55,민장기,한국마사회,462
2351,부경,2005-07-01,일,수,,52,고홍석,한국마사회,481
2352,부경,2005-07-01,뉴,수,,51,장세한,한국마사회,481
2353,부경,2005-07-01,뉴,수,,51,장세한,한국마사회,476
2354,부경,2005-07-01,미,수,,52,유병복,한국마사회,430
2355,부경,2005-07-01,미,수,,52,양귀선,한국마사회,408
2356,부경,2005-07-01,뉴,거,,54,양귀선,한국마사회,459
2357,부경,2005-07-01,뉴,거,,53,한상복,한국마사회,483
2358,부경,2005-07-01,뉴,거,,54,임금만,한국마사회,432
2359,부경,2005-07-01,미,암,,51,김남중,한국마사회,426
2360,부경,2005-07-08,한,암,,55,강병은,한국마사회,437
2361,부경,2005-07-08,미,암,,51,오문식,한국마사회,404
2362,부경,2005-07-08,한,수,,52,고홍석,한국마사회,421
2363,부경,2005-07-08,호,수,,51,윤주혁,한국마사회,441
2364,부경,2005-07-08,한,수,,54,민장기,한국마사회,442
2365,부경,2005-07-08,호,수,,53,김재섭,한국마사회,451
2366,부경,2005-07-08,미,수,,52,김상석,한국마사회,419
2367,부경,2005-07-08,호,수,,53,유병복,한국마사회,438
2368,부경,2005-07-08,호,암,,50,장세한,한국마사회,452
2369,부경,2005-07-08,한,암,,54,유병복,한국마사회,447
2370,부경,2005-07-08,한,암,,52,김상석,한국마사회,430
2371,부경,2005-07-08,호,암,,50,한상복,한국마사회,514
2372,부경,2005-07-08,뉴,암,,50,고홍석,한국마사회,
2373,부경,2005-07-08,한,암,,52,조용배,한국마사회,433
2374,부경,2005-07-08,한,암,,53,유병복,한국마사회,414
2375,부경,2005-07-08,한,암,,51,김길중,한국마사회,443
2376,부경,2005-07-08,한,암,,51,이정표,한국마사회,418
2377,부경,2005-07-08,한,암,,52,장세한,한국마사회,503
2378,부경,2005-07-08,한,암,,51,최기홍,한국마사회,432
2379,부경,2005-07-08,한,암,,55,김병학,한국마사회,478
2380,부경,2005-07-08,뉴,암,,52,조용배,한국마사회,448
2381,부경,2005-07-08,미,암,,51,윤주혁,한국마사회,477
2382,부경,2005-07-08,호,암,,50,강형곤,한국마사회,497
2383,부경,2005-07-08,호,암,,50,김길중,한국마사회,446
2384,부경,2005-07-08,한,암,,51,한상복,한국마사회,447
2385,부경,2005-07-08,한,암,,54,양귀선,한국마사회,454
2386,부경,2005-07-08,한,암,,51,김창옥,한국마사회,425
2387,부경,2005-07-08,한,암,,51,양귀선,한국마사회,411
2388,부경,2005-07-08,한,암,,53,백광열,한국마사회,444
2389,부경,2005-07-08,한,암,,54,임금만,한국마사회,454
2390,부경,2005-07-08,뉴,암,,50,백광열,한국마사회,433
2391,부경,2005-07-08,뉴,암,,53,한상복,한국마사회,457
2392,부경,2005-07-08,한,암,,51,장세한,한국마사회,425
2393,부경,2005-07-08,한,암,,55,김재섭,한국마사회,486
2394,부경,2005-07-08,미,암,,54,김병학,한국마사회,428
2395,부경,2005-07-08,한,암,,54,유병복,한국마사회,408
2396,부경,2005-07-08,한,암,,55,조용배,한국마사회,497
2397,부경,2005-07-08,한,암,,53,김창옥,한국마사회,396
2398,부경,2005-07-08,한,암,,51,양귀선,한국마사회,401
2399,부경,2005-07-08,호,암,,51,김상석,한국마사회,413
2400,부경,2005-07-08,호,암,,50,조용배,한국마사회,467
2401,부경,2005-07-08,호,암,,52,최기홍,한국마사회,458
2402,부경,2005-07-08,뉴,암,,50,유충열,한국마사회,438
2403,부경,2005-07-08,뉴,암,,53,김길중,한국마사회,410
2404,부경,2005-07-08,한,암,,51,조용배,한국마사회,415
2405,부경,2005-07-08,미,암,,54,김재섭,한국마사회,444
2406,부경,2005-07-08,미,암,,51,오문식,한국마사회,442
2407,부경,2005-07-08,한,암,,54,강병은,한국마사회,478
2408,부경,2005-07-08,한,암,,51,임금만,한국마사회,472
2409,부경,2005-07-08,호,암,,53,김재섭,한국마사회,430
2410,부경,2005-07-08,호,암,,50,오문식,한국마사회,455
2411,부경,2005-07-08,한,암,,51,김길중,한국마사회,446
2412,부경,2005-07-08,한,암,,51,김영관,한국마사회,451
2413,부경,2005-07-08,한,암,,52,임금만,한국마사회,412
2414,부경,2005-07-08,한,암,,52,윤주혁,한국마사회,428
2415,부경,2005-07-08,한,암,,52,양귀선,한국마사회,419
2416,부경,2005-07-08,한,수,,52,유충열,한국마사회,470
2417,부경,2005-07-08,호,수,,54,민장기,한국마사회,432
2418,부경,2005-07-08,한,수,,55,김병학,한국마사회,462
2419,부경,2005-07-08,호,수,,53,최기홍,한국마사회,427
2420,부경,2005-07-08,호,암,,50,유충열,한국마사회,443
2421,부경,2005-07-08,호,암,,50,강형곤,한국마사회,409
2422,부경,2005-07-08,뉴,암,,51,김상석,한국마사회,437
2423,부경,2005-07-08,미,암,,54,민장기,한국마사회,395
2424,부경,2005-07-08,한,수,,56,이정표,한국마사회,496
2425,부경,2005-07-08,호,수,,54,민장기,한국마사회,453
2426,부경,2005-07-08,한,수,,52,김성현,한국마사회,476
2427,부경,2005-07-08,한,수,,55,김재섭,한국마사회,491
2428,부경,2005-07-08,호,수,,51,장세한,한국마사회,508
2429,부경,2005-07-08,한,수,,54,김창옥,한국마사회,433
2430,부경,2005-07-08,한,수,,53,김상석,한국마사회,460
2431,부경,2005-07-08,한,수,,52,백광열,한국마사회,505
2432,부경,2005-07-08,미,수,,52,장세한,한국마사회,480
2433,부경,2005-07-08,미,수,,52,김남중,한국마사회,441
2434,부경,2005-07-08,한,수,,52,김상석,한국마사회,467
2435,부경,2005-07-08,미,수,,52,김영관,한국마사회,471
2436,부경,2005-07-08,미,수,,55,김병학,한국마사회,420
2437,부경,2005-07-08,호,수,,54,강병은,한국마사회,483
2438,부경,2005-07-08,미,수,,52,윤주혁,한국마사회,483
2439,부경,2005-07-08,호,수,,51,김남중,한국마사회,476
2440,부경,2005-07-08,한,수,,54,김남중,한국마사회,470
2441,부경,2005-07-08,한,수,,56,최기홍,한국마사회,480
2442,부경,2005-07-08,호,암,,50,김재섭,한국마사회,436
2443,부경,2005-07-08,한,암,,51,윤주혁,한국마사회,432
2444,부경,2005-07-08,한,거,,52,강형곤,한국마사회,470
2445,부경,2005-07-08,미,암,,51,강병은,한국마사회,487
2446,부경,2005-07-08,미,암,,54,임금만,한국마사회,411
2447,부경,2005-07-08,호,암,,49,강형곤,한국마사회,390
2448,부경,2005-07-08,호,암,,50,김창옥,한국마사회,430
2449,부경,2005-07-08,호,수,,54,김병학,한국마사회,445
2450,부경,2005-07-08,한,수,,51,백광열,한국마사회,473
2451,부경,2005-07-08,미,수,,52,유충열,한국마사회,510
2452,부경,2005-07-08,미,수,,53,유병복,한국마사회,412
2453,부경,2005-07-08,미,수,,53,최기홍,한국마사회,480
2454,부경,2005-07-08,호,수,,53,김창옥,한국마사회,442
2455,부경,2005-07-08,미,수,,52,강형곤,한국마사회,480
2456,부경,2005-07-08,한,수,,56,백광열,한국마사회,520
2457,부경,2005-07-08,한,수,,53,김창옥,한국마사회,460
2458,부경,2005-07-08,미,거,,52,유충열,한국마사회,483
2459,부경,2005-07-08,미,거,,52,임금만,한국마사회,459
2460,부경,2005-07-08,미,거,,55,김성현,한국마사회,459
2461,부경,2005-07-08,호,거,,54,한상복,한국마사회,476
2462,부경,2005-07-08,호,거,,53,김창옥,한국마사회,464
2463,부경,2005-07-08,호,거,,49,백광열,한국마사회,441
2464,부경,2005-07-08,미,거,,54,강병은,한국마사회,467
2465,부경,2005-07-08,미,암,,53,최기홍,한국마사회,410
2466,부경,2005-07-08,한,암,,50,김영관,한국마사회,428
2467,부경,2005-07-08,호,암,,50,백광열,한국마사회,506
2468,부경,2005-07-08,뉴,암,,53,김재섭,한국마사회,431
2469,부경,2005-07-08,미,암,,53,조용배,한국마사회,446
2470,부경,2005-07-08,호,암,,53,김병학,한국마사회,470
2471,부경,2005-07-08,미,암,,51,김영관,한국마사회,453
2472,부경,2005-07-08,미,암,,54,조용배,한국마사회,454
2473,부경,2005-07-08,미,암,,52,김길중,한국마사회,416
2474,부경,2005-07-08,미,암,,49,오문식,한국마사회,421
2475,부경,2005-07-08,호,암,,51,한상복,한국마사회,467
2476,부경,2005-07-08,호,암,,49,윤주혁,한국마사회,424
2477,부경,2005-07-08,한,암,,52,김상석,한국마사회,438
2478,부경,2005-07-14,한,암,,52,이정표,한국마사회,462
2479,부경,2005-07-14,미,거,,55,오문식,한국마사회,476
2480,부경,2005-07-14,한,암,,52,고홍석,한국마사회,474
2481,부경,2005-07-14,호,암,,51,강형곤,한국마사회,438
2482,부경,2005-07-14,호,암,,50,김영관,한국마사회,394
2483,부경,2005-07-14,한,암,,54,임금만,한국마사회,439
2484,부경,2005-07-14,한,암,,52,김창옥,한국마사회,454
2485,부경,2005-07-14,한,암,,52,김상석,한국마사회,455
2486,부경,2005-07-14,한,암,,53,조용배,한국마사회,439
2487,부경,2005-07-14,한,암,,52,강형곤,한국마사회,436
2488,부경,2005-07-14,뉴,암,,54,임금만,한국마사회,459
2489,부경,2005-07-14,미,암,,53,김창옥,한국마사회,441
2490,부경,2005-07-14,한,수,,53,최기홍,한국마사회,476
2491,부경,2005-07-14,한,거,,54,강병은,한국마사회,438
2492,부경,2005-07-14,호,거,,51,김병학,한국마사회,476
2493,부경,2005-07-14,미,암,,56,장세한,한국마사회,418
2494,부경,2005-07-14,미,암,,52,윤주혁,한국마사회,435
2495,부경,2005-07-14,호,암,,49,최기홍,한국마사회,481
2496,부경,2005-07-14,미,암,,51,강형곤,한국마사회,420
2497,부경,2005-07-14,미,암,,54,고홍석,한국마사회,475
2498,부경,2005-07-14,한,암,,52,김성현,한국마사회,415
2499,부경,2005-07-14,한,암,,53,조용배,한국마사회,414
2500,부경,2005-07-14,미,암,,51,김성현,한국마사회,454
2501,부경,2005-07-14,미,암,,54,한상복,한국마사회,467
2502,부경,2005-07-14,미,암,,51,양귀선,한국마사회,414
2503,부경,2005-07-14,한,암,,52,오문식,한국마사회,458
2504,부경,2005-07-14,한,암,,52,김병학,한국마사회,509
2505,부경,2005-07-14,호,암,,50,백광열,한국마사회,459
2506,부경,2005-07-14,호,암,,50,김길중,한국마사회,465
2507,부경,2005-07-14,한,암,,51,장세한,한국마사회,457
2508,부경,2005-07-14,한,암,,51,유충열,한국마사회,426
2509,부경,2005-07-14,한,암,,52,백광열,한국마사회,463
2510,부경,2005-07-14,한,암,,52,강형곤,한국마사회,451
2511,부경,2005-07-14,한,암,,51,한상복,한국마사회,455
2512,부경,2005-07-14,한,암,,52,김병학,한국마사회,474
2513,부경,2005-07-14,한,암,,52,김남중,한국마사회,476
2514,부경,2005-07-14,미,암,,51,김상석,한국마사회,445
2515,부경,2005-07-14,호,암,,50,유충열,한국마사회,458
2516,부경,2005-07-14,한,수,,52,강병은,한국마사회,431
2517,부경,2005-07-14,한,수,,52,김병학,한국마사회,505
2518,부경,2005-07-14,호,수,,51,백광열,한국마사회,438
2519,부경,2005-07-14,미,수,,53,한상복,한국마사회,475
2520,부경,2005-07-14,호,수,,51,오문식,한국마사회,476
2521,부경,2005-07-14,한,수,,50,백광열,한국마사회,481
2522,부경,2005-07-14,한,수,,54,백광열,한국마사회,512
2523,부경,2005-07-14,한,수,,54,윤주혁,한국마사회,471
2524,부경,2005-07-14,호,수,,53,유병복,한국마사회,428
2525,부경,2005-07-14,미,수,,52,김남중,한국마사회,447
2526,부경,2005-07-14,호,수,,52,김상석,한국마사회,428
2527,부경,2005-07-14,한,수,,56,윤주혁,한국마사회,459
2528,부경,2005-07-14,한,수,,54,김창옥,한국마사회,432
2529,부경,2005-07-14,한,수,,55,김재섭,한국마사회,420
2530,부경,2005-07-14,한,수,,54,오문식,한국마사회,474
2531,부경,2005-07-14,한,수,,56,조용배,한국마사회,481
2532,부경,2005-07-14,한,수,,54,김남중,한국마사회,486
2533,부경,2005-07-14,한,수,,54,백광열,한국마사회,466
2534,부경,2005-07-14,한,수,,50,고홍석,한국마사회,458
2535,부경,2005-07-14,미,거,,52,민장기,한국마사회,455
2536,부경,2005-07-14,뉴,거,,54,김재섭,한국마사회,436
2537,부경,2005-07-14,한,거,,55,강형곤,한국마사회,470
2538,부경,2005-07-14,미,거,,54,김창옥,한국마사회,422
2539,부경,2005-07-14,미,거,,51,김영관,한국마사회,456
2540,부경,2005-07-14,한,암,,51,임금만,한국마사회,413
2541,부경,2005-07-15,한,암,,55,조용배,한국마사회,413
2542,부경,2005-07-15,미,암,,52,김재섭,한국마사회,402
2543,부경,2005-07-15,미,암,,50,오문식,한국마사회,422
2544,부경,2005-07-15,한,암,,55,민장기,한국마사회,413
2545,부경,2005-07-15,한,암,,51,김남중,한국마사회,456
2546,부경,2005-07-15,호,암,,53,김병학,한국마사회,502
2547,부경,2005-07-15,호,암,,50,유충열,한국마사회,442
2548,부경,2005-07-15,호,암,,52,이정표,한국마사회,466
2549,부경,2005-07-15,뉴,암,,53,강병은,한국마사회,453
2550,부경,2005-07-15,호,암,,50,임금만,한국마사회,421
2551,부경,2005-07-15,일,암,,54,민장기,한국마사회,416
2552,부경,2005-07-15,일,암,,52,김상석,한국마사회,389
2553,부경,2005-07-15,호,암,,50,장세한,한국마사회,468
2554,부경,2005-07-15,한,암,,53,한상복,한국마사회,480
2555,부경,2005-07-15,한,암,,51,양귀선,한국마사회,446
2556,부경,2005-07-15,한,암,,53,김창옥,한국마사회,477
2557,부경,2005-07-15,한,암,,54,민장기,한국마사회,431
2558,부경,2005-07-15,한,암,,54,김성현,한국마사회,437
2559,부경,2005-07-15,한,암,,51,오문식,한국마사회,436
2560,부경,2005-07-15,한,암,,51,김길중,한국마사회,453
2561,부경,2005-07-15,미,암,,54,김병학,한국마사회,443
2562,부경,2005-07-15,일,암,,52,양귀선,한국마사회,443
2563,부경,2005-07-15,한,암,,51,한상복,한국마사회,456
2564,부경,2005-07-15,미,암,,51,김영관,한국마사회,442
2565,부경,2005-07-15,미,암,,53,김창옥,한국마사회,475
2566,부경,2005-07-15,일,암,,53,유병복,한국마사회,398
2567,부경,2005-07-15,한,암,,51,김상석,한국마사회,408
2568,부경,2005-07-15,한,암,,53,강형곤,한국마사회,425
2569,부경,2005-07-15,미,수,,53,최기홍,한국마사회,451
2570,부경,2005-07-15,호,수,,54,김병학,한국마사회,460
2571,부경,2005-07-15,호,수,,51,김상석,한국마사회,413
2572,부경,2005-07-15,한,수,,52,민장기,한국마사회,494
2573,부경,2005-07-15,미,수,,52,민장기,한국마사회,469
2574,부경,2005-07-15,한,수,,55,민장기,한국마사회,505
2575,부경,2005-07-15,한,수,,54,최기홍,한국마사회,449
2576,부경,2005-07-15,호,거,,49,김남중,한국마사회,471
2577,부경,2005-07-15,호,암,,51,양귀선,한국마사회,450
2578,부경,2005-07-15,미,암,,49,장세한,한국마사회,454
2579,부경,2005-07-15,한,암,,55,최기홍,한국마사회,415
2580,부경,2005-07-15,미,수,,53,강형곤,한국마사회,444
2581,부경,2005-07-15,호,수,,51,유병복,한국마사회,451
2582,부경,2005-07-15,호,수,,54,김길중,한국마사회,458
2583,부경,2005-07-15,호,수,,53,양귀선,한국마사회,436
2584,부경,2005-07-15,미,수,,52,장세한,한국마사회,514
2585,부경,2005-07-15,미,수,,54,민장기,한국마사회,484
2586,부경,2005-07-15,한,거,,54,오문식,한국마사회,468
2587,부경,2005-07-15,한,거,,52,김남중,한국마사회,490
2588,부경,2005-07-15,뉴,거,,51,양귀선,한국마사회,459
2589,부경,2005-07-15,미,거,,54,김재섭,한국마사회,455
2590,부경,2005-07-15,미,암,,51,이정표,한국마사회,430
2591,부경,2005-07-15,미,암,,51,유충열,한국마사회,394
2592,부경,2005-07-15,미,암,,54,김병학,한국마사회,456
2593,부경,2005-07-15,일,암,,53,조용배,한국마사회,458
2594,부경,2005-07-15,미,암,,50,김상석,한국마사회,434
2595,부경,2005-07-15,미,암,,50,김창옥,한국마사회,415
2596,부경,2005-07-15,미,암,,48,백광열,한국마사회,467
2597,부경,2005-07-15,호,암,,48,양귀선,한국마사회,434
2598,부경,2005-07-15,호,암,,53,김병학,한국마사회,478
2599,부경,2005-07-15,미,암,,53,김재섭,한국마사회,432
2600,부경,2005-07-15,미,암,,53,조용배,한국마사회,458
2601,부경,2005-07-15,호,암,,51,한상복,한국마사회,472
2602,부경,2005-07-15,호,암,,48,오문식,한국마사회,476
2603,부경,2005-07-15,미,암,,48,백광열,한국마사회,430
2604,부경,2005-07-15,호,암,,51,김성현,한국마사회,432
2605,부경,2005-07-15,미,암,,49,고홍석,한국마사회,437
2606,부경,2005-07-15,호,암,,48,조용배,한국마사회,475
2607,부경,2005-07-15,미,암,,49,양귀선,한국마사회,420
2608,부경,2005-07-15,한,암,,54,김병학,한국마사회,371
2609,부경,2005-07-15,미,암,,53,김창옥,한국마사회,
2610,부경,2005-07-15,호,암,,51,유병복,한국마사회,398
2611,부경,2005-07-15,호,암,,48,김남중,한국마사회,514
2612,부경,2005-07-15,한,암,,56,김병학,한국마사회,472
2613,부경,2005-07-15,한,암,,52,김성현,한국마사회,442
2614,부경,2005-07-15,한,암,,52,김상석,한국마사회,434
2615,부경,2005-07-15,한,암,,52,임금만,한국마사회,443
2616,부경,2005-07-15,한,암,,53,유병복,한국마사회,463
2617,부경,2005-07-15,한,암,,51,유충열,한국마사회,455
2618,부경,2005-07-15,한,암,,51,윤주혁,한국마사회,445
2619,부경,2005-07-15,미,암,,54,김재섭,한국마사회,434
2620,부경,2005-07-15,한,암,,57,임금만,한국마사회,467
2621,부경,2005-07-15,호,수,,53,최기홍,한국마사회,426
2622,부경,2005-07-15,미,수,,52,김길중,한국마사회,457
2623,부경,2005-07-15,한,수,,57,김상석,한국마사회,410
2624,부경,2005-07-15,호,수,,51,양귀선,한국마사회,472
2625,부경,2005-07-15,호,수,,53,고홍석,한국마사회,457
2626,부경,2005-07-15,뉴,수,,51,장세한,한국마사회,476
2627,부경,2005-07-15,호,수,,53,이정표,한국마사회,468
2628,부경,2005-07-15,한,수,,52,김재섭,한국마사회,474
2629,부경,2005-07-15,한,수,,54,김성현,한국마사회,465
2630,부경,2005-07-15,한,수,,54,윤주혁,한국마사회,401
2631,부경,2005-07-15,한,수,,54,조용배,한국마사회,460
2632,부경,2005-07-15,한,수,,52,윤주혁,한국마사회,471
2633,부경,2005-07-15,미,수,,52,고홍석,한국마사회,469
2634,부경,2005-07-15,호,수,,54,임금만,한국마사회,419
2635,부경,2005-07-15,호,수,,51,오문식,한국마사회,436
2636,부경,2005-07-15,미,수,,55,강병은,한국마사회,502
2637,부경,2005-07-15,미,수,,54,유병복,한국마사회,407
2638,부경,2005-07-15,호,수,,51,김재섭,한국마사회,461
2639,부경,2005-07-15,미,수,,50,강형곤,한국마사회,493
2640,부경,2005-07-15,미,수,,51,한상복,한국마사회,509
2641,부경,2005-07-15,한,수,,53,강형곤,한국마사회,489
2642,부경,2005-07-15,한,수,,55,김재섭,한국마사회,441
2643,부경,2005-07-15,한,수,,52,김성현,한국마사회,463
2644,부경,2005-07-15,한,수,,52,김길중,한국마사회,483
2645,부경,2005-07-15,한,수,,55,한상복,한국마사회,488
2646,부경,2005-07-15,미,수,,54,장세한,한국마사회,459
2647,부경,2005-07-15,미,수,,52,이정표,한국마사회,482
2648,부경,2005-07-15,한,수,,55,임금만,한국마사회,473
2649,부경,2005-07-15,한,수,,52,장세한,한국마사회,469
2650,부경,2005-07-15,한,수,,52,고홍석,한국마사회,504
2651,부경,2005-07-15,한,수,,54,이정표,한국마사회,430
2652,부경,2005-07-15,한,수,,53,최기홍,한국마사회,469
2653,부경,2005-07-15,뉴,거,,51,김남중,한국마사회,497
2654,부경,2005-07-15,호,거,,51,김창옥,한국마사회,434
2655,부경,2005-07-15,뉴,거,,51,강병은,한국마사회,448
2656,부경,2005-07-15,한,거,,52,김남중,한국마사회,448
2657,부경,2005-07-15,한,수,,55,윤주혁,한국마사회,460
2658,부경,2005-07-15,한,수,,58,백광열,한국마사회,486
2659,부경,2005-07-15,호,수,,48,윤주혁,한국마사회,459
2660,부경,2005-07-22,미,수,,50,유충열,한국마사회,429
2661,부경,2005-07-22,한,수,,48,최기홍,한국마사회,504
2662,부경,2005-07-22,한,수,,54,김창옥,한국마사회,461
2663,부경,2005-07-22,한,수,,54,이정표,한국마사회,443
2664,부경,2005-07-22,한,수,,52,김영관,한국마사회,478
2665,부경,2005-07-22,호,수,,54,김재섭,한국마사회,438
2666,부경,2005-07-22,미,수,,55,김성현,한국마사회,428
2667,부경,2005-07-22,한,수,,52,김창옥,한국마사회,434
2668,부경,2005-07-22,호,수,,51,김상석,한국마사회,432
2669,부경,2005-07-22,미,수,,55,김재섭,한국마사회,486
2670,부경,2005-07-22,호,수,,53,오문식,한국마사회,477
2671,부경,2005-07-22,호,수,,53,한상복,한국마사회,513
2672,부경,2005-07-22,한,수,,57,강병은,한국마사회,
2673,부경,2005-07-22,한,수,,56,김길중,한국마사회,485
2674,부경,2005-07-22,한,수,,54,고홍석,한국마사회,445
2675,부경,2005-07-22,한,수,,54,민장기,한국마사회,437
2676,부경,2005-07-22,한,수,,54,양귀선,한국마사회,494
2677,부경,2005-07-22,한,수,,54,김남중,한국마사회,476
2678,부경,2005-07-22,한,수,,56,최기홍,한국마사회,449
2679,부경,2005-07-22,한,수,,54,윤주혁,한국마사회,466
2680,부경,2005-07-22,한,수,,53,민장기,한국마사회,463
2681,부경,2005-07-22,한,수,,54,백광열,한국마사회,465
2682,부경,2005-07-22,한,수,,54,최기홍,한국마사회,520
2683,부경,2005-07-22,미,수,,55,김성현,한국마사회,525
2684,부경,2005-07-22,한,수,,53,강병은,한국마사회,458
2685,부경,2005-07-22,뉴,수,,51,장세한,한국마사회,473
2686,부경,2005-07-22,호,수,,54,강병은,한국마사회,507
2687,부경,2005-07-22,뉴,수,,51,김남중,한국마사회,514
2688,부경,2005-07-22,호,수,,51,윤주혁,한국마사회,411
2689,부경,2005-07-22,미,수,,52,이정표,한국마사회,479
2690,부경,2005-07-22,미,수,,53,유병복,한국마사회,450
2691,부경,2005-07-22,한,수,,55,김상석,한국마사회,448
2692,부경,2005-07-22,한,수,,55,오문식,한국마사회,444
2693,부경,2005-07-22,미,수,,53,조용배,한국마사회,445
2694,부경,2005-07-22,미,수,,54,강병은,한국마사회,487
2695,부경,2005-07-22,미,수,,54,고홍석,한국마사회,430
2696,부경,2005-07-22,미,거,,52,임금만,한국마사회,453
2697,부경,2005-07-22,호,거,,54,김병학,한국마사회,424
2698,부경,2005-07-22,한,거,,55,김재섭,한국마사회,456
2699,부경,2005-07-22,호,거,,54,김성현,한국마사회,420
2700,부경,2005-07-22,한,거,,57,김병학,한국마사회,407
2701,부경,2005-07-22,호,거,,53,유병복,한국마사회,454
2702,부경,2005-07-22,한,수,,55,김길중,한국마사회,463
2703,부경,2005-07-22,호,수,,53,유병복,한국마사회,485
2704,부경,2005-07-22,호,수,,51,김영관,한국마사회,506
2705,부경,2005-07-22,한,암,,52,김영관,한국마사회,427
2706,부경,2005-07-22,한,암,,51,장세한,한국마사회,448
2707,부경,2005-07-22,한,암,,54,김창옥,한국마사회,465
2708,부경,2005-07-22,한,암,,54,최기홍,한국마사회,419
2709,부경,2005-07-22,미,암,,55,유병복,한국마사회,450
2710,부경,2005-07-22,호,암,,52,백광열,한국마사회,461
2711,부경,2005-07-22,뉴,암,,51,김상석,한국마사회,446
2712,부경,2005-07-22,호,암,,52,최기홍,한국마사회,
2713,부경,2005-07-22,미,암,,51,장세한,한국마사회,408
2714,부경,2005-07-22,일,암,,51,윤주혁,한국마사회,
2715,부경,2005-07-22,호,암,,50,양귀선,한국마사회,456
2716,부경,2005-07-22,미,암,,53,김남중,한국마사회,427
2717,부경,2005-07-22,한,암,,51,장세한,한국마사회,423
2718,부경,2005-07-22,한,암,,54,민장기,한국마사회,466
2719,부경,2005-07-22,한,암,,53,김길중,한국마사회,413
2720,부경,2005-07-22,한,암,,49,김길중,한국마사회,412
2721,부경,2005-07-22,호,암,,53,오문식,한국마사회,455
2722,부경,2005-07-22,호,암,,52,조용배,한국마사회,453
2723,부경,2005-07-22,미,암,,52,민장기,한국마사회,452
2724,부경,2005-07-22,미,암,,49,최기홍,한국마사회,477
2725,부경,2005-07-22,미,암,,52,백광열,한국마사회,436
2726,부경,2005-07-22,한,암,,51,유충열,한국마사회,380
2727,부경,2005-07-22,한,암,,53,조용배,한국마사회,466
2728,부경,2005-07-22,한,암,,54,강병은,한국마사회,440
2729,부경,2005-07-22,호,암,,51,민장기,한국마사회,471
2730,부경,2005-07-22,호,암,,50,윤주혁,한국마사회,426
2731,부경,2005-07-22,한,암,,53,김영관,한국마사회,447
2732,부경,2005-07-22,한,암,,54,장세한,한국마사회,478
2733,부경,2005-07-22,한,암,,51,백광열,한국마사회,442
2734,부경,2005-07-22,한,암,,55,김병학,한국마사회,453
2735,부경,2005-07-22,한,암,,50,장세한,한국마사회,466
2736,부경,2005-07-22,한,암,,52,이정표,한국마사회,484
2737,부경,2005-07-22,미,암,,48,최기홍,한국마사회,458
2738,부경,2005-07-22,한,암,,51,김창옥,한국마사회,426
2739,부경,2005-07-22,한,암,,52,강형곤,한국마사회,418
2740,부경,2005-07-22,한,암,,49,김길중,한국마사회,445
2741,부경,2005-07-22,호,암,,53,김병학,한국마사회,460
2742,부경,2005-07-22,미,암,,54,조용배,한국마사회,441
2743,부경,2005-07-22,미,암,,51,장세한,한국마사회,416
2744,부경,2005-07-22,호,암,,50,강병은,한국마사회,436
2745,부경,2005-07-22,미,암,,51,김길중,한국마사회,401
2746,부경,2005-07-22,미,암,,53,최기홍,한국마사회,466
2747,부경,2005-07-22,미,암,,52,오문식,한국마사회,400
2748,부경,2005-07-22,한,암,,53,김상석,한국마사회,444
2749,부경,2005-07-22,한,암,,51,민장기,한국마사회,443
2750,부경,2005-07-22,호,암,,50,김재섭,한국마사회,429
2751,부경,2005-07-22,호,암,,50,유충열,한국마사회,434
2752,부경,2005-07-22,미,암,,54,민장기,한국마사회,372
2753,부경,2005-07-22,한,암,,51,김재섭,한국마사회,509
2754,부경,2005-07-22,한,암,,51,김남중,한국마사회,473
2755,부경,2005-07-22,한,암,,51,강병은,한국마사회,423
2756,부경,2005-07-22,한,암,,54,한상복,한국마사회,437
2757,부경,2005-07-22,한,암,,52,유충열,한국마사회,429
2758,부경,2005-07-22,한,암,,53,김병학,한국마사회,475
2759,부경,2005-07-22,한,암,,52,윤주혁,한국마사회,424
2760,부경,2005-07-22,호,암,,51,강형곤,한국마사회,415
2761,부경,2005-07-22,뉴,암,,52,조용배,한국마사회,442
2762,부경,2005-07-22,뉴,암,,50,한상복,한국마사회,457
2763,부경,2005-07-22,호,암,,50,윤주혁,한국마사회,437
2764,부경,2005-07-22,한,암,,53,유병복,한국마사회,418
2765,부경,2005-07-22,호,암,,53,민장기,한국마사회,478
2766,부경,2005-07-22,미,암,,52,윤주혁,한국마사회,474
2767,부경,2005-07-22,미,암,,51,김영관,한국마사회,412
2768,부경,2005-07-22,한,수,,52,김상석,한국마사회,459
2769,부경,2005-07-22,호,수,,51,장세한,한국마사회,507
2770,부경,2005-07-22,한,암,,51,김성현,한국마사회,457
2771,부경,2005-07-22,한,암,,52,김성현,한국마사회,455
2772,부경,2005-07-22,미,암,,53,김창옥,한국마사회,465
2773,부경,2005-07-22,호,암,,51,한상복,한국마사회,456
2774,부경,2005-07-22,한,암,,54,민장기,한국마사회,468
2775,부경,2005-07-22,한,암,,54,고홍석,한국마사회,448
2776,부경,2005-07-22,뉴,암,,50,강형곤,한국마사회,447
2777,부경,2005-07-22,미,암,,56,고홍석,한국마사회,506
2778,부경,2005-07-22,한,암,,54,강형곤,한국마사회,446
2779,부경,2005-07-22,미,암,,50,한상복,한국마사회,460
2780,부경,2005-07-22,한,암,,52,임금만,한국마사회,413
2781,부경,2005-08-05,미,암,,54,민장기,한국마사회,396
2782,부경,2005-08-05,호,암,,50,한상복,한국마사회,513
2783,부경,2005-08-05,미,암,,54,김병학,한국마사회,465
2784,부경,2005-08-05,미,암,,51,장세한,한국마사회,405
2785,부경,2005-08-05,뉴,암,,50,유충열,한국마사회,438
2786,부경,2005-08-05,한,거,,56,김남중,한국마사회,480
2787,부경,2005-08-05,한,암,,53,김영관,한국마사회,422
2788,부경,2005-08-05,한,암,,55,김상석,한국마사회,434
2789,부경,2005-08-05,한,암,,55,조용배,한국마사회,435
2790,부경,2005-08-05,일,암,,52,김영관,한국마사회,452
2791,부경,2005-08-05,미,암,,53,유충열,한국마사회,448
2792,부경,2005-08-05,미,암,,51,김상석,한국마사회,430
2793,부경,2005-08-05,일,암,,53,유병복,한국마사회,403
2794,부경,2005-08-05,한,암,,53,유병복,한국마사회,413
2795,부경,2005-08-05,한,암,,51,한상복,한국마사회,439
2796,부경,2005-08-05,한,암,,52,조용배,한국마사회,444
2797,부경,2005-08-05,한,암,,51,이정표,한국마사회,422
2798,부경,2005-08-05,한,암,,51,김길중,한국마사회,444
2799,부경,2005-08-05,한,수,,55,고홍석,한국마사회,407
2800,부경,2005-08-05,한,수,,54,김남중,한국마사회,466
2801,부경,2005-08-05,호,수,,55,김재섭,한국마사회,442
2802,부경,2005-08-05,미,수,,54,유병복,한국마사회,431
2803,부경,2005-08-05,미,수,,52,김병학,한국마사회,412
2804,부경,2005-08-05,호,수,,51,임금만,한국마사회,458
2805,부경,2005-08-05,호,수,,54,양귀선,한국마사회,446
2806,부경,2005-08-05,호,수,,54,김병학,한국마사회,454
2807,부경,2005-08-05,호,수,,52,김상석,한국마사회,421
2808,부경,2005-08-05,미,수,,52,장세한,한국마사회,486
2809,부경,2005-08-05,미,수,,52,김남중,한국마사회,440
2810,부경,2005-08-05,호,수,,52,최기홍,한국마사회,423
2811,부경,2005-08-05,호,수,,52,윤주혁,한국마사회,431
2812,부경,2005-08-05,호,수,,51,김남중,한국마사회,470
2813,부경,2005-08-05,미,수,,55,김길중,한국마사회,449
2814,부경,2005-08-05,미,수,,52,양귀선,한국마사회,409
2815,부경,2005-08-05,호,수,,54,김병학,한국마사회,456
2816,부경,2005-08-05,호,수,,54,민장기,한국마사회,432
2817,부경,2005-08-05,한,수,,55,김병학,한국마사회,457
2818,부경,2005-08-05,호,수,,51,김영관,한국마사회,505
2819,부경,2005-08-05,호,수,,51,조용배,한국마사회,
2820,부경,2005-08-05,호,수,,51,민장기,한국마사회,458
2821,부경,2005-08-05,뉴,수,,54,김길중,한국마사회,528
2822,부경,2005-08-05,한,수,,54,백광열,한국마사회,460
2823,부경,2005-08-05,한,수,,49,백광열,한국마사회,468
2824,부경,2005-08-05,미,수,,53,민장기,한국마사회,484
2825,부경,2005-08-05,한,수,,53,최기홍,한국마사회,453
2826,부경,2005-08-05,한,수,,52,김성현,한국마사회,470
2827,부경,2005-08-05,한,수,,57,오문식,한국마사회,472
2828,부경,2005-08-05,한,수,,54,김창옥,한국마사회,431
2829,부경,2005-08-05,미,수,,52,이정표,한국마사회,424
2830,부경,2005-08-05,한,수,,53,강형곤,한국마사회,481
2831,부경,2005-08-05,미,암,,54,김길중,한국마사회,415
2832,부경,2005-08-05,미,암,,56,오문식,한국마사회,448
2833,부경,2005-08-05,호,암,,50,유병복,한국마사회,394
2834,부경,2005-08-05,호,암,,53,고홍석,한국마사회,472
2835,부경,2005-08-05,호,수,,50,오문식,한국마사회,471
2836,부경,2005-08-05,미,수,,52,최기홍,한국마사회,482
2837,부경,2005-08-05,호,수,,51,임금만,한국마사회,451
2838,부경,2005-08-05,한,수,,52,민장기,한국마사회,458
2839,부경,2005-08-05,한,수,,55,윤주혁,한국마사회,470
2840,부경,2005-08-05,한,수,,56,윤주혁,한국마사회,450
2841,부경,2005-08-05,미,암,,50,백광열,한국마사회,441
2842,부경,2005-08-05,한,암,,51,김창옥,한국마사회,417
2843,부경,2005-08-05,미,암,,51,오문식,한국마사회,411
2844,부경,2005-08-05,호,암,,51,강형곤,한국마사회,415
2845,부경,2005-08-05,일,암,,48,백광열,한국마사회,427
2846,부경,2005-08-05,한,거,,54,강형곤,한국마사회,464
2847,부경,2005-08-05,한,암,,51,김상석,한국마사회,417
2848,부경,2005-08-05,미,암,,54,윤주혁,한국마사회,431
2849,부경,2005-08-05,호,암,,52,조용배,한국마사회,480
2850,부경,2005-08-05,한,암,,52,김창옥,한국마사회,459
2851,부경,2005-08-05,한,암,,54,최기홍,한국마사회,507
2852,부경,2005-08-05,한,암,,54,조용배,한국마사회,503
2853,부경,2005-08-05,한,암,,52,김상석,한국마사회,453
2854,부경,2005-08-05,한,암,,50,최기홍,한국마사회,434
2855,부경,2005-08-05,한,암,,54,오문식,한국마사회,453
2856,부경,2005-08-05,한,암,,54,김상석,한국마사회,444
2857,부경,2005-08-05,한,암,,52,김창옥,한국마사회,396
2858,부경,2005-08-05,호,암,,50,김재섭,한국마사회,433
2859,부경,2005-08-05,미,암,,52,김상석,한국마사회,439
2860,부경,2005-08-05,일,암,,53,윤주혁,한국마사회,459
2861,부경,2005-08-05,호,암,,50,김길중,한국마사회,435
2862,부경,2005-08-05,호,암,,53,김영관,한국마사회,396
2863,부경,2005-08-05,호,암,,50,김창옥,한국마사회,434
2864,부경,2005-08-05,한,암,,55,김병학,한국마사회,461
2865,부경,2005-08-05,한,암,,54,윤주혁,한국마사회,417
2866,부경,2005-08-05,한,암,,52,김성현,한국마사회,404
2867,부경,2005-08-05,한,암,,55,임금만,한국마사회,448
2868,부경,2005-08-05,한,암,,55,강병은,한국마사회,432
2869,부경,2005-08-05,한,암,,52,김병학,한국마사회,472
2870,부경,2005-08-05,한,암,,55,민장기,한국마사회,411
2871,부경,2005-08-05,한,암,,51,양귀선,한국마사회,421
2872,부경,2005-08-05,한,암,,51,유충열,한국마사회,446
2873,부경,2005-08-05,한,암,,53,김남중,한국마사회,450
2874,부경,2005-08-05,한,암,,54,양귀선,한국마사회,405
2875,부경,2005-08-05,미,암,,54,조용배,한국마사회,465
2876,부경,2005-08-05,미,암,,50,최기홍,한국마사회,417
2877,부경,2005-08-05,미,암,,49,김창옥,한국마사회,407
2878,부경,2005-08-05,미,암,,50,오문식,한국마사회,418
2879,부경,2005-08-05,미,암,,52,김길중,한국마사회,457
2880,부경,2005-08-05,미,거,,50,김영관,한국마사회,454
2881,부경,2005-08-05,미,거,,51,김영관,한국마사회,441
2882,부경,2005-08-05,미,거,,55,김병학,한국마사회,367
2883,부경,2005-08-05,뉴,거,,54,고홍석,한국마사회,
2884,부경,2005-08-05,미,거,,55,임금만,한국마사회,427
2885,부경,2005-08-05,미,거,,55,김성현,한국마사회,461
2886,부경,2005-08-05,호,거,,53,한상복,한국마사회,451
2887,부경,2005-08-05,한,수,,56,윤주혁,한국마사회,454
2888,부경,2005-08-05,미,수,,54,임금만,한국마사회,477
2889,부경,2005-08-05,뉴,암,,50,김창옥,한국마사회,449
2890,부경,2005-08-05,미,암,,54,윤주혁,한국마사회,456
2891,부경,2005-08-05,호,암,,50,백광열,한국마사회,454
2892,부경,2005-08-05,호,암,,50,장세한,한국마사회,452
2893,부경,2005-08-05,호,암,,51,김상석,한국마사회,394
2894,부경,2005-08-05,호,암,,51,강형곤,한국마사회,404
2895,부경,2005-08-12,일,암,,51,민장기,한국마사회,423
2896,부경,2005-08-12,미,암,,51,이정표,한국마사회,431
2897,부경,2005-08-12,호,암,,50,김상석,한국마사회,426
2898,부경,2005-08-12,호,암,,52,김영관,한국마사회,465
2899,부경,2005-08-12,호,암,,50,유충열,한국마사회,445
2900,부경,2005-08-12,한,암,,51,윤주혁,한국마사회,417
2901,부경,2005-08-12,한,암,,54,조용배,한국마사회,419
2902,부경,2005-08-12,미,암,,54,조용배,한국마사회,437
2903,부경,2005-08-12,호,암,,50,임금만,한국마사회,420
2904,부경,2005-08-12,미,암,,54,김길중,한국마사회,392
2905,부경,2005-08-12,미,암,,53,김재섭,한국마사회,437
2906,부경,2005-08-12,미,암,,51,양귀선,한국마사회,387
2907,부경,2005-08-12,호,암,,52,김성현,한국마사회,418
2908,부경,2005-08-12,미,암,,52,민장기,한국마사회,438
2909,부경,2005-08-12,호,암,,51,유충열,한국마사회,457
2910,부경,2005-08-12,미,암,,51,백광열,한국마사회,468
2911,부경,2005-08-12,미,암,,54,김창옥,한국마사회,480
2912,부경,2005-08-12,한,암,,50,강형곤,한국마사회,428
2913,부경,2005-08-12,한,암,,54,김병학,한국마사회,460
2914,부경,2005-08-12,한,암,,54,최기홍,한국마사회,412
2915,부경,2005-08-12,한,암,,55,임금만,한국마사회,445
2916,부경,2005-08-12,한,수,,57,김재섭,한국마사회,454
2917,부경,2005-08-12,호,수,,54,양귀선,한국마사회,469
2918,부경,2005-08-12,한,수,,52,김영관,한국마사회,481
2919,부경,2005-08-12,한,수,,55,민장기,한국마사회,498
2920,부경,2005-08-12,호,암,,53,김길중,한국마사회,459
2921,부경,2005-08-12,한,암,,54,한상복,한국마사회,441
2922,부경,2005-08-12,한,암,,53,유병복,한국마사회,420
2923,부경,2005-08-12,일,암,,54,양귀선,한국마사회,438
2924,부경,2005-08-12,한,암,,51,조용배,한국마사회,442
2925,부경,2005-08-12,한,암,,54,이정표,한국마사회,415
2926,부경,2005-08-12,뉴,거,,54,김길중,한국마사회,460
2927,부경,2005-08-12,미,암,,51,김영관,한국마사회,408
2928,부경,2005-08-12,호,암,,50,윤주혁,한국마사회,428
2929,부경,2005-08-12,미,암,,53,김남중,한국마사회,433
2930,부경,2005-08-12,뉴,암,,50,유충열,한국마사회,
2931,부경,2005-08-12,미,암,,53,김영관,한국마사회,438
2932,부경,2005-08-12,호,암,,53,임금만,한국마사회,428
2933,부경,2005-08-12,미,암,,51,김재섭,한국마사회,446
2934,부경,2005-08-12,미,암,,51,윤주혁,한국마사회,473
2935,부경,2005-08-12,한,암,,52,임금만,한국마사회,411
2936,부경,2005-08-12,한,암,,52,한상복,한국마사회,432
2937,부경,2005-08-12,한,암,,55,고홍석,한국마사회,474
2938,부경,2005-08-12,한,암,,52,김남중,한국마사회,464
2939,부경,2005-08-12,한,암,,51,유충열,한국마사회,487
2940,부경,2005-08-12,한,암,,54,김창옥,한국마사회,405
2941,부경,2005-08-12,미,암,,54,임금만,한국마사회,410
2942,부경,2005-08-12,미,암,,53,김창옥,한국마사회,459
2943,부경,2005-08-12,뉴,암,,52,김상석,한국마사회,441
2944,부경,2005-08-12,호,암,,52,오문식,한국마사회,464
2945,부경,2005-08-12,한,암,,51,민장기,한국마사회,459
2946,부경,2005-08-12,한,암,,51,조용배,한국마사회,461
2947,부경,2005-08-12,한,암,,54,김성현,한국마사회,427
2948,부경,2005-08-12,한,암,,51,김길중,한국마사회,441
2949,부경,2005-08-12,한,암,,54,김길중,한국마사회,404
2950,부경,2005-08-12,호,암,,50,김재섭,한국마사회,424
2951,부경,2005-08-12,뉴,암,,53,민장기,한국마사회,480
2952,부경,2005-08-12,뉴,암,,50,김길중,한국마사회,419
2953,부경,2005-08-12,미,암,,54,김병학,한국마사회,417
2954,부경,2005-08-12,한,암,,51,김남중,한국마사회,485
2955,부경,2005-08-12,한,암,,51,임금만,한국마사회,419
2956,부경,2005-08-12,한,암,,51,이정표,한국마사회,395
2957,부경,2005-08-12,한,암,,54,한상복,한국마사회,455
2958,부경,2005-08-12,호,암,,50,강형곤,한국마사회,413
2959,부경,2005-08-12,미,암,,51,유충열,한국마사회,401
2960,부경,2005-08-12,한,수,,57,고홍석,한국마사회,453
2961,부경,2005-08-12,미,수,,54,김영관,한국마사회,466
2962,부경,2005-08-12,미,수,,55,강형곤,한국마사회,448
2963,부경,2005-08-12,호,수,,54,양귀선,한국마사회,430
2964,부경,2005-08-12,호,수,,51,윤주혁,한국마사회,450
2965,부경,2005-08-12,일,수,,52,오문식,한국마사회,490
2966,부경,2005-08-12,미,수,,55,유병복,한국마사회,411
2967,부경,2005-08-12,한,수,,55,민장기,한국마사회,502
2968,부경,2005-08-12,뉴,거,,54,임금만,한국마사회,438
2969,부경,2005-08-12,미,거,,55,민장기,한국마사회,465
2970,부경,2005-08-12,뉴,거,,54,양귀선,한국마사회,436
2971,부경,2005-08-12,한,거,,54,강형곤,한국마사회,473
2972,부경,2005-08-12,호,거,,51,김창옥,한국마사회,434
2973,부경,2005-08-12,미,거,,52,임금만,한국마사회,453
2974,부경,2005-08-12,한,거,,52,한상복,한국마사회,400
2975,부경,2005-08-12,한,거,,54,조용배,한국마사회,373
2976,부경,2005-08-12,뉴,거,,54,김재섭,한국마사회,440
2977,부경,2005-08-12,한,거,,57,강병은,한국마사회,428
2978,부경,2005-08-12,호,수,,54,오문식,한국마사회,471
2979,부경,2005-08-12,한,수,,55,김창옥,한국마사회,463
2980,부경,2005-08-12,한,암,,52,조용배,한국마사회,442
2981,부경,2005-08-12,한,암,,53,임금만,한국마사회,449
2982,부경,2005-08-12,한,암,,51,강형곤,한국마사회,416
2983,부경,2005-08-12,한,암,,52,유병복,한국마사회,430
2984,부경,2005-08-12,한,암,,52,장세한,한국마사회,423
2985,부경,2005-08-12,뉴,암,,50,백광열,한국마사회,432
2986,부경,2005-08-12,호,암,,50,윤주혁,한국마사회,428
2987,부경,2005-08-12,한,암,,51,윤주혁,한국마사회,440
2988,부경,2005-08-12,한,암,,54,고홍석,한국마사회,476
2989,부경,2005-08-12,한,암,,51,김남중,한국마사회,434
2990,부경,2005-08-12,한,암,,52,김성현,한국마사회,426
2991,부경,2005-08-12,한,수,,52,장세한,한국마사회,469
2992,부경,2005-08-12,한,수,,54,이정표,한국마사회,484
2993,부경,2005-08-12,한,수,,55,김재섭,한국마사회,443
2994,부경,2005-08-12,한,수,,54,이정표,한국마사회,470
2995,부경,2005-08-12,호,수,,53,김상석,한국마사회,429
2996,부경,2005-08-12,미,수,,54,유병복,한국마사회,397
2997,부경,2005-08-12,한,수,,52,김길중,한국마사회,467
2998,부경,2005-08-12,한,수,,52,김상석,한국마사회,464
2999,부경,2005-08-12,한,수,,55,김길중,한국마사회,454
3000,부경,2005-08-12,한,수,,55,오문식,한국마사회,445
3001,부경,2005-08-12,한,수,,55,강형곤,한국마사회,456
3002,부경,2005-08-12,일,수,,54,강형곤,한국마사회,429
3003,부경,2005-08-12,뉴,수,,51,장세한,한국마사회,486
3004,부경,2005-08-12,호,수,,51,김상석,한국마사회,437
3005,부경,2005-08-12,호,수,,54,임금만,한국마사회,429
3006,부경,2005-08-12,한,수,,52,김창옥,한국마사회,430
3007,부경,2005-08-12,한,수,,53,김상석,한국마사회,464
3008,부경,2005-08-12,한,수,,56,최기홍,한국마사회,476
3009,부경,2005-08-12,한,수,,54,김성현,한국마사회,446
3010,부경,2005-08-12,한,수,,54,민장기,한국마사회,444
3011,부경,2005-08-12,한,수,,57,김길중,한국마사회,484
3012,부경,2005-08-12,한,수,,56,최기홍,한국마사회,441
3013,부경,2005-08-12,한,수,,54,양귀선,한국마사회,482
3014,부경,2005-08-12,한,수,,55,유병복,한국마사회,458
3015,부경,2005-08-12,미,수,,55,민장기,한국마사회,478
3016,부경,2005-08-12,호,수,,53,최기홍,한국마사회,417
3017,부경,2005-08-12,호,수,,54,민장기,한국마사회,
3018,부경,2005-08-12,호,수,,53,유병복,한국마사회,481
3019,부경,2005-08-12,한,수,,52,한상복,한국마사회,477
3020,부경,2005-08-12,한,수,,58,김상석,한국마사회,410
3021,부경,2005-08-12,한,수,,53,백광열,한국마사회,483
3022,부경,2005-08-12,한,수,,55,최기홍,한국마사회,490
3023,부경,2005-09-30,미,암,,55.5,유충열,윤지중,445
3024,부경,2005-09-30,호,암,,53,양귀선,고경현,458
3025,부경,2005-09-30,한,암,,51,김재섭,이원태,431
3026,부경,2005-09-30,한,암,,56,김재섭,송문관,458
3027,부경,2005-09-30,한,암,,52,장세한,이유완,470
3028,부경,2005-09-30,한,암,,52.5,이정표,권기우,474
3029,부경,2005-09-30,일,암,,51,강형곤,이헌주,412
3030,부경,2005-09-30,미,암,,51,김병학,탐라유통,450
3031,부경,2005-09-30,한,암,,54,한상복,강성호,436
3032,부경,2005-09-30,한,암,,51,양귀선,이성님,431
3033,부경,2005-09-30,호,암,,52,최기홍,정영식,480
3034,부경,2005-09-30,미,암,,54.5,강형곤,김호균,420
3035,부경,2005-09-30,미,암,,56,유병복,현길림,452
3036,부경,2005-09-30,미,암,,53,오문식,오영복,438
3037,부경,2005-09-30,미,암,,54,김상석,박선희,409
3038,부경,2005-09-30,일,암,,53,김영관,이종훈,449
3039,부경,2005-09-30,미,암,,52,김성현,남석우,453
3040,부경,2005-09-30,미,암,,53,김상석,김원구,430
3041,부경,2005-09-30,미,암,,54,김재섭,김호종,399
3042,부경,2005-09-30,호,암,,50,김길중,김시연,435
3043,부경,2005-09-30,미,암,,52,김영관,조재섭,436
3044,부경,2005-09-30,한,암,,50,백광열,고재완,467
3045,부경,2005-09-30,한,암,,50,윤주혁,임용근,461
3046,부경,2005-09-30,한,암,,51,장세한,배동성,473
3047,부경,2005-09-30,한,암,,52,김영관,류용상,478
3048,부경,2005-09-30,한,암,,52,조용배,함관보,392
3049,부경,2005-09-30,미,암,,53,김남중,주영일,431
3050,부경,2005-09-30,일,암,,51,장세한,문성제,434
3051,부경,2005-09-30,한,암,,51,김성현,전우석,446
3052,부경,2005-09-30,호,암,,52,김성현,이북동,420
3053,부경,2005-09-30,미,암,,53,조용배,허도행,489
3054,부경,2005-09-30,미,암,,55,장세한,김종화,414
3055,부경,2005-09-30,뉴,암,,52,강형곤,문원배,449
3056,부경,2005-09-30,한,암,,53,김재섭,현구연,426
3057,부경,2005-09-30,한,암,,52,고홍석,우만식,438
3058,부경,2005-09-30,한,암,,54,민장기,송문관,444
3059,부경,2005-09-30,한,암,,53,백광열,최원호,453
3060,부경,2005-09-30,한,암,,51,한상복,민우식,452
3061,부경,2005-09-30,미,암,,53,최기홍,(주)넓은,407
3062,부경,2005-09-30,호,암,,50,장세한,김원호,468
3063,부경,2005-09-30,뉴,암,,50,유충열,윤지중,477
3064,부경,2005-09-30,한,수,,52,강병은,김진영,434
3065,부경,2005-09-30,뉴,수,,51,오문식,정완모,463
3066,부경,2005-09-30,한,수,,52,김영관,박선희,483
3067,부경,2005-09-30,뉴,수,,51,이정표,임병효,461
3068,부경,2005-09-30,호,거,,54,한상복,조옥희,467
3069,부경,2005-09-30,호,거,,53,김창옥,김호균,464
3070,부경,2005-09-30,한,암,,53,백광열,(주)뉴모텍,496
3071,부경,2005-09-30,미,암,,53,고홍석,배동성,496
3072,부경,2005-09-30,뉴,암,,52,김상석,강복실,433
3073,부경,2005-09-30,한,암,,53,유병복,이명희 ,472
3074,부경,2005-09-30,한,암,,52,최기홍,송윤지,453
3075,부경,2005-09-30,일,암,,51,조용배,김성봉,460
3076,부경,2005-09-30,미,암,,54,양귀선,전병연,386
3077,부경,2005-09-30,한,암,,54,김길중,임혜숙,409
3078,부경,2005-09-30,한,수,,54,최기홍,나현문,473
3079,부경,2005-09-30,미,수,,53,강형곤,김준식,482
3080,부경,2005-09-30,미,수,,52,윤주혁,곽정주,484
3081,부경,2005-09-30,호,수,,53,김상석,고석주,433
3082,부경,2005-09-30,호,수,,54,김길중,이동훈,461
3083,부경,2005-09-30,호,수,,53,이정표,강용익,471
3084,부경,2005-09-30,호,수,,54,한상복,(주)BMC,508
3085,부경,2005-09-30,호,수,,51,임금만,김윤희,444
3086,부경,2005-09-30,한,수,,52,오문식,권경준,444
3087,부경,2005-09-30,호,수,,53,민장기,최원호,441
3088,부경,2005-09-30,호,수,,53,최기홍,김규성,428
3089,부경,2005-09-30,뉴,수,,54,김길중,탐라유통,523
3090,부경,2005-09-30,한,수,,55,임금만,이종훈,472
3091,부경,2005-09-30,한,수,,52,장세한,장재원,523
3092,부경,2005-09-30,한,수,,50,김상석,전건영,440
3093,부경,2005-09-30,한,수,,51,강형곤,문원배,474
3094,부경,2005-09-30,미,수,,55,김남중,이유성,484
3095,부경,2005-09-30,미,수,,55,유충열,임정수,470
3096,부경,2005-09-30,한,수,,53,강형곤,류종완,489
3097,부경,2005-09-30,한,수,,55,민장기,이원재,506
3098,부경,2005-09-30,미,수,,54,강병은,박영진,480
3099,부경,2005-09-30,미,수,,53,조용배,홍순해,446
3100,부경,2005-09-30,일,수,,52,오문식,정광화,481
3101,부경,2005-09-30,호,수,,53,유병복,전성연,441
3102,부경,2005-09-30,미,수,,56,장세한,이동훈,463
3103,부경,2005-09-30,미,수,,53,유충열,윤지중,518
3104,부경,2005-09-30,호,수,,53,윤주혁,임용근,415
3105,부경,2005-09-30,한,수,,51,강형곤,김욱수,469
3106,부경,2005-09-30,한,수,,54,백광열,이혜란,534
3107,부경,2005-09-30,한,수,,53,김재섭,이원태,432
3108,부경,2005-09-30,한,수,,54,윤주혁,김욱수,448
3109,부경,2005-09-30,한,수,,52,유충열,김용석,470
3110,부경,2005-09-30,한,수,,54,이정표,고석주,445
3111,부경,2005-09-30,미,거,,52,김성현,주영일,449
3112,부경,2005-09-30,미,거,,57,김창옥,김원식,419
3113,부경,2005-09-30,뉴,거,,54,한상복,백영일,485
3114,부경,2005-09-30,한,거,,52,오문식,정운진,468
3115,부경,2005-09-30,한,암,,55,임금만,임용근,524
3116,부경,2005-09-30,한,암,,53,고홍석,이동훈,451
3117,부경,2005-09-30,한,암,,55,김병학,김진영b,500
3118,부경,2005-09-30,한,암,,51,김남중,여익구,470
3119,부경,2005-09-30,호,암,,50,백광열,김정두,530
3120,부경,2005-09-30,미,암,,54,한상복,이혜란,467
3121,부경,2005-09-30,미,암,,54,김성현,나현정,475
3122,부경,2005-09-30,호,암,,50,윤주혁,변미영,428
3123,부경,2005-09-30,미,암,,52,김영관,구영본,405
3124,부경,2005-09-30,미,암,,51,장세한,이동훈,402
3125,부경,2005-09-30,호,암,,52,김창옥,김원식,422
3126,부경,2005-09-30,뉴,암,,53,민장기,채찬식,491
3127,부경,2005-09-30,한,암,,50,김남중,고경현,422
3128,부경,2005-09-30,한,암,,52,조용배,김훈,440
3129,부경,2005-09-30,한,암,,53.5,김영관,이성희,436
3130,부경,2005-09-30,한,암,,52.5,김상석,이임보,430
3131,부경,2005-09-30,미,암,,53,이정표,박성배,466
3132,부경,2005-09-30,뉴,암,,50,윤주혁,성광수,450
3133,부경,2005-09-30,호,암,,53,임금만,김호균,443
3134,부경,2005-09-30,미,암,,51,오문식,유상호,415
3135,부경,2005-09-30,미,암,,54,김병학,이승우,445
3136,부경,2005-09-30,미,암,,54,최기홍,라이프키,479
3137,부경,2005-09-30,호,암,,53,한상복,박원선,462
3138,부경,2005-09-30,호,암,,55,김병학,김대욱,460
3139,부경,2005-10-07,한,거,,53,강형곤,김원구,465
3140,부경,2005-10-07,호,거,,53,유병복,김준식,462
3141,부경,2005-10-07,호,거,,54,김병학,서용철,472
3142,부경,2005-10-07,한,거,,52,김창옥,이병일,402
3143,부경,2005-10-07,미,거,,55,임금만,전건영,429
3144,부경,2005-10-07,뉴,거,,55,김길중,박정배,480
3145,부경,2005-10-07,한,거,,54,조용배,김경태,385
3146,부경,2005-10-07,한,거,,52,한상복,조영자,397
3147,부경,2005-10-07,한,수,,52,장세한,권준호,468
3148,부경,2005-10-07,호,수,,54,김재섭,유상호,441
3149,부경,2005-10-07,미,수,,54,유병복,(주)BMC,415
3150,부경,2005-10-07,뉴,수,,52,장세한,김종화,475
3151,부경,2005-10-07,한,수,,54.5,김영관,류용상,474
3152,부경,2005-10-07,한,수,,50,김남중,노동길,451
3153,부경,2005-10-07,한,수,,54,백광열,(주)뉴모텍,462
3154,부경,2005-10-07,한,수,,53,조용배,이선혜,463
3155,부경,2005-10-07,호,수,,54,장세한,고경민,502
3156,부경,2005-10-07,한,수,,54,백광열,(주)뉴모텍,517
3157,부경,2005-10-07,호,수,,54,임금만,이종훈,441
3158,부경,2005-10-07,일,수,,54,김창옥,인택주택건설,454
3159,부경,2005-10-07,호,수,,51,강병은,정명균,494
3160,부경,2005-10-07,한,수,,54,민장기,씨큐리티코리아,460
3161,부경,2005-10-07,한,수,,52,김창옥,곽종수,424
3162,부경,2005-10-07,한,수,,56,김상석,전종섭,450
3163,부경,2005-10-07,한,수,,54,백광열,이종훈,478
3164,부경,2005-10-07,한,수,,56,오문식,권경준,447
3165,부경,2005-10-07,호,수,,54,유병복,강용익,486
3166,부경,2005-10-07,미,수,,53,김상석,김진영a,416
3167,부경,2005-10-07,한,수,,55,윤주혁,이원재,472
3168,부경,2005-10-07,미,수,,52,김영관,유영상,464
3169,부경,2005-10-07,미,수,,55,강형곤,문원배,460
3170,부경,2005-10-07,한,암,,51,김성현,김원호,447
3171,부경,2005-10-07,한,암,,54,김길중,탐라유통,428
3172,부경,2005-10-07,한,암,,54,김성현,조영자,437
3173,부경,2005-10-07,한,암,,53,김남중,채찬식,457
3174,부경,2005-10-07,호,암,,50,김창옥,최영근,421
3175,부경,2005-10-07,호,수,,54,김재섭,홍태수,433
3176,부경,2005-10-07,미,수,,54,백광열,장재원,490
3177,부경,2005-10-07,한,수,,54,최기홍,김원구,516
3178,부경,2005-10-07,한,수,,53,백광열,강용익,456
3179,부경,2005-10-07,한,수,,53,이정표,송달섭,492
3180,부경,2005-10-07,한,수,,53,김재섭,송문관,440
3181,부경,2005-10-07,한,수,,54.5,임금만,이선혜,492
3182,부경,2005-10-07,한,수,,57,양귀선,김용석,480
3183,부경,2005-10-07,한,수,,53,강형곤,이북동,
3184,부경,2005-10-07,미,수,,53,이정표,박성배,485
3185,부경,2005-10-07,호,수,,54,민장기,전건영,471
3186,부경,2005-10-07,한,수,,50,최기홍,송윤지,503
3187,부경,2005-10-07,한,수,,57,김상석,오영복,416
3188,부경,2005-10-07,한,암,,52.5,강형곤,문원배,448
3189,부경,2005-10-07,미,거,,52,김영관,남석우,452
3190,부경,2005-10-07,호,암,,50,임금만,김찬식,419
3191,부경,2005-10-07,한,암,,51,장세한,이남일,425
3192,부경,2005-10-07,호,암,,50,양귀선,서용철,440
3193,부경,2005-10-07,한,암,,52,백광열,송정아,435
3194,부경,2005-10-07,한,암,,53,김남중,서한철,473
3195,부경,2005-10-07,한,암,,58,유병복,김진영a,448
3196,부경,2005-10-07,호,암,,50,고홍석,(주)BMC,485
3197,부경,2005-10-07,호,암,,50,이정표,강성호,438
3198,부경,2005-10-07,한,암,,53,장세한,김의기,498
3199,부경,2005-10-07,미,거,,52,강병은,이성님,475
3200,부경,2005-10-07,미,암,,53,김남중,이예은,442
3201,부경,2005-10-07,한,암,,54,김병학,김진영b,377
3202,부경,2005-10-07,한,암,,51,김영관,김선욱,451
3203,부경,2005-10-07,미,암,,54,김길중,강용익,406
3204,부경,2005-10-07,호,암,,52,민장기,(주)BMC,475
3205,부경,2005-10-07,호,암,,51,강형곤,이헌주,415
3206,부경,2005-10-07,호,암,,50,강병은,유상호,437
3207,부경,2005-10-07,호,암,,50,김재섭,임용근,428
3208,부경,2005-10-07,호,암,,50,오문식,김훈,462
3209,부경,2005-10-07,뉴,암,,50,백광열,이혜란,432
3210,부경,2005-10-07,미,암,,53,김상석,전종섭,444
3211,부경,2005-10-07,호,암,,51,윤주혁,서귀포시축협,430
3212,부경,2005-10-07,미,암,,52,최기홍,김종화,460
3213,부경,2005-10-07,한,암,,54,한상복,조영석,470
3214,부경,2005-10-07,한,암,,54,민장기,김대신,439
3215,부경,2005-10-07,호,암,,50,유충열,강용익,457
3216,부경,2005-10-07,호,암,,51,강형곤,전우석,443
3217,부경,2005-10-07,호,암,,50,김남중,서한철,522
3218,부경,2005-10-07,한,암,,52,최기홍,정영식,488
3219,부경,2005-10-07,한,암,,53,김병학,이성님,464
3220,부경,2005-10-07,한,암,,50,임금만,김진영b,438
3221,부경,2005-10-07,한,암,,54,유병복,김경태,417
3222,부경,2005-10-07,일,암,,55,김병학,김대욱,431
3223,부경,2005-10-07,한,암,,52,김남중,여익구,421
3224,부경,2005-10-07,한,암,,58,김병학,최원길,449
3225,부경,2005-10-07,한,암,,52,장세한,양정두,466
3226,부경,2005-10-07,한,암,,54,오문식,유상호,460
3227,부경,2005-10-07,한,암,,52,임금만,임용근,408
3228,부경,2005-10-07,미,암,,51,김병학,김중길,419
3229,부경,2005-10-07,호,암,,53,김영관,김원호,397
3230,부경,2005-10-07,미,암,,54,조용배,고정수,423
3231,부경,2005-10-07,미,암,,53,김창옥,현길림,413
3232,부경,2005-10-07,미,암,,52,고홍석,배동성,432
3233,부경,2005-10-07,한,암,,51,고홍석,고경현,463
3234,부경,2005-10-07,한,암,,52,김영관,박두만,420
3235,부경,2005-10-07,한,암,,51,강형곤,류종완,0
3236,부경,2005-10-07,한,암,,50,김영관,구영본,443
3237,부경,2005-10-07,한,암,,52,백광열,고재완,478
3238,부경,2005-10-07,한,암,,52,김재섭,정완모,425
3239,부경,2005-10-07,한,암,,53,조용배,김경태,420
3240,부경,2005-10-07,한,암,,50,강형곤,김원구,444
3241,부경,2005-10-07,한,암,,51,장세한,이병일,460
3242,부경,2005-10-07,한,암,,53,김재섭,조태만,398
3243,부경,2005-10-07,한,암,,53,민장기,박소이,444
3244,부경,2005-10-07,한,암,,51,강병은,정완모,446
3245,부경,2005-10-07,미,암,,55,민장기,서귀포시축협,444
3246,부경,2005-10-07,뉴,거,,53,윤주혁,임종아,500
3247,부경,2005-10-07,호,거,,54,한상복,조영자,454
3248,부경,2005-10-07,뉴,거,,54,양귀선,김용석,478
3249,부경,2005-10-07,호,거,,54,조용배,김봉경,467
3250,부경,2005-10-14,일,암,,54,김재섭,홍태수,443
3251,부경,2005-10-14,호,암,,53,백광열,이혜란,465
3252,부경,2005-10-14,미,암,,52,강형곤,이종균,392
3253,부경,2005-10-14,일,암,,53,김상석,곽정주,409
3254,부경,2005-10-14,미,암,,54,김영관,오영복,453
3255,부경,2005-10-14,한,암,,51,강형곤,나현정,410
3256,부경,2005-10-14,일,암,,50,백광열,임종아,472
3257,부경,2005-10-14,호,암,,50,김상석,곽정주,421
3258,부경,2005-10-14,뉴,암,,53,한상복,홍태수,448
3259,부경,2005-10-14,호,암,,52,이정표,장재원,469
3260,부경,2005-10-14,한,암,,52,백광열,최원호,444
3261,부경,2005-10-14,한,수,,52,김상석,박선희,465
3262,부경,2005-10-14,한,수,,57,양귀선,전병연,474
3263,부경,2005-10-14,한,수,,54,김성현,나현정,433
3264,부경,2005-10-14,호,수,,53,이정표,임정수,485
3265,부경,2005-10-14,뉴,거,,49,강병은,김병완,437
3266,부경,2005-10-14,호,거,,54,김병학,김용석,424
3267,부경,2005-10-14,호,거,,53.5,김남중,임병효,484
3268,부경,2005-10-14,한,거,,54,김병학,서용철,407
3269,부경,2005-10-14,미,거,,54,유충열,주영일,483
3270,부경,2005-10-14,뉴,거,,51,양귀선,변미영,442
3271,부경,2005-10-14,호,거,,51,백광열,이혜란,448
3272,부경,2005-10-14,한,암,,54,김길중,김봉겸,440
3273,부경,2005-10-14,한,수,,54,김길중,박진주,507
3274,부경,2005-10-14,호,수,,53,유병복,(주)넓은,440
3275,부경,2005-10-14,호,수,,53,김상석,현구연,419
3276,부경,2005-10-14,호,수,,51,백광열,박웅진,437
3277,부경,2005-10-14,호,수,,54,임금만,김용부,451
3278,부경,2005-10-14,호,수,,53,고홍석,김대신,448
3279,부경,2005-10-14,호,수,,51,오문식,고임계,
3280,부경,2005-10-14,호,수,,51,김상석,곽정주,428
3281,부경,2005-10-14,한,수,,57,민장기,전건영,436
3282,부경,2005-10-14,한,수,,54,김창옥,인택주택건설,418
3283,부경,2005-10-14,호,수,,52,장세한,이유완,499
3284,부경,2005-10-14,호,수,,53,김영관,김원구,508
3285,부경,2005-10-14,미,수,,54.5,한상복,이종갑,490
3286,부경,2005-10-14,한,수,,52,한상복,임용근,408
3287,부경,2005-10-14,한,수,,54,김상석,김진영a,473
3288,부경,2005-10-14,한,수,,55,김재섭,이시환,422
3289,부경,2005-10-14,한,수,,52,백광열,백영일,474
3290,부경,2005-10-14,미,수,,54,유병복,김태화,404
3291,부경,2005-10-14,미,수,,54,최기홍,라이프키,458
3292,부경,2005-10-14,호,수,,51,양귀선,이명희 ,473
3293,부경,2005-10-14,호,수,,49,윤주혁,조영자,449
3294,부경,2005-10-14,한,암,,52,최기홍,이유완,427
3295,부경,2005-10-14,미,암,,56.5,양귀선,이성님,447
3296,부경,2005-10-14,호,수,,50,김남중,채찬식,481
3297,부경,2005-10-14,호,수,,54,김창옥,노만석,443
3298,부경,2005-10-14,한,수,,56,최기홍,이유완,448
3299,부경,2005-10-14,한,수,,52,고홍석,오완석,462
3300,부경,2005-10-14,호,수,,54,양귀선,이명희 ,421
3301,부경,2005-10-14,미,수,,53,민장기,(주)뉴모텍,494
3302,부경,2005-10-14,뉴,거,,51,고홍석,한정협,464
3303,부경,2005-10-14,미,거,,53,오문식,곽정주,479
3304,부경,2005-10-14,미,암,,52,오문식,유상호,429
3305,부경,2005-10-14,한,암,,55,김창옥,김윤희,400
3306,부경,2005-10-14,한,암,,54,임금만,이헌주,445
3307,부경,2005-10-14,미,암,,51,강병은,임정수,476
3308,부경,2005-10-14,일,암,,53,김성현,(주)BMC,463
3309,부경,2005-10-14,미,암,,54,김길중,김의기,460
3310,부경,2005-10-14,호,암,,53,김병학,고정수,474
3311,부경,2005-10-14,미,수,,56,김성현,최원호,512
3312,부경,2005-10-14,호,암,,52,김병학,김대욱,453
3313,부경,2005-10-14,미,암,,53,장세한,전우석,446
3314,부경,2005-10-14,한,암,,55,임금만,이종훈,454
3315,부경,2005-10-14,일,암,,51,백광열,김윤희,435
3316,부경,2005-10-14,미,암,,52,조용배,김윤희,450
3317,부경,2005-10-14,호,암,,50,유충열,이종훈,444
3318,부경,2005-10-14,미,암,,54,임금만,이헌주,413
3319,부경,2005-10-14,한,암,,51,양귀선,김용석,453
3320,부경,2005-10-14,한,암,,51,윤주혁,박웅진,445
3321,부경,2005-10-14,한,암,,53,조용배,김준희,436
3322,부경,2005-10-14,호,암,,52,백광열,백영일,475
3323,부경,2005-10-14,뉴,암,,56.5,임금만,김갑수,453
3324,부경,2005-10-14,미,암,,53.5,강형곤,이헌주,448
3325,부경,2005-10-14,미,암,,54,오문식,고임계,418
3326,부경,2005-10-14,미,암,,53,이정표,이계옥,455
3327,부경,2005-10-14,미,암,,54,최기홍,이예은,464
3328,부경,2005-10-14,미,암,,51,이정표,정태원,427
3329,부경,2005-10-14,미,암,,53,김영관,구영본,394
3330,부경,2005-10-14,미,암,,51,김재섭,김규성,441
3331,부경,2005-10-14,한,암,,53,강병은,박영진,468
3332,부경,2005-10-14,한,암,,53,강형곤,이헌주,443
3333,부경,2005-10-14,한,암,,52,김성현,채찬식,417
3334,부경,2005-10-14,한,암,,53,유충열,탐라유통,425
3335,부경,2005-10-14,한,암,,54,유병복,권주순,411
3336,부경,2005-10-14,한,암,,52,이정표,권기우,415
3337,부경,2005-10-14,한,암,,51,김남중,변공민,502
3338,부경,2005-10-14,한,암,,55,김성현,조영자,490
3339,부경,2005-10-14,한,암,,52,김병학,한정협,463
3340,부경,2005-10-14,뉴,암,,53,김재섭,조태만,430
3341,부경,2005-10-14,한,암,,52,조용배,김훈,428
3342,부경,2005-10-14,한,암,,54,윤주혁,서삼석,417
3343,부경,2005-10-14,한,암,,53,장세한,김의기,454
3344,부경,2005-10-14,한,암,,55,최기홍,이남일,399
3345,부경,2005-10-14,한,암,,55,민장기,부건영,421
3346,부경,2005-10-14,호,암,,51,강형곤,문원배,408
3347,부경,2005-10-14,미,암,,54,윤주혁,김규성,458
3348,부경,2005-10-14,뉴,암,,49,유충열,정완모,453
3349,부경,2005-10-14,미,암,,54,한상복,강성호,455
3350,부경,2005-10-14,호,암,,50,강형곤,김원호,392
3351,부경,2005-10-14,한,암,,52,김남중,서한철,464
3352,부경,2005-10-14,미,암,,51,김창옥,김성봉,453
3353,부경,2005-10-14,한,암,,52,양귀선,전병연,430
3354,부경,2005-10-14,한,암,,53,유병복,김진영a,424
3355,부경,2005-10-14,한,암,,52,강병은,신상웅,428
3356,부경,2005-10-14,한,암,,51,이정표,박성배,435
3357,부경,2005-10-14,한,암,,54,김상석,김원구,431
3358,부경,2005-10-21,미,암,,54,최기홍,라이프키,477
3359,부경,2005-10-21,호,암,,52,한상복,박원선,443
3360,부경,2005-10-21,미,수,,52,양귀선,서용철,408
3361,부경,2005-10-21,미,수,,54,유병복,황병석,453
3362,부경,2005-10-21,미,암,,51,김창옥,권주순,466
3363,부경,2005-10-21,호,암,,50,오문식,양호규,457
3364,부경,2005-10-21,미,암,,54,양귀선,전영환,423
3365,부경,2005-10-21,한,암,,54,민장기,고임계,467
3366,부경,2005-10-21,일,암,,50,강형곤,이헌주,408
3367,부경,2005-10-21,미,암,,51,김길중,박종일,393
3368,부경,2005-10-21,미,수,,54,유병복,임용근,436
3369,부경,2005-10-21,일,수,,50,김남중,조옥희,485
3370,부경,2005-10-21,한,수,,53,김영관,박소이,427
3371,부경,2005-10-21,호,암,,52,장세한,이예은,490
3372,부경,2005-10-21,호,암,,53,김병학,김진영b,488
3373,부경,2005-10-21,뉴,암,,53,김창옥,노만석,434
3374,부경,2005-10-21,미,암,,51,장세한,이동훈,413
3375,부경,2005-10-21,미,암,,51,김성현,조영자,490
3376,부경,2005-10-21,한,암,,52,이정표,권기우,446
3377,부경,2005-10-21,호,암,,52,조용배,고석주,480
3378,부경,2005-10-21,미,암,,56,한상복,이혜란,465
3379,부경,2005-10-21,미,암,,52,백광열,강훈표,425
3380,부경,2005-10-21,미,암,,55,김창옥,윤태현,450
3381,부경,2005-10-21,호,암,,51,강형곤,김욱수,487
3382,부경,2005-10-21,뉴,암,,52,김상석,현구연,435
3383,부경,2005-10-21,한,암,,53,양귀선,조용희,445
3384,부경,2005-10-21,한,암,,52,조용배,함관보,396
3385,부경,2005-10-21,한,암,,52,김남중,서한철,426
3386,부경,2005-10-21,한,암,,52,유병복,전성연,420
3387,부경,2005-10-21,한,암,,53,양귀선,조용희,445
3388,부경,2005-10-21,한,암,,50,윤주혁,이혜란,468
3389,부경,2005-10-21,한,암,,53,고홍석,우만식,431
3390,부경,2005-10-21,한,암,,51,이정표,박진주,414
3391,부경,2005-10-21,한,암,,54,강병은,정명균,420
3392,부경,2005-10-21,한,암,,54,김길중,구교일,458
3393,부경,2005-10-21,한,암,,51,장세한,유상호,434
3394,부경,2005-10-21,한,암,,54,한상복,민우식,443
3395,부경,2005-10-21,미,암,,54,김영관,조재섭,435
3396,부경,2005-10-21,일,암,,53,김재섭,윤지중,461
3397,부경,2005-10-21,일,암,,52,김상석,김원호,434
3398,부경,2005-10-21,한,암,,53,장세한,권준호,422
3399,부경,2005-10-21,한,암,,53,조용배,전병연,425
3400,부경,2005-10-21,미,암,,51,김재섭,임병효,430
3401,부경,2005-10-21,미,암,,51,고홍석,배동성,492
3402,부경,2005-10-21,호,암,,51,강형곤,전우석,434
3403,부경,2005-10-21,호,암,,50,백광열,김정두,502
3404,부경,2005-10-21,호,암,,52,김상석,현구연,406
3405,부경,2005-10-21,뉴,암,,52,조용배,이예은,447
3406,부경,2005-10-21,미,암,,54,임금만,김용석,463
3407,부경,2005-10-21,미,암,,54,김창옥,인택주택건설,470
3408,부경,2005-10-21,미,암,,53,최기홍,이용우,450
3409,부경,2005-10-21,뉴,암,,53,민장기,채찬식,486
3410,부경,2005-10-21,미,암,,54,이정표,박성배,459
3411,부경,2005-10-21,미,암,,51,백광열,이영선,459
3412,부경,2005-10-21,뉴,암,,50,김상석,강복실,442
3413,부경,2005-10-21,호,암,,52,김영관,김원호,392
3414,부경,2005-10-21,한,암,,53,고홍석,우만식,438
3415,부경,2005-10-21,한,암,,54,김창옥,윤태현,477
3416,부경,2005-10-21,일,암,,53,조용배,김성봉,454
3417,부경,2005-10-21,미,암,,51,윤주혁,최영근,477
3418,부경,2005-10-21,한,암,,55,최기홍,정영식,487
3419,부경,2005-10-21,한,암,,54,김병학,김진영b,501
3420,부경,2005-10-21,한,암,,51,임금만,유상호,445
3421,부경,2005-10-21,미,암,,53,최기홍,(주)넓은,402
3422,부경,2005-10-21,한,암,,51,강형곤,이헌주,468
3423,부경,2005-10-21,한,암,,50,백광열,(주)BMC,445
3424,부경,2005-10-21,한,암,,53,김영관,류용상,470
3425,부경,2005-10-21,한,암,,53,윤주혁,임용근,457
3426,부경,2005-10-21,뉴,거,,54,임금만,김진영b,
3427,부경,2005-10-21,한,거,,52,김남중,이원재,461
3428,부경,2005-10-21,호,거,,54,한상복,조옥희,475
3429,부경,2005-10-21,한,거,,52,오문식,정운진,468
3430,부경,2005-10-21,뉴,거,,54,한상복,백영일,491
3431,부경,2005-10-21,일,수,,53,양귀선,김영옥,485
3432,부경,2005-10-21,일,수,,51,강형곤,김진영a,465
3433,부경,2005-10-21,호,수,,51,장세한,박정배,521
3434,부경,2005-10-21,호,수,,51,윤주혁,성광수,500
3435,부경,2005-10-21,한,수,,54,강형곤,류종완,487
3436,부경,2005-10-21,한,수,,52,최기홍,라이프키,468
3437,부경,2005-10-21,한,수,,53,김재섭,배성근,458
3438,부경,2005-10-21,한,수,,57,백광열,강용익,454
3439,부경,2005-10-21,한,수,,56,윤주혁,김욱수,450
3440,부경,2005-10-21,한,수,,55,김재섭,씨큐리티코리아,442
3441,부경,2005-10-21,한,수,,54,백광열,송정아,479
3442,부경,2005-10-21,호,수,,54,최기홍,김규성,429
3443,부경,2005-10-21,미,수,,55,강병은,김병완,501
3444,부경,2005-10-21,호,수,,54,한상복,(주)BMC,506
3445,부경,2005-10-21,한,수,,55,최기홍,김원구,517
3446,부경,2005-10-21,한,수,,55,민장기,이원재,504
3447,부경,2005-10-21,한,암,,52,조용배,권주순,442
3448,부경,2005-10-21,한,암,,50,백광열,임용근,451
3449,부경,2005-10-21,한,암,,54,김성현,김원호,440
3450,부경,2005-10-21,한,암,,53,김길중,탐라유통,447
3451,부경,2005-10-21,일,암,,52,장세한,문성제,443
3452,부경,2005-10-21,한,수,,52,김상석,전건영,446
3453,부경,2005-10-21,미,수,,55,김재섭,강복실,488
3454,부경,2005-10-21,미,수,,54,유병복,(주)BMC,416
3455,부경,2005-10-21,호,수,,54,임금만,조미선,437
3456,부경,2005-10-21,미,수,,52,이정표,정태원,417
3457,부경,2005-10-21,미,수,,52,고홍석,전성연,455
3458,부경,2005-10-21,미,수,,53,김남중,김영옥,439
3459,부경,2005-10-21,호,수,,54,유병복,이북동,449
3460,부경,2005-10-21,미,수,,53,유충열,이병일,441
3461,부경,2005-10-21,뉴,수,,54,김길중,탐라유통,527
3462,부경,2005-10-21,미,수,,52,김상석,김진영a,423
3463,부경,2005-10-21,미,수,,54,고홍석,이혜란,434
3464,부경,2005-10-21,한,수,,52,김성현,김흥보,452
3465,부경,2005-10-21,한,수,,54,백광열,전우석,492
3466,부경,2005-10-28,한,거,,55,김재섭,씨큐리티코리아,463
3467,부경,2005-10-28,한,거,,55,임금만,김진영,439
3468,부경,2005-10-28,뉴,거,,54,양귀선,김용석,461
3469,부경,2005-10-28,미,거,,55,김창옥,김원식,418
3470,부경,2005-10-28,한,거,,52,한상복,조영자,402
3471,부경,2005-10-28,미,암,,51,강형곤,이종균,392
3472,부경,2005-10-28,미,암,,54,이정표,박수영,416
3473,부경,2005-10-28,한,암,,52,김병학,한정협,461
3474,부경,2005-10-28,한,암,,54,민장기,송문관,432
3475,부경,2005-10-28,한,암,,52,강형곤,나현정,411
3476,부경,2005-10-28,한,암,,54,한상복,강성호,439
3477,부경,2005-10-28,한,암,,51,양귀선,이성님,420
3478,부경,2005-10-28,한,암,,53,조용배,이예은,503
3479,부경,2005-10-28,한,암,,52,김영관,김승범,413
3480,부경,2005-10-28,미,암,,53,오문식,오영복,444
3481,부경,2005-10-28,미,암,,56,조용배,이윤구,453
3482,부경,2005-10-28,호,암,,54,임금만,김호균,449
3483,부경,2005-10-28,한,수,,52,김영관,박선희,497
3484,부경,2005-10-28,한,수,,52,강병은,이원재,462
3485,부경,2005-10-28,한,수,,52,장세한,장재원,525
3486,부경,2005-10-28,한,수,,52,김상석,박선희,458
3487,부경,2005-10-28,한,수,,55,윤주혁,이원재,469
3488,부경,2005-10-28,미,수,,52,김상석,이승우,467
3489,부경,2005-10-28,한,수,,56,최기홍,이유완,446
3490,부경,2005-10-28,한,수,,55,조용배,이윤구,457
3491,부경,2005-10-28,한,수,,52,강병은,김진영,427
3492,부경,2005-10-28,뉴,수,,54,김남중,이유성,500
3493,부경,2005-10-28,일,수,,52,고홍석,우만식,471
3494,부경,2005-10-28,미,수,,53,장세한,이명희 ,522
3495,부경,2005-10-28,한,수,,55,임금만,이종훈,468
3496,부경,2005-10-28,한,수,,56,최기홍,나현문,478
3497,부경,2005-10-28,한,수,,53,김창옥,곽종수,428
3498,부경,2005-10-28,한,수,,55,백광열,(주)뉴모텍,504
3499,부경,2005-10-28,한,수,,53,이정표,권준호,474
3500,부경,2005-10-28,한,수,,53,김재섭,이시환,423
3501,부경,2005-10-28,미,수,,53,강형곤,문원배,461
3502,부경,2005-10-28,한,수,,54,이정표,송달섭,482
3503,부경,2005-10-28,한,수,,54,김재섭,송문관,444
3504,부경,2005-10-28,일,수,,53,강형곤,김진영a,426
3505,부경,2005-10-28,미,수,,52,김영관,태희종합건설,484
3506,부경,2005-10-28,호,수,,54,양귀선,이명희 ,472
3507,부경,2005-10-28,호,수,,51,김남중,한정협,497
3508,부경,2005-10-28,미,수,,56,윤주혁,김진영,472
3509,부경,2005-10-28,호,수,,51,오문식,송달섭,481
3510,부경,2005-10-28,미,수,,55,한상복,박원선,466
3511,부경,2005-10-28,호,수,,56,오문식,씨큐리티코리아,484
3512,부경,2005-10-28,미,수,,56,강형곤,류종완,495
3513,부경,2005-10-28,미,수,,56,최기홍,이용우,490
3514,부경,2005-10-28,미,수,,54,강형곤,김준식,486
3515,부경,2005-10-28,한,수,,54,최기홍,송윤지,504
3516,부경,2005-10-28,일,암,,51,강형곤,이종균,438
3517,부경,2005-10-28,미,암,,54,임금만,김원구,372
3518,부경,2005-10-28,호,수,,53,김상석,고석주,439
3519,부경,2005-10-28,미,수,,54,이정표,이성기,479
3520,부경,2005-10-28,미,수,,56,최기홍,라이프키,457
3521,부경,2005-10-28,한,수,,55,이정표,고석주,445
3522,부경,2005-10-28,호,암,,52,장세한,김원호,470
3523,부경,2005-10-28,뉴,암,,50,김길중,이북동,412
3524,부경,2005-10-28,한,수,,55,양귀선,조용희,482
3525,부경,2005-10-28,뉴,수,,54,이정표,임병효,453
3526,부경,2005-10-28,미,거,,55,유병복,정영식,464
3527,부경,2005-10-28,한,암,,52,김남중,서한철,468
3528,부경,2005-10-28,뉴,암,,53,한상복,홍태수,
3529,부경,2005-10-28,뉴,암,,50,유충열,윤지중,462
3530,부경,2005-10-28,미,암,,53,최기홍,이예은,453
3531,부경,2005-10-28,한,암,,52,유충열,탐라유통,463
3532,부경,2005-10-28,한,암,,56,고홍석,이동훈,437
3533,부경,2005-10-28,한,암,,53,장세한,이유완,450
3534,부경,2005-10-28,한,암,,54,김남중,서한철,459
3535,부경,2005-10-28,한,암,,51,유충열,이원재,410
3536,부경,2005-10-28,한,암,,52,임금만,임용근,413
3537,부경,2005-10-28,호,암,,52,고홍석,정완모,457
3538,부경,2005-10-28,미,암,,54,김성현,나현정,476
3539,부경,2005-10-28,미,암,,54,최기홍,김종화,459
3540,부경,2005-10-28,미,암,,53,고홍석,배동성,428
3541,부경,2005-10-28,미,암,,54,오문식,김중길,416
3542,부경,2005-10-28,호,암,,50,한상복,함관보,464
3543,부경,2005-10-28,호,암,,50,이정표,강성호,426
3544,부경,2005-10-28,한,암,,54,김길중,임혜숙,408
3545,부경,2005-10-28,미,암,,56.5,김상석,김원구,427
3546,부경,2005-10-28,호,암,,52,한상복,라순원,452
3547,부경,2005-10-28,미,암,,52,김성현,남석우,457
3548,부경,2005-10-28,미,암,,55,김재섭,김호종,402
3549,부경,2005-10-28,미,암,,51,장세한,김종화,405
3550,부경,2005-10-28,미,암,,55,윤주혁,민우식,431
3551,부경,2005-10-28,미,암,,53,백광열,최원호,451
3552,부경,2005-10-28,미,암,,51,양귀선,오공학,421
3553,부경,2005-10-28,미,암,,55,고홍석,우만식,461
3554,부경,2005-10-28,호,암,,50,김창옥,최영근,416
3555,부경,2005-10-28,호,암,,53,민장기,(주)BMC,472
3556,부경,2005-10-28,미,암,,51,오문식,곽정주,450
3557,부경,2005-10-28,미,암,,53,한상복,권주순,411
3558,부경,2005-10-28,미,암,,51,김병학,김중길,424
3559,부경,2005-10-28,한,암,,51,김성현,전우석,436
3560,부경,2005-10-28,일,암,,53,김상석,곽정주,404
3561,부경,2005-10-28,호,암,,53,윤주혁,변미영,424
3562,부경,2005-10-28,호,암,,53,김성현,전우석,475
3563,부경,2005-10-28,호,암,,50,백광열,이혜란,449
3564,부경,2005-10-28,미,거,,55,김성현,주영일,444
3565,부경,2005-10-28,미,거,,54,김영관,박광순,461
3566,부경,2005-10-28,뉴,거,,55,김남중,서한철,507
3567,부경,2005-10-28,호,거,,54,김창옥,김호균,464
3568,부경,2005-10-28,미,거,,57,민장기,이원재,469
3569,부경,2005-10-28,호,거,,54,한상복,조영자,450
3570,부경,2005-10-28,호,암,,53,양귀선,고경현,462
3571,부경,2005-10-28,뉴,암,,51,윤주혁,성광수,454
3572,부경,2005-10-28,미,암,,57,장세한,배동성,428
3573,부경,2005-10-28,일,암,,53,김영관,이종훈,432
3574,부경,2005-10-28,뉴,암,,50,백광열,이혜란,433
3575,부경,2005-10-28,호,암,,50,김재섭,임용근,430
3576,부경,2005-10-28,미,암,,54,오문식,유상호,409
3577,부경,2005-10-28,한,암,,54,민장기,김대신,479
3578,부경,2005-10-28,한,암,,55,유병복,김욱수,453
3579,부경,2005-10-28,미,거,,55,김재섭,고경민,457
3580,부경,2005-11-04,미,수,,52,유병복,(주)BMC,418
3581,부경,2005-11-04,미,수,,52,이정표,정태원,416
3582,부경,2005-11-04,호,수,,54,김길중,이동훈,471
3583,부경,2005-11-04,호,수,,54,유병복,전성연,446
3584,부경,2005-11-04,호,수,,54,윤주혁,조영자,456
3585,부경,2005-11-04,일,수,,52,오문식,정광화,488
3586,부경,2005-11-04,한,수,,54,장세한,권준호,475
3587,부경,2005-11-04,미,수,,52,백광열,장재원,486
3588,부경,2005-11-04,한,수,,52,한상복,임용근,403
3589,부경,2005-11-04,한,수,,56,윤주혁,김욱수,456
3590,부경,2005-11-04,한,수,,50,오문식,정완모,458
3591,부경,2005-11-04,한,수,,50,백광열,김태화,460
3592,부경,2005-11-04,호,수,,51,이정표,임용근,451
3593,부경,2005-11-04,뉴,수,,51,오문식,정완모,460
3594,부경,2005-11-04,호,수,,51,김영관,김원구,519
3595,부경,2005-11-04,호,수,,51,강병은,정명균,503
3596,부경,2005-11-04,한,수,,55,오문식,권경준,443
3597,부경,2005-11-04,호,수,,52,김창옥,노만석,450
3598,부경,2005-11-04,일,수,,50,유충열,윤지중,450
3599,부경,2005-11-04,미,수,,50,김병학,김진영b,452
3600,부경,2005-11-04,한,수,,50,최기홍,송윤지,452
3601,부경,2005-11-04,한,수,,55,최기홍,김원구,517
3602,부경,2005-11-04,한,수,,50,김재섭,이원태,417
3603,부경,2005-11-04,한,수,,55,백광열,(주)뉴모텍,462
3604,부경,2005-11-04,한,수,,55,조용배,이선혜,471
3605,부경,2005-11-04,호,수,,53,김재섭,홍태수,449
3606,부경,2005-11-04,한,수,,53,오문식,권경준,455
3607,부경,2005-11-04,호,수,,54,윤주혁,임용근,424
3608,부경,2005-11-04,미,수,,55,한상복,이종갑,492
3609,부경,2005-11-04,미,수,,51,유충열,윤지중,520
3610,부경,2005-11-04,호,거,,51,김병학,서용철,477
3611,부경,2005-11-04,한,거,,53,김남중,이원재,457
3612,부경,2005-11-04,뉴,거,,51,윤주혁,임종아,496
3613,부경,2005-11-04,뉴,거,,54,김길중,(주)넓은,476
3614,부경,2005-11-04,뉴,거,,51,고홍석,한정협,453
3615,부경,2005-11-04,미,암,,54,김창옥,김성봉,455
3616,부경,2005-11-04,호,암,,52,김영관,김원호,394
3617,부경,2005-11-04,한,암,,54,장세한,이유완,470
3618,부경,2005-11-04,한,암,,54,최기홍,송윤지,446
3619,부경,2005-11-04,한,암,,50,김재섭,이원태,436
3620,부경,2005-11-04,한,암,,51,윤주혁,박웅진,446
3621,부경,2005-11-04,한,암,,54,고홍석,고경현,465
3622,부경,2005-11-04,한,암,,55,김성현,조영자,478
3623,부경,2005-11-04,한,암,,55,민장기,부건영,418
3624,부경,2005-11-04,미,암,,54,윤주혁,김규성,453
3625,부경,2005-11-04,미,암,,51,이정표,정태원,436
3626,부경,2005-11-04,호,암,,50,고홍석,(주)BMC,469
3627,부경,2005-11-04,미,암,,51,김병학,이승우,447
3628,부경,2005-11-04,미,암,,53,김상석,전종섭,438
3629,부경,2005-11-04,미,암,,51,김재섭,김규성,443
3630,부경,2005-11-04,한,암,,52,김병학,이성님,466
3631,부경,2005-11-04,한,암,,55,김영관,박두만,421
3632,부경,2005-11-04,한,암,,55,최기홍,이남일,398
3633,부경,2005-11-04,미,암,,54,조용배,김윤희,456
3634,부경,2005-11-04,미,암,,51,김창옥,현길림,406
3635,부경,2005-11-04,호,암,,51,강형곤,김욱수,492
3636,부경,2005-11-04,한,암,,50,강형곤,김원구,447
3637,부경,2005-11-04,미,암,,55,민장기,서귀포시축협,436
3638,부경,2005-11-04,뉴,암,,51,유충열,정완모,445
3639,부경,2005-11-04,호,암,,54,김창옥,김원식,422
3640,부경,2005-11-04,한,암,,54,이정표,박성배,
3641,부경,2005-11-04,한,암,,51,김길중,탐라유통,427
3642,부경,2005-11-04,미,암,,51,김남중,주영일,426
3643,부경,2005-11-04,미,암,,51,양귀선,전병연,386
3644,부경,2005-11-04,호,암,,50,강형곤,이헌주,416
3645,부경,2005-11-04,뉴,암,,50,김창옥,노만석,430
3646,부경,2005-11-04,한,암,,54,한상복,민우식,442
3647,부경,2005-11-04,한,암,,50,김남중,고경현,418
3648,부경,2005-11-04,한,암,,50,양귀선,서용철,424
3649,부경,2005-11-04,한,암,,50,최기홍,부건영,451
3650,부경,2005-11-04,한,암,,50,장세한,김경태,502
3651,부경,2005-11-04,한,암,,50,김재섭,정완모,422
3652,부경,2005-11-04,한,암,,50,조용배,김경태,431
3653,부경,2005-11-04,뉴,암,,52,강형곤,문원배,450
3654,부경,2005-11-04,미,암,,55,조용배,고정수,423
3655,부경,2005-11-04,미,암,,51,김영관,구영본,403
3656,부경,2005-11-04,호,암,,52,김성현,이북동,423
3657,부경,2005-11-04,호,암,,54,김남중,서한철,497
3658,부경,2005-11-04,미,암,,53,유병복,최원호,429
3659,부경,2005-11-04,일,암,,53,김성현,(주)BMC,466
3660,부경,2005-11-04,일,암,,52,한상복,변공민,441
3661,부경,2005-11-04,한,암,,51,윤주혁,서삼석,419
3662,부경,2005-11-04,한,암,,52,이정표,권기우,407
3663,부경,2005-11-04,한,암,,51,유충열,홍찬표,490
3664,부경,2005-11-04,한,암,,55,최기홍,이유완,423
3665,부경,2005-11-04,한,암,,50,장세한,양정두,465
3666,부경,2005-11-04,한,암,,55,김창옥,윤태현,458
3667,부경,2005-11-04,한,암,,54,민장기,김대신,432
3668,부경,2005-11-04,한,암,,55.5,김상석,박선희,450
3669,부경,2005-11-04,일,암,,50,백광열,김윤희,428
3670,부경,2005-11-04,미,암,,54,김상석,박선희,410
3671,부경,2005-11-04,한,암,,48,김창옥,이영선,
3672,부경,2005-11-04,한,수,,53,김상석,김진영a,477
3673,부경,2005-11-04,일,수,,50,양귀선,김영옥,479
3674,부경,2005-11-04,미,거,,56,오문식,곽정주,477
3675,부경,2005-11-04,한,암,,50,김영관,구영본,438
3676,부경,2005-11-04,호,암,,54,양귀선,서용철,435
3677,부경,2005-11-04,미,암,,53,양귀선,이성님,508
3678,부경,2005-11-04,한,암,,55,조용배,김훈,431
3679,부경,2005-11-04,미,암,,54,김영관,조재섭,432
3680,부경,2005-11-04,한,암,,52,임금만,김진영b,445
3681,부경,2005-11-04,한,암,,52,김영관,김선욱,460
3682,부경,2005-11-04,한,암,,51,강병은,정완모,436
3683,부경,2005-11-04,미,암,,51,장세한,이동훈,416
3684,부경,2005-11-04,한,암,,54,백광열,최원호,443
3685,부경,2005-11-04,한,암,,53,백광열,송정아,426
3686,부경,2005-11-04,한,암,,52,강형곤,문원배,449
3687,부경,2005-11-04,한,암,,53,강형곤,김원호,401
3688,부경,2005-11-04,한,암,,51,유병복,이명희 ,484
3689,부경,2005-11-11,한,암,,50,장세한,이병일,470
3690,부경,2005-11-11,한,암,,56,김병학,최원길,442
3691,부경,2005-11-11,한,암,,52,유충열,탐라유통,426
3692,부경,2005-11-11,미,수,,52,김영관,유영상,482
3693,부경,2005-11-11,일,수,,53,김길중,옥치성,439
3694,부경,2005-11-11,미,수,,52,김상석,이임보,433
3695,부경,2005-11-11,미,거,,53,김영관,남석우,455
3696,부경,2005-11-11,한,암,,55,유병복,김경태,412
3697,부경,2005-11-11,미,암,,52,윤주혁,민우식,429
3698,부경,2005-11-11,미,암,,52,양귀선,이성님,433
3699,부경,2005-11-11,미,암,,52,강형곤,김호균,431
3700,부경,2005-11-11,미,암,,51,이정표,이계옥,444
3701,부경,2005-11-11,한,암,,50,임금만,조미선,424
3702,부경,2005-11-11,한,암,,50,김영관,류용상,469
3703,부경,2005-11-11,한,암,,50,양귀선,이성님,482
3704,부경,2005-11-11,한,암,,54,김창옥,김윤희,387
3705,부경,2005-11-11,한,암,,53,장세한,유상호,436
3706,부경,2005-11-11,호,암,,50,백광열,이혜란,451
3707,부경,2005-11-11,미,암,,54,김창옥,인택주택건설,471
3708,부경,2005-11-11,미,암,,55,임금만,이헌주,409
3709,부경,2005-11-11,뉴,암,,55,김재섭,조태만,421
3710,부경,2005-11-11,호,암,,51,강병은,고원창,433
3711,부경,2005-11-11,한,암,,51,이정표,박진주,403
3712,부경,2005-11-11,한,암,,54,김성현,조영자,425
3713,부경,2005-11-11,호,암,,50,이정표,장재원,459
3714,부경,2005-11-11,미,암,,54,김길중,김의기,460
3715,부경,2005-11-11,미,암,,51,백광열,강훈표,425
3716,부경,2005-11-11,호,암,,50,유충열,이종훈,448
3717,부경,2005-11-11,미,암,,54,오문식,유상호,423
3718,부경,2005-11-11,미,암,,54,조용배,허도행,483
3719,부경,2005-11-11,호,암,,50,한상복,함관보,449
3720,부경,2005-11-11,미,암,,51,윤주혁,최영근,480
3721,부경,2005-11-11,호,암,,51,유충열,강용익,449
3722,부경,2005-11-11,미,암,,53,강병은,임정수,464
3723,부경,2005-11-11,미,암,,55,최기홍,이용우,0
3724,부경,2005-11-11,뉴,암,,53,조용배,이예은,447
3725,부경,2005-11-11,미,암,,55,김창옥,권주순,466
3726,부경,2005-11-11,호,암,,51,고홍석,정완모,473
3727,부경,2005-11-11,미,암,,53,유병복,(주)넓은,464
3728,부경,2005-11-11,미,암,,53,민장기,홍태수,446
3729,부경,2005-11-11,한,암,,56.5,오문식,유상호,463
3730,부경,2005-11-11,한,암,,56.5,유병복,김진영a,445
3731,부경,2005-11-11,한,암,,52,김상석,이임보,430
3732,부경,2005-11-11,한,암,,52,백광열,최원호,481
3733,부경,2005-11-11,한,암,,55,임금만,이종훈,445
3734,부경,2005-11-11,한,암,,52,장세한,이남일,429
3735,부경,2005-11-11,한,암,,55,최기홍,정영식,483
3736,부경,2005-11-11,한,암,,52,김병학,김진영b,495
3737,부경,2005-11-11,한,암,,54,김영관,김승범,406
3738,부경,2005-11-11,미,암,,53,유충열,윤지중,438
3739,부경,2005-11-11,호,암,,48,백광열,백영일,460
3740,부경,2005-11-11,호,암,,50,윤주혁,서귀포시축협,431
3741,부경,2005-11-11,미,암,,52,한상복,강성호,447
3742,부경,2005-11-11,미,암,,53,김창옥,서귀포시축협,421
3743,부경,2005-11-11,미,암,,50,김남중,은종영,409
3744,부경,2005-11-11,미,암,,53,김영관,김상기,460
3745,부경,2005-11-11,한,암,,54,김길중,구교일,443
3746,부경,2005-11-11,한,암,,50,민장기,박소이,449
3747,부경,2005-11-11,한,암,,50,유충열,옥치성,415
3748,부경,2005-11-11,한,암,,50,한상복,민우식,439
3749,부경,2005-11-11,한,암,,51,김길중,김봉겸,440
3750,부경,2005-11-11,한,암,,51,양귀선,김용석,448
3751,부경,2005-11-11,한,거,,50,김창옥,이병일,412
3752,부경,2005-11-11,한,암,,55,김재섭,송문관,456
3753,부경,2005-11-11,한,암,,54,김영관,이성희,442
3754,부경,2005-11-11,한,거,,55,김남중,이유성,478
3755,부경,2005-11-11,한,거,,50,강병은,최윤영,466
3756,부경,2005-11-11,미,거,,53,양귀선,이성님,439
3757,부경,2005-11-11,호,거,,52,백광열,이혜란,447
3758,부경,2005-11-11,한,거,,55,조용배,김경태,397
3759,부경,2005-11-11,호,거,,53,유병복,김준식,462
3760,부경,2005-11-11,뉴,거,,50,강병은,김병완,430
3761,부경,2005-11-11,호,거,,51,조용배,김봉경,456
3762,부경,2005-11-11,한,거,,52,김병학,서용철,404
3763,부경,2005-11-11,한,암,,55,김성현,채찬식,406
3764,부경,2005-11-11,한,암,,52,김병학,김진영b,362
3765,부경,2005-11-11,한,암,,53,조용배,전병연,413
3766,부경,2005-11-11,한,암,,55,장세한,김의기,509
3767,부경,2005-11-11,미,수,,52,김영관,태희종합건설,478
3768,부경,2005-11-11,호,수,,54,임금만,김용부,457
3769,부경,2005-11-11,미,수,,52,양귀선,서용철,411
3770,부경,2005-11-11,호,수,,54,유병복,강용익,494
3771,부경,2005-11-11,한,수,,50,오문식,권경준,436
3772,부경,2005-11-11,뉴,수,,51,장세한,김종화,0
3773,부경,2005-11-11,호,수,,51,김영관,김승범,510
3774,부경,2005-11-11,호,수,,51,김재섭,유상호,455
3775,부경,2005-11-11,호,수,,51,최기홍,김규성,430
3776,부경,2005-11-11,호,수,,51,고홍석,김대신,450
3777,부경,2005-11-11,호,수,,51,장세한,이유완,505
3778,부경,2005-11-11,호,수,,51,임금만,이종훈,455
3779,부경,2005-11-11,호,수,,51,한상복,(주)BMC,506
3780,부경,2005-11-11,호,수,,54,민장기,최원호,436
3781,부경,2005-11-11,호,수,,52,김남중,채찬식,471
3782,부경,2005-11-11,호,수,,51,장세한,고경민,509
3783,부경,2005-11-11,미,수,,52,한상복,박원선,461
3784,부경,2005-11-11,한,수,,55,양귀선,전병연,477
3785,부경,2005-11-11,한,수,,57,양귀선,김용석,483
3786,부경,2005-11-11,미,수,,54,민장기,최영근,484
3787,부경,2005-11-11,미,수,,54,이정표,박성배,483
3788,부경,2005-11-11,한,수,,50,김남중,노동길,448
3789,부경,2005-11-11,한,수,,50,강형곤,박웅진,430
3790,부경,2005-11-11,한,수,,53.5,백광열,이혜란,525
3791,부경,2005-11-11,한,수,,54,김영관,류용상,487
3792,부경,2005-11-11,한,수,,56,김상석,전종섭,448
3793,부경,2005-11-11,한,수,,54,김상석,박선희,454
3794,부경,2005-11-11,한,수,,57,민장기,전건영,439
3795,부경,2005-11-11,한,수,,54,김성현,나현정,426
3796,부경,2005-11-11,미,수,,50,김병학,김진영b,462
3797,부경,2005-11-11,미,수,,50,강병은,정명균,428
3798,부경,2005-11-11,미,수,,51,강형곤,김진영a,409
3799,부경,2005-11-11,미,수,,53,조용배,허도행,519
3800,부경,2005-11-11,미,수,,51,최기홍,이용우,482
3801,부경,2005-11-11,한,수,,53,강형곤,이북동,468
3802,부경,2005-11-18,미,암,,50,최기홍,김원호,402
3803,부경,2005-11-18,한,암,,54,장세한,권준호,434
3804,부경,2005-11-18,호,암,,53,이정표,강성호,418
3805,부경,2005-11-18,미,암,,54,임금만,김원구,368
3806,부경,2005-11-18,뉴,암,,50,백광열,이혜란,436
3807,부경,2005-11-18,미,암,,51,김남중,이예은,440
3808,부경,2005-11-18,한,암,,53,한상복,조옥희,451
3809,부경,2005-11-18,한,암,,50,김병학,허충현,469
3810,부경,2005-11-18,한,암,,53,한상복,양정두,486
3811,부경,2005-11-18,한,암,,53,김성현,(주)BMC,416
3812,부경,2005-11-18,한,암,,53,김병학,이북동,435
3813,부경,2005-11-18,미,암,,51,오문식,곽정주,450
3814,부경,2005-11-18,한,암,,54,한상복,조영석,466
3815,부경,2005-11-18,한,수,,52,최기홍,김원구,520
3816,부경,2005-11-18,한,수,,52,이정표,권준호,475
3817,부경,2005-11-18,한,수,,52,김창옥,곽종수,434
3818,부경,2005-11-18,한,수,,54,고홍석,오완석,465
3819,부경,2005-11-18,한,수,,55,민장기,이원재,498
3820,부경,2005-11-18,미,수,,55.5,김성현,최원호,521
3821,부경,2005-11-18,호,수,,54.5,이정표,임정수,476
3822,부경,2005-11-18,미,수,,55,유병복,황병석,456
3823,부경,2005-11-18,미,수,,54,김남중,김영옥,436
3824,부경,2005-11-18,호,수,,49,김상석,고석주,432
3825,부경,2005-11-18,호,수,,50,백광열,박웅진,442
3826,부경,2005-11-18,미,수,,56,강병은,박영진,485
3827,부경,2005-11-18,미,수,,50,김재섭,조태만,492
3828,부경,2005-11-18,미,수,,50,장세한,김경태,472
3829,부경,2005-11-18,미,수,,50,양귀선,변미영,496
3830,부경,2005-11-18,한,수,,52,조용배,이윤구,460
3831,부경,2005-11-18,한,수,,52,민장기,송달섭,516
3832,부경,2005-11-18,호,수,,54,윤주혁,성광수,490
3833,부경,2005-11-18,미,거,,50,김창옥,고재완,456
3834,부경,2005-11-18,호,거,,51,김병학,김용석,420
3835,부경,2005-11-18,미,거,,50,강병은,전병연,524
3836,부경,2005-11-18,한,거,,52,한상복,조영자,399
3837,부경,2005-11-18,뉴,거,,54,김길중,(주)넓은,474
3838,부경,2005-11-18,뉴,거,,51,고홍석,한정협,472
3839,부경,2005-11-18,호,거,,53,김남중,임병효,487
3840,부경,2005-11-18,뉴,거,,54,양귀선,변미영,445
3841,부경,2005-11-18,한,거,,54,오문식,정운진,472
3842,부경,2005-11-18,미,수,,50,조용배,홍순해,446
3843,부경,2005-11-18,호,수,,54,오문식,고임계,446
3844,부경,2005-11-18,일,수,,52,고홍석,우만식,483
3845,부경,2005-11-18,한,수,,56,임금만,이선혜,498
3846,부경,2005-11-18,한,수,,55,김재섭,이시환,422
3847,부경,2005-11-18,한,수,,56,오문식,권경준,446
3848,부경,2005-11-18,한,수,,55,장세한,장재원,533
3849,부경,2005-11-18,미,수,,52,고홍석,이혜란,439
3850,부경,2005-11-18,호,수,,55,유병복,(주)넓은,438
3851,부경,2005-11-18,호,수,,54,민장기,전건영,462
3852,부경,2005-11-18,한,수,,53,민장기,고원창,442
3853,부경,2005-11-18,한,수,,53,이정표,박성배,436
3854,부경,2005-11-18,한,수,,50,김상석,김원구,459
3855,부경,2005-11-18,한,수,,53,김창옥,라이프키,440
3856,부경,2005-11-18,호,수,,54,장세한,박정배,519
3857,부경,2005-11-18,한,수,,53,백광열,백영일,470
3858,부경,2005-11-18,한,수,,54,강형곤,김욱수,469
3859,부경,2005-11-18,한,수,,55,최기홍,나현문,481
3860,부경,2005-11-18,한,수,,55,김재섭,송문관,444
3861,부경,2005-11-18,호,수,,54,유병복,이북동,446
3862,부경,2005-11-18,한,수,,55,백광열,최원호,501
3863,부경,2005-11-18,미,수,,55,강형곤,류종완,497
3864,부경,2005-11-18,한,수,,52,김상석,전종섭,474
3865,부경,2005-11-18,호,수,,54,이정표,강용익,470
3866,부경,2005-11-18,호,암,,52,장세한,이예은,491
3867,부경,2005-11-18,호,암,,52,강형곤,전우석,441
3868,부경,2005-11-18,뉴,암,,52,민장기,채찬식,488
3869,부경,2005-11-18,한,암,,51,강형곤,류종완,483
3870,부경,2005-11-18,한,암,,53,오문식,변미영,448
3871,부경,2005-11-18,미,수,,55,유충열,이병일,432
3872,부경,2005-11-18,호,암,,50,김재섭,임용근,430
3873,부경,2005-11-18,한,암,,51,김길중,탐라유통,459
3874,부경,2005-11-18,미,수,,50,임금만,박정배,429
3875,부경,2005-11-18,미,거,,53.5,유충열,주영일,472
3876,부경,2005-11-18,한,암,,55,조용배,김준희,435
3877,부경,2005-11-18,한,암,,53,임금만,임용근,418
3878,부경,2005-11-18,한,암,,55,유충열,탐라유통,452
3879,부경,2005-11-18,한,암,,55,장세한,김의기,457
3880,부경,2005-11-18,미,암,,54,김재섭,임병효,426
3881,부경,2005-11-18,미,암,,53,김상석,강복실,424
3882,부경,2005-11-18,호,암,,49,김병학,김대욱,445
3883,부경,2005-11-18,미,암,,55,조용배,김준희,440
3884,부경,2005-11-18,호,암,,51,한상복,박원선,450
3885,부경,2005-11-18,한,암,,56,최기홍,이남일,391
3886,부경,2005-11-18,한,암,,53,고홍석,우만식,427
3887,부경,2005-11-18,한,암,,57,조용배,이예은,502
3888,부경,2005-11-18,한,암,,52,김남중,여익구,477
3889,부경,2005-11-18,한,암,,55,강병은,박영진,465
3890,부경,2005-11-18,한,암,,56,김영관,박두만,424
3891,부경,2005-11-18,한,암,,54,윤주혁,박웅진,441
3892,부경,2005-11-18,미,거,,55,강병은,이성님,467
3893,부경,2005-11-18,미,암,,54,윤주혁,김규성,451
3894,부경,2005-11-18,한,암,,51,양귀선,이성님,429
3895,부경,2005-11-18,일,암,,50,김상석,이임보,426
3896,부경,2005-11-18,한,암,,54,유병복,김진영a,425
3897,부경,2005-11-18,한,암,,51,김성현,김원호,423
3898,부경,2005-11-18,한,암,,51,고홍석,우만식,418
3899,부경,2005-11-18,한,암,,51,김남중,채찬식,444
3900,부경,2005-11-18,한,암,,51,김길중,임혜숙,410
3901,부경,2005-11-18,일,암,,54,김재섭,홍태수,440
3902,부경,2005-11-18,미,암,,54,김성현,조영자,496
3903,부경,2005-11-18,호,암,,53,윤주혁,변미영,422
3904,부경,2005-11-18,호,거,,52,김창옥,김호균,465
3905,부경,2005-11-18,호,거,,54,한상복,조영자,447
3906,부경,2005-11-18,호,거,,54,한상복,조옥희,476
3907,부경,2005-11-18,한,암,,54,윤주혁,서삼석,410
3908,부경,2005-11-18,한,암,,54,민장기,고임계,450
3909,부경,2005-11-18,한,암,,52,강형곤,이헌주,439
3910,부경,2005-11-18,한,암,,54,임금만,유상호,435
3911,부경,2005-11-18,미,암,,50,최기홍,라이프키,475
3912,부경,2005-11-18,미,암,,54,오문식,오영복,434
3913,부경,2005-11-18,일,암,,52,김상석,곽정주,409
3914,부경,2005-11-18,호,암,,49,임금만,김찬식,424
3915,부경,2005-11-18,호,암,,52,오문식,양호규,458
3916,부경,2005-11-18,호,암,,52,김병학,고정수,475
3917,부경,2005-11-18,미,암,,55,김영관,오영복,462
3918,부경,2005-11-18,미,암,,56,유병복,현길림,455
3919,부경,2005-11-18,미,암,,54.5,오문식,고임계,404
3920,부경,2005-11-18,미,암,,54,장세한,전우석,448
3921,부경,2005-11-18,호,암,,50,김병학,김진영b,480
3922,부경,2005-11-18,미,암,,54,김영관,조재섭,436
3923,부경,2005-11-18,미,암,,51,김병학,탐라유통,455
3924,부경,2005-11-18,미,암,,50,김남중,노동길,431
3925,부경,2005-11-25,한,수,,55,민장기,씨큐리티코리아,466
3926,부경,2005-11-25,한,수,,54,최기홍,이유완,452
3927,부경,2005-11-25,한,수,,54,윤주혁,변미영,480
3928,부경,2005-11-25,한,수,,52,김영관,박선희,486
3929,부경,2005-11-25,미,암,,52.5,김재섭,김호종,399
3930,부경,2005-11-25,미,암,,54.5,한상복,이혜란,460
3931,부경,2005-11-25,미,암,,53.5,김성현,나현정,479
3932,부경,2005-11-25,미,암,,56,장세한,배동성,429
3933,부경,2005-11-25,일,암,,51.5,김영관,이종훈,428
3934,부경,2005-11-25,미,암,,54,강형곤,이헌주,440
3935,부경,2005-11-25,한,암,,56,김남중,서한철,457
3936,부경,2005-11-25,뉴,거,,53,김남중,서한철,499
3937,부경,2005-11-25,미,거,,53,김성현,주영일,464
3938,부경,2005-11-25,뉴,거,,55,김길중,박정배,480
3939,부경,2005-11-25,미,암,,51,오문식,김중길,416
3940,부경,2005-11-25,호,암,,54,김남중,서한철,492
3941,부경,2005-11-25,일,암,,54,조용배,김성봉,458
3942,부경,2005-11-25,호,암,,50,고홍석,정완모,450
3943,부경,2005-11-25,미,암,,51,최기홍,김종화,446
3944,부경,2005-11-25,호,암,,53,양귀선,서용철,429
3945,부경,2005-11-25,호,암,,51,강형곤,김원호,384
3946,부경,2005-11-25,호,암,,50,한상복,함관보,453
3947,부경,2005-11-25,한,암,,54,김성현,전우석,436
3948,부경,2005-11-25,한,암,,52,강병은,신상웅,426
3949,부경,2005-11-25,한,암,,55,김병학,한정협,463
3950,부경,2005-11-25,일,수,,51,윤주혁,조영자,496
3951,부경,2005-11-25,미,수,,53,한상복,박원선,475
3952,부경,2005-11-25,미,수,,50,장세한,이유완,412
3953,부경,2005-11-25,뉴,수,,54,장세한,김종화,491
3954,부경,2005-11-25,미,수,,53,임금만,이종훈,468
3955,부경,2005-11-25,한,수,,53,한상복,변공민,460
3956,부경,2005-11-25,한,수,,53,김성현,김태화,488
3957,부경,2005-11-25,한,수,,50,장세한,이유완,464
3958,부경,2005-11-25,한,수,,53,민장기,김준식,434
3959,부경,2005-11-25,뉴,수,,52,김길중,탐라유통,521
3960,부경,2005-11-25,한,수,,50,오문식,정완모,450
3961,부경,2005-11-25,한,수,,50,김상석,전건영,446
3962,부경,2005-11-25,한,수,,50,최기홍,이동훈,431
3963,부경,2005-11-25,미,수,,52,유병복,(주)BMC,421
3964,부경,2005-11-25,호,수,,51,조용배,김봉경,472
3965,부경,2005-11-25,호,수,,51,양귀선,이명희 ,468
3966,부경,2005-11-25,미,수,,52,백광열,장재원,481
3967,부경,2005-11-25,일,수,,52,강형곤,김진영a,419
3968,부경,2005-11-25,한,거,,55,임금만,김진영,436
3969,부경,2005-11-25,뉴,거,,54,임금만,김진영b,443
3970,부경,2005-11-25,미,거,,55,김창옥,김원식,427
3971,부경,2005-11-25,미,거,,55,민장기,이원재,471
3972,부경,2005-11-25,호,암,,50,김병학,김대욱,477
3973,부경,2005-11-25,한,암,,55,양귀선,전병연,430
3974,부경,2005-11-25,한,암,,52,김남중,서한철,469
3975,부경,2005-11-25,미,수,,53,김상석,이승우,467
3976,부경,2005-11-25,미,수,,55,유병복,김태화,408
3977,부경,2005-11-25,한,수,,52,한상복,임용근,415
3978,부경,2005-11-25,한,수,,55,임금만,이종훈,474
3979,부경,2005-11-25,한,수,,53,김성현,김흥보,459
3980,부경,2005-11-25,한,수,,50,양귀선,조용희,493
3981,부경,2005-11-25,미,수,,54,유충열,임정수,464
3982,부경,2005-11-25,미,수,,56,이정표,이성기,489
3983,부경,2005-11-25,미,수,,55,최기홍,라이프키,466
3984,부경,2005-11-25,미,수,,52,강형곤,김준식,482
3985,부경,2005-11-25,한,수,,53.5,백광열,이종훈,470
3986,부경,2005-11-25,한,수,,53.5,이정표,고석주,447
3987,부경,2005-11-25,한,수,,56,김상석,오영복,416
3988,부경,2005-11-25,한,수,,56,백광열,강용익,460
3989,부경,2005-11-25,한,수,,54,윤주혁,김욱수,455
3990,부경,2005-11-25,미,수,,52,김재섭,강복실,495
3991,부경,2005-11-25,호,수,,50,김창옥,노만석,446
3992,부경,2005-11-25,한,수,,55,강병은,이원재,466
3993,부경,2005-11-25,한,수,,53,김재섭,배성근,452
3994,부경,2005-11-25,한,수,,50,최기홍,라이프키,477
3995,부경,2005-11-25,미,수,,56,유병복,임용근,436
3996,부경,2005-11-25,호,수,,51,양귀선,이명희 ,431
3997,부경,2005-11-25,뉴,수,,51,이정표,임병효,456
3998,부경,2005-11-25,한,암,,50,조용배,김경태,426
3999,부경,2005-11-25,한,암,,50,강형곤,이헌주,448
4000,부경,2005-11-25,한,암,,50,김길중,김기명,475
4001,부경,2005-11-25,호,암,,51,김상석,현구연,393
4002,부경,2005-11-25,호,암,,53,강형곤,문원배,403
4003,부경,2005-11-25,한,암,,54,김창옥,윤태현,458
4004,부경,2005-11-25,미,암,,55,이정표,박성배,454
4005,부경,2005-11-25,호,암,,51,양귀선,고경현,459
4006,부경,2005-11-25,미,암,,55,김상석,박선희,403
4007,부경,2005-11-25,한,암,,55,장세한,이유완,439
4008,부경,2005-11-25,한,암,,53,최기홍,이유완,419
4009,부경,2005-11-25,미,암,,51,최기홍,이예은,448
4010,부경,2005-11-25,한,암,,50,윤주혁,이혜란,437
4011,부경,2005-11-25,호,수,,58,오문식,씨큐리티코리아,490
4012,부경,2005-11-25,한,수,,53,유충열,김용석,470
4013,부경,2005-11-25,한,수,,52.5,강형곤,류종완,495
4014,부경,2005-11-25,한,수,,54,김창옥,인택주택건설,432
4015,부경,2005-11-25,호,수,,51,김상석,현구연,413
4016,부경,2005-11-25,한,암,,51,강형곤,김원구,445
4017,부경,2005-11-25,미,암,,53,김성현,서귀포시축협,477
4018,부경,2005-11-25,미,암,,53,이정표,오공학,457
4019,부경,2005-11-25,한,암,,50,김재섭,현구연,412
4020,부경,2005-11-25,미,암,,50,윤주혁,최영근,490
4021,부경,2005-11-25,미,암,,54,한상복,강성호,439
4022,부경,2005-11-25,미,암,,52,양귀선,전영환,428
4023,부경,2005-11-25,미,암,,52,김성현,남석우,448
4024,부경,2005-11-25,한,암,,54,김상석,박선희,437
4025,부경,2005-11-25,한,암,,54.5,장세한,이유완,470
4026,부경,2005-11-25,한,암,,54.5,유병복,김욱수,441
4027,부경,2005-11-25,한,암,,53,김남중,여익구,407
4028,부경,2005-11-25,한,암,,50,고홍석,우만식,458
4029,부경,2005-11-25,한,암,,50,백광열,임용근,452
4030,부경,2005-11-25,한,암,,53,김영관,김승범,428
4031,부경,2005-11-25,한,암,,53,양귀선,조용희,453
4032,부경,2005-11-25,한,암,,53,조용배,함관보,398
4033,부경,2005-11-25,한,암,,53,민장기,서삼석,464
4034,부경,2005-11-25,한,암,,53,김상석,박선희,446
4035,부경,2005-11-25,미,암,,53,최기홍,박선희,391
4036,부경,2005-11-25,미,암,,54,민장기,김대신,441
4037,부경,2005-11-25,일,암,,53,김병학,고정수,435
4038,부경,2005-11-25,미,암,,53,김영관,김승범,430
4039,부경,2005-11-25,미,암,,50,김길중,김기명,427
4040,부경,2005-11-25,미,암,,51,이정표,박수영,406
4041,부경,2005-11-25,미,암,,51,장세한,이동훈,414
4042,부경,2005-11-25,한,암,,50,조용배,김훈,444
4043,부경,2005-11-25,한,암,,50,장세한,김경태,482
4044,부경,2005-11-25,일,암,,56,김병학,김대욱,428
4045,부경,2005-11-25,호,암,,51,백광열,김정두,500
4046,부경,2005-11-25,미,암,,51,김창옥,현길림,404
4047,부경,2005-11-25,미,암,,54,고홍석,배동성,503
4048,부경,2005-11-25,미,암,,56,조용배,김윤희,446
4049,부경,2005-11-25,미,암,,51,강형곤,이종균,387
4050,부경,2005-11-25,한,거,,54,김재섭,씨큐리티코리아,456
4051,부경,2005-11-25,미,암,,50,백광열,이영선,463
4052,부경,2005-11-25,뉴,암,,48,김상석,강복실,440
4053,부경,2005-11-25,한,암,,52,고홍석,이동훈,435
4054,부경,2005-11-25,한,암,,50,이정표,권기우,407
4055,부경,2005-11-25,한,암,,52,한상복,민우식,448
4056,부경,2005-11-25,한,암,,55,유충열,이원재,411
4057,부경,2005-12-02,호,수,,52.5,오문식,송달섭,474
4058,부경,2005-12-02,호,수,,54,민장기,최원호,440
4059,부경,2005-12-02,미,수,,52,김영관,태희종합건설,486
4060,부경,2005-12-02,미,수,,56,김상석,김진영a,426
4061,부경,2005-12-02,한,수,,52,윤주혁,이원재,468
4062,부경,2005-12-02,미,수,,51,김병학,김진영b,456
4063,부경,2005-12-02,호,수,,55.5,김재섭,홍태수,452
4064,부경,2005-12-02,일,암,,51,강형곤,이헌주,398
4065,부경,2005-12-02,한,암,,50,이정표,권기우,449
4066,부경,2005-12-02,한,암,,53,강병은,김병완,428
4067,부경,2005-12-02,한,암,,53,김남중,고경현,426
4068,부경,2005-12-02,한,거,,53,김창옥,이병일,414
4069,부경,2005-12-02,호,거,,55,백광열,이혜란,438
4070,부경,2005-12-02,한,거,,52,한상복,조영자,399
4071,부경,2005-12-02,미,암,,53,민장기,서귀포시축협,430
4072,부경,2005-12-02,뉴,암,,52,유충열,정완모,447
4073,부경,2005-12-02,한,암,,54,임금만,이헌주,440
4074,부경,2005-12-02,한,암,,53,유충열,홍찬표,484
4075,부경,2005-12-02,한,암,,57,임금만,김진영b,443
4076,부경,2005-12-02,한,암,,53,고홍석,고경현,458
4077,부경,2005-12-02,한,암,,54,김길중,김봉겸,440
4078,부경,2005-12-02,한,암,,55,민장기,부건영,412
4079,부경,2005-12-02,일,암,,53,장세한,문성제,452
4080,부경,2005-12-02,일,암,,53,김상석,김원호,409
4081,부경,2005-12-02,미,암,,53,김영관,김상기,467
4082,부경,2005-12-02,미,암,,50,강형곤,류종완,456
4083,부경,2005-12-02,미,암,,53,양귀선,이성님,505
4084,부경,2005-12-02,일,암,,50,김창옥,윤태현,451
4085,부경,2005-12-02,일,암,,50,김성현,(주)BMC,466
4086,부경,2005-12-02,미,암,,53,강병은,전병연,478
4087,부경,2005-12-02,일,암,,50,백광열,임종아,466
4088,부경,2005-12-02,미,암,,53,유병복,최원호,434
4089,부경,2005-12-02,미,암,,54,김남중,주영일,432
4090,부경,2005-12-02,호,암,,53,김길중,성태진,468
4091,부경,2005-12-02,호,암,,50,고홍석,(주)BMC,461
4092,부경,2005-12-02,미,암,,51,김재섭,윤지중,459
4093,부경,2005-12-02,미,암,,51,오문식,유상호,409
4094,부경,2005-12-02,호,암,,50,이정표,장재원,454
4095,부경,2005-12-02,한,암,,53,최기홍,부건영,460
4096,부경,2005-12-02,한,수,,52,강병은,김진영,430
4097,부경,2005-12-02,미,수,,55,강형곤,문원배,456
4098,부경,2005-12-02,한,거,,52,조용배,김경태,403
4099,부경,2005-12-02,한,거,,52,김남중,이원재,450
4100,부경,2005-12-02,호,거,,49,김병학,서용철,487
4101,부경,2005-12-02,미,거,,52,임금만,전건영,429
4102,부경,2005-12-02,뉴,거,,54,한상복,백영일,0
4103,부경,2005-12-02,뉴,거,,54,양귀선,김용석,474
4104,부경,2005-12-02,미,수,,54.5,조용배,홍순해,448
4105,부경,2005-12-02,미,수,,52,장세한,이명희 ,509
4106,부경,2005-12-02,호,수,,53,강병은,정명균,516
4107,부경,2005-12-02,한,수,,53,김길중,임혜숙,525
4108,부경,2005-12-02,한,수,,50,백광열,김태화,455
4109,부경,2005-12-02,한,수,,53,김재섭,이원태,422
4110,부경,2005-12-02,한,수,,51,강형곤,문원배,481
4111,부경,2005-12-02,호,수,,51,윤주혁,성광수,488
4112,부경,2005-12-02,호,수,,51,강병은,박영진,487
4113,부경,2005-12-02,호,수,,51,김남중,한정협,488
4114,부경,2005-12-02,미,수,,52,이정표,정태원,417
4115,부경,2005-12-02,호,수,,51,한상복,(주)BMC,504
4116,부경,2005-12-02,호,수,,51,김영관,김승범,0
4117,부경,2005-12-02,호,수,,51,최기홍,김규성,427
4118,부경,2005-12-02,미,수,,55,양귀선,서용철,412
4119,부경,2005-12-02,호,수,,51,윤주혁,조영자,448
4120,부경,2005-12-02,한,수,,57.5,김영관,류용상,492
4121,부경,2005-12-02,한,수,,57.5,조용배,이선혜,470
4122,부경,2005-12-02,한,수,,55,김재섭,송문관,447
4123,부경,2005-12-02,한,수,,54,김상석,김진영a,475
4124,부경,2005-12-02,한,수,,55,장세한,장재원,532
4125,부경,2005-12-02,호,수,,54,김길중,이동훈,472
4126,부경,2005-12-02,미,수,,50,백광열,백영일,515
4127,부경,2005-12-02,일,수,,52,오문식,정광화,498
4128,부경,2005-12-02,미,암,,52,고홍석,배동성,435
4129,부경,2005-12-02,미,암,,55,김길중,강용익,402
4130,부경,2005-12-02,호,암,,53,조용배,고석주,475
4131,부경,2005-12-02,미,암,,54,김창옥,윤태현,464
4132,부경,2005-12-02,한,암,,53,김영관,김승범,404
4133,부경,2005-12-02,미,암,,53,양귀선,오공학,426
4134,부경,2005-12-02,미,수,,53,김영관,유영상,492
4135,부경,2005-12-02,뉴,거,,55,윤주혁,임종아,487
4136,부경,2005-12-02,미,거,,56,유병복,정영식,473
4137,부경,2005-12-02,한,암,,51,장세한,유상호,426
4138,부경,2005-12-02,한,암,,51,민장기,송문관,439
4139,부경,2005-12-02,한,암,,51,이정표,박진주,390
4140,부경,2005-12-02,한,암,,51,양귀선,이성님,0
4141,부경,2005-12-02,미,암,,51,이정표,정태원,432
4142,부경,2005-12-02,호,암,,50,백광열,이혜란,453
4143,부경,2005-12-02,한,암,,53,양귀선,조용희,452
4144,부경,2005-12-02,한,암,,53,양귀선,서용철,424
4145,부경,2005-12-02,한,암,,51,윤주혁,옥치성,442
4146,부경,2005-12-02,한,암,,51,강형곤,이종균,376
4147,부경,2005-12-02,미,암,,54,김상석,전종섭,434
4148,부경,2005-12-02,한,수,,56,백광열,최영근,463
4149,부경,2005-12-02,한,수,,56,강형곤,이북동,463
4150,부경,2005-12-02,호,암,,54,민장기,(주)BMC,477
4151,부경,2005-12-02,미,암,,54,김영관,구영본,401
4152,부경,2005-12-02,미,암,,52,조용배,고정수,423
4153,부경,2005-12-02,호,암,,53,유충열,이종훈,447
4154,부경,2005-12-02,호,암,,55,김창옥,김원식,414
4155,부경,2005-12-02,뉴,암,,52,강형곤,문원배,447
4156,부경,2005-12-02,뉴,암,,53,조용배,이예은,452
4157,부경,2005-12-02,미,암,,51,김길중,박종일,395
4158,부경,2005-12-02,미,암,,51,김병학,이승우,450
4159,부경,2005-12-02,호,암,,50,윤주혁,서귀포시축협,432
4160,부경,2005-12-02,미,암,,54,임금만,김용석,467
4161,부경,2005-12-02,미,암,,54,김길중,김의기,460
4162,부경,2005-12-02,미,암,,54,김창옥,김성봉,458
4163,부경,2005-12-02,호,암,,54.5,임금만,김호균,446
4164,부경,2005-12-02,미,암,,55,백광열,최원호,441
4165,부경,2005-12-02,미,암,,53,한상복,권주순,407
4166,부경,2005-12-02,미,암,,55,윤주혁,민우식,428
4167,부경,2005-12-02,한,암,,53,민장기,박소이,445
4168,부경,2005-12-02,한,암,,50,김상석,이성기,421
4169,부경,2005-12-02,한,암,,53,백광열,고재완,485
4170,부경,2005-12-02,한,암,,53,한상복,민우식,439
4171,부경,2005-12-02,한,암,,53,유병복,전성연,442
4172,부경,2005-12-02,호,암,,50,장세한,이예은,482
4173,부경,2005-12-02,미,암,,54,김영관,조재섭,431
4174,부경,2005-12-02,한,암,,51,김길중,탐라유통,417
4175,부경,2005-12-02,한,암,,54,김영관,김선욱,466
4176,부경,2005-12-02,한,암,,56,조용배,전병연,414
4177,부경,2005-12-02,한,암,,49,김재섭,이원태,436
4178,부경,2005-12-02,한,암,,52.5,강형곤,김원호,392
4179,부경,2005-12-02,한,암,,53.5,윤주혁,박웅진,435
4180,부경,2005-12-02,한,암,,53,유병복,권주순,414
4181,부경,2005-12-02,한,암,,51,김창옥,이영선,399
4182,부경,2005-12-02,한,암,,50,고홍석,오완석,424
4183,부경,2005-12-02,한,암,,50,김남중,서한철,401
4184,부경,2005-12-02,한,암,,53,조용배,권주순,457
4185,부경,2005-12-02,한,암,,50,백광열,(주)BMC,442
4186,부경,2005-12-02,한,암,,51,윤주혁,임용근,447
4187,부경,2005-12-02,한,암,,50,장세한,이병일,470
4188,부경,2005-12-02,호,암,,52,조용배,이윤구,457
4189,부경,2005-12-02,호,암,,51,김창옥,최영근,425
4190,부경,2005-12-02,미,암,,50,백광열,강훈표,415
4191,부경,2005-12-02,호,암,,50,김영관,김원호,403
4192,부경,2005-12-09,한,수,,56,김남중,김욱수,480
4193,부경,2005-12-09,한,거,,53,강병은,최윤영,463
4194,부경,2005-12-09,호,거,,51,한상복,조옥희,480
4195,부경,2005-12-09,일,암,,53,민장기,(주)BMC,473
4196,부경,2005-12-09,미,수,,56,최기홍,이용우,491
4197,부경,2005-12-09,한,암,,50,유충열,옥치성,396
4198,부경,2005-12-09,한,암,,50,김병학,최원길,399
4199,부경,2005-12-09,호,암,,50,강병은,유상호,445
4200,부경,2005-12-09,호,암,,50,김재섭,임용근,425
4201,부경,2005-12-09,일,암,,51,강형곤,이종균,431
4202,부경,2005-12-09,미,암,,53,김영관,김승범,425
4203,부경,2005-12-09,미,암,,53,백광열,최영근,526
4204,부경,2005-12-09,미,암,,53,유병복,(주)넓은,449
4205,부경,2005-12-09,미,암,,54,김성현,조영자,484
4206,부경,2005-12-09,한,암,,53,윤주혁,곽정주,414
4207,부경,2005-12-09,한,암,,55,김성현,조영자,480
4208,부경,2005-12-09,한,암,,54,강병은,정완모,425
4209,부경,2005-12-09,한,암,,51,한상복,강성호,444
4210,부경,2005-12-09,한,암,,51,김길중,탐라유통,448
4211,부경,2005-12-09,한,암,,54,김남중,채찬식,442
4212,부경,2005-12-09,한,암,,52,김남중,서한철,467
4213,부경,2005-12-09,호,암,,51,유충열,강용익,456
4214,부경,2005-12-09,한,암,,53,김영관,류용상,473
4215,부경,2005-12-09,한,암,,54,양귀선,김용석,446
4216,부경,2005-12-09,한,암,,54,조용배,김훈,418
4217,부경,2005-12-09,미,암,,51,김병학,탐라유통,457
4218,부경,2005-12-09,호,암,,50,장세한,김원호,465
4219,부경,2005-12-09,일,암,,51,김재섭,홍태수,445
4220,부경,2005-12-09,미,암,,51,장세한,이동훈,418
4221,부경,2005-12-09,미,암,,51,이정표,박수영,407
4222,부경,2005-12-09,미,암,,51,윤주혁,김규성,456
4223,부경,2005-12-09,한,암,,52,윤주혁,서삼석,409
4224,부경,2005-12-09,한,암,,54,김남중,여익구,464
4225,부경,2005-12-09,한,암,,56,임금만,임용근,538
4226,부경,2005-12-09,한,암,,52,김상석,이임보,434
4227,부경,2005-12-09,한,암,,54,최기홍,정영식,492
4228,부경,2005-12-09,한,암,,51,이정표,권기우,407
4229,부경,2005-12-09,호,수,,54,이정표,강용익,461
4230,부경,2005-12-09,호,수,,54,임금만,이종훈,456
4231,부경,2005-12-09,한,수,,55,민장기,이원재,498
4232,부경,2005-12-09,호,수,,51,민장기,전건영,461
4233,부경,2005-12-09,한,수,,53.5,윤주혁,김욱수,453
4234,부경,2005-12-09,미,암,,54,김창옥,권주순,481
4235,부경,2005-12-09,뉴,암,,53,김재섭,조태만,431
4236,부경,2005-12-09,호,암,,53,한상복,박원선,456
4237,부경,2005-12-09,미,암,,51,김창옥,현길림,404
4238,부경,2005-12-09,미,암,,54,임금만,이헌주,409
4239,부경,2005-12-09,한,암,,51,강형곤,김욱수,425
4240,부경,2005-12-09,한,암,,53,양귀선,이성님,472
4241,부경,2005-12-09,한,암,,50,김재섭,정완모,415
4242,부경,2005-12-09,한,암,,50,백광열,임용근,435
4243,부경,2005-12-09,한,암,,51,김영관,구영본,440
4244,부경,2005-12-09,미,암,,51,최기홍,이예은,435
4245,부경,2005-12-09,미,암,,51,양귀선,전병연,382
4246,부경,2005-12-09,뉴,암,,50,김길중,이북동,412
4247,부경,2005-12-09,호,암,,50,윤주혁,변미영,423
4248,부경,2005-12-09,한,암,,54,유병복,김진영a,421
4249,부경,2005-12-09,한,암,,51,김병학,김진영b,365
4250,부경,2005-12-09,미,암,,51,최기홍,(주)넓은,407
4251,부경,2005-12-09,뉴,암,,50,백광열,이혜란,439
4252,부경,2005-12-09,미,암,,53,김남중,노동길,416
4253,부경,2005-12-09,한,암,,52,강형곤,나현정,400
4254,부경,2005-12-09,일,암,,53,한상복,변공민,423
4255,부경,2005-12-09,일,암,,51,김병학,김대욱,423
4256,부경,2005-12-09,뉴,암,,50,김상석,강복실,438
4257,부경,2005-12-09,한,암,,51,강형곤,문원배,445
4258,부경,2005-12-09,한,암,,53,최기홍,이남일,389
4259,부경,2005-12-09,한,암,,50,김병학,김진영b,500
4260,부경,2005-12-09,한,암,,52,장세한,이남일,434
4261,부경,2005-12-09,한,암,,54,임금만,이종훈,443
4262,부경,2005-12-09,한,암,,52,유병복,김경태,404
4263,부경,2005-12-09,일,암,,50,고홍석,최영근,418
4264,부경,2005-12-09,미,암,,50,김남중,은종영,396
4265,부경,2005-12-09,뉴,거,,51,김길중,(주)넓은,459
4266,부경,2005-12-09,미,거,,53,강병은,전병연,517
4267,부경,2005-12-09,뉴,거,,51,고홍석,한정협,467
4268,부경,2005-12-09,한,암,,54,김영관,박두만,415
4269,부경,2005-12-09,미,암,,52,양귀선,이성님,435
4270,부경,2005-12-09,호,암,,54,김성현,이북동,424
4271,부경,2005-12-09,일,암,,52,백광열,김윤희,427
4272,부경,2005-12-09,미,암,,54,이정표,이계옥,436
4273,부경,2005-12-09,미,암,,54,고홍석,우만식,458
4274,부경,2005-12-09,미,암,,49,양귀선,전영환,426
4275,부경,2005-12-09,호,암,,50,강형곤,김욱수,481
4276,부경,2005-12-09,미,암,,52,윤주혁,최영근,488
4277,부경,2005-12-09,한,암,,55,조용배,이예은,489
4278,부경,2005-12-09,한,암,,51,유충열,탐라유통,420
4279,부경,2005-12-09,한,암,,50,임금만,임용근,418
4280,부경,2005-12-09,한,수,,53,김영관,박소이,426
4281,부경,2005-12-09,한,수,,53,이정표,박성배,422
4282,부경,2005-12-09,한,수,,53,김남중,노동길,446
4283,부경,2005-12-09,한,수,,53,오문식,권경준,431
4284,부경,2005-12-09,호,수,,55,윤주혁,임용근,423
4285,부경,2005-12-09,미,수,,56,민장기,최영근,492
4286,부경,2005-12-09,호,수,,54,유병복,전성연,444
4287,부경,2005-12-09,한,수,,55,이정표,권준호,468
4288,부경,2005-12-09,호,수,,51,오문식,고임계,438
4289,부경,2005-12-09,일,수,,52,고홍석,우만식,488
4290,부경,2005-12-09,호,수,,52,김상석,고석주,438
4291,부경,2005-12-09,호,수,,51,백광열,박웅진,442
4292,부경,2005-12-09,호,수,,53,김재섭,유상호,452
4293,부경,2005-12-09,호,수,,49,장세한,이유완,524
4294,부경,2005-12-09,호,수,,49,임금만,김용부,456
4295,부경,2005-12-09,한,수,,54,김길중,박진주,509
4296,부경,2005-12-09,한,수,,54,김창옥,인택주택건설,442
4297,부경,2005-12-09,한,수,,55,양귀선,조용희,491
4298,부경,2005-12-09,한,수,,57,최기홍,이유완,448
4299,부경,2005-12-09,한,수,,57,민장기,전건영,428
4300,부경,2005-12-09,일,수,,51,유충열,윤지중,463
4301,부경,2005-12-09,뉴,수,,54,김남중,이유성,501
4302,부경,2005-12-09,일,수,,53,양귀선,김영옥,488
4303,부경,2005-12-09,미,수,,53,조용배,허도행,517
4304,부경,2005-12-09,뉴,수,,51,오문식,정완모,454
4305,부경,2005-12-09,호,수,,51,고홍석,김대신,446
4306,부경,2005-12-09,뉴,수,,54,김길중,탐라유통,524
4307,부경,2005-12-09,한,수,,55,김재섭,이시환,425
4308,부경,2005-12-09,미,수,,51,강형곤,김진영a,412
4309,부경,2005-12-09,미,수,,53,최기홍,이용우,495
4310,부경,2005-12-09,한,거,,52,김병학,서용철,402
4311,부경,2005-12-09,호,거,,55,유병복,김준식,469
4312,부경,2005-12-09,호,거,,55,조용배,김봉경,457
4313,부경,2005-12-09,미,거,,55,김영관,남석우,459
4314,부경,2005-12-09,호,거,,54,김남중,임병효,480
4315,부경,2005-12-09,미,거,,53,김창옥,고재완,451
4316,부경,2005-12-09,미,거,,53,윤주혁,최영근,503
4317,부경,2005-12-09,미,거,,53,오문식,곽정주,486
4318,부경,2005-12-09,한,수,,55,양귀선,전병연,480
4319,부경,2005-12-09,미,수,,53,유충열,이병일,432
4320,부경,2005-12-09,호,수,,54,김상석,현구연,410
4321,부경,2005-12-09,호,수,,51,유병복,이북동,452
4322,부경,2005-12-09,호,수,,51,김영관,김원구,505
4323,부경,2005-12-09,한,암,,54.5,장세한,양정두,466
4324,부경,2005-12-09,한,암,,53,백광열,송정아,420
4325,부경,2005-12-09,미,수,,55,이정표,박성배,481
4326,부경,2005-12-09,일,수,,53,김길중,옥치성,439
4327,부경,2005-12-09,미,수,,53,김영관,태희종합건설,435
4328,부경,2005-12-09,미,수,,53,임금만,박정배,412
4329,부경,2005-12-09,한,수,,57.5,양귀선,김용석,489
4330,부경,2005-12-09,한,수,,54,장세한,권준호,477
4331,부경,2005-12-09,한,수,,57,백광열,강용익,462
4332,부경,2005-12-16,한,수,,50,오문식,김태화,432
4333,부경,2005-12-16,한,수,,53,김상석,전종섭,483
4334,부경,2005-12-16,한,수,,53,김창옥,라이프키,441
4335,부경,2005-12-16,한,수,,49,김상석,전건영,451
4336,부경,2005-12-16,한,수,,55,민장기,송달섭,533
4337,부경,2005-12-16,한,수,,51,김창옥,곽종수,443
4338,부경,2005-12-16,호,수,,51,조용배,김봉경,454
4339,부경,2005-12-16,미,수,,52,백광열,장재원,477
4340,부경,2005-12-16,일,수,,52,김창옥,인택주택건설,441
4341,부경,2005-12-16,미,수,,52,이정표,정태원,412
4342,부경,2005-12-16,한,수,,53,최기홍,이남일,475
4343,부경,2005-12-16,미,수,,55,김성현,최원호,522
4344,부경,2005-12-16,한,암,,50,장세한,김경태,465
4345,부경,2005-12-16,호,암,,52,김영관,김원호,399
4346,부경,2005-12-16,미,암,,52,한상복,강성호,438
4347,부경,2005-12-16,미,암,,55,김영관,조재섭,436
4348,부경,2005-12-16,미,암,,56,강병은,임정수,469
4349,부경,2005-12-16,일,암,,55,조용배,김성봉,453
4350,부경,2005-12-16,미,암,,52,김창옥,김성봉,460
4351,부경,2005-12-16,호,암,,54,최기홍,정영식,483
4352,부경,2005-12-16,호,암,,50,백광열,백영일,453
4353,부경,2005-12-16,한,암,,53,김재섭,현구연,408
4354,부경,2005-12-16,한,암,,50,백광열,고재완,479
4355,부경,2005-12-16,한,암,,50,한상복,조옥희,439
4356,부경,2005-12-16,한,암,,50,오문식,여성숙,410
4357,부경,2005-12-16,한,암,,53,윤주혁,이혜란,438
4358,부경,2005-12-16,한,거,,53,오문식,정운진,478
4359,부경,2005-12-16,뉴,거,,54,윤주혁,임종아,487
4360,부경,2005-12-16,호,거,,54,한상복,조영자,444
4361,부경,2005-12-16,한,거,,56,김남중,이유성,496
4362,부경,2005-12-16,뉴,거,,53,양귀선,변미영,445
4363,부경,2005-12-16,한,수,,52,강형곤,이북동,461
4364,부경,2005-12-16,한,수,,57,임금만,이선혜,487
4365,부경,2005-12-16,한,수,,58,김상석,오영복,418
4366,부경,2005-12-16,뉴,거,,52,강병은,김병완,434
4367,부경,2005-12-16,한,거,,52,김남중,이원재,448
4368,부경,2005-12-16,호,거,,51,김병학,김용석,430
4369,부경,2005-12-16,미,거,,55,강병은,이성님,468
4370,부경,2005-12-16,미,거,,53.5,유충열,주영일,472
4371,부경,2005-12-16,호,거,,55,김창옥,김호균,468
4372,부경,2005-12-16,호,수,,57,오문식,씨큐리티코리아,483
4373,부경,2005-12-16,미,수,,58,장세한,이동훈,469
4374,부경,2005-12-16,미,수,,54,한상복,이종갑,495
4375,부경,2005-12-16,미,수,,54.5,이정표,이성기,0
4376,부경,2005-12-16,미,수,,54.5,윤주혁,김진영,468
4377,부경,2005-12-16,미,수,,55,강병은,김병완,499
4378,부경,2005-12-16,미,수,,53,조용배,홍순해,452
4379,부경,2005-12-16,일,수,,51,윤주혁,조영자,493
4380,부경,2005-12-16,뉴,수,,51,이정표,임병효,457
4381,부경,2005-12-16,미,수,,53,임금만,이종훈,473
4382,부경,2005-12-16,미,수,,53,한상복,박원선,471
4383,부경,2005-12-16,미,수,,53,양귀선,변미영,495
4384,부경,2005-12-16,미,수,,50,장세한,김경태,475
4385,부경,2005-12-16,미,수,,53,김재섭,조태만,487
4386,부경,2005-12-16,미,수,,53,김상석,이임보,432
4387,부경,2005-12-16,미,수,,50,김병학,김진영b,455
4388,부경,2005-12-16,호,수,,54,김상석,곽정주,451
4389,부경,2005-12-16,미,수,,53,유병복,(주)BMC,424
4390,부경,2005-12-16,일,수,,55,강형곤,김진영a,413
4391,부경,2005-12-16,한,수,,53,김영관,박선희,492
4392,부경,2005-12-16,미,수,,53,김영관,태희종합건설,479
4393,부경,2005-12-16,미,수,,55,유병복,김태화,404
4394,부경,2005-12-16,한,수,,52,강병은,이원재,463
4395,부경,2005-12-16,한,수,,54,김성현,나현정,446
4396,부경,2005-12-16,한,수,,54,윤주혁,변미영,480
4397,부경,2005-12-16,호,수,,51,윤주혁,성광수,499
4398,부경,2005-12-16,뉴,수,,51,장세한,김종화,492
4399,부경,2005-12-16,한,수,,53,한상복,변공민,464
4400,부경,2005-12-16,한,암,,50,최기홍,이유완,415
4401,부경,2005-12-16,한,암,,51,김성현,김원호,415
4402,부경,2005-12-16,한,암,,51,이정표,박진주,391
4403,부경,2005-12-16,호,암,,53,김병학,고정수,464
4404,부경,2005-12-16,호,수,,53,김길중,이동훈,465
4405,부경,2005-12-16,미,수,,56,고홍석,이혜란,446
4406,부경,2005-12-16,미,수,,56,김남중,김영옥,437
4407,부경,2005-12-16,호,수,,54,양귀선,이명희 ,435
4408,부경,2005-12-16,한,수,,51,최기홍,김원구,524
4409,부경,2005-12-16,호,암,,53,김길중,김시연,451
4410,부경,2005-12-16,미,암,,52,김병학,김중길,425
4411,부경,2005-12-16,호,암,,50,양귀선,고경현,462
4412,부경,2005-12-16,미,암,,54,강형곤,이헌주,434
4413,부경,2005-12-16,한,암,,55,민장기,김대신,446
4414,부경,2005-12-16,한,암,,54,김영관,김선욱,463
4415,부경,2005-12-16,한,암,,53,임금만,유상호,421
4416,부경,2005-12-16,한,암,,53,김영관,김승범,438
4417,부경,2005-12-16,한,수,,58,최기홍,나현문,489
4418,부경,2005-12-16,호,수,,54.5,장세한,고경민,498
4419,부경,2005-12-16,호,수,,54.5,이정표,임정수,478
4420,부경,2005-12-16,미,수,,53,강형곤,김준식,473
4421,부경,2005-12-16,한,수,,53,최기홍,라이프키,472
4422,부경,2005-12-16,미,거,,58,김재섭,고경민,451
4423,부경,2005-12-16,한,암,,51,김길중,구교일,440
4424,부경,2005-12-16,한,암,,51,장세한,유상호,424
4425,부경,2005-12-16,미,암,,51,강형곤,이종균,393
4426,부경,2005-12-16,미,암,,51,민장기,김대신,434
4427,부경,2005-12-16,한,암,,51,고홍석,우만식,409
4428,부경,2005-12-16,한,수,,53,민장기,고원창,446
4429,부경,2005-12-16,한,암,,53,조용배,함관보,395
4430,부경,2005-12-16,한,암,,53,김병학,허충현,476
4431,부경,2005-12-16,한,암,,51,장세한,김의기,453
4432,부경,2005-12-16,한,암,,56,김재섭,송문관,472
4433,부경,2005-12-16,한,암,,57,백광열,최원호,495
4434,부경,2005-12-16,한,암,,56,김창옥,윤태현,459
4435,부경,2005-12-16,한,암,,54,장세한,권준호,420
4436,부경,2005-12-16,한,암,,52,민장기,고임계,454
4437,부경,2005-12-16,한,암,,52,양귀선,전병연,418
4438,부경,2005-12-16,한,암,,51,김길중,임혜숙,414
4439,부경,2005-12-16,미,암,,54,조용배,허도행,487
4440,부경,2005-12-16,호,암,,50,백광열,김정두,506
4441,부경,2005-12-16,호,암,,50,임금만,김찬식,419
4442,부경,2005-12-16,호,암,,50,김상석,현구연,391
4443,부경,2005-12-16,호,암,,50,백광열,이혜란,448
4444,부경,2005-12-16,미,암,,53,김영관,남석우,452
4445,부경,2005-12-16,호,암,,53,강형곤,김원호,376
4446,부경,2005-12-16,미,암,,54,조용배,김윤희,434
4447,부경,2005-12-16,일,암,,54,김상석,곽정주,412
4448,부경,2005-12-16,호,암,,52,강형곤,문원배,400
4449,부경,2005-12-16,미,암,,54,고홍석,배동성,506
4450,부경,2005-12-16,미,암,,56,한상복,이혜란,461
4451,부경,2005-12-16,미,암,,55,김영관,오영복,468
4452,부경,2005-12-16,한,암,,53,민장기,서삼석,460
4453,부경,2005-12-16,한,암,,50,이정표,김중길,410
4454,부경,2005-12-16,한,암,,53,유병복,전성연,432
4455,부경,2005-12-16,한,암,,53,조용배,김훈,425
4456,부경,2005-12-16,한,암,,51,강형곤,김원구,433
4457,부경,2005-12-16,한,암,,54,유병복,이명희 ,425
4458,부경,2005-12-16,한,암,,49,한상복,민우식,450
4459,부경,2005-12-16,한,암,,56,조용배,김준희,445
4460,부경,2005-12-16,뉴,암,,53,김창옥,노만석,434
4461,부경,2005-12-16,미,암,,51,김재섭,김규성,442
4462,부경,2005-12-16,호,암,,50,이정표,강성호,419
4463,부경,2005-12-16,호,암,,51,강형곤,이헌주,419
4464,부경,2005-12-16,미,암,,51,오문식,곽정주,448
4465,부경,2005-12-16,미,암,,53,강형곤,김호균,415
4466,부경,2005-12-16,미,암,,55,유충열,윤지중,443
4467,부경,2005-12-16,미,암,,55.5,김상석,김원구,440
4468,부경,2005-12-16,뉴,암,,56,임금만,김갑수,460
4469,부경,2005-12-16,한,암,,53,김재섭,조태만,408
4470,부경,2005-12-16,한,암,,50,고홍석,오완석,428
4471,부경,2005-12-16,한,암,,53,백광열,(주)BMC,444
4472,부경,2005-12-23,뉴,암,,48,조용배,이예은,451
4473,부경,2005-12-23,한,암,,56,오문식,유상호,475
4474,부경,2005-12-23,한,암,,53,임금만,임용근,419
4475,부경,2005-12-23,호,암,,51,이정표,장재원,460
4476,부경,2005-12-23,호,암,,51,김남중,서한철,489
4477,부경,2005-12-23,한,수,,55,고홍석,오완석,460
4478,부경,2005-12-23,한,수,,55,백광열,최원호,499
4479,부경,2005-12-23,한,수,,55,한상복,임용근,410
4480,부경,2005-12-23,한,수,,52,김재섭,이시환,426
4481,부경,2005-12-23,미,수,,57,최기홍,라이프키,466
4482,부경,2005-12-23,미,수,,52,김상석,이승우,473
4483,부경,2005-12-23,호,수,,52,김창옥,노만석,452
4484,부경,2005-12-23,한,수,,53,윤주혁,이원재,468
4485,부경,2005-12-23,한,암,,57,조용배,이예은,484
4486,부경,2005-12-23,한,암,,55,김남중,여익구,461
4487,부경,2005-12-23,한,암,,54,한상복,조영석,459
4488,부경,2005-12-23,한,암,,55,강병은,박영진,465
4489,부경,2005-12-23,한,암,,55,민장기,부건영,413
4490,부경,2005-12-23,뉴,암,,52,강형곤,문원배,444
4491,부경,2005-12-23,미,암,,52,백광열,이영선,462
4492,부경,2005-12-23,한,암,,51,김남중,변공민,496
4493,부경,2005-12-23,호,암,,54,김병학,김대욱,453
4494,부경,2005-12-23,뉴,암,,54,민장기,채찬식,504
4495,부경,2005-12-23,미,암,,52,오문식,유상호,409
4496,부경,2005-12-23,호,암,,53,김성현,전우석,470
4497,부경,2005-12-23,미,암,,54,임금만,김원구,381
4498,부경,2005-12-23,미,암,,51,이정표,정태원,429
4499,부경,2005-12-23,호,암,,53,김길중,성태진,479
4500,부경,2005-12-23,미,암,,51,윤주혁,김규성,456
4501,부경,2005-12-23,한,암,,53,조용배,권주순,452
4502,부경,2005-12-23,뉴,암,,50,한상복,홍태수,464
4503,부경,2005-12-23,한,거,,52,한상복,조영자,399
4504,부경,2005-12-23,미,거,,54,민장기,이원재,467
4505,부경,2005-12-23,뉴,거,,52,양귀선,김용석,473
4506,부경,2005-12-23,한,암,,56,김병학,최원길,440
4507,부경,2005-12-23,호,암,,49,강형곤,김욱수,480
4508,부경,2005-12-23,호,암,,51,양귀선,서용철,426
4509,부경,2005-12-23,한,암,,51,김영관,구영본,445
4510,부경,2005-12-23,한,암,,50,백광열,임용근,453
4511,부경,2005-12-23,한,암,,53,김영관,김상기,463
4512,부경,2005-12-23,미,암,,50,김상석,강복실,416
4513,부경,2005-12-23,호,암,,49,김병학,김대욱,474
4514,부경,2005-12-23,미,암,,52,유병복,현길림,445
4515,부경,2005-12-23,한,암,,54.5,장세한,김의기,504
4516,부경,2005-12-23,한,암,,53,최기홍,이남일,455
4517,부경,2005-12-23,미,거,,52,김창옥,김원식,423
4518,부경,2005-12-23,호,수,,52,김영관,김원구,507
4519,부경,2005-12-23,한,수,,52,조용배,이윤구,464
4520,부경,2005-12-23,한,수,,54,최기홍,이유완,450
4521,부경,2005-12-23,미,수,,52,김재섭,강복실,493
4522,부경,2005-12-23,호,수,,51,강병은,박영진,488
4523,부경,2005-12-23,한,수,,50,백광열,김태화,460
4524,부경,2005-12-23,한,수,,53,김영관,박소이,432
4525,부경,2005-12-23,한,수,,51,강형곤,문원배,487
4526,부경,2005-12-23,미,거,,53,윤주혁,최영근,514
4527,부경,2005-12-23,일,수,,50,김길중,옥치성,437
4528,부경,2005-12-23,일,수,,53,김영관,유영상,475
4529,부경,2005-12-23,미,수,,50,백광열,백영일,507
4530,부경,2005-12-23,일,수,,51,강형곤,김진영a,469
4531,부경,2005-12-23,미,수,,53,김병학,김진영b,456
4532,부경,2005-12-23,한,수,,54,백광열,전우석,508
4533,부경,2005-12-23,한,수,,56,오문식,권경준,451
4534,부경,2005-12-23,한,수,,50,이정표,김경태,463
4535,부경,2005-12-23,호,수,,51,이정표,임용근,442
4536,부경,2005-12-23,한,수,,53,이정표,고석주,445
4537,부경,2005-12-23,한,수,,57.5,김상석,전종섭,458
4538,부경,2005-12-23,한,수,,53,백광열,이종훈,482
4539,부경,2005-12-23,한,수,,55.5,김영관,류용상,494
4540,부경,2005-12-23,호,수,,49,김남중,채찬식,465
4541,부경,2005-12-23,미,수,,50,유병복,임용근,439
4542,부경,2005-12-23,호,수,,51,장세한,이유완,504
4543,부경,2005-12-23,미,수,,54,강병은,박영진,490
4544,부경,2005-12-23,미,수,,52,유충열,임정수,468
4545,부경,2005-12-23,미,수,,53,유병복,황병석,459
4546,부경,2005-12-23,미,수,,51,유충열,윤지중,519
4547,부경,2005-12-23,호,수,,54,윤주혁,임용근,0
4548,부경,2005-12-23,미,암,,53,이정표,박성배,449
4549,부경,2005-12-23,호,수,,54,양귀선,이명희 ,473
4550,부경,2005-12-23,뉴,거,,52,임금만,김진영b,446
4551,부경,2005-12-23,한,암,,55.5,유병복,김진영a,456
4552,부경,2005-12-23,미,암,,50,고홍석,우만식,402
4553,부경,2005-12-23,한,암,,51,윤주혁,옥치성,444
4554,부경,2005-12-23,미,암,,50,최기홍,김원호,403
4555,부경,2005-12-23,한,암,,51,강형곤,류종완,486
4556,부경,2005-12-23,한,암,,53,김상석,박선희,445
4557,부경,2005-12-23,한,암,,51,양귀선,이성님,426
4558,부경,2005-12-23,한,암,,51,김성현,조영자,431
4559,부경,2005-12-23,미,암,,53,김영관,김상기,468
4560,부경,2005-12-23,뉴,수,,52,김길중,탐라유통,518
4561,부경,2005-12-23,미,수,,55,윤주혁,곽정주,479
4562,부경,2005-12-23,한,암,,53,조용배,김경태,428
4563,부경,2005-12-23,한,암,,50,백광열,고재완,458
4564,부경,2005-12-23,한,암,,50,한상복,양정두,475
4565,부경,2005-12-23,한,암,,53,김병학,이북동,447
4566,부경,2005-12-23,미,암,,50,김영관,김승범,423
4567,부경,2005-12-23,미,암,,51,이정표,박수영,404
4568,부경,2005-12-23,미,암,,50,민장기,홍태수,475
4569,부경,2005-12-23,미,수,,50,장세한,이유완,416
4570,부경,2005-12-23,한,수,,55,민장기,씨큐리티코리아,478
4571,부경,2005-12-23,한,수,,50,김길중,임혜숙,525
4572,부경,2005-12-23,호,암,,53,유충열,이종훈,443
4573,부경,2005-12-23,미,암,,54,오문식,김중길,410
4574,부경,2005-12-23,미,암,,53,윤주혁,최영근,489
4575,부경,2005-12-23,한,암,,53,양귀선,조용희,463
4576,부경,2005-12-23,한,암,,50,고홍석,배동성,457
4577,부경,2005-12-23,한,암,,53,김성현,이혜란,417
4578,부경,2005-12-23,한,암,,53,오문식,변미영,447
4579,부경,2005-12-23,한,암,,52,고홍석,이동훈,432
4580,부경,2005-12-23,한,암,,51,김창옥,윤태현,473
4581,부경,2005-12-23,한,암,,54,김남중,서한철,444
4582,부경,2005-12-23,한,암,,52,유충열,홍찬표,486
4583,부경,2005-12-23,한,암,,54,백광열,최원호,443
4584,부경,2005-12-23,한,암,,54,조용배,전병연,409
4585,부경,2005-12-23,미,암,,57,장세한,전우석,443
4586,부경,2005-12-23,미,암,,57,김상석,박선희,405
4587,부경,2005-12-23,미,암,,55,김창옥,인택주택건설,473
4588,부경,2005-12-23,미,암,,53,김성현,남석우,440
4589,부경,2005-12-23,일,암,,52,김영관,이종훈,430
4590,부경,2005-12-23,한,암,,57,고홍석,우만식,422
4591,부경,2005-12-23,한,암,,53,유충열,이원재,408
4592,부경,2005-12-23,한,암,,52,이정표,권기우,412
4593,부경,2005-12-23,한,암,,54,장세한,이유완,471
4594,부경,2005-12-23,한,암,,51,김남중,여익구,400
4595,부경,2005-12-23,미,암,,51,김남중,이예은,436
4596,부경,2005-12-23,한,암,,52,강병은,신상웅,417
4597,부경,2005-12-23,한,암,,51,이정표,박성배,443
4598,부경,2005-12-23,한,암,,52,김병학,한정협,475
4599,부경,2005-12-23,한,암,,51,민장기,송문관,443
4600,부경,2005-12-23,한,암,,51,김성현,전우석,431
4601,부경,2005-12-23,한,암,,51,김길중,탐라유통,403
4602,부경,2005-12-23,한,암,,50,김창옥,이성기,445
4603,부경,2005-12-23,한,암,,50,강형곤,이헌주,460
4604,부경,2005-12-23,미,암,,53,김성현,서귀포시축협,480
4605,부경,2005-12-23,미,암,,50,최기홍,박선희,406
4606,부경,2005-12-23,미,암,,53,김창옥,서귀포시축협,418
4607,부경,2005-12-23,미,암,,53,민장기,김용부,461
4608,부경,2005-12-23,한,암,,50,고홍석,우만식,445
4609,부경,2005-12-23,한,암,,53,이정표,권기우,449
4610,부경,2005-12-23,일,암,,50,김상석,이임보,434
4611,부경,2005-12-23,일,암,,50,김병학,고정수,440
4612,부경,2005-12-23,미,암,,50,한상복,권주순,407
4613,서울,2005-01-08,한,수,,56,이인호,서익수,483
4614,서울,2005-01-08,한,수,,52,유재길,진교원,463
4615,서울,2005-01-08,한,수,,54,박원덕,이효선,482
4616,서울,2005-01-08,미,수,,53,이희영,노승구,448
4617,서울,2005-01-08,미,수,,54.5,김문갑,이종철,485
4618,서울,2005-01-08,한,수,,55,유재길,이필승,493
4619,서울,2005-01-08,한,수,,54,임형규,서상주,455
4620,서울,2005-01-08,한,수,,50,하재흥,이유환,543
4621,서울,2005-01-08,한,수,,54,김명국,이태식,490
4622,서울,2005-01-08,한,수,,55,박희철,조병해,450
4623,서울,2005-01-08,일,수,,54,최영주,신항철,500
4624,서울,2005-01-08,한,수,,52,김문갑,김익영,457
4625,서울,2005-01-08,한,수,,51,양재철,한광희,459
4626,서울,2005-01-08,한,수,,58,신우철,이수근,477
4627,서울,2005-01-08,한,수,,54,배대선,김광영,446
4628,서울,2005-01-08,한,수,,56,박덕준,허헌회,492
4629,서울,2005-01-08,한,수,,54,신우철,진교원,485
4630,서울,2005-01-08,한,수,,56,곽영효,이종무,511
4631,서울,2005-01-08,한,수,,54.5,하재흥,이유환,475
4632,서울,2005-01-08,한,수,,54,박원덕,안덕기,479
4633,서울,2005-01-08,한,수,,54,이광복,최건호,546
4634,서울,2005-01-08,한,수,,52,김순근,권영술,460
4635,서울,2005-01-08,한,수,,53,박흥진,김도윤,434
4636,서울,2005-01-08,한,수,,54,하재흥,이유환,468
4637,서울,2005-01-08,한,수,,56,이종구,최수군,473
4638,서울,2005-01-08,한,수,,57,김병용,김명자,483
4639,서울,2005-01-08,일,수,,51,김명국,월곡목장영농조합,478
4640,서울,2005-01-08,한,수,,53,김점오,김덕환,491
4641,서울,2005-01-08,한,수,,56.5,지용철,황의영,476
4642,서울,2005-01-08,한,수,,56,이종구,최수군,471
4643,서울,2005-01-08,한,수,,54,지용훈,이선호,530
4644,서울,2005-01-08,한,수,,54,최상식,장재형,445
4645,서울,2005-01-08,뉴,암,,51,김순근,최상경,397
4646,서울,2005-01-08,일,암,,53,최영주,장석린외1인(신치구),460
4647,서울,2005-01-08,한,수,,56,유재길,박종률,500
4648,서울,2005-01-08,한,암,,54,유재길,허병하,440
4649,서울,2005-01-08,한,수,,54,박흥진,유준환,469
4650,서울,2005-01-08,한,거,,54,김문갑,김익영,429
4651,서울,2005-01-08,한,거,,58,곽영효,강용식,474
4652,서울,2005-01-08,한,거,,55,김명국,김진철,469
4653,서울,2005-01-08,미,거,,51,김양선,구자선,520
4654,서울,2005-01-08,호,거,,51,김춘근,이선종,435
4655,서울,2005-01-08,한,거,,58,김대근,노병석,523
4656,서울,2005-01-08,한,거,,55,김대근,최상섭,465
4657,서울,2005-01-08,뉴,거,,57,배대선,이광수a,448
4658,서울,2005-01-08,뉴,거,,51,박희철,장석린외1인(신치구),497
4659,서울,2005-01-08,한,거,,55,이왕언,이영서,484
4660,서울,2005-01-08,한,거,,51,고옥봉,김용원,441
4661,서울,2005-01-08,뉴,거,,55,배대선,서정훈,459
4662,서울,2005-01-08,한,거,,54,박대흥,최애식,475
4663,서울,2005-01-08,한,암,,51,김문갑,어울림네트웍스,471
4664,서울,2005-01-08,한,거,,51,임봉춘,김대권,483
4665,서울,2005-01-08,미,거,,51,박대흥,김용정,517
4666,서울,2005-01-08,호,거,,52,박원덕,이정원,473
4667,서울,2005-01-08,한,거,,52.5,강승영,정이남,430
4668,서울,2005-01-08,한,거,,57,배대선,윤흥열,482
4669,서울,2005-01-08,한,거,,51,임봉춘,이선종,467
4670,서울,2005-01-08,한,거,,54,박천서,박엽래,465
4671,서울,2005-01-08,한,거,,53,최상식,경만호,454
4672,서울,2005-01-08,한,수,,53,김학수,정이남,466
4673,서울,2005-01-08,한,수,,54,강승영,강남환,440
4674,서울,2005-01-08,한,수,,54,김점오,박영철,470
4675,서울,2005-01-08,한,수,,56,김윤섭,김채겸,508
4676,서울,2005-01-08,한,수,,54,이종구,백종헌,465
4677,서울,2005-01-08,한,거,,53,고옥봉,전좌식,476
4678,서울,2005-01-08,뉴,거,,51,박덕준,허헌회,453
4679,서울,2005-01-08,미,거,,56,김학수,박남성,451
4680,서울,2005-01-08,뉴,거,,57,이종구,서정훈,493
4681,서울,2005-01-08,한,수,,52,김택수,정영채,466
4682,서울,2005-01-08,한,수,,54,지용철,황의영,468
4683,서울,2005-01-08,미,수,,54,김택수,오호극,451
4684,서울,2005-01-08,한,수,,54,신우철,김덕애,468
4685,서울,2005-01-08,한,수,,54,박진호,이재원,475
4686,서울,2005-01-08,한,암,,52,강윤식,지성한,475
4687,서울,2005-01-08,한,암,,54,배대선,이수홍,449
4688,서울,2005-01-08,한,암,,53,유재길,박종률,463
4689,서울,2005-01-08,한,암,,51,고옥봉,이태인,455
4690,서울,2005-01-08,미,암,,55,김춘근,김한영,433
4691,서울,2005-01-08,한,암,,52,임형규,신동호,473
4692,서울,2005-01-08,미,암,,51,양재철,이석태,444
4693,서울,2005-01-08,미,암,,54,박대흥,정일권,473
4694,서울,2005-01-08,일,암,,50,김춘근,남웅종,484
4695,서울,2005-01-08,한,암,,52,강승영,임기준,447
4696,서울,2005-01-08,한,암,,52,고옥봉,정병조,416
4697,서울,2005-01-08,한,암,,53,이왕언,범양해운,520
4698,서울,2005-01-08,뉴,암,,54,서범석,서순배,480
4699,서울,2005-01-08,한,암,,53,박대흥,남승현,406
4700,서울,2005-01-08,한,암,,54,김재복,조규학,412
4701,서울,2005-01-08,한,암,,53,김대근,노병석,410
4702,서울,2005-01-08,한,암,,54,안해양,윤여운,431
4703,서울,2005-01-08,한,암,,56,이인호,오만준,441
4704,서울,2005-01-08,한,암,,55,배대선,박희주,476
4705,서울,2005-01-08,뉴,암,,51,서범석,김윤기,457
4706,서울,2005-01-08,일,암,,53,박희철,오상철,408
4707,서울,2005-01-08,한,암,,53,유재길,김양호,451
4708,서울,2005-01-08,호,거,,54.5,최혜식,박용훈,534
4709,서울,2005-01-08,한,수,,56,최혜식,박치문,441
4710,서울,2005-01-08,한,수,,54,박천서,천병득,464
4711,서울,2005-01-08,미,암,,53,박원덕,안덕기,475
4712,서울,2005-01-08,한,암,,50,김순근,윤강렬,393
4713,서울,2005-01-08,미,거,,51.5,김양선,홍평우,504
4714,서울,2005-01-08,한,암,,50,이희영,노승구,441
4715,서울,2005-01-08,한,암,,51,김문갑,김익영,427
4716,서울,2005-01-08,한,수,,55,임봉춘,이주형,517
4717,서울,2005-01-08,한,수,,56,박희철,조원희,469
4718,서울,2005-01-08,한,수,,54,김명국,코스틸,478
4719,서울,2005-01-08,한,거,,55,김대근,고영자,478
4720,서울,2005-01-08,한,암,,54,이인호,김창준,434
4721,서울,2005-01-08,한,암,,53,최영주,이영욱a,441
4722,서울,2005-01-08,미,암,,53,김문갑,김서운,473
4723,서울,2005-01-08,한,암,,53,박종곤,방형린,468
4724,서울,2005-01-08,한,암,,52,김점오,김덕환,473
4725,서울,2005-01-08,한,암,,53,박덕준,서승린,425
4726,서울,2005-01-08,한,암,,52,이왕언,최창걸,492
4727,서울,2005-01-08,한,암,,52,서범석,송숙자,456
4728,서울,2005-01-08,일,암,,53,하재흥,김병현,477
4729,서울,2005-01-08,한,암,,50,이희영,박환창,425
4730,서울,2005-01-08,한,암,,53,박흥진,이두표,467
4731,서울,2005-01-08,한,암,,50,박천서,정일권,436
4732,서울,2005-01-08,한,암,,52,임봉춘,박상선,453
4733,서울,2005-01-08,한,암,,53,고옥봉,오일랑,399
4734,서울,2005-01-08,한,암,,56,이광복,최건호,453
4735,서울,2005-01-08,한,암,,53,김윤섭,김채겸,459
4736,서울,2005-01-08,한,암,,53,박종곤,박재범,467
4737,서울,2005-01-08,한,암,,53,이종구,김기영,464
4738,서울,2005-01-08,한,암,,50,양재철,김기성,417
4739,서울,2005-01-08,한,암,,53,박종곤,김용정,378
4740,서울,2005-01-08,한,암,,56,박덕준,나정웅,476
4741,서울,2005-01-08,한,암,,56,이인호,민태구,450
4742,서울,2005-01-08,한,암,,55,정지은,신한은행,470
4743,서울,2005-01-08,한,암,,53,지용훈,이선호,468
4744,서울,2005-01-09,한,암,,51,서범석,오상철,412
4745,서울,2005-01-09,한,암,,55,김양선,김종철,433
4746,서울,2005-01-09,한,암,,53,유재길,송근철,449
4747,서울,2005-01-09,한,암,,51,신우철,진교원,472
4748,서울,2005-01-09,한,암,,54,박윤규,김주학,440
4749,서울,2005-01-09,한,암,,52,최영주,신항철,446
4750,서울,2005-01-09,한,암,,50,이희영,박환창,442
4751,서울,2005-01-09,미,암,,49,하재흥,이중연,452
4752,서울,2005-01-09,미,암,,48,고옥봉,박성구,434
4753,서울,2005-01-09,한,암,,51,김문갑,김성두,470
4754,서울,2005-01-09,한,암,,53,박종곤,김진엽,439
4755,서울,2005-01-09,한,암,,56,강윤식,김용상,454
4756,서울,2005-01-09,한,암,,50,임봉춘,이선종,475
4757,서울,2005-01-09,한,암,,54,이인호,장용석,463
4758,서울,2005-01-09,한,암,,48,김택수,김봉조,0
4759,서울,2005-01-09,한,암,,54,윤치운,김용원,446
4760,서울,2005-01-09,한,암,,50,김일성,일진코스메틱,438
4761,서울,2005-01-09,한,암,,52,강명준,변영남,459
4762,서울,2005-01-09,뉴,암,,54,배대선,윤흥열,441
4763,서울,2005-01-09,한,암,,56,배대선,김길중,441
4764,서울,2005-01-09,한,암,,54,박대흥,김정기,488
4765,서울,2005-01-09,한,암,,55,김양선,방승부,475
4766,서울,2005-01-09,한,암,,51,지용훈,남기태,500
4767,서울,2005-01-09,미,암,,51,김택수,정영채,458
4768,서울,2005-01-09,한,암,,52,서정하,구자선,448
4769,서울,2005-01-09,한,암,,52,김일성,류근상,464
4770,서울,2005-01-09,한,암,,53,최상식,신홍균,432
4771,서울,2005-01-09,한,암,,54,정지은,박상단,442
4772,서울,2005-01-09,한,암,,56,김점오,김창희,472
4773,서울,2005-01-09,한,암,,55,정지은,최여경,473
4774,서울,2005-01-09,한,암,,53.5,정지은,노환영,437
4775,서울,2005-01-09,한,암,,54,박희철,경규환,432
4776,서울,2005-01-09,미,암,,53.5,안해양,김휘남,466
4777,서울,2005-01-09,한,암,,53,배대선,양길순,450
4778,서울,2005-01-09,일,암,,53,김점오,유근수,481
4779,서울,2005-01-09,미,거,,51,박흥진,김도윤,484
4780,서울,2005-01-09,한,거,,56,박흥진,김도윤,500
4781,서울,2005-01-09,한,암,,53,이용준,김종욱,477
4782,서울,2005-01-09,한,암,,54,서범석,오상철,433
4783,서울,2005-01-09,한,암,,53,박대흥,청호컴넷(주),466
4784,서울,2005-01-09,한,암,,51,고옥봉,이기선,497
4785,서울,2005-01-09,한,암,,55,김대근,지원철,408
4786,서울,2005-01-09,캐,암,,51,이종구,정진태,451
4787,서울,2005-01-09,한,암,,52,고옥봉,전좌식,473
4788,서울,2005-01-09,한,암,,50,지용철,이근우,461
4789,서울,2005-01-09,뉴,암,,51,박원덕,박정웅,473
4790,서울,2005-01-09,한,수,,54,김춘근,신준희,494
4791,서울,2005-01-09,한,암,,50,강윤식,인원식,460
4792,서울,2005-01-09,한,암,,52,김순근,김성부,490
4793,서울,2005-01-09,일,암,,51,김문갑,정덕용,477
4794,서울,2005-01-09,한,암,,53,박종곤,박재범,452
4795,서울,2005-01-09,한,암,,51,양재철,박현종,463
4796,서울,2005-01-09,한,수,,56,박덕준,이재호,490
4797,서울,2005-01-09,한,수,,51,김순근,월곡목장영농조합,436
4798,서울,2005-01-09,한,거,,54,임봉춘,박종률,482
4799,서울,2005-01-09,한,거,,57,이인호,변웅전,452
4800,서울,2005-01-09,한,암,,54.5,최혜식,은희만,453
4801,서울,2005-01-09,미,거,,53,박천서,정일권,489
4802,서울,2005-01-09,한,암,,53,신우철,김우식,452
4803,서울,2005-01-09,한,암,,51,이용준,신영식,472
4804,서울,2005-01-09,한,암,,54,이광복,최관식,500
4805,서울,2005-01-09,한,암,,52,이왕언,김방철,483
4806,서울,2005-01-09,한,암,,53,김점오,신성철,422
4807,서울,2005-01-09,한,암,,53,박종곤,김진엽,414
4808,서울,2005-01-09,미,암,,52,하재흥,이상오,475
4809,서울,2005-01-09,미,암,,56,박원덕,이효선,468
4810,서울,2005-01-09,한,암,,54,지용훈,이민문,453
4811,서울,2005-01-09,한,암,,54,임봉춘,이주형,454
4812,서울,2005-01-09,한,수,,52.5,김학수,김정근,457
4813,서울,2005-01-09,미,수,,51,최혜식,이종원,471
4814,서울,2005-01-09,미,수,,54,김양선,김종철,523
4815,서울,2005-01-09,한,수,,54,박흥진,김길중,511
4816,서울,2005-01-09,한,수,,54,한일영,이광수,443
4817,서울,2005-01-09,한,수,,53,강명준,유무성,473
4818,서울,2005-01-09,한,수,,56,윤치운,유영주,434
4819,서울,2005-01-09,한,수,,51,최상식,최춘섭,441
4820,서울,2005-01-09,한,수,,53,신우철,권영탁,491
4821,서울,2005-01-09,미,수,,51,김문갑,이종철,500
4822,서울,2005-01-09,한,수,,55,고옥봉,김용원,422
4823,서울,2005-01-09,한,수,,54,김양선,오해석,462
4824,서울,2005-01-09,한,수,,52,김재복,우동희,454
4825,서울,2005-01-09,미,수,,52,박대흥,정일권,495
4826,서울,2005-01-09,한,수,,52,김문갑,이수빈,497
4827,서울,2005-01-09,한,수,,56,김윤섭,김채겸,480
4828,서울,2005-01-09,한,수,,54,안해양,김휘남,529
4829,서울,2005-01-09,한,수,,54,이용준,신영식,418
4830,서울,2005-01-09,한,수,,53,한일영,이광수,474
4831,서울,2005-01-09,한,수,,51,강윤식,권익현,443
4832,서울,2005-01-09,미,수,,51,김학수,전기섭,494
4833,서울,2005-01-09,한,수,,53,곽영효,권광세,467
4834,서울,2005-01-09,미,수,,55.5,곽영효,양수화,494
4835,서울,2005-01-09,한,수,,52,하재흥,김정배,472
4836,서울,2005-01-09,한,수,,54,강승영,한선호,431
4837,서울,2005-01-09,한,수,,54,양재철,박현종,457
4838,서울,2005-01-09,한,수,,52,강승영,오호극,477
4839,서울,2005-01-09,한,암,,53,박원덕,윤흥열,430
4840,서울,2005-01-09,한,암,,53,서범석,신준수,439
4841,서울,2005-01-09,한,수,,54,이광복,유길상,495
4842,서울,2005-01-09,한,수,,54,이광복,최명균,440
4843,서울,2005-01-09,한,수,,57,김대근,한일사료,465
4844,서울,2005-01-09,미,수,,53,지용철,곽태훈,446
4845,서울,2005-01-09,한,수,,52,하재흥,조남대,493
4846,서울,2005-01-09,한,암,,51,고옥봉,김각경,432
4847,서울,2005-01-09,미,암,,52,김택수,김소영,514
4848,서울,2005-01-09,일,암,,52,이인호,민영길,466
4849,서울,2005-01-09,한,암,,55,김춘근,이동언,478
4850,서울,2005-01-09,한,암,,52,지용훈,이문철,470
4851,서울,2005-01-09,한,거,,55,김문갑,박성구,458
4852,서울,2005-01-09,한,거,,54,김명국,월곡목장영농조합,433
4853,서울,2005-01-09,한,거,,59,김대근,김정규,499
4854,서울,2005-01-09,미,거,,54.5,이왕언,김방철,513
4855,서울,2005-01-09,호,거,,52,박덕준,나정웅,505
4856,서울,2005-01-09,미,거,,53,김점오,김덕환,479
4857,서울,2005-01-09,한,거,,56,최영주,신항철,466
4858,서울,2005-01-09,미,거,,53,양재철,임관호,492
4859,서울,2005-01-09,한,거,,56,김명국,김용상,487
4860,서울,2005-01-09,한,거,,54,김대근,유병옥,456
4861,서울,2005-01-09,한,거,,56,배대선,양길순,467
4862,서울,2005-01-09,뉴,거,,54,지용철,구필모,507
4863,서울,2005-01-09,미,거,,52.5,박희철,오경의,485
4864,서울,2005-01-09,미,거,,56,김문갑,강완용,503
4865,서울,2005-01-09,뉴,거,,55,서범석,박남성,505
4866,서울,2005-01-09,한,수,,57,최영주,최상태,470
4867,서울,2005-01-09,한,수,,54,이종구,최인재,488
4868,서울,2005-01-09,한,수,,54,박대흥,지대섭,469
4869,서울,2005-01-09,한,거,,57,박흥진,이용대,436
4870,서울,2005-01-09,한,거,,54,신우철,신항식,479
4871,서울,2005-01-09,한,거,,53,박천서,유미개발,493
4872,서울,2005-01-09,한,거,,56,최영주,장석린외1인(신치구),498
4873,서울,2005-01-09,한,거,,52,강명준,최효순,463
4874,서울,2005-01-09,미,암,,53,박흥진,유준환,459
4875,서울,2005-01-09,한,암,,54,정지은,노환영,461
4876,서울,2005-01-15,한,암,,53,박대흥,청호컴넷(주),465
4877,서울,2005-01-15,한,암,,53,이왕언,이영서,451
4878,서울,2005-01-15,한,암,,51,신우철,김현래,421
4879,서울,2005-01-15,한,암,,53,윤치운,방형린,450
4880,서울,2005-01-15,한,암,,51,강윤식,이영숙,509
4881,서울,2005-01-15,한,암,,52,최영주,김노식,470
4882,서울,2005-01-15,한,암,,54,정지은,이부용,450
4883,서울,2005-01-15,한,암,,51,정지은,류순곤,501
4884,서울,2005-01-15,한,암,,55,윤치운,남귀현,443
4885,서울,2005-01-15,일,암,,50,서범석,문금주,509
4886,서울,2005-01-15,한,암,,53,박원덕,이효선,443
4887,서울,2005-01-15,한,암,,51,이용준,임기준,450
4888,서울,2005-01-15,한,암,,49,이희영,김진태,451
4889,서울,2005-01-15,한,암,,52,최혜식,조진환,450
4890,서울,2005-01-15,한,암,,52,김일성,일진코스메틱,490
4891,서울,2005-01-15,한,암,,51,김순근,김순주,431
4892,서울,2005-01-15,한,암,,48,김문갑,박흥길,435
4893,서울,2005-01-15,한,암,,50,김명국,오호극,407
4894,서울,2005-01-15,한,암,,52,임봉춘,권태우,449
4895,서울,2005-01-15,미,암,,52,최혜식,우두헌,458
4896,서울,2005-01-15,한,암,,54,박희철,경규환,461
4897,서울,2005-01-15,한,암,,56,박원덕,이효선,425
4898,서울,2005-01-15,한,암,,53,박흥진,김도윤,445
4899,서울,2005-01-15,일,암,,53,최혜식,조진환,477
4900,서울,2005-01-15,한,암,,52,김병용,김창식,444
4901,서울,2005-01-15,한,암,,53,지용철,이수길,514
4902,서울,2005-01-15,한,암,,53,정지은,지대섭,467
4903,서울,2005-01-15,한,암,,54,박흥진,최동천,490
4904,서울,2005-01-15,한,암,,53,박희철,김창희,460
4905,서울,2005-01-15,한,수,,52,임봉춘,박종률,467
4906,서울,2005-01-15,한,수,,53,신우철,선우패션,470
4907,서울,2005-01-15,한,수,,56,임형규,서상주,519
4908,서울,2005-01-15,한,암,,51,이광복,최건호,434
4909,서울,2005-01-15,뉴,암,,51,서범석,문금주,448
4910,서울,2005-01-15,미,수,,51,정지은,주경혜,485
4911,서울,2005-01-15,한,거,,52,고옥봉,정병조,511
4912,서울,2005-01-15,한,암,,51,이종구,이영웅,439
4913,서울,2005-01-15,한,암,,51.5,김양선,차영희,472
4914,서울,2005-01-15,미,거,,53,박진호,함병만,475
4915,서울,2005-01-15,미,암,,51,김일성,일진코스메틱,501
4916,서울,2005-01-15,한,암,,56,박희철,김병현,417
4917,서울,2005-01-15,한,암,,51,황의성,권오학,507
4918,서울,2005-01-15,한,암,,54,김대근,노병석,450
4919,서울,2005-01-15,한,암,,48,이광복,최명균,473
4920,서울,2005-01-15,한,암,,52,박덕준,허헌회,434
4921,서울,2005-01-15,일,암,,53,김순근,최상경,452
4922,서울,2005-01-15,한,수,,50,김점오,박준구,466
4923,서울,2005-01-15,한,수,,57,안해양,김휘남,520
4924,서울,2005-01-15,한,암,,53,최상식,조동식,424
4925,서울,2005-01-15,한,암,,50,이희영,곽영필,495
4926,서울,2005-01-15,한,암,,50,김윤섭,임수복,459
4927,서울,2005-01-15,한,암,,55,김윤섭,박정열,417
4928,서울,2005-01-15,뉴,암,,53,서범석,서순배,458
4929,서울,2005-01-15,한,암,,51,유재길,조병해,410
4930,서울,2005-01-15,한,암,,53,강승영,권영원,438
4931,서울,2005-01-15,뉴,암,,54,서범석,문금주,0
4932,서울,2005-01-15,한,암,,50,김춘근,이연택,454
4933,서울,2005-01-15,뉴,암,,54,박원덕,이효선,434
4934,서울,2005-01-15,한,암,,53,이왕언,서민석,422
4935,서울,2005-01-15,미,암,,54,이인호,장용석,478
4936,서울,2005-01-15,한,암,,51,신우철,권영탁,472
4937,서울,2005-01-15,한,암,,54,이광복,유길상,479
4938,서울,2005-01-15,한,수,,52,박희철,조원희,468
4939,서울,2005-01-15,한,수,,55,강승영,강남환,464
4940,서울,2005-01-15,한,수,,54,곽영효,이종무,502
4941,서울,2005-01-15,미,수,,54,김윤섭,한광세,484
4942,서울,2005-01-15,한,수,,54,김윤섭,김채겸,508
4943,서울,2005-01-15,한,수,,54,김일성,조승민,493
4944,서울,2005-01-15,한,수,,54,안해양,김진호,467
4945,서울,2005-01-15,한,수,,50,강윤식,이재호,447
4946,서울,2005-01-15,미,수,,56,김문갑,어울림네트웍스,484
4947,서울,2005-01-15,미,수,,56,양재철,임관호,487
4948,서울,2005-01-15,한,수,,53,김병용,박성환,475
4949,서울,2005-01-15,미,수,,54,이용준,임기준,517
4950,서울,2005-01-15,한,수,,54,안해양,윤여운,480
4951,서울,2005-01-15,한,수,,54,지용훈,조용학,513
4952,서울,2005-01-15,한,수,,58,신우철,안영환,501
4953,서울,2005-01-15,한,수,,51,최영주,권영원,467
4954,서울,2005-01-15,미,수,,56,박대흥,남승현,451
4955,서울,2005-01-15,한,수,,54,김대근,최상섭,468
4956,서울,2005-01-15,한,수,,54,배대선,박상헌,450
4957,서울,2005-01-15,한,수,,52,지용훈,조용학,507
4958,서울,2005-01-15,한,수,,53,지용철,이근우,513
4959,서울,2005-01-15,한,수,,52.5,이인호,오만준,483
4960,서울,2005-01-15,한,암,,53,김학수,박재범,428
4961,서울,2005-01-15,한,암,,53,김양선,정이남,435
4962,서울,2005-01-15,한,암,,50,정지은,노환영,437
4963,서울,2005-01-15,일,수,,54,김문갑,김성두,491
4964,서울,2005-01-15,한,암,,55,서범석,최상경,440
4965,서울,2005-01-15,한,암,,53,양재철,임관호,468
4966,서울,2005-01-15,한,암,,53,김순근,김상태,446
4967,서울,2005-01-15,한,거,,54,최상식,장재형,491
4968,서울,2005-01-15,한,거,,56,박대흥,최애식,480
4969,서울,2005-01-15,한,거,,53,고옥봉,전좌식,522
4970,서울,2005-01-15,뉴,거,,55,김재복,양길순,442
4971,서울,2005-01-15,한,거,,54,지용훈,조용학,453
4972,서울,2005-01-15,한,거,,54,김명국,김진철,438
4973,서울,2005-01-15,일,거,,54,하재흥,김웅세,461
4974,서울,2005-01-15,한,거,,51,김대근,노병석,418
4975,서울,2005-01-15,한,거,,54,박대흥,최애식,475
4976,서울,2005-01-15,미,거,,54,김명국,오호극,526
4977,서울,2005-01-15,한,거,,53,김일성,일진코스메틱,484
4978,서울,2005-01-15,한,거,,54,김윤섭,월곡목장영농조합,482
4979,서울,2005-01-15,한,수,,51,최혜식,박정열,467
4980,서울,2005-01-15,한,거,,54,김명국,김진철,0
4981,서울,2005-01-15,뉴,거,,55,배대선,이수홍,460
4982,서울,2005-01-15,한,거,,53,박흥진,이용대,500
4983,서울,2005-01-15,인,거,,58,서범석,김연호,445
4984,서울,2005-01-15,한,거,,52,박종곤,김정배,443
4985,서울,2005-01-15,한,수,,54,유재길,진교원,472
4986,서울,2005-01-15,미,수,,53,김재복,인치동,502
4987,서울,2005-01-15,한,수,,56,이용준,김명식,464
4988,서울,2005-01-15,한,수,,54,이용준,김종욱,477
4989,서울,2005-01-15,한,수,,51,박원덕,김소영,446
4990,서울,2005-01-15,한,수,,52,김점오,김덕환,470
4991,서울,2005-01-15,한,수,,52,배대선,이광수a,459
4992,서울,2005-01-15,한,수,,53,지용철,강성보,490
4993,서울,2005-01-15,한,수,,53,신우철,박정열,488
4994,서울,2005-01-15,한,수,,54,임형규,정수남,494
4995,서울,2005-01-15,한,수,,54,최상식,임우근,502
4996,서울,2005-01-15,한,수,,55,유재길,허병하,447
4997,서울,2005-01-15,한,수,,54,최혜식,이종원,473
4998,서울,2005-01-15,한,수,,54,박덕준,장수영,462
4999,서울,2005-01-15,한,수,,54,김윤섭,한광세,496
5000,서울,2005-01-15,한,수,,52,김문갑,이종철,476
5001,서울,2005-01-15,일,암,,53,김춘근,신준희,440
5002,서울,2005-01-16,한,수,,51,김일성,임상윤,461
5003,서울,2005-01-16,한,수,,54,하재흥,신동열,450
5004,서울,2005-01-16,한,수,,54,김재복,전기섭,441
5005,서울,2005-01-16,한,수,,57,한일영,홍영대,496
5006,서울,2005-01-16,한,수,,54,지용훈,이선호,463
5007,서울,2005-01-16,한,수,,52,하재흥,김경민,483
5008,서울,2005-01-16,한,수,,54,김학수,박남성,429
5009,서울,2005-01-16,미,수,,54,김문갑,어울림네트웍스,490
5010,서울,2005-01-16,일,수,,54,강명준,강홍수,491
5011,서울,2005-01-16,한,수,,51,박흥진,송용식,516
5012,서울,2005-01-16,한,수,,56,유재길,김양호,458
5013,서울,2005-01-16,한,수,,50,박진호,표순배,458
5014,서울,2005-01-16,한,수,,53,박흥진,김광영,428
5015,서울,2005-01-16,한,수,,56,이종구,최인재,424
5016,서울,2005-01-16,한,수,,56,김재복,김종한,501
5017,서울,2005-01-16,한,수,,56,한일영,심재식,465
5018,서울,2005-01-16,한,수,,52,박대흥,남승현,455
5019,서울,2005-01-16,한,수,,57,지용철,안대종,476
5020,서울,2005-01-16,한,수,,56,박윤규,신길우,447
5021,서울,2005-01-16,한,수,,57,김일성,이종복,501
5022,서울,2005-01-16,한,수,,56,윤치운,유영주,485
5023,서울,2005-01-16,한,수,,51,정지은,홍범기,425
5024,서울,2005-01-16,한,수,,54,김윤섭,진교원,486
5025,서울,2005-01-16,한,수,,56,강명준,배일성,445
5026,서울,2005-01-16,미,수,,52,김택수,김소영,415
5027,서울,2005-01-16,한,수,,51,최혜식,조진환,475
5028,서울,2005-01-16,한,암,,50,정지은,최병욱,479
5029,서울,2005-01-16,미,암,,51,강승영,오호극,435
5030,서울,2005-01-16,한,암,,53,박대흥,강충모,463
5031,서울,2005-01-16,한,암,,51,지용철,이수길,452
5032,서울,2005-01-16,한,암,,52,지용훈,김연호,473
5033,서울,2005-01-16,한,암,,53,김점오,유근수,456
5034,서울,2005-01-16,한,수,,56,고옥봉,김용원,419
5035,서울,2005-01-16,미,수,,57.5,박대흥,최애식,516
5036,서울,2005-01-16,한,수,,56,하재흥,신동열,487
5037,서울,2005-01-16,한,수,,55,서범석,문금주,470
5038,서울,2005-01-16,한,수,,56,강승영,권영원,473
5039,서울,2005-01-16,한,암,,53,김춘근,이보원,443
5040,서울,2005-01-16,한,암,,54,김대근,노병석,445
5041,서울,2005-01-16,한,거,,57,김대근,유병옥,455
5042,서울,2005-01-16,한,거,,53,하재흥,이용대,503
5043,서울,2005-01-16,미,거,,51,박윤규,신길우,435
5044,서울,2005-01-16,미,거,,56,김재복,김종한,507
5045,서울,2005-01-16,한,거,,51,박흥진,김도윤,473
5046,서울,2005-01-16,뉴,거,,51.5,박천서,박치문,464
5047,서울,2005-01-16,한,거,,56,김대근,김완배,464
5048,서울,2005-01-16,미,거,,51,이종구,정진태,507
5049,서울,2005-01-16,호,거,,56,배대선,서정훈,513
5050,서울,2005-01-16,한,거,,53,김명국,이재효,426
5051,서울,2005-01-16,한,거,,55,김점오,박환창,486
5052,서울,2005-01-16,한,수,,54,최상식,이필승,459
5053,서울,2005-01-16,한,수,,56,박대흥,남승현,487
5054,서울,2005-01-16,한,수,,54,유재길,이희연,514
5055,서울,2005-01-16,한,거,,56,이광복,이필승,442
5056,서울,2005-01-16,한,수,,53,박덕준,김영철,441
5057,서울,2005-01-16,한,수,,52,지용훈,남기태,446
5058,서울,2005-01-16,한,수,,54,최영주,변영남,458
5059,서울,2005-01-16,한,수,,58,신우철,안영환,457
5060,서울,2005-01-16,한,수,,53,김순근,제주축산개발,406
5061,서울,2005-01-16,한,수,,53,김학수,정이남,529
5062,서울,2005-01-16,한,수,,54,이용준,임기준,481
5063,서울,2005-01-16,미,수,,51,이광복,유길상,498
5064,서울,2005-01-16,한,수,,52,김순근,김순주,482
5065,서울,2005-01-16,한,수,,54,유재길,진교원,479
5066,서울,2005-01-16,한,암,,56,최상식,조동식,451
5067,서울,2005-01-16,한,암,,55,김춘근,이선종,474
5068,서울,2005-01-16,한,암,,53,유재길,박용훈,453
5069,서울,2005-01-16,호,암,,54,정지은,권광세,471
5070,서울,2005-01-16,뉴,암,,54,서범석,서순배,456
5071,서울,2005-01-16,한,암,,53,박종곤,김용정,390
5072,서울,2005-01-16,한,암,,52,안해양,윤훈현,445
5073,서울,2005-01-16,한,암,,53,윤치운,제주축협,491
5074,서울,2005-01-16,한,암,,51,고옥봉,박성구,477
5075,서울,2005-01-16,한,암,,54,정지은,월곡목장영농조합,436
5076,서울,2005-01-16,미,암,,54,양재철,임관호,424
5077,서울,2005-01-16,한,암,,52,김점오,박종호,500
5078,서울,2005-01-16,한,암,,53,윤치운,한광세,473
5079,서울,2005-01-16,한,암,,53,배대선,최효순,445
5080,서울,2005-01-16,한,암,,51,정지은,이부용,445
5081,서울,2005-01-16,한,암,,55,박천서,박엽래,465
5082,서울,2005-01-16,한,암,,50,박진호,정동진,466
5083,서울,2005-01-16,한,암,,51,박종곤,이재호,481
5084,서울,2005-01-16,한,암,,53,김윤섭,김연호,483
5085,서울,2005-01-16,한,암,,51,김병용,정몽규,436
5086,서울,2005-01-16,한,암,,53,이왕언,신건호,457
5087,서울,2005-01-16,한,암,,52,하재흥,김문환a,479
5088,서울,2005-01-16,한,암,,52,김순근,맹원재,433
5089,서울,2005-01-16,한,암,,52,김춘근,남웅종,478
5090,서울,2005-01-16,한,암,,55,최혜식,박정열,478
5091,서울,2005-01-16,한,암,,54,김양선,김종철,441
5092,서울,2005-01-16,한,암,,53,강명준,김광영,450
5093,서울,2005-01-16,한,암,,53,박흥진,송용식,414
5094,서울,2005-01-16,한,암,,51,정지은,노환영,458
5095,서울,2005-01-16,한,암,,53,김윤섭,윤세영,458
5096,서울,2005-01-16,한,암,,57,김재복,전기섭,468
5097,서울,2005-01-16,한,암,,54,양재철,한광희,452
5098,서울,2005-01-16,한,암,,52,김명국,김진철,444
5099,서울,2005-01-16,한,암,,58,박덕준,서승린,405
5100,서울,2005-01-16,한,암,,52,최영주,이영욱a,446
5101,서울,2005-01-16,한,암,,51.5,김재복,김병묵,472
5102,서울,2005-01-16,한,암,,53,곽영효,조진환,461
5103,서울,2005-01-16,한,암,,50,서범석,송숙자,444
5104,서울,2005-01-16,한,수,,57,하재흥,김경민,471
5105,서울,2005-01-16,한,암,,54,박희철,김방철,424
5106,서울,2005-01-16,한,암,,54,김명국,박양호,453
5107,서울,2005-01-16,한,수,,53,지용철,강성보,464
5108,서울,2005-01-16,한,수,,53,안해양,김길중,501
5109,서울,2005-01-16,한,수,,54,강윤식,박승만,493
5110,서울,2005-01-16,한,거,,54,이왕언,박정열,426
5111,서울,2005-01-16,한,암,,52,지용훈,전광선,434
5112,서울,2005-01-16,뉴,암,,52,박천서,이재진,446
5113,서울,2005-01-16,한,암,,53,서범석,신준수,507
5114,서울,2005-01-16,한,암,,53,박원덕,이종석,449
5115,서울,2005-01-16,한,암,,53,박종곤,박재범,454
5116,서울,2005-01-16,한,암,,53,윤치운,오금자,442
5117,서울,2005-01-16,한,암,,54,박진호,함운일,447
5118,서울,2005-01-16,한,암,,55,김윤섭,김준일,428
5119,서울,2005-01-16,한,암,,52,이종구,박정록,0
5120,서울,2005-01-16,미,암,,51,김양선,이항진,449
5121,서울,2005-01-16,한,암,,51.5,최상식,장재형,458
5122,서울,2005-01-16,한,암,,54,이용준,김진철,436
5123,서울,2005-01-16,미,암,,51,김재복,전기섭,483
5124,서울,2005-01-16,한,수,,54,서범석,문금주,478
5125,서울,2005-01-16,미,암,,52,임형규,황수웅,471
5126,서울,2005-01-16,한,암,,53,김양선,정세능,462
5127,서울,2005-01-16,한,암,,50,임봉춘,박태훈,456
5128,서울,2005-01-16,한,암,,50,강승영,정기찬,414
5129,서울,2005-01-16,한,암,,53,박종곤,박재범,470
5130,서울,2005-01-16,한,암,,54,강명준,김길중,413
5131,서울,2005-01-22,미,거,,53,김점오,김덕환,478
5132,서울,2005-01-22,한,수,,57,유재길,허건호,448
5133,서울,2005-01-22,미,수,,52,지용훈,조용학,505
5134,서울,2005-01-22,일,암,,53,서범석,김연호,467
5135,서울,2005-01-22,미,수,,54,강승영,권영원,563
5136,서울,2005-01-22,한,암,,53,임봉춘,정규상,455
5137,서울,2005-01-22,한,암,,52,박진호,김명식,413
5138,서울,2005-01-22,한,수,,55,박원덕,이종석,438
5139,서울,2005-01-22,한,수,,51,지용철,이수길,496
5140,서울,2005-01-22,한,수,,55,박종곤,김진엽,470
5141,서울,2005-01-22,한,수,,54,임봉춘,지원철,442
5142,서울,2005-01-22,한,암,,53,김재복,조병해,488
5143,서울,2005-01-22,한,암,,51,양재철,박현종,463
5144,서울,2005-01-22,한,거,,57,이인호,변웅전,441
5145,서울,2005-01-22,한,암,,53,최혜식,이종원,463
5146,서울,2005-01-22,한,거,,55,이왕언,박정열,0
5147,서울,2005-01-22,한,암,,55,박덕준,서승린,448
5148,서울,2005-01-22,한,암,,55,김순근,권영술,427
5149,서울,2005-01-22,한,암,,51,김문갑,어울림네트웍스,484
5150,서울,2005-01-22,한,암,,51,김택수,윤일균,444
5151,서울,2005-01-22,한,암,,53,김춘근,이동언,403
5152,서울,2005-01-22,한,암,,53,박덕준,나정웅,415
5153,서울,2005-01-22,뉴,암,,51,김춘근,신준희,458
5154,서울,2005-01-22,한,암,,53,김명국,박양호,446
5155,서울,2005-01-22,미,암,,53,이종구,정진태,439
5156,서울,2005-01-22,한,암,,53,임봉춘,장세창,483
5157,서울,2005-01-22,한,암,,53,김양선,서운석,450
5158,서울,2005-01-22,한,암,,55,박희철,장석린외1인(신치구),440
5159,서울,2005-01-22,한,암,,51,이희영,김연호,419
5160,서울,2005-01-22,한,암,,51,임봉춘,박종률,453
5161,서울,2005-01-22,한,암,,53,고옥봉,정병조,468
5162,서울,2005-01-22,한,암,,51,박종곤,정화섭,445
5163,서울,2005-01-22,한,암,,55,김윤섭,심상춘,442
5164,서울,2005-01-22,한,암,,50,이희영,이상용,445
5165,서울,2005-01-22,미,암,,52,박원덕,최윤호,427
5166,서울,2005-01-22,한,암,,50,박진호,명인환,460
5167,서울,2005-01-22,한,암,,53,김명국,김진철,432
5168,서울,2005-01-22,한,암,,51,지용철,이수길,472
5169,서울,2005-01-22,한,암,,55,김윤섭,김준일,397
5170,서울,2005-01-22,한,암,,53,김대근,김정규,461
5171,서울,2005-01-22,한,암,,52,김병용,박흥길,448
5172,서울,2005-01-22,미,암,,50,정지은,청호컴넷(주),455
5173,서울,2005-01-22,한,암,,53,김명국,풀무원건강식품(주),484
5174,서울,2005-01-22,한,암,,54,박흥진,장경환,427
5175,서울,2005-01-22,미,암,,55,황의성,윤일균,471
5176,서울,2005-01-22,미,암,,55,김윤섭,심상춘,493
5177,서울,2005-01-22,한,암,,51,고옥봉,전좌식,493
5178,서울,2005-01-22,한,암,,54,유재길,이동재,462
5179,서울,2005-01-22,한,암,,50,지용훈,이민문,451
5180,서울,2005-01-22,한,암,,52,임봉춘,박상선,449
5181,서울,2005-01-22,한,암,,53,박대흥,최춘섭,467
5182,서울,2005-01-22,뉴,암,,51,서범석,문금주,466
5183,서울,2005-01-22,한,암,,53,유재길,허병하,466
5184,서울,2005-01-22,한,암,,51,고옥봉,오일랑,476
5185,서울,2005-01-22,한,암,,53,신우철,김병현,476
5186,서울,2005-01-22,한,암,,50,서범석,장철환,461
5187,서울,2005-01-22,한,암,,53,김대근,노병석,433
5188,서울,2005-01-22,한,암,,53,최상식,조동식,393
5189,서울,2005-01-22,한,암,,52,고옥봉,이기선,491
5190,서울,2005-01-22,한,암,,51,임형규,이기선,424
5191,서울,2005-01-22,한,거,,52,박대흥,남승현,476
5192,서울,2005-01-22,한,거,,57,이용준,김명식,455
5193,서울,2005-01-22,한,거,,56,최영주,신영균,452
5194,서울,2005-01-22,한,거,,54,박희철,서정훈,509
5195,서울,2005-01-22,미,거,,54,김재복,김종한,478
5196,서울,2005-01-22,한,거,,51,안해양,김휘남,498
5197,서울,2005-01-22,한,거,,54,유재길,월곡목장영농조합,467
5198,서울,2005-01-22,미,암,,54,이종구,정진태,384
5199,서울,2005-01-22,뉴,거,,53,하재흥,신동열,475
5200,서울,2005-01-22,한,거,,51,김대근,유병옥,460
5201,서울,2005-01-22,미,거,,54,김일성,임상윤,489
5202,서울,2005-01-22,아일,거,,58,이인호,오만준,502
5203,서울,2005-01-22,미,거,,51,양재철,박현종,478
5204,서울,2005-01-22,한,거,,51,최영주,홍성운,473
5205,서울,2005-01-22,한,거,,58,이왕언,이영서,477
5206,서울,2005-01-22,한,거,,51,정지은,권광세,500
5207,서울,2005-01-22,한,거,,53,박천서,신건호,450
5208,서울,2005-01-22,한,수,,54,김택수,권오학,439
5209,서울,2005-01-22,한,수,,54,김윤섭,심상춘,485
5210,서울,2005-01-22,한,수,,50,김일성,이종복,480
5211,서울,2005-01-22,한,수,,54,김문갑,김서운,443
5212,서울,2005-01-22,한,수,,57,안해양,김휘남,436
5213,서울,2005-01-22,한,수,,54,하재흥,김웅세,478
5214,서울,2005-01-22,한,거,,57,황의성,권오학,468
5215,서울,2005-01-22,한,거,,54,김윤섭,김연호,464
5216,서울,2005-01-22,한,거,,53,임형규,박정록,439
5217,서울,2005-01-22,한,수,,54,윤치운,이기인,462
5218,서울,2005-01-22,한,수,,54,김명국,이태식,496
5219,서울,2005-01-22,한,수,,54,강승영,지대섭,448
5220,서울,2005-01-22,한,수,,54,최영주,반승일,438
5221,서울,2005-01-22,한,수,,53,하재흥,신동열,511
5222,서울,2005-01-22,한,수,,56,지용철,우쾌제,491
5223,서울,2005-01-22,한,수,,53,정지은,홍범기,429
5224,서울,2005-01-22,한,수,,56,이광복,유길상,459
5225,서울,2005-01-22,한,수,,57,이광복,최건호,453
5226,서울,2005-01-22,한,수,,55,박흥진,이용대,476
5227,서울,2005-01-22,한,수,,53,박흥진,김길중,505
5228,서울,2005-01-22,한,수,,56,서범석,신준수,448
5229,서울,2005-01-22,한,수,,54,김일성,강태은,481
5230,서울,2005-01-22,한,수,,54,박희철,오경의,451
5231,서울,2005-01-22,한,수,,54,이인호,권영술,472
5232,서울,2005-01-22,한,수,,54,박덕준,허헌회,512
5233,서울,2005-01-22,한,수,,52,강승영,강남환,403
5234,서울,2005-01-22,한,수,,51,이희영,김진태,472
5235,서울,2005-01-22,한,수,,55,정지은,이경우,475
5236,서울,2005-01-22,한,수,,54,박종곤,이웅열,474
5237,서울,2005-01-22,미,수,,56,이용준,김명식,545
5238,서울,2005-01-22,일,수,,54,김춘근,이종현,491
5239,서울,2005-01-22,한,수,,58.5,김점오,김덕환,469
5240,서울,2005-01-22,한,수,,57,강윤식,이영숙,489
5241,서울,2005-01-22,한,수,,55,서범석,오상철,512
5242,서울,2005-01-22,한,수,,54,박흥진,장경환,440
5243,서울,2005-01-22,한,수,,54,배대선,이광수a,451
5244,서울,2005-01-22,한,수,,54,지용철,구필모,484
5245,서울,2005-01-22,한,수,,53,고옥봉,전좌식,458
5246,서울,2005-01-22,한,수,,55.5,박진호,함운일,492
5247,서울,2005-01-22,한,수,,58,김일성,조승민,458
5248,서울,2005-01-22,한,수,,56,윤치운,오금자,497
5249,서울,2005-01-22,미,수,,56,김점오,박준구,415
5250,서울,2005-01-22,한,수,,56,박종곤,김진엽,471
5251,서울,2005-01-22,한,수,,53,하재흥,이유환,443
5252,서울,2005-01-22,한,암,,55,강명준,김광영,443
5253,서울,2005-01-22,한,암,,53,김명국,이태식,493
5254,서울,2005-01-22,한,암,,51,고옥봉,박요선,497
5255,서울,2005-01-22,한,수,,52,강승영,강남환,445
5256,서울,2005-01-22,한,수,,56,김윤섭,진교원,491
5257,서울,2005-01-22,일,수,,56,박진호,명인환,515
5258,서울,2005-01-22,한,수,,53,김병용,송근철,449
5259,서울,2005-01-22,한,수,,52,신우철,안영환,454
5260,서울,2005-01-22,한,수,,50,지용철,이근우,430
5261,서울,2005-01-23,한,수,,56,김양선,정세능,466
5262,서울,2005-01-23,일,수,,55.5,박희철,유정희,485
5263,서울,2005-01-23,미,수,,60,박희철,오경의,482
5264,서울,2005-01-23,한,수,,56,신우철,심상필,492
5265,서울,2005-01-23,한,수,,54,윤치운,오금자,464
5266,서울,2005-01-23,한,수,,54,김일성,일진코스메틱,458
5267,서울,2005-01-23,한,수,,53,김병용,정몽규,483
5268,서울,2005-01-23,한,수,,54,이종구,이영웅,475
5269,서울,2005-01-23,한,수,,56,양재철,장철환,497
5270,서울,2005-01-23,한,수,,56,임형규,이기선,444
5271,서울,2005-01-23,한,수,,58,김일성,강태은,475
5272,서울,2005-01-23,한,수,,58,고옥봉,이기선,460
5273,서울,2005-01-23,한,수,,56,강윤식,지성한,457
5274,서울,2005-01-23,한,수,,54,강명준,김광영,465
5275,서울,2005-01-23,한,수,,57,김병용,박흥길,440
5276,서울,2005-01-23,한,수,,56,김대근,권미세,466
5277,서울,2005-01-23,한,수,,54,김윤섭,한광세,511
5278,서울,2005-01-23,한,수,,54,지용훈,이민문,500
5279,서울,2005-01-23,한,수,,56,박덕준,허헌회,440
5280,서울,2005-01-23,한,수,,58,이희영,노승구,446
5281,서울,2005-01-23,한,수,,54,강승영,한선호,425
5282,서울,2005-01-23,한,수,,54,박대흥,김희라,478
5283,서울,2005-01-23,한,수,,51.5,이왕언,최창걸,448
5284,서울,2005-01-23,한,수,,58,배대선,이수홍,437
5285,서울,2005-01-23,한,수,,56,김춘근,김한영,468
5286,서울,2005-01-23,한,수,,51,임봉춘,박태훈,463
5287,서울,2005-01-23,한,암,,56,강윤식,지성한,460
5288,서울,2005-01-23,한,암,,52,박천서,천병득,443
5289,서울,2005-01-23,한,수,,55,유재길,허병하,457
5290,서울,2005-01-23,한,거,,53,정지은,박찬준,503
5291,서울,2005-01-23,미,거,,56,곽영효,전덕순,491
5292,서울,2005-01-23,미,거,,55,강윤식,지성한,432
5293,서울,2005-01-23,뉴,거,,53,박덕준,나정웅,475
5294,서울,2005-01-23,한,암,,57.5,안해양,이상홍,452
5295,서울,2005-01-23,미,거,,58,박원덕,이종석,472
5296,서울,2005-01-23,한,거,,54,박원덕,이정원,434
5297,서울,2005-01-23,한,거,,50,김일성,강태은,500
5298,서울,2005-01-23,뉴,거,,57,하재흥,이상오,474
5299,서울,2005-01-23,한,거,,54,박희철,경규환,467
5300,서울,2005-01-23,한,거,,57,양재철,윤임구,528
5301,서울,2005-01-23,한,거,,53,하재흥,김영수,481
5302,서울,2005-01-23,한,거,,56,박대흥,강충모,481
5303,서울,2005-01-23,한,거,,54,곽영효,양수화,427
5304,서울,2005-01-23,한,수,,56,박종곤,링크폴로,474
5305,서울,2005-01-23,한,수,,56,이왕언,김방철,481
5306,서울,2005-01-23,한,수,,54,최혜식,은희만,460
5307,서울,2005-01-23,뉴,거,,57,이종구,박정록,488
5308,서울,2005-01-23,한,거,,56,박희철,장석린외1인(신치구),473
5309,서울,2005-01-23,미,거,,53,김학수,박남성,525
5310,서울,2005-01-23,뉴,거,,58,배대선,이수홍,464
5311,서울,2005-01-23,뉴,거,,59,이종구,최인재,493
5312,서울,2005-01-23,한,거,,54,양재철,윤임구,415
5313,서울,2005-01-23,영,거,,53,김윤섭,김채겸,450
5314,서울,2005-01-23,한,거,,56,이왕언,박성구,505
5315,서울,2005-01-23,한,거,,55,배대선,이수홍,513
5316,서울,2005-01-23,한,거,,56,곽영효,전영채,466
5317,서울,2005-01-23,한,수,,56,김점오,이송,492
5318,서울,2005-01-23,한,수,,55,하재흥,이중연,470
5319,서울,2005-01-23,한,수,,52,박진호,정동진,480
5320,서울,2005-01-23,한,수,,58,김순근,청호컴넷(주),452
5321,서울,2005-01-23,한,수,,57,신우철,최관식,504
5322,서울,2005-01-23,한,수,,54,김일성,류근상,0
5323,서울,2005-01-23,한,수,,54,박종곤,김용정,468
5324,서울,2005-01-23,한,수,,54,신우철,최관식,453
5325,서울,2005-01-23,한,암,,54,서범석,장철환,512
5326,서울,2005-01-23,한,암,,51,정지은,홍범기,450
5327,서울,2005-01-23,한,암,,54,정지은,최여경,405
5328,서울,2005-01-23,한,암,,50,김순근,최상경,403
5329,서울,2005-01-23,한,암,,53,임봉춘,박상선,461
5330,서울,2005-01-23,일,암,,52,박진호,박효봉,471
5331,서울,2005-01-23,한,암,,54,강윤식,박승만,473
5332,서울,2005-01-23,한,암,,56,김양선,홍평우,445
5333,서울,2005-01-23,한,암,,53,유재길,허병하,497
5334,서울,2005-01-23,미,암,,52,박천서,천병득,447
5335,서울,2005-01-23,한,암,,56,김양선,김종철,458
5336,서울,2005-01-23,한,암,,53,신우철,박정열,464
5337,서울,2005-01-23,한,암,,54,박흥진,유준환,493
5338,서울,2005-01-23,한,암,,53,이광복,최건호,462
5339,서울,2005-01-23,한,암,,54,지용훈,이문철,448
5340,서울,2005-01-23,미,암,,57,김재복,김한영,486
5341,서울,2005-01-23,한,암,,53,김대근,김진구,448
5342,서울,2005-01-23,한,암,,53,임봉춘,윤일균,433
5343,서울,2005-01-23,한,암,,55,김학수,이긍범,438
5344,서울,2005-01-23,한,암,,52,최상식,장현종,452
5345,서울,2005-01-23,한,암,,51,서범석,오상철,416
5346,서울,2005-01-23,미,암,,54,박윤규,홍기석,435
5347,서울,2005-01-23,미,암,,50,김대근,최상섭,433
5348,서울,2005-01-23,한,암,,52,이희영,노승구,434
5349,서울,2005-01-23,한,암,,48,김학수,김병묵,410
5350,서울,2005-01-23,한,암,,53,이종구,정진태,442
5351,서울,2005-01-23,한,암,,53,최혜식,박경만,425
5352,서울,2005-01-23,한,암,,53.5,박흥진,선우패션,0
5353,서울,2005-01-23,한,암,,53,고옥봉,박요선,435
5354,서울,2005-01-23,한,암,,54,임봉춘,정규상,470
5355,서울,2005-01-23,한,암,,54,강명준,김광영,416
5356,서울,2005-01-23,한,암,,53,서정하,구자선,468
5357,서울,2005-01-23,한,암,,53,황의성,조병용,461
5358,서울,2005-01-23,한,암,,53,강윤식,지성한,481
5359,서울,2005-01-23,미,거,,51.5,김양선,이항진,476
5360,서울,2005-01-23,한,수,,53,김윤섭,윤세영,452
5361,서울,2005-01-23,한,수,,55,최상식,장현종,454
5362,서울,2005-01-23,한,암,,54,유재길,박용훈,490
5363,서울,2005-01-23,한,수,,56,강승영,강남환,429
5364,서울,2005-01-23,한,수,,56,최혜식,박상선,467
5365,서울,2005-01-23,한,암,,56,배대선,이수홍,442
5366,서울,2005-01-23,한,암,,51,김일성,이종복,442
5367,서울,2005-01-23,미,거,,55,지용철,안대종,466
5368,서울,2005-01-23,한,암,,51,임형규,신동호,438
5369,서울,2005-01-23,한,암,,53,최상식,박기흥,478
5370,서울,2005-01-23,한,암,,54,박희철,조원희,449
5371,서울,2005-01-23,한,암,,54,곽영효,강용식,509
5372,서울,2005-01-23,한,암,,53,최영주,권영원,450
5373,서울,2005-01-23,한,암,,53,최상식,박기흥,496
5374,서울,2005-01-23,한,암,,51.5,김춘근,김상태,463
5375,서울,2005-01-23,한,암,,55,한일영,대한사료,444
5376,서울,2005-01-23,한,암,,54,곽영효,강대기,444
5377,서울,2005-01-23,한,암,,51,임형규,김영수,423
5378,서울,2005-01-23,한,암,,53,박천서,천병득,471
5379,서울,2005-01-23,한,암,,50,김학수,전기섭,436
5380,서울,2005-01-23,한,암,,52,박흥진,장경환,442
5381,서울,2005-01-23,일,암,,50,유재길,진교원,489
5382,서울,2005-01-23,한,암,,52,김학수,조규학,431
5383,서울,2005-01-23,한,암,,56,신우철,김덕애,417
5384,서울,2005-01-23,한,암,,51,박덕준,백운창,452
5385,서울,2005-01-23,한,암,,54.5,신우철,김경민,494
5386,서울,2005-01-29,한,암,,54,김재복,우동희,421
5387,서울,2005-01-29,한,암,,54,이종구,백종헌,481
5388,서울,2005-01-29,한,암,,53,이인호,민태구,444
5389,서울,2005-01-29,미,암,,52,김재복,전기섭,463
5390,서울,2005-01-29,한,암,,53,박흥진,이용대,436
5391,서울,2005-01-29,한,암,,54,최상식,장현종,435
5392,서울,2005-01-29,한,암,,50,김명국,오호극,395
5393,서울,2005-01-29,뉴,암,,51,김순근,최상경,398
5394,서울,2005-01-29,한,암,,55,김재복,전기섭,418
5395,서울,2005-01-29,미,암,,55,김춘근,김한영,433
5396,서울,2005-01-29,한,암,,50,김병용,송근철,443
5397,서울,2005-01-29,한,암,,55,박종곤,링크폴로,430
5398,서울,2005-01-29,일,암,,53,이인호,민영길,457
5399,서울,2005-01-29,한,암,,51,고옥봉,오일랑,400
5400,서울,2005-01-29,한,암,,53,고옥봉,정병조,449
5401,서울,2005-01-29,한,암,,56,박원덕,이정원,420
5402,서울,2005-01-29,한,암,,52,박천서,정일권,441
5403,서울,2005-01-29,한,암,,52,김재복,박재율,455
5404,서울,2005-01-29,한,암,,53,박윤규,권오학,458
5405,서울,2005-01-29,한,암,,53,박흥진,유준환,454
5406,서울,2005-01-29,한,암,,53,김순근,서운석,478
5407,서울,2005-01-29,한,암,,54,박덕준,최원곤,463
5408,서울,2005-01-29,한,암,,52,이용준,박성구,434
5409,서울,2005-01-29,한,암,,54,이용준,김우창,450
5410,서울,2005-01-29,한,거,,52,최영주,박선주,443
5411,서울,2005-01-29,뉴,거,,50,강승영,이강수,449
5412,서울,2005-01-29,한,암,,55,김춘근,남웅종,460
5413,서울,2005-01-29,뉴,거,,51,한일영,이광수,457
5414,서울,2005-01-29,한,거,,57,김대근,최상섭,457
5415,서울,2005-01-29,뉴,거,,52,김춘근,이선종,496
5416,서울,2005-01-29,한,수,,51,박흥진,이종휘,497
5417,서울,2005-01-29,한,암,,51.5,김대근,한일사료,440
5418,서울,2005-01-29,한,암,,53,배대선,박희주,470
5419,서울,2005-01-29,한,암,,56,김재복,조규학,386
5420,서울,2005-01-29,뉴,암,,51,서범석,김윤기,444
5421,서울,2005-01-29,한,암,,53,최상식,장현종,441
5422,서울,2005-01-29,한,암,,53,김대근,노병석,403
5423,서울,2005-01-29,한,암,,55,유재길,박용훈,442
5424,서울,2005-01-29,한,수,,54.5,이광복,대일화학,535
5425,서울,2005-01-29,한,수,,53,이왕언,최창걸,510
5426,서울,2005-01-29,한,수,,57,유재길,허병하,447
5427,서울,2005-01-29,미,수,,56,김점오,박환창,510
5428,서울,2005-01-29,한,수,,54,서범석,이재만,450
5429,서울,2005-01-29,한,암,,51,정지은,박상단,440
5430,서울,2005-01-29,한,암,,53,고옥봉,윤해영,425
5431,서울,2005-01-29,한,암,,54,이왕언,최창걸,461
5432,서울,2005-01-29,한,거,,56,김대근,노병석,506
5433,서울,2005-01-29,한,암,,53,박종곤,박재범,460
5434,서울,2005-01-29,한,암,,53,이광복,신항식,460
5435,서울,2005-01-29,한,암,,56,이인호,오만준,435
5436,서울,2005-01-29,한,암,,50,지용철,김우창,418
5437,서울,2005-01-29,한,암,,50,김일성,이종복,434
5438,서울,2005-01-29,한,암,,51,지용훈,조용학,459
5439,서울,2005-01-29,한,암,,54,김점오,박영철,463
5440,서울,2005-01-29,일,암,,55,김순근,이재만,434
5441,서울,2005-01-29,한,암,,51,윤치운,안응수,458
5442,서울,2005-01-29,한,수,,54,정지은,에쓰푸드홀딩스(주),462
5443,서울,2005-01-29,미,수,,55,김양선,김종철,525
5444,서울,2005-01-29,한,암,,51,김문갑,이수빈,458
5445,서울,2005-01-29,한,암,,49,지용훈,김연호,480
5446,서울,2005-01-29,한,암,,51,박대흥,오준석,452
5447,서울,2005-01-29,한,암,,50,신우철,김우식,447
5448,서울,2005-01-29,한,수,,56,강명준,이광수a,467
5449,서울,2005-01-29,한,수,,55,지용철,강성보,482
5450,서울,2005-01-29,한,수,,53,이광복,최명균,487
5451,서울,2005-01-29,한,수,,56,박덕준,문창완,510
5452,서울,2005-01-29,한,수,,56,이종구,최수군,474
5453,서울,2005-01-29,한,수,,54,곽영효,강신호,487
5454,서울,2005-01-29,호,수,,53,박대흥,남승현,525
5455,서울,2005-01-29,한,수,,54,안해양,이상홍,506
5456,서울,2005-01-29,미,수,,55.5,지용훈,이선호,479
5457,서울,2005-01-29,한,수,,58,지용훈,이선호,501
5458,서울,2005-01-29,한,수,,54,임형규,정수남,430
5459,서울,2005-01-29,한,수,,55,박희철,조원희,465
5460,서울,2005-01-29,한,수,,57,김병용,양재열,473
5461,서울,2005-01-29,한,수,,54,안해양,유수택,524
5462,서울,2005-01-29,한,수,,54,윤치운,유영주,0
5463,서울,2005-01-29,한,수,,54,이종구,백종헌,461
5464,서울,2005-01-29,한,수,,54,김명국,코스틸,474
5465,서울,2005-01-29,한,수,,53,하재흥,김영수,438
5466,서울,2005-01-29,한,수,,54,이희영,민영길,482
5467,서울,2005-01-29,미,수,,53,이종구,이영웅,482
5468,서울,2005-01-29,한,수,,56,박흥진,김도윤,510
5469,서울,2005-01-29,한,수,,54,이희영,오호극,463
5470,서울,2005-01-29,한,수,,56,안해양,김휘남,482
5471,서울,2005-01-29,미,수,,54,박흥진,김도윤,518
5472,서울,2005-01-29,한,암,,53,유재길,송근철,450
5473,서울,2005-01-29,한,암,,51,한일영,대한사료,445
5474,서울,2005-01-29,미,수,,55,이왕언,신건호,506
5475,서울,2005-01-29,한,수,,51,이희영,곽영필,484
5476,서울,2005-01-29,한,수,,54,황의성,이광수,508
5477,서울,2005-01-29,한,수,,52,최상식,장현종,482
5478,서울,2005-01-29,한,거,,56,이희영,김용상,469
5479,서울,2005-01-29,한,거,,54,임봉춘,박종률,484
5480,서울,2005-01-29,한,거,,51,김일성,임상윤,422
5481,서울,2005-01-29,한,거,,56,박원덕,박정웅,441
5482,서울,2005-01-29,한,거,,54,유재길,권영탁,472
5483,서울,2005-01-29,한,거,,57,이희영,이주형,468
5484,서울,2005-01-29,한,거,,56,김문갑,김익영,425
5485,서울,2005-01-29,미,거,,58,강승영,이승택,488
5486,서울,2005-01-29,한,거,,57,박대흥,최애식,470
5487,서울,2005-01-29,뉴,거,,54.5,박덕준,서승린,453
5488,서울,2005-01-29,미,거,,56,김택수,김양호,487
5489,서울,2005-01-29,한,거,,56,이용준,김명식,484
5490,서울,2005-01-29,뉴,거,,57,최혜식,박상선,478
5491,서울,2005-01-29,뉴,거,,51,박덕준,허헌회,449
5492,서울,2005-01-29,뉴,거,,57,박덕준,백운창,487
5493,서울,2005-01-29,한,거,,51,박덕준,백운창,441
5494,서울,2005-01-29,뉴,거,,56,최혜식,권영탁,471
5495,서울,2005-01-29,한,수,,51,강윤식,권익현,441
5496,서울,2005-01-29,한,수,,56,김점오,유순목,466
5497,서울,2005-01-29,미,거,,53,정지은,권광세,458
5498,서울,2005-01-29,호,거,,55,지용철,구필모,482
5499,서울,2005-01-29,뉴,거,,55,배대선,이수홍,452
5500,서울,2005-01-29,뉴,거,,54,이용준,박성구,538
5501,서울,2005-01-29,미,거,,53,박진호,함병만,473
5502,서울,2005-01-29,뉴,거,,57,박덕준,김영철,473
5503,서울,2005-01-29,한,거,,55,고옥봉,정이남,466
5504,서울,2005-01-29,한,거,,54,김명국,월곡목장영농조합,431
5505,서울,2005-01-29,한,수,,55,강승영,한선호,444
5506,서울,2005-01-29,한,수,,54,임봉춘,이선종,479
5507,서울,2005-01-29,미,암,,53,박원덕,안덕기,471
5508,서울,2005-01-29,한,암,,53.5,최혜식,은희만,446
5509,서울,2005-01-29,한,암,,53,양재철,박현종,451
5510,서울,2005-01-29,한,암,,51,이용준,신영식,442
5511,서울,2005-01-29,한,암,,51,고옥봉,장홍주,500
5512,서울,2005-01-30,한,암,,53,지용훈,이선호,414
5513,서울,2005-01-30,한,거,,51,박대흥,강충모,453
5514,서울,2005-01-30,뉴,거,,52,박진호,명인환,532
5515,서울,2005-01-30,미,거,,51,강승영,지대섭,467
5516,서울,2005-01-30,한,거,,56,곽영효,조진환,417
5517,서울,2005-01-30,호,거,,51,지용훈,조용학,493
5518,서울,2005-01-30,한,거,,53,박진호,명인환,496
5519,서울,2005-01-30,미,거,,50,이용준,김용원,486
5520,서울,2005-01-30,일,수,,54,최영주,신항철,510
5521,서울,2005-01-30,한,수,,54,신우철,선우패션,489
5522,서울,2005-01-30,미,거,,51,김양선,오해석,502
5523,서울,2005-01-30,한,거,,55,김점오,김창희,452
5524,서울,2005-01-30,뉴,거,,53,김재복,정이남,435
5525,서울,2005-01-30,한,수,,50,지용훈,이선호,459
5526,서울,2005-01-30,한,수,,54,배대선,박상헌,443
5527,서울,2005-01-30,한,수,,54,김춘근,이연택,473
5528,서울,2005-01-30,한,수,,54,김문갑,이재욱,457
5529,서울,2005-01-30,미,수,,51,김택수,이희연,497
5530,서울,2005-01-30,미,수,,51,최혜식,이종원,469
5531,서울,2005-01-30,일,수,,52.5,이광복,유길상,497
5532,서울,2005-01-30,한,수,,56,지용훈,이문철,473
5533,서울,2005-01-30,한,수,,54,정지은,청호컴넷(주),489
5534,서울,2005-01-30,한,수,,54,박윤규,김신태,493
5535,서울,2005-01-30,한,수,,58.5,김문갑,김익영,487
5536,서울,2005-01-30,한,수,,55,윤치운,유영주,467
5537,서울,2005-01-30,한,수,,54,김일성,강태은,501
5538,서울,2005-01-30,한,수,,56,김학수,김정근,452
5539,서울,2005-01-30,한,수,,57,강윤식,박동규,484
5540,서울,2005-01-30,한,수,,51,양재철,윤임구,481
5541,서울,2005-01-30,한,수,,54,신우철,이재진,467
5542,서울,2005-01-30,한,수,,57,김순근,월곡목장영농조합,433
5543,서울,2005-01-30,한,수,,55,강윤식,박승만,483
5544,서울,2005-01-30,한,수,,55,신우철,김현래,495
5545,서울,2005-01-30,한,수,,54,이인호,오만준,434
5546,서울,2005-01-30,한,수,,54,최상식,장재형,462
5547,서울,2005-01-30,한,수,,54,박흥진,최효순,477
5548,서울,2005-01-30,한,수,,56,곽영효,김기용,503
5549,서울,2005-01-30,한,수,,51,지용철,곽태훈,488
5550,서울,2005-01-30,한,수,,50,정지은,이부용,483
5551,서울,2005-01-30,미,수,,57.5,김문갑,박용오,465
5552,서울,2005-01-30,한,수,,54,김순근,권영술,453
5553,서울,2005-01-30,한,수,,56,김양선,구자선,462
5554,서울,2005-01-30,한,수,,54,박대흥,남승현,480
5555,서울,2005-01-30,한,수,,54,한일영,심재식,434
5556,서울,2005-01-30,한,수,,53,김점오,김덕환,491
5557,서울,2005-01-30,한,수,,53,최상식,장재형,451
5558,서울,2005-01-30,한,수,,56,최혜식,박치문,444
5559,서울,2005-01-30,미,수,,54,양재철,김종화,460
5560,서울,2005-01-30,한,암,,51,김점오,김덕환,432
5561,서울,2005-01-30,미,수,,51,지용철,안대종,514
5562,서울,2005-01-30,한,수,,56,이용준,신영식,497
5563,서울,2005-01-30,한,수,,56,박덕준,문창완,510
5564,서울,2005-01-30,한,수,,51,배대선,박희주,467
5565,서울,2005-01-30,한,수,,56,박희철,장석린외1인(신치구),466
5566,서울,2005-01-30,한,수,,57,한일영,이광수,440
5567,서울,2005-01-30,한,수,,56.5,곽영효,이종무,506
5568,서울,2005-01-30,한,수,,54,김문갑,이수빈,484
5569,서울,2005-01-30,한,수,,56,김문갑,이종철,460
5570,서울,2005-01-30,한,수,,53,김춘근,남웅종,436
5571,서울,2005-01-30,한,암,,54,이용준,임기준,453
5572,서울,2005-01-30,한,암,,56,곽영효,강용식,454
5573,서울,2005-01-30,한,암,,49,김춘근,월곡목장영농조합,439
5574,서울,2005-01-30,한,수,,56,신우철,권영탁,486
5575,서울,2005-01-30,한,수,,52,양재철,임관호,487
5576,서울,2005-01-30,한,수,,54,김문갑,박환창,450
5577,서울,2005-01-30,한,수,,57,황의성,이광수,486
5578,서울,2005-01-30,호,암,,53,윤치운,민영길,462
5579,서울,2005-01-30,한,암,,54,박덕준,장수영,462
5580,서울,2005-01-30,한,암,,52,김병용,박흥길,452
5581,서울,2005-01-30,한,암,,50,최상식,임우근,416
5582,서울,2005-01-30,뉴,거,,55,박원덕,이효선,482
5583,서울,2005-01-30,한,암,,54,유재길,허병하,427
5584,서울,2005-01-30,한,암,,51,신우철,권영탁,460
5585,서울,2005-01-30,한,암,,51,지용훈,이민문,449
5586,서울,2005-01-30,한,암,,55,김윤섭,심상춘,447
5587,서울,2005-01-30,한,암,,53,이인호,이영욱,443
5588,서울,2005-01-30,뉴,암,,54,서범석,서순배,463
5589,서울,2005-01-30,한,암,,52,윤치운,한광세,507
5590,서울,2005-01-30,한,암,,55,김순근,이영욱,451
5591,서울,2005-01-30,한,암,,52,지용훈,전광선,430
5592,서울,2005-01-30,한,암,,51,양재철,김기성,413
5593,서울,2005-01-30,일,암,,50,박진호,이재원,486
5594,서울,2005-01-30,한,암,,53,이광복,장춘희,428
5595,서울,2005-01-30,한,암,,53,이인호,이종원,469
5596,서울,2005-01-30,한,암,,52,김택수,김봉조,435
5597,서울,2005-01-30,한,암,,51,김재복,김한영,478
5598,서울,2005-01-30,한,암,,55,임형규,서상주,463
5599,서울,2005-01-30,한,암,,53,유재길,허병하,422
5600,서울,2005-01-30,일,암,,50,서범석,김윤기,477
5601,서울,2005-01-30,한,암,,51,임봉춘,김대권,502
5602,서울,2005-01-30,한,암,,56,김윤섭,김연호,457
5603,서울,2005-01-30,한,암,,55,김양선,홍평우,435
5604,서울,2005-01-30,한,암,,50,임봉춘,이주형,472
5605,서울,2005-01-30,한,암,,50,서범석,임기준,469
5606,서울,2005-01-30,한,암,,56,안해양,김진호,503
5607,서울,2005-01-30,한,암,,54,최영주,변영남,524
5608,서울,2005-01-30,한,암,,56,김일성,조승민,466
5609,서울,2005-01-30,한,암,,52,정지은,조한천,429
5610,서울,2005-01-30,한,암,,53,김순근,맹원재,446
5611,서울,2005-01-30,한,암,,54,임형규,황수웅,488
5612,서울,2005-01-30,한,암,,55,최상식,조동식,442
5613,서울,2005-01-30,한,암,,53,하재흥,이상오,508
5614,서울,2005-01-30,한,암,,53,박흥진,장경환,484
5615,서울,2005-01-30,미,암,,53,김문갑,김서운,472
5616,서울,2005-01-30,호,암,,53,박대흥,남승현,426
5617,서울,2005-01-30,한,암,,54,이종구,변영남,510
5618,서울,2005-01-30,한,암,,54,김문갑,정덕용,469
5619,서울,2005-01-30,한,암,,56,이광복,신항식,454
5620,서울,2005-01-30,한,암,,54,강명준,권태우,501
5621,서울,2005-01-30,한,거,,53,김점오,김창희,473
5622,서울,2005-01-30,뉴,거,,51,서범석,임기준,487
5623,서울,2005-01-30,한,거,,50,김명국,이태식,492
5624,서울,2005-01-30,미,거,,54,박윤규,신길우,460
5625,서울,2005-01-30,한,거,,58,최영주,신항철,471
5626,서울,2005-01-30,한,거,,54,배대선,이수홍,465
5627,서울,2005-01-30,한,거,,58,임형규,최동천,480
5628,서울,2005-01-30,한,거,,54,고옥봉,김길중,474
5629,서울,2005-01-30,한,거,,53,한일영,심재식,469
5630,서울,2005-01-30,한,거,,59,박대흥,지대섭,452
5631,서울,2005-02-05,한,암,,55,이용준,신영식,463
5632,서울,2005-02-05,한,수,,54,지용철,강성보,505
5633,서울,2005-02-05,한,수,,56,강승영,한선호,425
5634,서울,2005-02-05,호,거,,57,박원덕,이정원,469
5635,서울,2005-02-05,뉴,거,,55,서범석,박남성,501
5636,서울,2005-02-05,한,암,,54,강명준,김길중,415
5637,서울,2005-02-05,일,암,,53,김춘근,신준희,429
5638,서울,2005-02-05,한,암,,54,안해양,윤여운,427
5639,서울,2005-02-05,일,암,,53,최영주,장석린외1인(신치구),461
5640,서울,2005-02-05,한,암,,53,박진호,함운일,450
5641,서울,2005-02-05,뉴,암,,53,서범석,서순배,447
5642,서울,2005-02-05,한,암,,50,임봉춘,박상선,452
5643,서울,2005-02-05,한,거,,56,김명국,김용상,496
5644,서울,2005-02-05,미,거,,54,김점오,김덕환,478
5645,서울,2005-02-05,미,거,,53,양재철,박현종,475
5646,서울,2005-02-05,한,수,,56,김윤섭,한광세,465
5647,서울,2005-02-05,한,거,,53,임형규,박정록,434
5648,서울,2005-02-05,호,거,,59,박덕준,나정웅,497
5649,서울,2005-02-05,한,거,,54,고옥봉,김용원,430
5650,서울,2005-02-05,한,거,,57,이인호,변웅전,442
5651,서울,2005-02-05,한,거,,56,김명국,이재효,427
5652,서울,2005-02-05,한,거,,52,박희철,장석영,436
5653,서울,2005-02-05,뉴,거,,56,정지은,청호컴넷(주),522
5654,서울,2005-02-05,일,수,,60,박희철,유정희,480
5655,서울,2005-02-05,뉴,암,,54,김순근,서운석,466
5656,서울,2005-02-05,한,암,,52,고옥봉,정병조,423
5657,서울,2005-02-05,미,암,,53,김일성,김용래,457
5658,서울,2005-02-05,한,암,,51,이왕언,서민석,418
5659,서울,2005-02-05,한,암,,52,서정하,구자선,441
5660,서울,2005-02-05,일,암,,56,하재흥,김병현,473
5661,서울,2005-02-05,뉴,암,,51,서범석,문금주,445
5662,서울,2005-02-05,일,암,,53,김춘근,남웅종,465
5663,서울,2005-02-05,일,암,,53,김점오,유근수,475
5664,서울,2005-02-05,미,암,,54,최혜식,우두헌,455
5665,서울,2005-02-05,뉴,암,,53,박원덕,박정웅,464
5666,서울,2005-02-05,한,암,,56,박종곤,이충구,427
5667,서울,2005-02-05,한,암,,52,김일성,일진코스메틱,478
5668,서울,2005-02-05,한,암,,55,김병용,정몽규,461
5669,서울,2005-02-05,한,암,,53,서범석,신준수,439
5670,서울,2005-02-05,한,암,,51,김대근,유병옥,474
5671,서울,2005-02-05,한,암,,51,김점오,박종호,490
5672,서울,2005-02-05,한,암,,51,김순근,김순주,430
5673,서울,2005-02-05,한,암,,53,김문갑,김성두,466
5674,서울,2005-02-05,한,암,,53,배대선,최효순,486
5675,서울,2005-02-05,한,암,,52,정지은,이영철,433
5676,서울,2005-02-05,한,암,,55.5,배대선,이수홍,452
5677,서울,2005-02-05,한,암,,51,고옥봉,이기선,489
5678,서울,2005-02-05,미,암,,57,박원덕,이효선,458
5679,서울,2005-02-05,한,암,,48,임형규,김영수,423
5680,서울,2005-02-05,한,암,,53,김문갑,김익영,434
5681,서울,2005-02-05,한,암,,54,박흥진,최동천,478
5682,서울,2005-02-05,한,암,,53,김재복,김한영,433
5683,서울,2005-02-05,한,암,,53,김재복,우동희,495
5684,서울,2005-02-05,한,암,,52,서범석,오상철,412
5685,서울,2005-02-05,한,암,,51,이종구,김기영,447
5686,서울,2005-02-05,한,암,,51,고옥봉,이태인,449
5687,서울,2005-02-05,한,암,,52,윤치운,김용원,448
5688,서울,2005-02-05,미,암,,57,최혜식,은희만,464
5689,서울,2005-02-05,미,암,,55,김택수,정영채,455
5690,서울,2005-02-05,한,암,,52,강명준,변영남,461
5691,서울,2005-02-05,일,암,,55,이왕언,신건호,445
5692,서울,2005-02-05,일,암,,53,박희철,오상철,408
5693,서울,2005-02-05,미,거,,57,박희철,오경의,484
5694,서울,2005-02-05,미,거,,60,박원덕,방승부,447
5695,서울,2005-02-05,한,암,,53,이희영,박환창,426
5696,서울,2005-02-05,한,암,,53,이왕언,최창걸,485
5697,서울,2005-02-05,한,수,,55,신우철,박정열,472
5698,서울,2005-02-05,한,수,,54,곽영효,전영채,455
5699,서울,2005-02-05,한,수,,52,최영주,변영남,458
5700,서울,2005-02-05,한,수,,54,최상식,최춘섭,446
5701,서울,2005-02-05,한,암,,51,이왕언,김방철,467
5702,서울,2005-02-05,한,암,,54,배대선,박희주,456
5703,서울,2005-02-05,한,암,,54,박희철,조원희,442
5704,서울,2005-02-05,한,암,,55,강윤식,인원식,454
5705,서울,2005-02-05,한,암,,53,박천서,정일권,439
5706,서울,2005-02-05,미,암,,51,김일성,일진코스메틱,484
5707,서울,2005-02-05,한,암,,55,김대근,노병석,436
5708,서울,2005-02-05,한,암,,51,김윤섭,윤세영,427
5709,서울,2005-02-05,한,암,,50,최영주,이영욱a,432
5710,서울,2005-02-05,한,수,,54,박덕준,장수영,450
5711,서울,2005-02-05,한,수,,54,박희철,조병해,472
5712,서울,2005-02-05,한,수,,52,고옥봉,김용원,415
5713,서울,2005-02-05,한,수,,56,이종구,최인재,427
5714,서울,2005-02-05,한,수,,54,최상식,장현종,481
5715,서울,2005-02-05,한,수,,51,강윤식,박승만,483
5716,서울,2005-02-05,한,수,,55,하재흥,이유환,472
5717,서울,2005-02-05,한,수,,53,김택수,정영채,476
5718,서울,2005-02-05,한,수,,56,임형규,서상주,514
5719,서울,2005-02-05,한,수,,54,김점오,박영철,469
5720,서울,2005-02-05,한,수,,54,지용철,황의영,474
5721,서울,2005-02-05,한,수,,56,지용철,구필모,482
5722,서울,2005-02-05,한,수,,54,김순근,제주축산개발,404
5723,서울,2005-02-05,한,수,,54,김명국,이태식,472
5724,서울,2005-02-05,한,수,,54,지용훈,이선호,531
5725,서울,2005-02-05,한,수,,53,박흥진,김도윤,434
5726,서울,2005-02-05,한,수,,54,김일성,김용래,486
5727,서울,2005-02-05,한,수,,56,이인호,서익수,473
5728,서울,2005-02-05,한,수,,52,박희철,조원희,456
5729,서울,2005-02-05,한,수,,55,하재흥,조남대,494
5730,서울,2005-02-05,한,수,,52,유재길,이필승,486
5731,서울,2005-02-05,미,수,,56,이용준,임기준,504
5732,서울,2005-02-05,미,수,,56,양재철,임관호,486
5733,서울,2005-02-05,한,수,,52,이광복,최명균,434
5734,서울,2005-02-05,한,수,,54,김춘근,이선종,487
5735,서울,2005-02-05,한,수,,55,유재길,박종률,491
5736,서울,2005-02-05,한,수,,53,최영주,권영원,0
5737,서울,2005-02-05,한,수,,50,강윤식,이재호,442
5738,서울,2005-02-05,한,수,,55,박흥진,유준환,471
5739,서울,2005-02-05,한,수,,54,유재길,진교원,479
5740,서울,2005-02-05,한,수,,54.5,이희영,정규상,488
5741,서울,2005-02-05,미,수,,54,김택수,오호극,456
5742,서울,2005-02-05,일,수,,53,박진호,함운일,425
5743,서울,2005-02-05,한,수,,55,강승영,오호극,467
5744,서울,2005-02-05,미,수,,56,이희영,노승구,446
5745,서울,2005-02-05,한,수,,55,최영주,최상태,468
5746,서울,2005-02-05,한,수,,56,윤치운,유영주,487
5747,서울,2005-02-05,한,수,,56,한일영,이광수,475
5748,서울,2005-02-05,한,수,,54,이광복,최건호,533
5749,서울,2005-02-05,한,수,,55,하재흥,신동열,477
5750,서울,2005-02-05,미,거,,57,김학수,박남성,447
5751,서울,2005-02-05,일,거,,57,하재흥,김웅세,451
5752,서울,2005-02-05,한,암,,50,김순근,김상태,438
5753,서울,2005-02-05,한,암,,55,박원덕,이효선,406
5754,서울,2005-02-05,미,암,,55,김양선,이항진,446
5755,서울,2005-02-05,한,암,,55,정지은,신한은행,459
5756,서울,2005-02-05,한,암,,53,최혜식,조진환,452
5757,서울,2005-02-05,한,암,,49,고옥봉,김각경,435
5758,서울,2005-02-05,한,암,,55,임형규,신동호,475
5759,서울,2005-02-05,한,암,,54,김춘근,남웅종,468
5760,서울,2005-02-05,한,암,,51,지용훈,이문철,470
5761,서울,2005-02-05,한,거,,55,박흥진,김도윤,495
5762,서울,2005-02-05,한,거,,56,김명국,김진철,490
5763,서울,2005-02-05,인,거,,58,서범석,김연호,446
5764,서울,2005-02-05,뉴,거,,57,이종구,서정훈,484
5765,서울,2005-02-05,미,거,,52,김재복,김한영,457
5766,서울,2005-02-05,한,거,,54,김대근,유병옥,449
5767,서울,2005-02-05,한,거,,54,김윤섭,심상춘,473
5768,서울,2005-02-05,한,거,,54,양재철,윤임구,417
5769,서울,2005-02-05,뉴,거,,53,김재복,양길순,431
5770,서울,2005-02-05,미,거,,59,김양선,구자선,506
5771,서울,2005-02-06,한,수,,55,김윤섭,김채겸,498
5772,서울,2005-02-06,한,수,,58,김순근,지대섭,491
5773,서울,2005-02-06,한,수,,57,최혜식,박정열,461
5774,서울,2005-02-06,한,수,,51,신우철,이수근,470
5775,서울,2005-02-06,한,수,,51,김학수,정이남,446
5776,서울,2005-02-06,한,수,,54,김춘근,신준희,486
5777,서울,2005-02-06,한,암,,53,김윤섭,윤세영,451
5778,서울,2005-02-06,한,암,,53,정지은,최여경,469
5779,서울,2005-02-06,한,암,,53,이광복,최건호,446
5780,서울,2005-02-06,미,수,,53,박대흥,남승현,445
5781,서울,2005-02-06,한,수,,49,박진호,함운일,436
5782,서울,2005-02-06,한,수,,56.5,지용철,황의영,466
5783,서울,2005-02-06,한,수,,53,박진호,표순배,451
5784,서울,2005-02-06,한,수,,54,안해양,김휘남,518
5785,서울,2005-02-06,한,수,,54,이광복,유길상,483
5786,서울,2005-02-06,한,수,,56,김점오,박준구,461
5787,서울,2005-02-06,한,수,,58,지용훈,남기태,476
5788,서울,2005-02-06,한,수,,56,김대근,한일사료,465
5789,서울,2005-02-06,한,수,,56,박덕준,허헌회,490
5790,서울,2005-02-06,한,수,,53,최영주,권영원,452
5791,서울,2005-02-06,한,수,,50,최혜식,조진환,466
5792,서울,2005-02-06,미,수,,56.5,김양선,구자선,512
5793,서울,2005-02-06,한,수,,54,지용훈,조용학,511
5794,서울,2005-02-06,한,수,,55,이종구,최수군,472
5795,서울,2005-02-06,한,수,,57,최영주,박요선,466
5796,서울,2005-02-06,일,수,,52,김명국,월곡목장영농조합,473
5797,서울,2005-02-06,한,수,,54,신우철,김덕애,463
5798,서울,2005-02-06,한,수,,54,김재복,우동희,451
5799,서울,2005-02-06,한,수,,54,하재흥,이유환,460
5800,서울,2005-02-06,한,수,,55,양재철,한광희,452
5801,서울,2005-02-06,한,수,,53,김점오,박영철,495
5802,서울,2005-02-06,한,수,,51,임봉춘,이주형,518
5803,서울,2005-02-06,한,수,,54,김재복,김병묵,503
5804,서울,2005-02-06,한,수,,52,박흥진,김광영,423
5805,서울,2005-02-06,한,수,,56,강명준,배일성,447
5806,서울,2005-02-06,한,수,,54,박진호,이재원,474
5807,서울,2005-02-06,호,수,,55,김학수,박환창,486
5808,서울,2005-02-06,한,수,,54,김대근,권미세,463
5809,서울,2005-02-06,미,수,,56,지용철,곽태훈,445
5810,서울,2005-02-06,한,수,,57,박희철,조병해,448
5811,서울,2005-02-06,한,수,,54,김윤섭,김채겸,474
5812,서울,2005-02-06,한,거,,51,신우철,신항식,465
5813,서울,2005-02-06,뉴,거,,57,배대선,이광수a,453
5814,서울,2005-02-06,미,거,,53.5,이왕언,김방철,500
5815,서울,2005-02-06,한,거,,58,김대근,고영자,469
5816,서울,2005-02-06,한,암,,54.5,곽영효,양수화,443
5817,서울,2005-02-06,일,암,,51.5,박윤규,방영섭,496
5818,서울,2005-02-06,한,암,,53,강윤식,지성한,471
5819,서울,2005-02-06,한,암,,51,김춘근,이동언,467
5820,서울,2005-02-06,한,암,,51,이왕언,이영서,439
5821,서울,2005-02-06,미,암,,51,강승영,오호극,430
5822,서울,2005-02-06,한,암,,51,최상식,장재형,464
5823,서울,2005-02-06,한,거,,56,임봉춘,천병득,502
5824,서울,2005-02-06,뉴,거,,53.5,박천서,박용훈,487
5825,서울,2005-02-06,한,거,,52,곽영효,강용식,460
5826,서울,2005-02-06,한,거,,51,유재길,월곡목장영농조합,452
5827,서울,2005-02-06,미,거,,54,김재복,김종한,506
5828,서울,2005-02-06,한,거,,55,김명국,김진철,464
5829,서울,2005-02-06,한,거,,57,배대선,양길순,464
5830,서울,2005-02-06,한,거,,55,김양선,이항진,443
5831,서울,2005-02-06,한,수,,55,박덕준,이재호,484
5832,서울,2005-02-06,한,수,,56,김택수,김양호,494
5833,서울,2005-02-06,한,수,,54,김병용,김명자,489
5834,서울,2005-02-06,한,수,,53,하재흥,김경민,491
5835,서울,2005-02-06,미,수,,52,김점오,박환창,502
5836,서울,2005-02-06,일,암,,50,김순근,최상경,447
5837,서울,2005-02-06,한,거,,57,박흥진,이용대,438
5838,서울,2005-02-06,한,거,,55,이희영,정규상,427
5839,서울,2005-02-06,한,거,,51,최영주,신영균,443
5840,서울,2005-02-06,한,거,,54,최영주,신항철,459
5841,서울,2005-02-06,한,거,,54,김명국,김진철,431
5842,서울,2005-02-06,한,수,,56,곽영효,강용식,497
5843,서울,2005-02-06,한,암,,50,서범석,송숙자,442
5844,서울,2005-02-06,한,암,,55,정지은,노환영,425
5845,서울,2005-02-06,한,암,,53,박덕준,서승린,412
5846,서울,2005-02-06,한,암,,55,김대근,지원철,397
5847,서울,2005-02-06,한,암,,53,박희철,김완배,426
5848,서울,2005-02-06,한,암,,54,황의성,권오학,479
5849,서울,2005-02-06,한,암,,51,임형규,이기선,418
5850,서울,2005-02-06,한,암,,55,박진호,류창목,0
5851,서울,2005-02-06,한,암,,50,이희영,김진태,440
5852,서울,2005-02-06,한,암,,52.5,김일성,류근상,463
5853,서울,2005-02-06,한,암,,54,박희철,김경민,473
5854,서울,2005-02-06,한,암,,54,김양선,차영희,460
5855,서울,2005-02-06,한,암,,50,이희영,박환창,441
5856,서울,2005-02-06,한,암,,50,서범석,송숙자,459
5857,서울,2005-02-06,한,암,,52,지용철,이수길,443
5858,서울,2005-02-06,한,암,,50,박종곤,김용정,375
5859,서울,2005-02-06,한,암,,53,김윤섭,임수복,457
5860,서울,2005-02-06,한,암,,53,유재길,박종률,450
5861,서울,2005-02-06,한,암,,53,배대선,양길순,449
5862,서울,2005-02-06,한,암,,53,하재흥,김문환a,470
5863,서울,2005-02-06,미,암,,54,양재철,임관호,0
5864,서울,2005-02-06,뉴,암,,54,박원덕,이효선,423
5865,서울,2005-02-06,한,암,,52,한일영,대한사료,436
5866,서울,2005-02-06,한,암,,56,정지은,류순곤,0
5867,서울,2005-02-06,미,거,,51,박대흥,김용정,513
5868,서울,2005-02-06,호,거,,52,김춘근,이선종,432
5869,서울,2005-02-06,한,거,,51,안해양,이상홍,467
5870,서울,2005-02-06,한,수,,52,박희철,김병현,498
5871,서울,2005-02-06,한,수,,57,지용철,이근우,500
5872,서울,2005-02-06,한,수,,56,지용철,황의영,444
5873,서울,2005-02-06,한,암,,53,임봉춘,이주형,450
5874,서울,2005-02-06,미,거,,54,양재철,임관호,486
5875,서울,2005-02-06,한,암,,50,이희영,곽영필,493
5876,서울,2005-02-06,한,거,,56.5,김대근,김정규,498
5877,서울,2005-02-06,한,암,,53,지용훈,이선호,468
5878,서울,2005-02-06,한,암,,54,서범석,최상경,439
5879,서울,2005-02-06,한,수,,54,곽영효,양수화,465
5880,서울,2005-02-06,인,수,,54,이광복,서순배,442
5881,서울,2005-02-06,일,수,,53.5,안해양,정일권,537
5882,서울,2005-02-06,한,암,,50,김일성,일진코스메틱,440
5883,서울,2005-02-06,한,암,,53,김점오,김덕환,462
5884,서울,2005-02-06,한,암,,54,박대흥,남승현,410
5885,서울,2005-02-06,한,암,,52,박대흥,청호컴넷(주),462
5886,서울,2005-02-06,한,암,,53,박종곤,방형린,460
5887,서울,2005-02-06,한,암,,52,김순근,맹원재,436
5888,서울,2005-02-06,미,암,,53,하재흥,이중연,445
5889,서울,2005-02-06,한,암,,51,이종구,김기영,458
5890,서울,2005-02-06,한,암,,53,이용준,김종욱,465
5891,서울,2005-02-06,한,암,,52,김문갑,어울림네트웍스,475
5892,서울,2005-02-06,일,암,,50,서범석,문금주,497
5893,서울,2005-02-06,한,암,,53,이왕언,범양해운,503
5894,서울,2005-02-06,한,암,,53,서범석,신준수,507
5895,서울,2005-02-06,한,암,,52,유재길,이동재,460
5896,서울,2005-02-06,한,암,,54,임봉춘,권태우,452
5897,서울,2005-02-06,한,암,,50,김점오,신성철,420
5898,서울,2005-02-06,한,암,,53,박흥진,송용식,410
5899,서울,2005-02-06,한,암,,53,박흥진,이두표,462
5900,서울,2005-02-06,한,암,,56,김윤섭,김채겸,416
5901,서울,2005-02-06,한,암,,52,최영주,김노식,464
5902,서울,2005-02-06,한,암,,53,김문갑,어울림네트웍스,476
5903,서울,2005-02-06,한,암,,54,유재길,김양호,450
5904,서울,2005-02-06,한,암,,54,임형규,신동호,436
5905,서울,2005-02-06,한,암,,51,김순근,김성부,488
5906,서울,2005-02-06,한,암,,51,김재복,조규학,403
5907,서울,2005-02-19,호,거,,57,배대선,서정훈,515
5908,서울,2005-02-19,미,암,,52,황의성,윤일균,468
5909,서울,2005-02-19,한,암,,51,김명국,김진철,437
5910,서울,2005-02-19,미,거,,58,김명국,오호극,522
5911,서울,2005-02-19,한,수,,54,김점오,박남성,473
5912,서울,2005-02-19,한,수,,51,김일성,임상윤,462
5913,서울,2005-02-19,미,암,,55,이종구,정진태,382
5914,서울,2005-02-19,한,암,,50,박대흥,최춘섭,458
5915,서울,2005-02-19,한,거,,58,이왕언,이영서,473
5916,서울,2005-02-19,한,암,,50,박진호,김우창,470
5917,서울,2005-02-19,한,암,,54,임형규,황수웅,482
5918,서울,2005-02-19,미,암,,53,박윤규,홍기석,433
5919,서울,2005-02-19,한,수,,52,박흥진,장경환,440
5920,서울,2005-02-19,한,수,,54.5,고옥봉,이기선,458
5921,서울,2005-02-19,한,수,,52,하재흥,김웅세,470
5922,서울,2005-02-19,한,암,,51,이왕언,신건호,447
5923,서울,2005-02-19,뉴,암,,54,김순근,최상경,394
5924,서울,2005-02-19,미,암,,55,김재복,김한영,479
5925,서울,2005-02-19,한,암,,50,신우철,김병현,462
5926,서울,2005-02-19,한,암,,51,김명국,오호극,399
5927,서울,2005-02-19,한,암,,51,최상식,장현종,441
5928,서울,2005-02-19,한,암,,54,김택수,조동식,476
5929,서울,2005-02-19,한,암,,51,정지은,홍범기,448
5930,서울,2005-02-19,미,암,,53,김윤섭,심상춘,495
5931,서울,2005-02-19,한,암,,53,박종곤,박재범,456
5932,서울,2005-02-19,한,암,,53,유재길,허병하,452
5933,서울,2005-02-19,한,암,,51,김순근,최상경,398
5934,서울,2005-02-19,한,암,,50,김춘근,이보원,433
5935,서울,2005-02-19,한,암,,51,박천서,김우창,415
5936,서울,2005-02-19,한,암,,54,곽영효,강용식,500
5937,서울,2005-02-19,한,암,,54,김병용,박흥길,443
5938,서울,2005-02-19,한,암,,56,김재복,전기섭,465
5939,서울,2005-02-19,한,암,,50,지용훈,김연호,482
5940,서울,2005-02-19,한,암,,53,김대근,김정규,452
5941,서울,2005-02-19,한,암,,51,강승영,권영원,424
5942,서울,2005-02-19,한,암,,53,김양선,서운석,443
5943,서울,2005-02-19,한,암,,52,최상식,조동식,431
5944,서울,2005-02-19,한,암,,51,최상식,장재형,456
5945,서울,2005-02-19,한,암,,54,박희철,장석린외1인(신치구),441
5946,서울,2005-02-19,한,암,,51.5,김명국,박양호,443
5947,서울,2005-02-19,일,암,,53,서범석,김연호,471
5948,서울,2005-02-19,한,암,,54,임봉춘,정규상,460
5949,서울,2005-02-19,한,암,,54,이광복,유길상,475
5950,서울,2005-02-19,한,암,,55,박종곤,김용정,387
5951,서울,2005-02-19,캐,암,,48,이종구,정진태,440
5952,서울,2005-02-19,한,암,,53,유재길,허병하,486
5953,서울,2005-02-19,한,암,,50,정지은,노환영,438
5954,서울,2005-02-19,미,암,,53,이종구,정진태,443
5955,서울,2005-02-19,한,암,,50,박진호,김명식,411
5956,서울,2005-02-19,뉴,암,,54,서범석,서순배,453
5957,서울,2005-02-19,한,암,,54,강명준,김광영,406
5958,서울,2005-02-19,한,암,,53,최상식,조동식,387
5959,서울,2005-02-19,미,암,,52,양재철,이석태,442
5960,서울,2005-02-19,한,암,,51,김재복,이동호,436
5961,서울,2005-02-19,한,암,,54,배대선,이수홍,441
5962,서울,2005-02-19,한,암,,51,지용훈,이민문,450
5963,서울,2005-02-19,한,암,,54,김대근,노병석,399
5964,서울,2005-02-19,한,암,,53,곽영효,조진환,457
5965,서울,2005-02-19,한,암,,53,임봉춘,정규상,454
5966,서울,2005-02-19,미,암,,50,정지은,청호컴넷(주),446
5967,서울,2005-02-19,한,암,,54,이종구,변영남,511
5968,서울,2005-02-19,한,암,,54,김일성,이종복,432
5969,서울,2005-02-19,한,암,,50,김춘근,이동언,396
5970,서울,2005-02-19,한,거,,54,고옥봉,전좌식,472
5971,서울,2005-02-19,미,거,,54,김재복,김종한,473
5972,서울,2005-02-19,한,거,,54,박대흥,최애식,463
5973,서울,2005-02-19,한,암,,53,한일영,이광수,457
5974,서울,2005-02-19,한,암,,56,김양선,홍평우,438
5975,서울,2005-02-19,한,거,,59,김대근,김완배,463
5976,서울,2005-02-19,한,거,,58,박흥진,이용대,496
5977,서울,2005-02-19,미,거,,54,김문갑,박흥길,505
5978,서울,2005-02-19,한,거,,54,김대근,노병석,418
5979,서울,2005-02-19,한,거,,56,이희영,김용상,473
5980,서울,2005-02-19,뉴,거,,57,박덕준,백운창,483
5981,서울,2005-02-19,한,거,,55,최상식,장재형,482
5982,서울,2005-02-19,아일,거,,57,이인호,오만준,505
5983,서울,2005-02-19,한,거,,53,임봉춘,이선종,470
5984,서울,2005-02-19,한,거,,56,박희철,조원희,458
5985,서울,2005-02-19,한,거,,53,박천서,윤훈현,497
5986,서울,2005-02-19,한,수,,53,김문갑,이수빈,476
5987,서울,2005-02-19,한,수,,56,이왕언,김방철,495
5988,서울,2005-02-19,한,거,,57,이광복,이필승,441
5989,서울,2005-02-19,한,거,,54,박희철,경규환,471
5990,서울,2005-02-19,미,거,,54,김일성,임상윤,483
5991,서울,2005-02-19,미,거,,57,강윤식,지성한,425
5992,서울,2005-02-19,한,거,,54,박대흥,최애식,463
5993,서울,2005-02-19,한,거,,54,고옥봉,전좌식,492
5994,서울,2005-02-19,한,거,,54,김윤섭,월곡목장영농조합,468
5995,서울,2005-02-19,한,거,,58.5,김대근,유병옥,453
5996,서울,2005-02-19,미,거,,53,박천서,정일권,498
5997,서울,2005-02-19,한,수,,54,이왕언,김방철,479
5998,서울,2005-02-19,미,수,,54,김윤섭,한광세,466
5999,서울,2005-02-19,한,수,,56,박원덕,이종석,436
6000,서울,2005-02-19,미,수,,51,이용준,김명식,542
6001,서울,2005-02-19,일,수,,54,강명준,강홍수,489
6002,서울,2005-02-19,한,수,,57,강승영,강남환,452
6003,서울,2005-02-19,한,수,,58,강윤식,이영숙,483
6004,서울,2005-02-19,한,수,,58,김재복,전기섭,432
6005,서울,2005-02-19,한,수,,56,김춘근,김한영,466
6006,서울,2005-02-19,한,수,,52,유재길,진교원,468
6007,서울,2005-02-19,한,수,,54,이희영,권태우,476
6008,서울,2005-02-19,미,수,,54,김문갑,정덕용,508
6009,서울,2005-02-19,한,수,,56,배대선,이광수a,462
6010,서울,2005-02-19,한,수,,56,김재복,김종한,495
6011,서울,2005-02-19,한,수,,54,박종곤,이웅열,470
6012,서울,2005-02-19,한,수,,54,이종구,최수군,473
6013,서울,2005-02-19,한,수,,54,배대선,최동천,461
6014,서울,2005-02-19,한,수,,52.5,곽영효,권광세,467
6015,서울,2005-02-19,한,수,,59,김일성,강태은,467
6016,서울,2005-02-19,미,수,,57,지용훈,조용학,502
6017,서울,2005-02-19,한,수,,54,김순근,김순주,478
6018,서울,2005-02-19,한,수,,51,최상식,장재형,455
6019,서울,2005-02-19,한,수,,54,이희영,정규상,462
6020,서울,2005-02-19,한,수,,54,박대흥,지대섭,465
6021,서울,2005-02-19,일,수,,54,최영주,신항철,496
6022,서울,2005-02-19,한,수,,54,박원덕,이정원,485
6023,서울,2005-02-19,한,수,,52.5,하재흥,신동열,448
6024,서울,2005-02-19,미,수,,53,하재흥,이중연,496
6025,서울,2005-02-19,한,수,,58,지용훈,이민문,491
6026,서울,2005-02-19,한,수,,53,박흥진,송용식,515
6027,서울,2005-02-19,한,수,,54,강승영,권영원,458
6028,서울,2005-02-19,미,수,,53,정지은,주경혜,489
6029,서울,2005-02-19,한,수,,49,신우철,안영환,444
6030,서울,2005-02-19,한,수,,54,하재흥,이중연,466
6031,서울,2005-02-19,한,수,,56,신우철,권영탁,487
6032,서울,2005-02-19,한,수,,56,박덕준,문창완,511
6033,서울,2005-02-19,한,수,,54,유재길,권영탁,456
6034,서울,2005-02-19,한,수,,52,박덕준,김영철,433
6035,서울,2005-02-19,뉴,암,,50,박천서,이재진,446
6036,서울,2005-02-19,한,수,,54,김학수,박남성,422
6037,서울,2005-02-19,한,수,,59,윤치운,제주축협,477
6038,서울,2005-02-19,한,수,,55,유재길,허병하,449
6039,서울,2005-02-19,한,수,,54,이인호,권영술,467
6040,서울,2005-02-19,한,수,,54,신우철,진교원,483
6041,서울,2005-02-19,한,수,,54,김순근,권영술,451
6042,서울,2005-02-19,한,수,,54,김문갑,김서운,437
6043,서울,2005-02-19,한,수,,51,지용훈,남기태,443
6044,서울,2005-02-19,한,수,,54,이종구,최인재,491
6045,서울,2005-02-19,한,수,,54,안해양,강홍수,491
6046,서울,2005-02-20,뉴,암,,55,배대선,이효선,448
6047,서울,2005-02-20,한,암,,56.5,김명국,이태식,481
6048,서울,2005-02-20,한,암,,57,이광복,최관식,500
6049,서울,2005-02-20,한,암,,49,강윤식,이영숙,497
6050,서울,2005-02-20,한,암,,53,김윤섭,김채겸,447
6051,서울,2005-02-20,한,암,,51,이광복,최건호,423
6052,서울,2005-02-20,한,암,,51,서범석,장철환,459
6053,서울,2005-02-20,한,암,,55,김대근,노병석,461
6054,서울,2005-02-20,한,암,,51,신우철,권영탁,458
6055,서울,2005-02-20,한,암,,53,박대흥,강충모,465
6056,서울,2005-02-20,한,암,,53.5,안해양,이상홍,450
6057,서울,2005-02-20,한,암,,56,안해양,윤훈현,447
6058,서울,2005-02-20,미,암,,55,김문갑,김서운,470
6059,서울,2005-02-20,한,거,,57,박흥진,이용대,436
6060,서울,2005-02-20,한,암,,56,김양선,김종철,422
6061,서울,2005-02-20,한,암,,52,김순근,이영욱,442
6062,서울,2005-02-20,일,암,,51,박진호,박효봉,475
6063,서울,2005-02-20,한,암,,57,배대선,김길중,432
6064,서울,2005-02-20,한,암,,50,김학수,김완배,455
6065,서울,2005-02-20,한,암,,54,김춘근,이보원,444
6066,서울,2005-02-20,한,암,,53,박원덕,이효선,443
6067,서울,2005-02-20,뉴,암,,55,서범석,서순배,453
6068,서울,2005-02-20,한,암,,53,박천서,박엽래,456
6069,서울,2005-02-20,한,암,,50,박희철,경규환,426
6070,서울,2005-02-20,미,암,,55,김택수,조병용,448
6071,서울,2005-02-20,한,암,,53,임봉춘,장세창,472
6072,서울,2005-02-20,한,암,,54,이종구,정진태,432
6073,서울,2005-02-20,한,암,,51,이희영,김연호,417
6074,서울,2005-02-20,한,암,,53,김대근,김진구,447
6075,서울,2005-02-20,한,암,,53,김양선,정세능,448
6076,서울,2005-02-20,한,암,,53,박흥진,김도윤,416
6077,서울,2005-02-20,한,암,,53,박원덕,이종석,439
6078,서울,2005-02-20,한,암,,54,정지은,이부용,443
6079,서울,2005-02-20,한,암,,53,정지은,지대섭,478
6080,서울,2005-02-20,한,암,,53,김양선,정이남,428
6081,서울,2005-02-20,한,암,,54,박흥진,장경환,424
6082,서울,2005-02-20,한,암,,53,최혜식,이종원,451
6083,서울,2005-02-20,한,암,,53,김명국,김진철,428
6084,서울,2005-02-20,한,암,,54,박덕준,서승린,435
6085,서울,2005-02-20,한,암,,51,최상식,박기흥,497
6086,서울,2005-02-20,미,암,,52,안해양,김휘남,461
6087,서울,2005-02-20,한,암,,53,이희영,이상용,440
6088,서울,2005-02-20,한,암,,52,박윤규,김주학,435
6089,서울,2005-02-20,한,암,,54,김윤섭,박정열,419
6090,서울,2005-02-20,한,수,,54,유재길,진교원,456
6091,서울,2005-02-20,한,거,,58,이왕언,박성구,498
6092,서울,2005-02-20,한,암,,51,박진호,명인환,468
6093,서울,2005-02-20,일,암,,52,박천서,최애식,442
6094,서울,2005-02-20,한,암,,54,박희철,경규환,457
6095,서울,2005-02-20,한,암,,53,김대근,노병석,427
6096,서울,2005-02-20,한,암,,53,유재길,박용훈,440
6097,서울,2005-02-20,한,암,,54,유재길,허병하,424
6098,서울,2005-02-20,한,암,,51,고옥봉,박성구,470
6099,서울,2005-02-20,미,암,,51,김재복,전기섭,480
6100,서울,2005-02-20,한,암,,51,지용훈,남기태,492
6101,서울,2005-02-20,한,수,,54,안해양,김진호,463
6102,서울,2005-02-20,한,수,,56,강명준,김광영,460
6103,서울,2005-02-20,한,수,,57,김윤섭,진교원,492
6104,서울,2005-02-20,한,수,,54,양재철,김종화,491
6105,서울,2005-02-20,한,암,,52,박흥진,장경환,447
6106,서울,2005-02-20,한,수,,56,박대흥,남승현,443
6107,서울,2005-02-20,한,거,,58,이왕언,박정열,422
6108,서울,2005-02-20,한,암,,50,강윤식,지성한,476
6109,서울,2005-02-20,한,암,,51,강윤식,박승만,468
6110,서울,2005-02-20,호,암,,55,정지은,권광세,471
6111,서울,2005-02-20,미,수,,53,박희철,오경의,483
6112,서울,2005-02-20,한,수,,54,김점오,이송,491
6113,서울,2005-02-20,한,수,,54,김점오,김덕환,490
6114,서울,2005-02-20,한,수,,54,김택수,정영채,499
6115,서울,2005-02-20,한,수,,54,신우철,김현래,488
6116,서울,2005-02-20,한,수,,54,김윤섭,한광세,502
6117,서울,2005-02-20,한,수,,54,배대선,김광영,442
6118,서울,2005-02-20,한,수,,51,김학수,정이남,520
6119,서울,2005-02-20,한,수,,51,신우철,안영환,467
6120,서울,2005-02-20,한,수,,57,박윤규,신길우,446
6121,서울,2005-02-20,한,수,,56,박흥진,김길중,506
6122,서울,2005-02-20,한,수,,54,배대선,이광수a,451
6123,서울,2005-02-20,한,수,,56,이희영,정규상,430
6124,서울,2005-02-20,한,수,,58,지용철,안대종,476
6125,서울,2005-02-20,한,수,,56,강명준,유무성,468
6126,서울,2005-02-20,한,수,,55,김일성,이종복,475
6127,서울,2005-02-20,한,수,,56,김윤섭,진교원,477
6128,서울,2005-02-20,한,수,,56,박종곤,김용정,459
6129,서울,2005-02-20,한,수,,54,김문갑,이재욱,444
6130,서울,2005-02-20,한,수,,54,김일성,조승민,502
6131,서울,2005-02-20,한,수,,54,이광복,서순배,484
6132,서울,2005-02-20,한,수,,54,이용준,임기준,460
6133,서울,2005-02-20,한,암,,52.5,김점오,김덕환,424
6134,서울,2005-02-20,한,암,,57,임형규,서상주,456
6135,서울,2005-02-20,한,암,,56,이광복,최건호,456
6136,서울,2005-02-20,한,암,,54.5,최영주,박요선,461
6137,서울,2005-02-20,한,수,,58,김일성,조승민,453
6138,서울,2005-02-20,한,거,,54,이희영,김용상,445
6139,서울,2005-02-20,한,거,,53,박천서,신건호,450
6140,서울,2005-02-20,한,거,,55,곽영효,강용식,455
6141,서울,2005-02-20,한,거,,53,하재흥,김영수,476
6142,서울,2005-02-20,한,거,,51,박대흥,최애식,427
6143,서울,2005-02-20,한,거,,54,하재흥,이중연,455
6144,서울,2005-02-20,한,수,,54,박원덕,안덕기,474
6145,서울,2005-02-20,한,수,,54,최영주,반승일,433
6146,서울,2005-02-20,미,수,,57,곽영효,양수화,494
6147,서울,2005-02-20,한,수,,54,임봉춘,박종률,467
6148,서울,2005-02-20,한,수,,54,고옥봉,김용원,418
6149,서울,2005-02-20,미,수,,58,박대흥,최애식,517
6150,서울,2005-02-20,한,수,,55,안해양,김휘남,521
6151,서울,2005-02-20,한,수,,53,하재흥,이유환,541
6152,서울,2005-02-20,한,수,,51,박천서,천병득,486
6153,서울,2005-02-20,한,수,,51,임형규,서상주,451
6154,서울,2005-02-20,한,수,,54,김춘근,안승찬,481
6155,서울,2005-02-20,한,수,,54,박희철,진재순,483
6156,서울,2005-02-20,한,거,,54,박대흥,최애식,481
6157,서울,2005-02-20,한,거,,54,유재길,이동재,468
6158,서울,2005-02-20,한,암,,49,이희영,김진태,463
6159,서울,2005-02-20,뉴,암,,55,김춘근,신준희,451
6160,서울,2005-02-20,미,거,,52,김양선,홍평우,500
6161,서울,2005-02-20,한,거,,58,양재철,윤임구,521
6162,서울,2005-02-20,일,암,,53,서범석,서순배,453
6163,서울,2005-02-20,일,암,,55,김문갑,정덕용,468
6164,서울,2005-02-20,미,거,,51,이종구,정진태,498
6165,서울,2005-02-20,한,거,,57,지용훈,조용학,452
6166,서울,2005-02-20,미,거,,53,박진호,함병만,464
6167,서울,2005-02-20,한,거,,58,김명국,김용상,490
6168,서울,2005-02-20,한,수,,54,안해양,민규동,454
6169,서울,2005-02-20,한,수,,57,이인호,오만준,493
6170,서울,2005-02-20,미,수,,52,김양선,김종철,511
6171,서울,2005-02-20,미,암,,52,김대근,최상섭,427
6172,서울,2005-02-20,한,암,,53,지용훈,남기태,498
6173,서울,2005-02-20,일,암,,52,유재길,진교원,478
6174,서울,2005-02-20,한,암,,51,양재철,박현종,458
6175,서울,2005-02-26,한,수,,54,유재길,이희연,505
6176,서울,2005-02-26,한,수,,54.5,신우철,이재진,461
6177,서울,2005-02-26,한,수,,57,박희철,장석린외1인(신치구),464
6178,서울,2005-02-26,한,수,,51,이희영,김진태,465
6179,서울,2005-02-26,한,수,,56,김양선,정세능,463
6180,서울,2005-02-26,한,수,,51,지용철,곽태훈,489
6181,서울,2005-02-26,한,수,,56,박덕준,문창완,502
6182,서울,2005-02-26,한,수,,54,최영주,변영남,458
6183,서울,2005-02-26,한,수,,58,정지은,이부용,478
6184,서울,2005-02-26,한,수,,54,임형규,정수남,0
6185,서울,2005-02-26,일,수,,54,김춘근,이종현,490
6186,서울,2005-02-26,한,수,,51,지용철,이수길,424
6187,서울,2005-02-26,한,수,,53,강윤식,지성한,453
6188,서울,2005-02-26,한,수,,54,김점오,김덕환,0
6189,서울,2005-02-26,미,수,,54,양재철,김종화,452
6190,서울,2005-02-26,한,수,,51,지용철,이근우,424
6191,서울,2005-02-26,한,수,,53,강윤식,박승만,480
6192,서울,2005-02-26,미,수,,56,김점오,박환창,507
6193,서울,2005-02-26,한,수,,56,최영주,박선주,472
6194,서울,2005-02-26,한,수,,58,박덕준,허헌회,440
6195,서울,2005-02-26,한,수,,55,신우철,최관식,497
6196,서울,2005-02-26,한,암,,48,이희영,곽영필,431
6197,서울,2005-02-26,한,암,,50,김순근,김상태,432
6198,서울,2005-02-26,한,수,,53,서범석,신준수,447
6199,서울,2005-02-26,한,수,,58,강윤식,박동규,480
6200,서울,2005-02-26,한,수,,54,강명준,최효순,435
6201,서울,2005-02-26,한,수,,57,유재길,김양호,460
6202,서울,2005-02-26,한,거,,52,박흥진,김도윤,468
6203,서울,2005-02-26,한,거,,57,이용준,김명식,452
6204,서울,2005-02-26,한,거,,58,신우철,김우식,507
6205,서울,2005-02-26,한,거,,51,정지은,권광세,495
6206,서울,2005-02-26,한,거,,55,김점오,박환창,494
6207,서울,2005-02-26,한,거,,52,고옥봉,정병조,489
6208,서울,2005-02-26,한,거,,55,박대흥,지대섭,443
6209,서울,2005-02-26,미,수,,56,박대흥,정일권,483
6210,서울,2005-02-26,한,수,,54,곽영효,강용식,426
6211,서울,2005-02-26,한,수,,54,강승영,한선호,433
6212,서울,2005-02-26,한,수,,56,지용철,우쾌제,491
6213,서울,2005-02-26,한,수,,54,지용훈,조용학,474
6214,서울,2005-02-26,한,수,,53,하재흥,김정배,472
6215,서울,2005-02-26,한,수,,58.5,김점오,김덕환,465
6216,서울,2005-02-26,한,수,,54,고옥봉,전좌식,457
6217,서울,2005-02-26,한,수,,56,김병용,정몽규,482
6218,서울,2005-02-26,한,수,,54,지용철,구필모,474
6219,서울,2005-02-26,한,수,,52,윤치운,오금자,469
6220,서울,2005-02-26,한,수,,53,지용철,강성보,460
6221,서울,2005-02-26,한,수,,54,신우철,박용훈,465
6222,서울,2005-02-26,한,수,,52.5,양재철,윤임구,481
6223,서울,2005-02-26,한,수,,58,박진호,함운일,488
6224,서울,2005-02-26,한,수,,53,안해양,김휘남,478
6225,서울,2005-02-26,미,수,,52,김학수,전기섭,493
6226,서울,2005-02-26,한,수,,54,김점오,유순목,470
6227,서울,2005-02-26,한,수,,54,임봉춘,지원철,435
6228,서울,2005-02-26,한,거,,56,최영주,신영균,440
6229,서울,2005-02-26,한,암,,51,강명준,김광영,438
6230,서울,2005-02-26,한,거,,51,박대흥,남승현,472
6231,서울,2005-02-26,한,암,,54,박희철,이필승,414
6232,서울,2005-02-26,한,거,,54,임봉춘,박종률,487
6233,서울,2005-02-26,뉴,거,,53,박천서,박치문,464
6234,서울,2005-02-26,한,거,,54,김명국,김진철,481
6235,서울,2005-02-26,한,거,,57,최영주,신항철,459
6236,서울,2005-02-26,뉴,거,,55,하재흥,신동열,471
6237,서울,2005-02-26,미,거,,55,강승영,이승택,492
6238,서울,2005-02-26,한,거,,57,황의성,권오학,470
6239,서울,2005-02-26,한,거,,54,김명국,월곡목장영농조합,431
6240,서울,2005-02-26,뉴,거,,57,배대선,이수홍,459
6241,서울,2005-02-26,미,거,,54,박윤규,신길우,460
6242,서울,2005-02-26,한,수,,53,배대선,이수홍,433
6243,서울,2005-02-26,한,수,,55,지용철,황의영,467
6244,서울,2005-02-26,한,수,,48,신우철,선우패션,469
6245,서울,2005-02-26,한,수,,55,이광복,유길상,458
6246,서울,2005-02-26,한,암,,51,박희철,김병현,415
6247,서울,2005-02-26,일,암,,53,최혜식,조진환,465
6248,서울,2005-02-26,미,암,,53,이종구,정진태,476
6249,서울,2005-02-26,한,암,,53,김윤섭,김준일,390
6250,서울,2005-02-26,한,암,,52,고옥봉,정병조,463
6251,서울,2005-02-26,한,암,,51,고옥봉,김각경,421
6252,서울,2005-02-26,한,암,,51,김문갑,정덕용,465
6253,서울,2005-02-26,한,암,,51,하재흥,이상오,505
6254,서울,2005-02-26,한,암,,48,김양선,김종철,460
6255,서울,2005-02-26,한,암,,52,박종곤,이재호,485
6256,서울,2005-02-26,일,암,,53,서범석,김윤기,463
6257,서울,2005-02-26,뉴,암,,54,박원덕,이효선,416
6258,서울,2005-02-26,한,암,,56,양재철,한광희,451
6259,서울,2005-02-26,한,암,,56,정지은,노환영,464
6260,서울,2005-02-26,한,암,,55,이왕언,최창걸,459
6261,서울,2005-02-26,한,암,,51,강명준,김길중,402
6262,서울,2005-02-26,한,암,,54,김재복,박재율,453
6263,서울,2005-02-26,한,암,,51,김재복,우동희,416
6264,서울,2005-02-26,한,암,,52,고옥봉,오일랑,399
6265,서울,2005-02-26,뉴,거,,57,이종구,최인재,483
6266,서울,2005-02-26,한,거,,54,박희철,서정훈,485
6267,서울,2005-02-26,한,거,,54,곽영효,전영채,459
6268,서울,2005-02-26,한,거,,54,박희철,장석린외1인(신치구),475
6269,서울,2005-02-26,한,암,,52,신우철,진교원,471
6270,서울,2005-02-26,한,암,,57,김일성,류근상,461
6271,서울,2005-02-26,한,암,,53,박천서,천병득,471
6272,서울,2005-02-26,한,암,,53,임봉춘,이선종,480
6273,서울,2005-02-26,뉴,암,,54,서범석,문금주,493
6274,서울,2005-02-26,한,암,,53,김명국,풀무원건강식품(주),488
6275,서울,2005-02-26,한,암,,52,김문갑,어울림네트웍스,476
6276,서울,2005-02-26,미,암,,53,김양선,방승부,467
6277,서울,2005-02-26,미,암,,48,고옥봉,박성구,431
6278,서울,2005-02-26,한,암,,53,최혜식,배석두,432
6279,서울,2005-02-26,한,암,,50,최영주,권영원,381
6280,서울,2005-02-26,한,암,,52,최영주,변영남,520
6281,서울,2005-02-26,한,암,,53,박종곤,링크폴로,430
6282,서울,2005-02-26,한,암,,57,김대근,한일사료,450
6283,서울,2005-02-26,일,암,,53,박진호,이재원,478
6284,서울,2005-02-26,한,암,,53,박흥진,유준환,452
6285,서울,2005-02-26,한,암,,53,배대선,서영석,443
6286,서울,2005-02-26,한,암,,52,이용준,김진철,432
6287,서울,2005-02-26,한,암,,52,지용훈,조용학,458
6288,서울,2005-02-26,한,거,,54,한일영,심재식,466
6289,서울,2005-02-26,한,거,,51,김명국,이태식,490
6290,서울,2005-02-26,한,수,,54,박흥진,최효순,470
6291,서울,2005-02-26,한,암,,53,박종곤,김진엽,423
6292,서울,2005-02-26,한,암,,54,김춘근,월곡목장영농조합,434
6293,서울,2005-02-26,한,거,,56,김대근,최상섭,457
6294,서울,2005-02-26,한,암,,48,김병용,송근철,429
6295,서울,2005-02-26,한,암,,53,김재복,김병묵,472
6296,서울,2005-02-26,한,암,,52,한일영,대한사료,447
6297,서울,2005-02-26,미,암,,53,박흥진,유준환,455
6298,서울,2005-02-26,미,수,,56,이희영,노승구,445
6299,서울,2005-02-26,한,수,,52,최상식,장현종,469
6300,서울,2005-02-26,한,수,,54,박윤규,김신태,498
6301,서울,2005-02-26,한,수,,53.5,서범석,신준수,461
6302,서울,2005-02-26,한,수,,54,이종구,박정록,487
6303,서울,2005-02-26,한,암,,50,지용철,이근우,450
6304,서울,2005-02-26,뉴,거,,55,지용철,구필모,504
6305,서울,2005-02-26,한,암,,52,지용철,김우창,420
6306,서울,2005-02-26,한,거,,55,이희영,이주형,465
6307,서울,2005-02-26,미,암,,55,김택수,김진철,472
6308,서울,2005-02-26,한,암,,55,박원덕,이정원,413
6309,서울,2005-02-26,한,암,,54,이종구,박정록,497
6310,서울,2005-02-26,한,암,,53,윤치운,한광세,473
6311,서울,2005-02-27,한,암,,52,최영주,김노식,470
6312,서울,2005-02-27,한,암,,51,지용철,이수길,461
6313,서울,2005-02-27,한,암,,55,김학수,이긍범,430
6314,서울,2005-02-27,한,암,,55,김재복,조규학,382
6315,서울,2005-02-27,한,암,,54,신우철,김현래,402
6316,서울,2005-02-27,한,암,,56,김윤섭,심상춘,447
6317,서울,2005-02-27,한,암,,57,안해양,김진호,499
6318,서울,2005-02-27,한,거,,54,김점오,김창희,442
6319,서울,2005-02-27,뉴,거,,57,박덕준,김영철,468
6320,서울,2005-02-27,영,거,,55,김윤섭,김채겸,452
6321,서울,2005-02-27,뉴,거,,51,이종구,박정록,477
6322,서울,2005-02-27,미,거,,51,강승영,지대섭,462
6323,서울,2005-02-27,한,거,,57,이인호,변웅전,442
6324,서울,2005-02-27,한,거,,56,박원덕,박정웅,438
6325,서울,2005-02-27,한,거,,54,정지은,박찬준,499
6326,서울,2005-02-27,뉴,거,,58.5,박원덕,이효선,486
6327,서울,2005-02-27,한,수,,56,박종곤,김진엽,463
6328,서울,2005-02-27,한,수,,53,곽영효,김기용,483
6329,서울,2005-02-27,한,수,,52.5,박희철,조원희,465
6330,서울,2005-02-27,미,수,,56,이왕언,신건호,505
6331,서울,2005-02-27,한,암,,52,박희철,김방철,427
6332,서울,2005-02-27,한,암,,53,박흥진,장경환,478
6333,서울,2005-02-27,한,암,,55,김대근,지원철,396
6334,서울,2005-02-27,한,암,,51,김택수,윤일균,453
6335,서울,2005-02-27,한,암,,54,이종구,백종헌,477
6336,서울,2005-02-27,한,암,,54,김순근,김성부,490
6337,서울,2005-02-27,한,암,,53,김점오,박종호,513
6338,서울,2005-02-27,미,암,,52,김재복,전기섭,452
6339,서울,2005-02-27,한,암,,53,신우철,박정열,462
6340,서울,2005-02-27,한,암,,54,박덕준,최원곤,456
6341,서울,2005-02-27,한,암,,52,박천서,정일권,444
6342,서울,2005-02-27,한,암,,54,김학수,박재범,422
6343,서울,2005-02-27,일,암,,56,이인호,민영길,466
6344,서울,2005-02-27,한,암,,52,서범석,송숙자,443
6345,서울,2005-02-27,한,암,,53,박천서,김충수,454
6346,서울,2005-02-27,한,암,,50,강윤식,이영숙,426
6347,서울,2005-02-27,한,거,,52,하재흥,이용대,503
6348,서울,2005-02-27,한,거,,54,고옥봉,전좌식,514
6349,서울,2005-02-27,한,거,,54,김대근,유병옥,459
6350,서울,2005-02-27,뉴,거,,55,김춘근,이선종,486
6351,서울,2005-02-27,한,암,,53,김춘근,이연택,446
6352,서울,2005-02-27,한,암,,53,최혜식,박경만,416
6353,서울,2005-02-27,한,암,,54,김재복,전기섭,414
6354,서울,2005-02-27,한,암,,51,이종구,이영웅,439
6355,서울,2005-02-27,한,암,,54,안해양,윤여운,425
6356,서울,2005-02-27,한,암,,53,서정하,구자선,469
6357,서울,2005-02-27,한,암,,53,박흥진,유준환,488
6358,서울,2005-02-27,한,암,,50,강명준,김광영,450
6359,서울,2005-02-27,한,암,,51,김학수,전기섭,436
6360,서울,2005-02-27,한,암,,52,하재흥,김경민,412
6361,서울,2005-02-27,미,암,,55,김춘근,김한영,432
6362,서울,2005-02-27,한,암,,54,박종곤,정화섭,442
6363,서울,2005-02-27,한,암,,51,강명준,최효순,441
6364,서울,2005-02-27,한,암,,52,박원덕,이종석,478
6365,서울,2005-02-27,한,암,,51,정지은,노환영,450
6366,서울,2005-02-27,미,암,,53,박천서,천병득,449
6367,서울,2005-02-27,한,암,,53,박종곤,박재범,447
6368,서울,2005-02-27,한,암,,51,김일성,이종복,423
6369,서울,2005-02-27,한,암,,55,정지은,최여경,401
6370,서울,2005-02-27,한,암,,54,최상식,장현종,440
6371,서울,2005-02-27,한,거,,51,박덕준,백운창,438
6372,서울,2005-02-27,한,암,,53,박종곤,링크폴로,444
6373,서울,2005-02-27,한,수,,51,지용철,이수길,490
6374,서울,2005-02-27,한,수,,56,김학수,김정근,450
6375,서울,2005-02-27,한,수,,54,정지은,청호컴넷(주),481
6376,서울,2005-02-27,한,암,,53,김윤섭,김준일,421
6377,서울,2005-02-27,뉴,거,,51,박진호,명인환,536
6378,서울,2005-02-27,한,거,,53,곽영효,조진환,410
6379,서울,2005-02-27,한,암,,53,김윤섭,김채겸,463
6380,서울,2005-02-27,한,암,,53,박윤규,현대영,418
6381,서울,2005-02-27,한,암,,52,지용철,이수길,441
6382,서울,2005-02-27,한,수,,56,신우철,안영환,458
6383,서울,2005-02-27,한,수,,57.5,강명준,이광수a,468
6384,서울,2005-02-27,한,수,,52,서범석,이재만,448
6385,서울,2005-02-27,미,수,,58,김재복,김한영,504
6386,서울,2005-02-27,한,수,,54,최상식,장재형,447
6387,서울,2005-02-27,한,수,,56,최상식,장현종,481
6388,서울,2005-02-27,한,수,,55,김양선,구자선,457
6389,서울,2005-02-27,한,수,,56,이용준,김명식,450
6390,서울,2005-02-27,미,수,,51,지용철,안대종,511
6391,서울,2005-02-27,한,수,,54,김순근,제주축산개발,408
6392,서울,2005-02-27,한,수,,54,곽영효,강신호,478
6393,서울,2005-02-27,한,수,,52,지용철,강성보,481
6394,서울,2005-02-27,미,수,,58,김택수,이희연,487
6395,서울,2005-02-27,한,수,,56,지용훈,이문철,472
6396,서울,2005-02-27,한,수,,54,이종구,백종헌,461
6397,서울,2005-02-27,한,수,,56,이희영,오호극,464
6398,서울,2005-02-27,한,수,,55,신우철,김현래,479
6399,서울,2005-02-27,한,수,,54,유재길,허병하,446
6400,서울,2005-02-27,한,수,,51,신우철,심상필,481
6401,서울,2005-02-27,한,수,,51,지용훈,조용학,506
6402,서울,2005-02-27,한,수,,57,한일영,이광수,439
6403,서울,2005-02-27,한,암,,52,김학수,조규학,423
6404,서울,2005-02-27,한,암,,51,서정하,변영남,441
6405,서울,2005-02-27,한,수,,53,신우철,안영환,492
6406,서울,2005-02-27,한,수,,52,하재흥,김영수,427
6407,서울,2005-02-27,한,암,,54,강명준,권태우,501
6408,서울,2005-02-27,한,암,,54,김춘근,남웅종,460
6409,서울,2005-02-27,한,암,,53,윤치운,제주축협,493
6410,서울,2005-02-27,한,수,,51,박진호,정동진,487
6411,서울,2005-02-27,뉴,거,,52,박덕준,허헌회,452
6412,서울,2005-02-27,한,거,,56,김대근,노병석,507
6413,서울,2005-02-27,한,거,,54,안해양,김휘남,482
6414,서울,2005-02-27,미,거,,55,김학수,박남성,517
6415,서울,2005-02-27,뉴,거,,53,강승영,이강수,441
6416,서울,2005-02-27,미,거,,51,이용준,김용원,484
6417,서울,2005-02-27,한,거,,54,이용준,김명식,479
6418,서울,2005-02-27,미,수,,53,최혜식,이종원,466
6419,서울,2005-02-27,한,수,,53.5,이광복,대일화학,532
6420,서울,2005-02-27,일,수,,60,박희철,유정희,478
6421,서울,2005-02-27,한,수,,52,이왕언,최창걸,450
6422,서울,2005-02-27,미,수,,51,김점오,박환창,496
6423,서울,2005-02-27,미,수,,53,박대흥,남승현,439
6424,서울,2005-02-27,한,수,,55,이종구,이영웅,476
6425,서울,2005-02-27,한,수,,52,김문갑,이종철,458
6426,서울,2005-02-27,한,수,,54,김명국,이태식,497
6427,서울,2005-02-27,한,수,,54,강명준,김길중,481
6428,서울,2005-02-27,미,거,,52,김양선,이항진,465
6429,서울,2005-02-27,미,거,,52,박흥진,김도윤,484
6430,서울,2005-02-27,한,거,,56,박대흥,김용정,502
6431,서울,2005-02-27,한,거,,55,최영주,장석린외1인(신치구),498
6432,서울,2005-02-27,한,암,,54,박희철,조원희,438
6433,서울,2005-02-27,한,암,,53,윤치운,오상철,453
6434,서울,2005-02-27,한,암,,53,김양선,홍평우,423
6435,서울,2005-02-27,한,암,,55,박덕준,서승린,406
6436,서울,2005-02-27,한,암,,53,김양선,김종철,461
6437,서울,2005-02-27,한,거,,53,김일성,일진코스메틱,490
6438,서울,2005-02-27,미,거,,54,박윤규,신길우,433
6439,서울,2005-02-27,한,거,,56,김문갑,김익영,419
6440,서울,2005-02-27,한,거,,55,이희영,정규상,430
6441,서울,2005-02-27,뉴,거,,51,서범석,임기준,476
6442,서울,2005-02-27,호,거,,51.5,지용훈,조용학,494
6443,서울,2005-02-27,한,거,,56,박진호,명인환,489
6444,서울,2005-02-27,미,거,,55,지용철,안대종,456
6445,서울,2005-02-27,한,거,,54,박흥진,김도윤,508
6446,서울,2005-03-05,한,수,,51,김택수,박장수,425
6447,서울,2005-03-05,한,수,,51,이희영,곽영필,481
6448,서울,2005-03-05,한,암,,52,이왕언,김방철,470
6449,서울,2005-03-05,한,암,,50,이희영,곽영필,483
6450,서울,2005-03-05,한,수,,54,김명국,이재효,431
6451,서울,2005-03-05,한,암,,49,김일성,일진코스메틱,479
6452,서울,2005-03-05,미,수,,55,이용준,김명식,511
6453,서울,2005-03-05,한,수,,55,김윤섭,한광세,464
6454,서울,2005-03-05,한,수,,57,이용준,신영식,421
6455,서울,2005-03-05,한,수,,54,김명국,이태식,475
6456,서울,2005-03-05,한,수,,54,황의성,이광수,0
6457,서울,2005-03-05,한,수,,54,김춘근,남웅종,441
6458,서울,2005-03-05,한,수,,54,김대근,최상섭,463
6459,서울,2005-03-05,한,수,,54,박흥진,유준환,464
6460,서울,2005-03-05,한,수,,53,하재흥,이유환,465
6461,서울,2005-03-05,한,수,,53,하재흥,신동열,508
6462,서울,2005-03-05,한,수,,54,신우철,김덕애,463
6463,서울,2005-03-05,한,수,,54,유재길,진교원,474
6464,서울,2005-03-05,한,수,,54,강승영,한선호,419
6465,서울,2005-03-05,한,수,,54,이광복,최건호,538
6466,서울,2005-03-05,한,수,,52,양재철,박현종,448
6467,서울,2005-03-05,한,수,,54,김순근,이재만,434
6468,서울,2005-03-05,한,수,,51,정지은,홍범기,427
6469,서울,2005-03-05,한,수,,54,안해양,이상홍,512
6470,서울,2005-03-05,한,수,,54,박희철,조병해,450
6471,서울,2005-03-05,한,수,,56,유재길,박종률,488
6472,서울,2005-03-05,한,수,,54,윤치운,유영주,459
6473,서울,2005-03-05,한,수,,52,고옥봉,김용원,410
6474,서울,2005-03-05,한,수,,51,김순근,월곡목장영농조합,432
6475,서울,2005-03-05,한,수,,54,김학수,박남성,421
6476,서울,2005-03-05,한,수,,54,최상식,최춘섭,456
6477,서울,2005-03-05,한,수,,54,정지은,이경우,472
6478,서울,2005-03-05,미,수,,54,지용철,곽태훈,441
6479,서울,2005-03-05,한,수,,54,김병용,정몽규,456
6480,서울,2005-03-05,미,수,,57,김문갑,박용오,472
6481,서울,2005-03-05,한,수,,56,황의성,이광수,482
6482,서울,2005-03-05,한,수,,52,박흥진,이종휘,511
6483,서울,2005-03-05,한,수,,55,박흥진,김도윤,435
6484,서울,2005-03-05,한,암,,53,서범석,신준수,492
6485,서울,2005-03-05,한,암,,50,최영주,이영욱a,432
6486,서울,2005-03-05,한,암,,51,지용훈,이문철,467
6487,서울,2005-03-05,한,암,,51,윤치운,안응수,452
6488,서울,2005-03-05,한,암,,53,임봉춘,윤일균,432
6489,서울,2005-03-05,한,암,,52,지용훈,이민문,448
6490,서울,2005-03-05,뉴,암,,52,박천서,이재진,445
6491,서울,2005-03-05,한,암,,53,박원덕,이정원,452
6492,서울,2005-03-05,한,암,,53,지용훈,남기태,508
6493,서울,2005-03-05,한,암,,50,이광복,장춘희,430
6494,서울,2005-03-05,한,거,,55,고옥봉,정이남,471
6495,서울,2005-03-05,호,거,,51,김춘근,이선종,429
6496,서울,2005-03-05,미,거,,51,박희철,오경의,488
6497,서울,2005-03-05,한,암,,50,신우철,이수근,473
6498,서울,2005-03-05,한,암,,53,박천서,정일권,437
6499,서울,2005-03-05,한,거,,51,신우철,신항식,461
6500,서울,2005-03-05,미,거,,55,정지은,권광세,459
6501,서울,2005-03-05,호,거,,52,박덕준,나정웅,496
6502,서울,2005-03-05,한,거,,51,박흥진,이용대,431
6503,서울,2005-03-05,한,거,,56,이용준,강상우,522
6504,서울,2005-03-05,한,수,,54,박흥진,김길중,504
6505,서울,2005-03-05,한,수,,54,지용철,강성보,506
6506,서울,2005-03-05,한,암,,53,이희영,박환창,420
6507,서울,2005-03-05,뉴,거,,57,서범석,박남성,490
6508,서울,2005-03-05,한,거,,54,박종곤,김정배,440
6509,서울,2005-03-05,미,거,,52,이왕언,김방철,489
6510,서울,2005-03-05,뉴,거,,53.5,하재흥,이상오,465
6511,서울,2005-03-05,한,거,,54,배대선,양길순,463
6512,서울,2005-03-05,일,수,,57,김문갑,김성두,493
6513,서울,2005-03-05,한,수,,56,이종구,최인재,418
6514,서울,2005-03-05,한,수,,55,신우철,이수근,472
6515,서울,2005-03-05,한,수,,54,신우철,박정열,472
6516,서울,2005-03-05,한,수,,54,신우철,최관식,440
6517,서울,2005-03-05,미,수,,56,김양선,구자선,509
6518,서울,2005-03-05,한,수,,52,이광복,최명균,432
6519,서울,2005-03-05,한,수,,52,배대선,박상헌,442
6520,서울,2005-03-05,한,암,,54,임형규,신동호,430
6521,서울,2005-03-05,한,암,,53,박흥진,송용식,406
6522,서울,2005-03-05,한,암,,53,이광복,최건호,440
6523,서울,2005-03-05,한,암,,53,이인호,이종원,462
6524,서울,2005-03-05,한,암,,53,윤치운,방형린,458
6525,서울,2005-03-05,한,암,,52,김문갑,박흥길,433
6526,서울,2005-03-05,한,암,,50,이희영,김진태,434
6527,서울,2005-03-05,한,암,,56,배대선,이수홍,449
6528,서울,2005-03-05,한,암,,51.5,서범석,송숙자,459
6529,서울,2005-03-05,한,암,,54.5,최혜식,박정열,478
6530,서울,2005-03-05,한,암,,52,이종구,김기영,451
6531,서울,2005-03-05,미,암,,56,하재흥,이상오,471
6532,서울,2005-03-05,미,암,,54.5,김택수,김양호,468
6533,서울,2005-03-05,한,암,,51,유재길,허병하,418
6534,서울,2005-03-05,한,암,,53,이희영,노승구,419
6535,서울,2005-03-05,한,암,,53,양재철,임관호,461
6536,서울,2005-03-05,한,암,,53,최상식,신홍균,419
6537,서울,2005-03-05,한,암,,53,박대흥,김희라,435
6538,서울,2005-03-05,한,암,,51,이광복,최명균,467
6539,서울,2005-03-05,미,암,,52,강승영,오호극,427
6540,서울,2005-03-05,한,암,,53,김점오,박종호,486
6541,서울,2005-03-05,한,암,,53,김문갑,김성두,462
6542,서울,2005-03-05,한,암,,53,김순근,맹원재,442
6543,서울,2005-03-05,한,암,,51,박윤규,권오학,465
6544,서울,2005-03-05,미,암,,53.5,박원덕,이효선,456
6545,서울,2005-03-05,한,암,,53,고옥봉,윤해영,420
6546,서울,2005-03-05,한,암,,52,김재복,조규학,400
6547,서울,2005-03-05,한,암,,53,이왕언,이영서,440
6548,서울,2005-03-05,한,암,,53,김대근,김진구,455
6549,서울,2005-03-05,일,암,,54,최영주,장석린외1인(신치구),455
6550,서울,2005-03-05,한,암,,52,임봉춘,이주형,469
6551,서울,2005-03-05,한,암,,50,최상식,임우근,409
6552,서울,2005-03-05,한,암,,52,하재흥,김영수,469
6553,서울,2005-03-05,한,암,,54,박윤규,신길우,472
6554,서울,2005-03-05,일,거,,57,하재흥,김웅세,452
6555,서울,2005-03-05,한,암,,50,임봉춘,박상선,463
6556,서울,2005-03-05,한,암,,53,최영주,이영욱a,421
6557,서울,2005-03-05,한,수,,55,박덕준,이재호,477
6558,서울,2005-03-05,한,암,,50,정지은,조한천,434
6559,서울,2005-03-05,한,거,,52,배대선,이효선,472
6560,서울,2005-03-05,한,암,,54,김명국,이재효,458
6561,서울,2005-03-05,한,수,,50,서범석,문금주,0
6562,서울,2005-03-05,한,수,,54,김춘근,신준희,500
6563,서울,2005-03-05,미,수,,55,이종구,이영웅,474
6564,서울,2005-03-05,한,수,,54,김점오,박영철,468
6565,서울,2005-03-05,일,수,,53,안해양,정일권,542
6566,서울,2005-03-05,미,수,,56,양재철,임관호,487
6567,서울,2005-03-05,한,수,,55,안해양,김휘남,435
6568,서울,2005-03-05,미,암,,52,김일성,일진코스메틱,481
6569,서울,2005-03-05,한,거,,56,임봉춘,천병득,489
6570,서울,2005-03-05,한,거,,56,김명국,김진철,431
6571,서울,2005-03-05,한,암,,53,박천서,천병득,433
6572,서울,2005-03-05,한,거,,51,박천서,박엽래,466
6573,서울,2005-03-05,한,암,,53,양재철,임관호,493
6574,서울,2005-03-05,한,암,,52.5,유재길,김양호,445
6575,서울,2005-03-05,한,암,,54,김양선,홍평우,433
6576,서울,2005-03-05,한,암,,48,임형규,김영수,423
6577,서울,2005-03-05,한,암,,51,고옥봉,오일랑,475
6578,서울,2005-03-05,한,암,,50,양재철,김기성,408
6579,서울,2005-03-05,한,암,,51,고옥봉,이기선,474
6580,서울,2005-03-05,한,암,,52,김점오,박영철,458
6581,서울,2005-03-05,한,암,,54,이왕언,이영서,433
6582,서울,2005-03-05,한,암,,51,고옥봉,김각경,433
6583,서울,2005-03-05,한,암,,52.5,신우철,김덕애,407
6584,서울,2005-03-06,한,암,,53,황의성,조병용,464
6585,서울,2005-03-06,한,암,,50,김순근,김상태,442
6586,서울,2005-03-06,한,수,,56,김점오,박영철,494
6587,서울,2005-03-06,한,암,,51,박덕준,백운창,441
6588,서울,2005-03-06,한,암,,51,강윤식,김용상,454
6589,서울,2005-03-06,미,암,,52,김택수,정영채,450
6590,서울,2005-03-06,한,암,,53,김병용,송근철,433
6591,서울,2005-03-06,한,암,,53,박종곤,박재범,470
6592,서울,2005-03-06,한,암,,51,박천서,한일사료,445
6593,서울,2005-03-06,한,거,,53,최영주,홍성운,463
6594,서울,2005-03-06,뉴,거,,57,배대선,이광수a,448
6595,서울,2005-03-06,한,수,,50,최상식,장현종,454
6596,서울,2005-03-06,한,수,,57,지용훈,남기태,472
6597,서울,2005-03-06,한,수,,52.5,이희영,정규상,482
6598,서울,2005-03-06,한,수,,54,이광복,유길상,484
6599,서울,2005-03-06,호,수,,53,박대흥,남승현,520
6600,서울,2005-03-06,일,수,,54,박진호,함운일,426
6601,서울,2005-03-06,한,수,,54,이용준,신영식,548
6602,서울,2005-03-06,한,암,,55,임형규,신동호,468
6603,서울,2005-03-06,미,암,,54,하재흥,이중연,439
6604,서울,2005-03-06,한,암,,53,이광복,신항식,466
6605,서울,2005-03-06,한,암,,52,김택수,이희연,460
6606,서울,2005-03-06,한,암,,53,지용훈,이선호,467
6607,서울,2005-03-06,한,암,,52,유재길,박종률,478
6608,서울,2005-03-06,한,암,,51,박흥진,이용대,439
6609,서울,2005-03-06,일,암,,50,김순근,최상경,453
6610,서울,2005-03-06,한,암,,53,박종곤,김진엽,417
6611,서울,2005-03-06,한,암,,53,김양선,김종철,433
6612,서울,2005-03-06,한,암,,55,지용철,남기태,467
6613,서울,2005-03-06,한,암,,53,김재복,김한영,473
6614,서울,2005-03-06,한,암,,54,김병용,박흥길,447
6615,서울,2005-03-06,한,암,,54,김점오,유근수,460
6616,서울,2005-03-06,한,암,,55,최상식,장재형,460
6617,서울,2005-03-06,한,암,,57,곽영효,강용식,453
6618,서울,2005-03-06,한,암,,53,이왕언,최창걸,482
6619,서울,2005-03-06,한,암,,54,김대근,노병석,400
6620,서울,2005-03-06,한,암,,53,김윤섭,윤세영,451
6621,서울,2005-03-06,뉴,암,,51,서범석,문금주,465
6622,서울,2005-03-06,일,암,,54,김춘근,남웅종,457
6623,서울,2005-03-06,한,암,,54,임봉춘,권태우,453
6624,서울,2005-03-06,한,암,,54,이용준,임기준,439
6625,서울,2005-03-06,한,암,,52,고옥봉,정병조,426
6626,서울,2005-03-06,한,암,,53,김문갑,이수빈,454
6627,서울,2005-03-06,한,암,,52,김일성,조승민,466
6628,서울,2005-03-06,한,암,,50,신우철,김우식,440
6629,서울,2005-03-06,한,암,,49,고옥봉,이태인,438
6630,서울,2005-03-06,한,암,,54,윤치운,오금자,437
6631,서울,2005-03-06,한,암,,53,박흥진,이두표,459
6632,서울,2005-03-06,한,암,,55,김춘근,이선종,471
6633,서울,2005-03-06,한,수,,55,이인호,오만준,484
6634,서울,2005-03-06,한,수,,54,박대흥,김희라,470
6635,서울,2005-03-06,한,수,,58.5,지용훈,이선호,497
6636,서울,2005-03-06,뉴,거,,54,배대선,이수홍,447
6637,서울,2005-03-06,미,암,,55,김양선,이항진,439
6638,서울,2005-03-06,한,암,,55,강윤식,지성한,461
6639,서울,2005-03-06,한,수,,52,박희철,오경의,459
6640,서울,2005-03-06,한,수,,56,박대흥,남승현,441
6641,서울,2005-03-06,한,수,,51,최영주,권영원,445
6642,서울,2005-03-06,한,수,,56,이종구,최수군,464
6643,서울,2005-03-06,한,수,,51,박진호,함운일,433
6644,서울,2005-03-06,호,암,,53,윤치운,민영길,449
6645,서울,2005-03-06,한,거,,54,양재철,윤임구,415
6646,서울,2005-03-06,한,암,,52,김순근,맹원재,450
6647,서울,2005-03-06,한,암,,53,하재흥,김문환a,467
6648,서울,2005-03-06,한,암,,54,김윤섭,김연호,455
6649,서울,2005-03-06,한,암,,52,박천서,천병득,474
6650,서울,2005-03-06,뉴,암,,53,서범석,서순배,443
6651,서울,2005-03-06,한,암,,50,강윤식,인원식,433
6652,서울,2005-03-06,한,암,,53,서범석,신준수,437
6653,서울,2005-03-06,한,암,,54,김윤섭,윤세영,420
6654,서울,2005-03-06,한,암,,51,서정하,구자선,441
6655,서울,2005-03-06,한,암,,54,서범석,오상철,424
6656,서울,2005-03-06,한,암,,53,박원덕,김대기,411
6657,서울,2005-03-06,한,수,,53,강승영,오호극,467
6658,서울,2005-03-06,미,수,,54,김택수,오호극,446
6659,서울,2005-03-06,한,암,,53,황의성,허건호,443
6660,서울,2005-03-06,한,수,,51,김병용,김명자,486
6661,서울,2005-03-06,한,수,,54,강승영,권영원,460
6662,서울,2005-03-06,한,수,,56,박진호,표순배,445
6663,서울,2005-03-06,한,수,,56,박덕준,문창완,512
6664,서울,2005-03-06,호,수,,55,김학수,박환창,489
6665,서울,2005-03-06,한,수,,54,정지은,에쓰푸드홀딩스(주),454
6666,서울,2005-03-06,한,수,,51,이광복,최명균,482
6667,서울,2005-03-06,한,수,,54,김재복,우동희,452
6668,서울,2005-03-06,한,수,,51,강윤식,권익현,442
6669,서울,2005-03-06,한,수,,54,김춘근,이연택,470
6670,서울,2005-03-06,한,수,,53,최혜식,박정열,460
6671,서울,2005-03-06,한,수,,54,최혜식,이종원,0
6672,서울,2005-03-06,한,수,,54,박진호,이재원,477
6673,서울,2005-03-06,한,수,,52,박희철,김병현,506
6674,서울,2005-03-06,한,수,,53,양재철,임관호,488
6675,서울,2005-03-06,한,수,,54,이희영,민영길,484
6676,서울,2005-03-06,한,수,,56,신우철,선우패션,494
6677,서울,2005-03-06,한,수,,56,김춘근,김한영,463
6678,서울,2005-03-06,한,수,,52,김일성,이종복,488
6679,서울,2005-03-06,한,수,,55,하재흥,신동열,478
6680,서울,2005-03-06,한,수,,53,박희철,조원희,466
6681,서울,2005-03-06,한,수,,52,김윤섭,윤세영,451
6682,서울,2005-03-06,한,수,,51,최혜식,조진환,465
6683,서울,2005-03-06,한,수,,54.5,하재흥,이유환,464
6684,서울,2005-03-06,미,수,,56,김문갑,이종철,502
6685,서울,2005-03-06,한,수,,54,안해양,김휘남,525
6686,서울,2005-03-06,한,수,,54,곽영효,양수화,455
6687,서울,2005-03-06,한,수,,54,이용준,김종욱,457
6688,서울,2005-03-06,한,수,,54,신우철,선우패션,466
6689,서울,2005-03-06,한,수,,51.5,이왕언,최창걸,508
6690,서울,2005-03-06,한,수,,51,지용철,안대종,464
6691,서울,2005-03-06,한,수,,56,김택수,김양호,488
6692,서울,2005-03-06,한,수,,57.5,배대선,박희주,0
6693,서울,2005-03-06,한,수,,56,김순근,지대섭,486
6694,서울,2005-03-06,한,수,,51.5,이희영,노승구,452
6695,서울,2005-03-06,미,수,,56,김문갑,어울림네트웍스,495
6696,서울,2005-03-06,한,수,,56,한일영,이광수,472
6697,서울,2005-03-06,한,수,,57,양재철,한광희,444
6698,서울,2005-03-06,한,수,,53,김문갑,이종철,478
6699,서울,2005-03-06,한,수,,51,김점오,박준구,458
6700,서울,2005-03-06,한,수,,56,박덕준,허헌회,484
6701,서울,2005-03-06,한,수,,53,하재흥,이유환,450
6702,서울,2005-03-06,한,암,,53,김점오,김덕환,457
6703,서울,2005-03-06,한,암,,49,김양선,차영희,449
6704,서울,2005-03-06,인,암,,53,김춘근,신준희,494
6705,서울,2005-03-06,미,거,,53,양재철,박현종,478
6706,서울,2005-03-06,한,거,,53,박천서,유미개발,483
6707,서울,2005-03-06,한,거,,53,김문갑,박성구,455
6708,서울,2005-03-06,한,거,,56,이왕언,신건호,443
6709,서울,2005-03-06,한,거,,54,김점오,김창희,474
6710,서울,2005-03-06,한,거,,51,김일성,임상윤,420
6711,서울,2005-03-06,한,거,,54,김대근,고영자,469
6712,서울,2005-03-06,한,거,,56,이희영,김용상,469
6713,서울,2005-03-06,한,거,,54,유재길,월곡목장영농조합,442
6714,서울,2005-03-06,한,수,,54,곽영효,이종무,494
6715,서울,2005-03-06,한,수,,56,이인호,서익수,471
6716,서울,2005-03-06,한,수,,51,박종곤,김진엽,473
6717,서울,2005-03-06,한,수,,55,김병용,박흥길,441
6718,서울,2005-03-06,한,거,,53,박대흥,청호컴넷(주),0
6719,서울,2005-03-06,뉴,거,,53,김재복,정이남,447
6720,서울,2005-03-06,미,거,,53,김재복,김종한,510
6721,서울,2005-03-12,호,거,,51,박원덕,이정원,471
6722,서울,2005-03-12,뉴,거,,57,박덕준,백운창,478
6723,서울,2005-03-12,미,암,,55,이종구,정진태,378
6724,서울,2005-03-12,한,암,,52,유재길,송근철,446
6725,서울,2005-03-12,뉴,거,,54,박덕준,서승린,446
6726,서울,2005-03-12,한,거,,53,유재길,권영탁,464
6727,서울,2005-03-12,뉴,거,,54,김재복,양길순,432
6728,서울,2005-03-12,미,거,,60,박원덕,방승부,445
6729,서울,2005-03-12,뉴,암,,54,서범석,김윤기,462
6730,서울,2005-03-12,일,암,,53,김춘근,신준희,432
6731,서울,2005-03-12,한,암,,53,박흥진,제주축협,465
6732,서울,2005-03-12,미,거,,52.5,김학수,박남성,446
6733,서울,2005-03-12,미,거,,57.5,곽영효,전덕순,489
6734,서울,2005-03-12,미,거,,51,김양선,구자선,497
6735,서울,2005-03-12,뉴,거,,55,임봉춘,서정훈,444
6736,서울,2005-03-12,한,거,,56,김대근,김정규,500
6737,서울,2005-03-12,한,거,,56,김일성,일진코스메틱,479
6738,서울,2005-03-12,한,거,,56,박흥진,김도윤,493
6739,서울,2005-03-12,미,거,,51,김택수,박장수,477
6740,서울,2005-03-12,미,거,,54,김문갑,박흥길,501
6741,서울,2005-03-12,한,거,,53,박희철,월곡목장영농조합,479
6742,서울,2005-03-12,미,수,,55.5,지용훈,이선호,479
6743,서울,2005-03-12,한,수,,54,김춘근,이선종,489
6744,서울,2005-03-12,한,수,,54,박흥진,장경환,432
6745,서울,2005-03-12,한,수,,54,김문갑,이재욱,446
6746,서울,2005-03-12,미,거,,55,김문갑,김익영,484
6747,서울,2005-03-12,한,수,,52,김명국,코스틸,466
6748,서울,2005-03-12,한,수,,51,강명준,유무성,476
6749,서울,2005-03-12,미,수,,52,박흥진,김도윤,518
6750,서울,2005-03-12,한,수,,56.5,지용철,구필모,484
6751,서울,2005-03-12,한,수,,57,임봉춘,이주형,523
6752,서울,2005-03-12,한,수,,54,안해양,윤영기,476
6753,서울,2005-03-12,미,수,,57,지용훈,조용학,501
6754,서울,2005-03-12,한,수,,52,유재길,진교원,452
6755,서울,2005-03-12,한,수,,56,김재복,전기섭,434
6756,서울,2005-03-12,한,수,,54,김문갑,김서운,430
6757,서울,2005-03-12,한,수,,56,김병용,박성환,469
6758,서울,2005-03-12,한,수,,55,최영주,권영원,454
6759,서울,2005-03-12,한,수,,56,김병용,양재열,473
6760,서울,2005-03-12,한,수,,51,이희영,정규상,423
6761,서울,2005-03-12,한,수,,54,지용철,강성보,484
6762,서울,2005-03-12,한,수,,56,하재흥,조남대,493
6763,서울,2005-03-12,한,수,,57,박진호,정동진,510
6764,서울,2005-03-12,한,수,,53,하재흥,김경민,486
6765,서울,2005-03-12,한,수,,54,김점오,김덕환,463
6766,서울,2005-03-12,한,수,,56,강명준,이광수a,453
6767,서울,2005-03-12,한,수,,54,이인호,오만준,443
6768,서울,2005-03-12,한,수,,54,김일성,임상윤,460
6769,서울,2005-03-12,한,수,,54,김문갑,이수빈,477
6770,서울,2005-03-12,한,수,,54,김점오,박남성,465
6771,서울,2005-03-12,한,수,,54,박덕준,장수영,440
6772,서울,2005-03-12,한,수,,55,김윤섭,김채겸,494
6773,서울,2005-03-12,한,암,,52,박진호,김명식,405
6774,서울,2005-03-12,한,수,,53,지용철,안대종,473
6775,서울,2005-03-12,한,수,,54,김양선,박재범,452
6776,서울,2005-03-12,뉴,거,,51,정지은,청호컴넷(주),522
6777,서울,2005-03-12,한,거,,53,박대흥,강충모,490
6778,서울,2005-03-12,한,암,,53,이희영,이상용,432
6779,서울,2005-03-12,뉴,거,,51,이용준,박성구,526
6780,서울,2005-03-12,한,암,,49,김명국,김진철,421
6781,서울,2005-03-12,한,암,,51,임형규,이기선,410
6782,서울,2005-03-12,한,수,,54,강명준,이광수a,436
6783,서울,2005-03-12,미,암,,56,양재철,임관호,427
6784,서울,2005-03-12,한,암,,53,곽영효,권광세,440
6785,서울,2005-03-12,한,수,,54,강승영,지대섭,453
6786,서울,2005-03-12,한,거,,51,박천서,천병득,451
6787,서울,2005-03-12,뉴,암,,53,이광복,서순배,443
6788,서울,2005-03-12,한,암,,53,박종곤,박재범,453
6789,서울,2005-03-12,한,암,,53,이종구,최인재,425
6790,서울,2005-03-12,미,암,,52,김문갑,김서운,470
6791,서울,2005-03-12,한,암,,53,최상식,박기흥,480
6792,서울,2005-03-12,한,암,,53,김재복,우동희,491
6793,서울,2005-03-12,한,암,,50,지용훈,이선호,416
6794,서울,2005-03-12,한,암,,54,정지은,노환영,423
6795,서울,2005-03-12,한,암,,52.5,김대근,노병석,459
6796,서울,2005-03-12,한,암,,53,박덕준,나정웅,416
6797,서울,2005-03-12,한,암,,53,이왕언,서민석,405
6798,서울,2005-03-12,일,암,,50,서범석,문금주,498
6799,서울,2005-03-12,호,암,,50,강윤식,권익현,420
6800,서울,2005-03-12,한,암,,55,정지은,월곡목장영농조합,443
6801,서울,2005-03-12,한,암,,55,김대근,노병석,430
6802,서울,2005-03-12,한,암,,51,김춘근,이동언,466
6803,서울,2005-03-12,한,암,,55,이용준,박성구,424
6804,서울,2005-03-12,한,암,,51,지용훈,김연호,482
6805,서울,2005-03-12,미,암,,50,한일영,대한사료,494
6806,서울,2005-03-12,한,암,,53,이왕언,범양해운,510
6807,서울,2005-03-12,호,암,,53,박대흥,남승현,431
6808,서울,2005-03-12,한,암,,50,강승영,정기찬,418
6809,서울,2005-03-12,한,암,,53,강윤식,지성한,466
6810,서울,2005-03-12,한,암,,52,김학수,김병묵,397
6811,서울,2005-03-12,한,암,,54,김병용,정몽규,435
6812,서울,2005-03-12,한,암,,55,윤치운,한광세,498
6813,서울,2005-03-12,한,암,,53,한일영,대한사료,436
6814,서울,2005-03-12,한,암,,52,김재복,조병해,488
6815,서울,2005-03-12,한,암,,54,김재복,전기섭,461
6816,서울,2005-03-12,한,암,,50,김춘근,이동언,395
6817,서울,2005-03-12,한,암,,51,고옥봉,오일랑,394
6818,서울,2005-03-12,한,암,,55,김순근,서운석,481
6819,서울,2005-03-12,뉴,암,,51,서범석,문금주,448
6820,서울,2005-03-12,한,암,,52,박희철,장석린외1인(신치구),442
6821,서울,2005-03-12,한,암,,51,지용훈,남기태,496
6822,서울,2005-03-12,한,암,,54,이용준,신영식,459
6823,서울,2005-03-12,한,암,,52,유재길,허병하,489
6824,서울,2005-03-12,일,암,,50,김순근,최상경,480
6825,서울,2005-03-12,한,암,,53,이종구,김기영,450
6826,서울,2005-03-12,한,암,,51,양재철,한광희,407
6827,서울,2005-03-12,한,암,,53,유재길,허병하,452
6828,서울,2005-03-12,한,암,,53,박희철,김창희,454
6829,서울,2005-03-12,미,암,,53,이종구,정진태,432
6830,서울,2005-03-12,한,암,,54,김재복,박희주,453
6831,서울,2005-03-12,한,암,,51,박천서,김우창,411
6832,서울,2005-03-12,한,암,,53,이인호,이영욱,442
6833,서울,2005-03-12,뉴,암,,54,김순근,최상경,396
6834,서울,2005-03-12,한,암,,54,이희영,김연호,414
6835,서울,2005-03-12,한,암,,51,임봉춘,박종률,442
6836,서울,2005-03-12,한,암,,50,강승영,권영원,418
6837,서울,2005-03-12,한,암,,53,박대흥,강충모,455
6838,서울,2005-03-12,한,암,,53,박희철,김완배,432
6839,서울,2005-03-12,호,거,,54.5,지용철,구필모,483
6840,서울,2005-03-13,한,거,,54,임봉춘,김대권,490
6841,서울,2005-03-13,한,거,,53,박대흥,청호컴넷(주),483
6842,서울,2005-03-13,한,수,,56,이종구,최수군,464
6843,서울,2005-03-13,한,암,,53,박덕준,서승린,403
6844,서울,2005-03-13,한,암,,52,정지은,노환영,453
6845,서울,2005-03-13,한,수,,54,박희철,진재순,482
6846,서울,2005-03-13,한,수,,54,박희철,조병해,444
6847,서울,2005-03-13,한,암,,53,김윤섭,김연호,476
6848,서울,2005-03-13,한,암,,51,강명준,김광영,409
6849,서울,2005-03-13,미,암,,54.5,김윤섭,심상춘,495
6850,서울,2005-03-13,미,암,,52,양재철,이석태,441
6851,서울,2005-03-13,한,암,,51,김명국,오호극,404
6852,서울,2005-03-13,한,암,,54,박대흥,남승현,412
6853,서울,2005-03-13,한,암,,50,강명준,변영남,455
6854,서울,2005-03-13,미,암,,53,황의성,조병용,474
6855,서울,2005-03-13,한,암,,53,이용준,김종욱,461
6856,서울,2005-03-13,한,암,,53,박대흥,최춘섭,460
6857,서울,2005-03-13,한,암,,54,강명준,최효순,445
6858,서울,2005-03-13,한,암,,51,양재철,박현종,455
6859,서울,2005-03-13,한,암,,52,김병용,박흥길,441
6860,서울,2005-03-13,한,암,,53,김양선,서운석,433
6861,서울,2005-03-13,한,암,,48,이용준,임기준,447
6862,서울,2005-03-13,한,암,,51,강윤식,이영숙,498
6863,서울,2005-03-13,한,암,,52,박흥진,최동천,482
6864,서울,2005-03-13,한,암,,54,임봉춘,이주형,456
6865,서울,2005-03-13,미,암,,54,최혜식,은희만,462
6866,서울,2005-03-13,일,암,,53.5,이왕언,신건호,437
6867,서울,2005-03-13,한,암,,52,김명국,이태식,477
6868,서울,2005-03-13,한,암,,53,김재복,김한영,423
6869,서울,2005-03-13,한,암,,53,박대흥,오준석,453
6870,서울,2005-03-13,한,암,,53,김문갑,김익영,422
6871,서울,2005-03-13,뉴,암,,55,서범석,서순배,450
6872,서울,2005-03-13,한,암,,53,유재길,박종률,448
6873,서울,2005-03-13,한,암,,51,고옥봉,장홍주,492
6874,서울,2005-03-13,한,암,,50,김순근,최상경,399
6875,서울,2005-03-13,한,암,,54,임봉춘,김대권,501
6876,서울,2005-03-13,한,암,,52,지용훈,조용학,457
6877,서울,2005-03-13,캐,암,,51,이종구,정진태,435
6878,서울,2005-03-13,뉴,암,,56,박원덕,이효선,450
6879,서울,2005-03-13,한,암,,51,정지은,류순곤,497
6880,서울,2005-03-13,한,암,,53,김양선,정이남,424
6881,서울,2005-03-13,한,암,,53,신우철,김병현,451
6882,서울,2005-03-13,한,암,,50,이희영,박환창,438
6883,서울,2005-03-13,한,암,,51,고옥봉,박요선,500
6884,서울,2005-03-13,한,암,,53,김점오,김창희,471
6885,서울,2005-03-13,한,암,,54,정지은,이부용,442
6886,서울,2005-03-13,한,암,,51,지용철,이수길,435
6887,서울,2005-03-13,한,암,,55,김양선,김종철,417
6888,서울,2005-03-13,한,암,,53,한일영,이광수,449
6889,서울,2005-03-13,한,암,,50,서범석,송숙자,441
6890,서울,2005-03-13,한,암,,52,박종곤,곽영진,371
6891,서울,2005-03-13,한,암,,54,김윤섭,심상춘,440
6892,서울,2005-03-13,한,암,,52,김문갑,어울림네트웍스,467
6893,서울,2005-03-13,한,거,,56,김문갑,김익영,418
6894,서울,2005-03-13,한,거,,54,박대흥,최애식,432
6895,서울,2005-03-13,한,암,,52,김학수,조규학,419
6896,서울,2005-03-13,한,암,,51,신우철,권영탁,451
6897,서울,2005-03-13,한,암,,54,박희철,경규환,457
6898,서울,2005-03-13,한,거,,55,김명국,김진철,463
6899,서울,2005-03-13,한,거,,56,김윤섭,김연호,469
6900,서울,2005-03-13,한,거,,56,김일성,강태은,496
6901,서울,2005-03-13,한,거,,53,임형규,박정록,429
6902,서울,2005-03-13,한,거,,55,하재흥,김영수,466
6903,서울,2005-03-13,한,거,,56,최영주,신항철,451
6904,서울,2005-03-13,한,암,,51,서범석,장철환,455
6905,서울,2005-03-13,한,암,,52,유재길,허병하,421
6906,서울,2005-03-13,한,암,,55,김대근,지원철,389
6907,서울,2005-03-13,한,암,,54,김춘근,남웅종,475
6908,서울,2005-03-13,호,암,,54.5,정지은,권광세,474
6909,서울,2005-03-13,한,거,,54,김명국,김진철,477
6910,서울,2005-03-13,한,거,,54,박희철,경규환,465
6911,서울,2005-03-13,한,거,,51,안해양,이상홍,457
6912,서울,2005-03-13,한,수,,51,지용철,이근우,495
6913,서울,2005-03-13,한,수,,55,임형규,이기선,446
6914,서울,2005-03-13,한,수,,56,윤치운,유영주,436
6915,서울,2005-03-13,한,거,,51,김윤섭,심상춘,466
6916,서울,2005-03-13,한,거,,55,김양선,이항진,440
6917,서울,2005-03-13,한,거,,54,김학수,정이남,384
6918,서울,2005-03-13,한,거,,52,박대흥,강충모,454
6919,서울,2005-03-13,한,거,,54,김점오,박환창,485
6920,서울,2005-03-13,한,거,,56,김대근,유병옥,450
6921,서울,2005-03-13,한,거,,56,이왕언,박성구,492
6922,서울,2005-03-13,뉴,거,,57,이종구,서정훈,472
6923,서울,2005-03-13,한,수,,51,김일성,김용래,495
6924,서울,2005-03-13,한,수,,53,정지은,홍범기,430
6925,서울,2005-03-13,한,수,,57,박흥진,변영남,459
6926,서울,2005-03-13,한,수,,57.5,곽영효,이종무,510
6927,서울,2005-03-13,한,수,,51,곽영효,전영채,455
6928,서울,2005-03-13,한,수,,51,박종곤,곽영진,452
6929,서울,2005-03-13,한,수,,55,김일성,일진코스메틱,457
6930,서울,2005-03-13,한,수,,57,김문갑,김익영,463
6931,서울,2005-03-13,한,수,,50,강윤식,박승만,482
6932,서울,2005-03-13,한,수,,56,윤치운,유영주,498
6933,서울,2005-03-13,한,수,,56,임형규,서상주,515
6934,서울,2005-03-13,한,수,,54,강승영,강남환,484
6935,서울,2005-03-13,한,수,,54,지용철,이근우,428
6936,서울,2005-03-13,한,수,,56,최영주,최상태,463
6937,서울,2005-03-13,한,수,,53,김순근,제주축산개발,406
6938,서울,2005-03-13,한,수,,57,윤치운,이기인,455
6939,서울,2005-03-13,한,수,,55,하재흥,이중연,459
6940,서울,2005-03-13,한,수,,54,박흥진,이용대,475
6941,서울,2005-03-13,한,수,,51,임봉춘,박태훈,447
6942,서울,2005-03-13,한,수,,51,최상식,장현종,472
6943,서울,2005-03-13,한,수,,54,박천서,천병득,466
6944,서울,2005-03-13,한,수,,54,김윤섭,김채겸,500
6945,서울,2005-03-13,한,수,,52,강승영,강남환,418
6946,서울,2005-03-13,한,수,,54,김윤섭,한광세,488
6947,서울,2005-03-13,한,수,,54,박희철,조원희,451
6948,서울,2005-03-13,한,수,,52,강승영,오호극,411
6949,서울,2005-03-13,한,수,,52,박종곤,링크폴로,472
6950,서울,2005-03-13,한,수,,54,윤치운,안응수,480
6951,서울,2005-03-13,한,수,,54,고옥봉,김용원,414
6952,서울,2005-03-13,한,수,,54,박흥진,송용식,507
6953,서울,2005-03-13,한,수,,54,김학수,정이남,447
6954,서울,2005-03-13,한,수,,51,정지은,김지훈,452
6955,서울,2005-03-13,한,수,,52,최영주,박요선,466
6956,서울,2005-03-13,한,수,,57,윤치운,민영길,480
6957,서울,2005-03-13,한,수,,51,지용훈,이선호,461
6958,서울,2005-03-13,한,암,,53,박희철,경규환,422
6959,서울,2005-03-13,한,수,,54,지용훈,이선호,523
6960,서울,2005-03-13,한,수,,53,하재흥,김웅세,470
6961,서울,2005-03-19,한,거,,57,지용훈,조용학,454
6962,서울,2005-03-19,한,거,,56,김윤섭,월곡목장영농조합,466
6963,서울,2005-03-19,한,거,,54,김점오,김창희,436
6964,서울,2005-03-19,한,거,,54,고옥봉,전좌식,434
6965,서울,2005-03-19,인,거,,56,서범석,김연호,445
6966,서울,2005-03-19,한,거,,54,곽영효,양수화,424
6967,서울,2005-03-19,뉴,거,,53,박천서,박치문,466
6968,서울,2005-03-19,미,거,,54,김재복,김종한,472
6969,서울,2005-03-19,한,거,,56,박흥진,이용대,433
6970,서울,2005-03-19,미,거,,52,박윤규,신길우,429
6971,서울,2005-03-19,한,거,,57,이희영,이주형,458
6972,서울,2005-03-19,한,거,,54,박대흥,최애식,477
6973,서울,2005-03-19,아일,거,,57,이인호,오만준,505
6974,서울,2005-03-19,한,거,,54,김대근,노병석,421
6975,서울,2005-03-19,한,수,,54,신우철,진교원,480
6976,서울,2005-03-19,한,수,,53,서범석,신준수,447
6977,서울,2005-03-19,미,거,,51,지용철,안대종,450
6978,서울,2005-03-19,미,거,,53,강승영,지대섭,456
6979,서울,2005-03-19,한,거,,51,고옥봉,정병조,511
6980,서울,2005-03-19,미,거,,55,김양선,오해석,490
6981,서울,2005-03-19,한,거,,54,이광복,이필승,441
6982,서울,2005-03-19,한,거,,54,박대흥,최애식,466
6983,서울,2005-03-19,미,거,,52,김양선,홍평우,503
6984,서울,2005-03-19,미,거,,53,강윤식,지성한,428
6985,서울,2005-03-19,한,거,,56,한일영,심재식,465
6986,서울,2005-03-19,미,거,,54,박윤규,신길우,453
6987,서울,2005-03-19,한,수,,54,안해양,유수택,506
6988,서울,2005-03-19,한,수,,54,박덕준,허헌회,508
6989,서울,2005-03-19,미,수,,51,김문갑,이종철,502
6990,서울,2005-03-19,한,수,,52,이종구,최인재,486
6991,서울,2005-03-19,한,수,,52,임봉춘,이주형,424
6992,서울,2005-03-19,한,수,,54,지용훈,김영진,477
6993,서울,2005-03-19,인,수,,51,이광복,서순배,443
6994,서울,2005-03-19,한,수,,54,이종구,백종헌,460
6995,서울,2005-03-19,미,수,,55,지용훈,조용학,479
6996,서울,2005-03-19,한,수,,56,최혜식,박상선,468
6997,서울,2005-03-19,한,수,,57,안해양,김휘남,510
6998,서울,2005-03-19,한,수,,57,유재길,김양호,463
6999,서울,2005-03-19,한,수,,54,이희영,오호극,462
7000,서울,2005-03-19,한,수,,51,강명준,이광수a,456
7001,서울,2005-03-19,한,수,,54,김택수,권오학,431
7002,서울,2005-03-19,한,수,,53,하재흥,이유환,540
7003,서울,2005-03-19,한,수,,53,김점오,김덕환,482
7004,서울,2005-03-19,한,수,,54,김춘근,안승찬,476
7005,서울,2005-03-19,일,수,,54,최영주,신항철,485
7006,서울,2005-03-19,한,수,,54,안해양,강홍수,480
7007,서울,2005-03-19,한,수,,51,김일성,강태은,482
7008,서울,2005-03-19,미,수,,54,이종구,박정록,561
7009,서울,2005-03-19,한,수,,54,박덕준,김영철,439
7010,서울,2005-03-19,미,수,,55,박희철,오경의,485
7011,서울,2005-03-19,한,수,,56,강명준,김광영,456
7012,서울,2005-03-19,한,수,,54,김윤섭,한광세,505
7013,서울,2005-03-19,한,수,,54,최혜식,은희만,442
7014,서울,2005-03-19,한,수,,56,강승영,권영원,449
7015,서울,2005-03-19,미,암,,51,임형규,황수웅,471
7016,서울,2005-03-19,미,수,,52,하재흥,이중연,497
7017,서울,2005-03-19,한,암,,51,곽영효,김교준,424
7018,서울,2005-03-19,한,수,,51,임형규,서상주,445
7019,서울,2005-03-19,한,수,,54,양재철,김종화,502
7020,서울,2005-03-19,한,수,,54,박원덕,안덕기,472
7021,서울,2005-03-19,한,수,,53,황의성,이광수,510
7022,서울,2005-03-19,한,수,,55,지용철,황의영,467
7023,서울,2005-03-19,한,거,,53,박천서,한일사료,453
7024,서울,2005-03-19,한,수,,54,김택수,허영희,420
7025,서울,2005-03-19,한,암,,50,박진호,김우창,472
7026,서울,2005-03-19,일,암,,53,박희철,오상철,418
7027,서울,2005-03-19,한,거,,56,이희영,김용상,468
7028,서울,2005-03-19,한,암,,50,박천서,김충수,453
7029,서울,2005-03-19,한,암,,53,김학수,김완배,459
7030,서울,2005-03-19,뉴,거,,55,박덕준,김영철,459
7031,서울,2005-03-19,한,거,,58,김대근,김완배,464
7032,서울,2005-03-19,한,수,,55,하재흥,신동열,443
7033,서울,2005-03-19,한,수,,54,유재길,권영탁,454
7034,서울,2005-03-19,미,거,,53.5,고옥봉,오일랑,551
7035,서울,2005-03-19,한,암,,51,김대근,노병석,419
7036,서울,2005-03-19,한,거,,56,양재철,윤임구,527
7037,서울,2005-03-19,한,암,,53,박흥진,장경환,477
7038,서울,2005-03-19,한,암,,52,이희영,김진태,453
7039,서울,2005-03-19,한,암,,53,김점오,신성철,426
7040,서울,2005-03-19,한,암,,53,김순근,김순주,425
7041,서울,2005-03-19,한,암,,52,최상식,조동식,429
7042,서울,2005-03-19,한,암,,50,최상식,장현종,449
7043,서울,2005-03-19,한,암,,53,김병용,송근철,430
7044,서울,2005-03-19,한,암,,53,김명국,김진철,445
7045,서울,2005-03-19,뉴,암,,54,서범석,서순배,453
7046,서울,2005-03-19,뉴,암,,54,박원덕,이효선,417
7047,서울,2005-03-19,한,암,,53,지용훈,이민문,443
7048,서울,2005-03-19,한,암,,53,정지은,지대섭,480
7049,서울,2005-03-19,미,암,,50,정지은,청호컴넷(주),449
7050,서울,2005-03-19,한,암,,51,곽영효,조진환,450
7051,서울,2005-03-19,한,암,,53,김춘근,이보원,431
7052,서울,2005-03-19,한,암,,50,박진호,명인환,466
7053,서울,2005-03-19,한,암,,53,김순근,권영술,428
7054,서울,2005-03-19,미,암,,53,김재복,김한영,472
7055,서울,2005-03-19,한,암,,53,박대흥,청호컴넷(주),464
7056,서울,2005-03-19,한,암,,54,윤치운,김용원,433
7057,서울,2005-03-19,한,암,,56,최혜식,은희만,428
7058,서울,2005-03-19,일,암,,51,박진호,박효봉,474
7059,서울,2005-03-19,한,암,,54,최상식,장현종,433
7060,서울,2005-03-19,한,암,,51,이광복,유길상,466
7061,서울,2005-03-19,한,암,,54,유재길,이동재,460
7062,서울,2005-03-19,한,암,,53,박종곤,이충구,415
7063,서울,2005-03-19,미,암,,51,김재복,전기섭,483
7064,서울,2005-03-19,미,암,,51,김대근,최상섭,425
7065,서울,2005-03-19,미,암,,55,안해양,김휘남,458
7066,서울,2005-03-19,한,암,,51,강명준,김길중,401
7067,서울,2005-03-19,한,암,,51,김순근,이영욱,441
7068,서울,2005-03-19,한,암,,53,김대근,김정규,435
7069,서울,2005-03-19,한,암,,51,김재복,박희주,463
7070,서울,2005-03-19,한,암,,53,김학수,박재범,424
7071,서울,2005-03-19,일,암,,52.5,서범석,서순배,449
7072,서울,2005-03-19,한,암,,53,강윤식,지성한,474
7073,서울,2005-03-19,한,암,,53,고옥봉,박성구,0
7074,서울,2005-03-19,한,암,,53,지용철,김우창,419
7075,서울,2005-03-19,한,암,,54,안해양,윤훈현,442
7076,서울,2005-03-19,한,암,,53,박흥진,김도윤,415
7077,서울,2005-03-19,한,거,,55,박천서,천병득,483
7078,서울,2005-03-19,일,암,,53,서범석,김연호,468
7079,서울,2005-03-19,한,암,,54,김춘근,이보원,435
7080,서울,2005-03-19,한,암,,52,정지은,이영철,434
7081,서울,2005-03-19,한,암,,54,김일성,이종복,426
7082,서울,2005-03-19,한,암,,53,하재흥,이수홍,438
7083,서울,2005-03-19,한,암,,54,임형규,황수웅,479
7084,서울,2005-03-19,한,암,,54,임봉춘,정규상,457
7085,서울,2005-03-19,뉴,거,,53,박덕준,허헌회,455
7086,서울,2005-03-19,한,거,,57,이희영,정규상,426
7087,서울,2005-03-20,한,수,,56,김양선,정세능,472
7088,서울,2005-03-20,한,수,,55,안해양,김휘남,435
7089,서울,2005-03-20,한,수,,55,지용훈,이문철,468
7090,서울,2005-03-20,한,수,,56,박덕준,허헌회,440
7091,서울,2005-03-20,한,암,,54,강윤식,박승만,468
7092,서울,2005-03-20,한,수,,60,김학수,김정근,451
7093,서울,2005-03-20,한,암,,53,김윤섭,김채겸,445
7094,서울,2005-03-20,한,수,,55,지용철,황의영,466
7095,서울,2005-03-20,한,수,,57,윤치운,제주축협,462
7096,서울,2005-03-20,일,수,,54,김문갑,김성두,500
7097,서울,2005-03-20,한,수,,54,서범석,문금주,464
7098,서울,2005-03-20,한,수,,51,지용훈,이민문,485
7099,서울,2005-03-20,미,수,,53,박대흥,남승현,446
7100,서울,2005-03-20,한,수,,54,김윤섭,심상춘,477
7101,서울,2005-03-20,한,수,,54,최영주,반승일,448
7102,서울,2005-03-20,한,수,,54,최상식,장재형,448
7103,서울,2005-03-20,한,수,,51,임형규,정수남,426
7104,서울,2005-03-20,한,수,,58,박희철,장석린외1인(신치구),462
7105,서울,2005-03-20,한,수,,53.5,고옥봉,이기선,466
7106,서울,2005-03-20,한,수,,56,김점오,이송,486
7107,서울,2005-03-20,한,수,,54,안해양,김진호,466
7108,서울,2005-03-20,한,수,,55,김윤섭,진교원,486
7109,서울,2005-03-20,한,수,,56,윤치운,유영주,480
7110,서울,2005-03-20,한,수,,54,강명준,최효순,451
7111,서울,2005-03-20,한,수,,54,지용훈,조용학,503
7112,서울,2005-03-20,한,수,,51,지용철,이수길,489
7113,서울,2005-03-20,한,수,,54,지용철,강성보,463
7114,서울,2005-03-20,한,수,,51,김점오,유순목,464
7115,서울,2005-03-20,한,수,,58,강윤식,이영숙,481
7116,서울,2005-03-20,한,수,,55,이종구,이영웅,0
7117,서울,2005-03-20,한,수,,53,하재흥,김경민,465
7118,서울,2005-03-20,한,수,,57,김일성,조승민,453
7119,서울,2005-03-20,미,수,,51,김문갑,이종철,477
7120,서울,2005-03-20,미,수,,55,지용철,곽태훈,447
7121,서울,2005-03-20,한,수,,57,유재길,허건호,435
7122,서울,2005-03-20,한,수,,51,신우철,심상필,471
7123,서울,2005-03-20,한,수,,56,최혜식,박치문,451
7124,서울,2005-03-20,한,수,,54,서범석,오상철,510
7125,서울,2005-03-20,한,수,,54,김재복,김종한,506
7126,서울,2005-03-20,미,수,,55.5,이왕언,신건호,507
7127,서울,2005-03-20,한,수,,52,강승영,한선호,423
7128,서울,2005-03-20,한,수,,52,임형규,최동천,450
7129,서울,2005-03-20,일,수,,59.5,박희철,유정희,480
7130,서울,2005-03-20,한,수,,57,양재철,장철환,509
7131,서울,2005-03-20,미,수,,55,김점오,박환창,505
7132,서울,2005-03-20,한,거,,57.5,김대근,유병옥,450
7133,서울,2005-03-20,한,거,,54,박대흥,최애식,467
7134,서울,2005-03-20,미,암,,52,황의성,윤일균,468
7135,서울,2005-03-20,영,거,,53,김윤섭,김채겸,450
7136,서울,2005-03-20,한,거,,53,박천서,신건호,445
7137,서울,2005-03-20,한,암,,54,이희영,곽영필,430
7138,서울,2005-03-20,한,암,,55,이인호,민태구,441
7139,서울,2005-03-20,한,암,,53,김양선,정세능,435
7140,서울,2005-03-20,한,암,,51,고옥봉,이기선,493
7141,서울,2005-03-20,한,거,,52,정지은,박찬준,500
7142,서울,2005-03-20,한,거,,52,이왕언,김방철,463
7143,서울,2005-03-20,미,거,,53,김학수,박남성,517
7144,서울,2005-03-20,일,거,,53,하재흥,김웅세,445
7145,서울,2005-03-20,한,거,,51,박덕준,백운창,434
7146,서울,2005-03-20,한,거,,54,하재흥,이중연,450
7147,서울,2005-03-20,한,거,,54,유재길,이동재,469
7148,서울,2005-03-20,뉴,거,,56,박덕준,나정웅,478
7149,서울,2005-03-20,한,거,,56,고옥봉,김길중,478
7150,서울,2005-03-20,미,거,,55,강승영,이승택,489
7151,서울,2005-03-20,한,수,,51,김일성,강태은,487
7152,서울,2005-03-20,일,수,,51,김명국,월곡목장영농조합,477
7153,서울,2005-03-20,한,거,,55,박대흥,김용정,503
7154,서울,2005-03-20,한,수,,54,이용준,임기준,463
7155,서울,2005-03-20,한,수,,51,김택수,정영채,484
7156,서울,2005-03-20,한,암,,53,유재길,조병해,400
7157,서울,2005-03-20,한,암,,51,한일영,대한사료,445
7158,서울,2005-03-20,한,암,,54,김점오,박종호,505
7159,서울,2005-03-20,한,암,,54,김문갑,박흥길,419
7160,서울,2005-03-20,한,암,,56,신우철,진교원,470
7161,서울,2005-03-20,한,암,,56,곽영효,양수화,446
7162,서울,2005-03-20,한,암,,55,이광복,최관식,500
7163,서울,2005-03-20,한,암,,53,최상식,장현종,423
7164,서울,2005-03-20,한,암,,56,박희철,김병현,412
7165,서울,2005-03-20,한,암,,54,박희철,조원희,436
7166,서울,2005-03-20,한,암,,57,최영주,권영원,446
7167,서울,2005-03-20,한,암,,51.5,이왕언,신건호,447
7168,서울,2005-03-20,한,암,,51,강윤식,박승만,430
7169,서울,2005-03-20,한,거,,56,최영주,신영균,441
7170,서울,2005-03-20,한,암,,54,박천서,천병득,470
7171,서울,2005-03-20,한,암,,56,박윤규,김주학,436
7172,서울,2005-03-20,미,암,,51,이광복,유길상,474
7173,서울,2005-03-20,한,거,,53,임봉춘,이선종,465
7174,서울,2005-03-20,한,거,,57,이인호,변웅전,439
7175,서울,2005-03-20,한,거,,54,하재흥,이용대,501
7176,서울,2005-03-20,한,암,,53,박천서,천병득,463
7177,서울,2005-03-20,한,암,,52,임봉춘,박상선,442
7178,서울,2005-03-20,한,암,,54,정지은,최여경,404
7179,서울,2005-03-20,한,암,,53,박흥진,장경환,427
7180,서울,2005-03-20,한,암,,52,정지은,홍범기,446
7181,서울,2005-03-20,한,암,,53,박천서,박엽래,452
7182,서울,2005-03-20,한,암,,54,김춘근,남웅종,452
7183,서울,2005-03-20,한,암,,54,김양선,김종철,0
7184,서울,2005-03-20,한,암,,50,김일성,류근상,494
7185,서울,2005-03-20,한,암,,54,곽영효,강용식,489
7186,서울,2005-03-20,한,암,,50,박종곤,링크폴로,420
7187,서울,2005-03-20,한,암,,53,최혜식,이종원,438
7188,서울,2005-03-20,한,암,,52,최영주,김노식,468
7189,서울,2005-03-20,한,암,,54,강명준,김길중,435
7190,서울,2005-03-20,한,암,,51,최상식,장재형,455
7191,서울,2005-03-20,미,암,,53,박원덕,최윤호,424
7192,서울,2005-03-20,한,암,,51,김명국,박양호,450
7193,서울,2005-03-20,한,암,,53,이종구,최인재,425
7194,서울,2005-03-20,한,암,,51,하재흥,이상오,507
7195,서울,2005-03-20,한,암,,55,이용준,김우창,452
7196,서울,2005-03-20,미,거,,56,김명국,오호극,528
7197,서울,2005-03-20,한,거,,56,이왕언,이영서,469
7198,서울,2005-03-20,한,거,,53,박천서,윤훈현,487
7199,서울,2005-03-20,한,거,,52,박대흥,남승현,473
7200,서울,2005-03-20,한,수,,51,지용훈,남기태,443
7201,서울,2005-03-20,한,수,,55.5,곽영효,이종무,492
7202,서울,2005-03-20,미,수,,54,이희영,노승구,433
7203,서울,2005-03-20,한,수,,54,최영주,반승일,428
7204,서울,2005-03-20,한,수,,57,김일성,강태은,471
7205,서울,2005-03-20,한,암,,54,강명준,김광영,430
7206,서울,2005-03-20,한,암,,53,박원덕,이종석,426
7207,서울,2005-03-20,미,암,,51,김재복,전기섭,459
7208,서울,2005-03-20,한,암,,51,박희철,김방철,422
7209,서울,2005-03-20,한,암,,53,이종구,정진태,429
7210,서울,2005-03-20,한,암,,55,윤치운,남귀현,450
7211,서울,2005-03-20,한,수,,57,김병용,김명자,493
7212,서울,2005-03-26,한,암,,53,김대근,한일사료,450
7213,서울,2005-03-26,한,암,,53,서범석,오상철,421
7214,서울,2005-03-26,한,암,,52,김재복,전기섭,410
7215,서울,2005-03-26,일,암,,53,이인호,민영길,465
7216,서울,2005-03-26,한,암,,53,이인호,이종원,450
7217,서울,2005-03-26,한,암,,52,이종구,변영남,497
7218,서울,2005-03-26,한,암,,51,박윤규,이수홍,434
7219,서울,2005-03-26,한,암,,53,김점오,김창희,460
7220,서울,2005-03-26,한,암,,51,김재복,박재율,453
7221,서울,2005-03-26,한,암,,52,강명준,권태우,497
7222,서울,2005-03-26,뉴,암,,51,김순근,최상경,391
7223,서울,2005-03-26,한,암,,54,안해양,김완배,402
7224,서울,2005-03-26,뉴,거,,53,서정하,박장수,454
7225,서울,2005-03-26,미,거,,53,김문갑,어울림네트웍스,507
7226,서울,2005-03-26,한,거,,53,고옥봉,전좌식,482
7227,서울,2005-03-26,한,수,,54,김순근,제주축산개발,400
7228,서울,2005-03-26,한,암,,54,김대근,노병석,400
7229,서울,2005-03-26,한,암,,54,박흥진,장경환,449
7230,서울,2005-03-26,한,암,,55,강명준,최효순,433
7231,서울,2005-03-26,한,암,,52,박천서,정일권,439
7232,서울,2005-03-26,한,암,,54,정지은,노환영,463
7233,서울,2005-03-26,한,암,,53,김양선,서운석,444
7234,서울,2005-03-26,한,암,,54,김순근,김성부,484
7235,서울,2005-03-26,한,암,,51,김재복,조규학,380
7236,서울,2005-03-26,한,암,,51,김일성,류근상,458
7237,서울,2005-03-26,한,암,,54,임형규,서상주,459
7238,서울,2005-03-26,한,암,,53,최혜식,배석두,426
7239,서울,2005-03-26,한,암,,50,지용철,이수길,438
7240,서울,2005-03-26,한,암,,50,고옥봉,이태인,443
7241,서울,2005-03-26,한,암,,52,하재흥,김영수,470
7242,서울,2005-03-26,한,암,,53,강승영,정기찬,412
7243,서울,2005-03-26,한,암,,53,박종곤,김진엽,420
7244,서울,2005-03-26,한,암,,55,이왕언,최창걸,458
7245,서울,2005-03-26,한,암,,53,김문갑,정덕용,460
7246,서울,2005-03-26,호,암,,53,최상식,장재형,397
7247,서울,2005-03-26,한,암,,54,윤치운,오상철,405
7248,서울,2005-03-26,한,암,,50,이희영,노승구,419
7249,서울,2005-03-26,일,암,,53,서범석,김윤기,466
7250,서울,2005-03-26,뉴,암,,54,서범석,문금주,488
7251,서울,2005-03-26,일,암,,50,박진호,이재원,467
7252,서울,2005-03-26,한,암,,54,김대근,유병옥,491
7253,서울,2005-03-26,한,거,,55,이왕언,박정열,427
7254,서울,2005-03-26,한,암,,52,정지은,최여경,472
7255,서울,2005-03-26,뉴,수,,54,김순근,김상태,485
7256,서울,2005-03-26,한,수,,54,지용훈,조용학,468
7257,서울,2005-03-26,한,암,,54,박덕준,서승린,404
7258,서울,2005-03-26,한,암,,52,박덕준,최원곤,465
7259,서울,2005-03-26,한,수,,56,유재길,진교원,463
7260,서울,2005-03-26,한,수,,52,강명준,김광영,443
7261,서울,2005-03-26,한,수,,52,지용철,황의영,458
7262,서울,2005-03-26,한,거,,56,김대근,최상섭,456
7263,서울,2005-03-26,한,암,,50,양재철,김기성,404
7264,서울,2005-03-26,한,암,,52,박종곤,정화섭,447
7265,서울,2005-03-26,미,암,,52,최혜식,우두헌,444
7266,서울,2005-03-26,한,암,,54,양재철,한광희,441
7267,서울,2005-03-26,한,암,,51,박종곤,이재호,477
7268,서울,2005-03-26,한,암,,52,고옥봉,박요선,444
7269,서울,2005-03-26,한,암,,52,지용훈,조용학,453
7270,서울,2005-03-26,일,암,,53,최혜식,조진환,463
7271,서울,2005-03-26,한,암,,51,박종곤,박재범,0
7272,서울,2005-03-26,한,암,,54,박원덕,이정원,411
7273,서울,2005-03-26,한,암,,53,박흥진,유준환,492
7274,서울,2005-03-26,한,수,,56,박원덕,이종석,441
7275,서울,2005-03-26,일,수,,55.5,강명준,강홍수,484
7276,서울,2005-03-26,한,수,,54,박희철,조원희,474
7277,서울,2005-03-26,한,수,,52,박흥진,김길중,502
7278,서울,2005-03-26,한,수,,56,유재길,허병하,439
7279,서울,2005-03-26,한,수,,52,양재철,임관호,487
7280,서울,2005-03-26,한,수,,56,최상식,임우근,487
7281,서울,2005-03-26,한,수,,54,지용철,구필모,476
7282,서울,2005-03-26,한,암,,53,김문갑,어울림네트웍스,457
7283,서울,2005-03-26,한,암,,53,고옥봉,정병조,452
7284,서울,2005-03-26,한,암,,57,김점오,김창희,507
7285,서울,2005-03-26,한,암,,55,김학수,이긍범,435
7286,서울,2005-03-26,한,수,,53,박진호,명인환,498
7287,서울,2005-03-26,한,수,,56.5,신우철,안영환,448
7288,서울,2005-03-26,한,수,,56,김윤섭,김채겸,478
7289,서울,2005-03-26,한,수,,52,박희철,오경의,461
7290,서울,2005-03-26,한,수,,54,이인호,권영술,470
7291,서울,2005-03-26,한,수,,54,안해양,이상홍,501
7292,서울,2005-03-26,한,수,,55,양재철,한광희,443
7293,서울,2005-03-26,미,수,,58,김재복,김한영,498
7294,서울,2005-03-26,한,수,,54,강명준,최효순,426
7295,서울,2005-03-26,한,수,,54,강윤식,권익현,440
7296,서울,2005-03-26,한,수,,55,이용준,신영식,491
7297,서울,2005-03-26,한,수,,56,강윤식,박동규,475
7298,서울,2005-03-26,한,수,,56,김춘근,남웅종,427
7299,서울,2005-03-26,한,수,,54,박대흥,지대섭,470
7300,서울,2005-03-26,한,수,,54,박진호,이재원,474
7301,서울,2005-03-26,한,수,,53,하재흥,김정배,476
7302,서울,2005-03-26,미,수,,54,김윤섭,한광세,466
7303,서울,2005-03-26,한,수,,53,하재흥,김영수,434
7304,서울,2005-03-26,한,수,,51,이희영,노승구,449
7305,서울,2005-03-26,한,거,,55,강승영,정이남,438
7306,서울,2005-03-26,한,거,,53,박흥진,이용대,494
7307,서울,2005-03-26,한,거,,56,김대근,유병옥,461
7308,서울,2005-03-26,한,거,,56,최영주,신항철,464
7309,서울,2005-03-26,한,거,,54,김명국,월곡목장영농조합,431
7310,서울,2005-03-26,뉴,거,,53,이광복,서순배,427
7311,서울,2005-03-26,한,거,,54,박흥진,김도윤,504
7312,서울,2005-03-26,한,거,,51,고옥봉,김용원,412
7313,서울,2005-03-26,미,거,,57,김택수,김양호,493
7314,서울,2005-03-26,한,거,,54,유재길,월곡목장영농조합,433
7315,서울,2005-03-26,한,거,,56,김명국,김용상,490
7316,서울,2005-03-26,미,수,,54,김택수,오호극,436
7317,서울,2005-03-26,한,수,,54,김명국,이태식,501
7318,서울,2005-03-26,한,거,,52,박희철,서정훈,484
7319,서울,2005-03-26,한,거,,53,김명국,김진철,478
7320,서울,2005-03-26,한,거,,51,박희철,장석영,444
7321,서울,2005-03-26,미,수,,55,이용준,김명식,537
7322,서울,2005-03-26,한,암,,53,서정하,구자선,471
7323,서울,2005-03-26,한,암,,55,김병용,정몽규,452
7324,서울,2005-03-26,한,암,,52,지용훈,이선호,461
7325,서울,2005-03-26,한,암,,55,이인호,오만준,436
7326,서울,2005-03-26,한,암,,53,박원덕,이효선,435
7327,서울,2005-03-26,한,암,,53,임봉춘,이선종,474
7328,서울,2005-03-26,한,암,,51,김재복,우동희,411
7329,서울,2005-03-26,한,암,,51,이광복,최건호,427
7330,서울,2005-03-26,한,암,,53,서범석,신준수,487
7331,서울,2005-03-26,한,암,,51,김일성,이종복,428
7332,서울,2005-03-26,한,암,,51,이종구,박정록,485
7333,서울,2005-03-26,한,암,,52,이희영,김진태,432
7334,서울,2005-03-26,한,암,,49,신우철,김현래,414
7335,서울,2005-03-26,미,암,,51,박윤규,홍기석,436
7336,서울,2005-03-26,한,거,,53,김명국,이재효,421
7337,서울,2005-03-26,한,암,,55,지용철,남기태,466
7338,서울,2005-03-27,한,암,,56,박희철,김경민,476
7339,서울,2005-03-27,한,암,,54,박덕준,서승린,440
7340,서울,2005-03-27,한,암,,53,신우철,박정열,455
7341,서울,2005-03-27,한,암,,53,김점오,김덕환,418
7342,서울,2005-03-27,한,암,,50,이희영,곽영필,485
7343,서울,2005-03-27,한,암,,52,지용철,이수길,461
7344,서울,2005-03-27,미,암,,50,김택수,조병용,434
7345,서울,2005-03-27,한,암,,52,지용철,이근우,457
7346,서울,2005-03-27,뉴,거,,53,이종구,최인재,483
7347,서울,2005-03-27,한,거,,55,황의성,권오학,467
7348,서울,2005-03-27,한,거,,56,박원덕,이정원,436
7349,서울,2005-03-27,한,암,,51,지용훈,이민문,442
7350,서울,2005-03-27,한,암,,54,박원덕,이종석,471
7351,서울,2005-03-27,한,암,,54,이광복,최건호,438
7352,서울,2005-03-27,한,암,,53,윤치운,한광세,468
7353,서울,2005-03-27,미,암,,55,김택수,김진철,463
7354,서울,2005-03-27,한,암,,53,박윤규,현대영,411
7355,서울,2005-03-27,한,암,,53,신우철,김우식,430
7356,서울,2005-03-27,한,암,,53,김양선,이항진,388
7357,서울,2005-03-27,미,암,,54,박대흥,정일권,474
7358,서울,2005-03-27,한,암,,51,서정하,변영남,442
7359,서울,2005-03-27,한,암,,53,서범석,신준수,429
7360,서울,2005-03-27,뉴,암,,54,김춘근,신준희,438
7361,서울,2005-03-27,일,암,,52,김점오,유근수,465
7362,서울,2005-03-27,한,암,,50,강명준,김광영,440
7363,서울,2005-03-27,한,암,,54,박흥진,최동천,482
7364,서울,2005-03-27,미,암,,54,유재길,박흥길,441
7365,서울,2005-03-27,한,암,,50,박종곤,곽영진,385
7366,서울,2005-03-27,한,암,,51,고옥봉,정병조,458
7367,서울,2005-03-27,한,거,,53,최상식,경만호,458
7368,서울,2005-03-27,한,거,,54,박희철,장석린외1인(신치구),469
7369,서울,2005-03-27,한,수,,52,강승영,강남환,457
7370,서울,2005-03-27,한,암,,53,하재흥,김문환a,467
7371,서울,2005-03-27,한,암,,51,박대흥,남승현,408
7372,서울,2005-03-27,한,암,,53,강승영,권영원,427
7373,서울,2005-03-27,한,암,,53,박대흥,강충모,470
7374,서울,2005-03-27,한,거,,52,곽영효,강용식,456
7375,서울,2005-03-27,한,수,,50,강윤식,이재호,0
7376,서울,2005-03-27,한,수,,56,김춘근,김한영,457
7377,서울,2005-03-27,한,수,,54,박희철,김수경,438
7378,서울,2005-03-27,한,수,,52.5,최상식,장현종,478
7379,서울,2005-03-27,한,수,,54,김문갑,어울림네트웍스,518
7380,서울,2005-03-27,미,수,,51,이광복,유길상,502
7381,서울,2005-03-27,미,수,,54,양재철,김종화,442
7382,서울,2005-03-27,한,거,,57,최영주,장석린외1인(신치구),489
7383,서울,2005-03-27,뉴,거,,55,하재흥,신동열,466
7384,서울,2005-03-27,한,암,,49,임봉춘,박종률,445
7385,서울,2005-03-27,한,거,,55,김명국,이태식,492
7386,서울,2005-03-27,한,암,,53,윤치운,제주축협,484
7387,서울,2005-03-27,한,암,,53,박대흥,김희라,440
7388,서울,2005-03-27,한,암,,53,유재길,박용훈,0
7389,서울,2005-03-27,한,암,,54,박덕준,나정웅,465
7390,서울,2005-03-27,한,암,,50,이희영,박환창,420
7391,서울,2005-03-27,한,암,,53,김춘근,이연택,437
7392,서울,2005-03-27,한,암,,54,안해양,윤여운,422
7393,서울,2005-03-27,한,암,,54,이용준,김진철,437
7394,서울,2005-03-27,한,수,,54,박흥진,장경환,432
7395,서울,2005-03-27,일,수,,53,이광복,유길상,505
7396,서울,2005-03-27,한,수,,54,강윤식,이영숙,460
7397,서울,2005-03-27,한,수,,52,최영주,권영원,457
7398,서울,2005-03-27,한,수,,56,한일영,홍영대,485
7399,서울,2005-03-27,한,수,,52,지용철,강성보,485
7400,서울,2005-03-27,한,수,,57,이광복,최건호,445
7401,서울,2005-03-27,한,수,,56,김병용,송근철,444
7402,서울,2005-03-27,한,수,,51,김점오,박흥길,530
7403,서울,2005-03-27,한,수,,55,하재흥,신동열,477
7404,서울,2005-03-27,한,암,,51,정지은,지대섭,469
7405,서울,2005-03-27,한,암,,53,박원덕,이효선,442
7406,서울,2005-03-27,한,수,,54,윤치운,유영주,460
7407,서울,2005-03-27,한,수,,54,김양선,구자선,423
7408,서울,2005-03-27,한,수,,52,김병용,오경의,474
7409,서울,2005-03-27,한,수,,54,김명국,이태식,472
7410,서울,2005-03-27,한,수,,56,유재길,허병하,453
7411,서울,2005-03-27,한,수,,56,곽영효,김기용,480
7412,서울,2005-03-27,한,수,,55,한일영,이광수,435
7413,서울,2005-03-27,한,수,,51,하재흥,김웅세,469
7414,서울,2005-03-27,한,수,,54,김점오,김창희,477
7415,서울,2005-03-27,한,수,,58,서범석,신준수,455
7416,서울,2005-03-27,한,수,,55,최상식,장현종,467
7417,서울,2005-03-27,한,수,,53,강승영,한선호,431
7418,서울,2005-03-27,한,수,,54,박종곤,김진엽,467
7419,서울,2005-03-27,한,수,,52,박윤규,박상헌,437
7420,서울,2005-03-27,한,수,,55,고옥봉,전좌식,448
7421,서울,2005-03-27,한,수,,52,박진호,정동진,477
7422,서울,2005-03-27,한,수,,56,지용철,곽태훈,491
7423,서울,2005-03-27,한,수,,53,박덕준,백운창,477
7424,서울,2005-03-27,한,수,,50,강명준,변영남,501
7425,서울,2005-03-27,한,수,,54,신우철,안영환,489
7426,서울,2005-03-27,미,수,,50,지용철,안대종,512
7427,서울,2005-03-27,한,수,,54,강윤식,박승만,478
7428,서울,2005-03-27,한,수,,54,안해양,최동천,448
7429,서울,2005-03-27,한,수,,54,신우철,박용훈,478
7430,서울,2005-03-27,일,수,,57,박진호,명인환,514
7431,서울,2005-03-27,한,수,,54,곽영효,강신호,475
7432,서울,2005-03-27,한,수,,56,김점오,박영철,486
7433,서울,2005-03-27,호,거,,52,지용훈,조용학,489
7434,서울,2005-03-27,한,거,,57,최영주,박선주,440
7435,서울,2005-03-27,미,거,,52,김양선,이항진,455
7436,서울,2005-03-27,미,거,,56,김문갑,박흥길,495
7437,서울,2005-03-27,한,거,,51,고옥봉,정병조,484
7438,서울,2005-03-27,한,거,,54,임봉춘,박종률,484
7439,서울,2005-03-27,한,거,,53,박흥진,김도윤,468
7440,서울,2005-03-27,한,거,,53,이용준,김명식,470
7441,서울,2005-03-27,뉴,거,,58,김춘근,이선종,476
7442,서울,2005-03-27,미,거,,50,이종구,정진태,490
7443,서울,2005-03-27,호,거,,54,임봉춘,서정훈,510
7444,서울,2005-03-27,한,수,,52,이왕언,최창걸,445
7445,서울,2005-03-27,한,수,,54,최상식,장재형,447
7446,서울,2005-03-27,한,거,,57,최상식,장재형,467
7447,서울,2005-03-27,한,거,,53,고옥봉,전좌식,484
7448,서울,2005-03-27,뉴,거,,50,서범석,임기준,476
7449,서울,2005-03-27,한,거,,56,박희철,경규환,459
7450,서울,2005-03-27,뉴,거,,55,서범석,박남성,487
7451,서울,2005-03-27,뉴,거,,55,지용철,구필모,501
7452,서울,2005-03-27,한,거,,57,김대근,노병석,508
7453,서울,2005-03-27,한,거,,55,박대흥,지대섭,440
7454,서울,2005-03-27,한,수,,54,김문갑,이종철,459
7455,서울,2005-03-27,한,수,,54,정지은,청호컴넷(주),472
7456,서울,2005-03-27,한,암,,53,박종곤,링크폴로,442
7457,서울,2005-03-27,한,암,,53,최영주,변영남,392
7458,서울,2005-04-02,한,거,,54,박흥진,김도윤,490
7459,서울,2005-04-02,한,수,,50,지용훈,이선호,457
7460,서울,2005-04-02,한,수,,55.5,신우철,이수근,466
7461,서울,2005-04-02,한,수,,54,최상식,최춘섭,457
7462,서울,2005-04-02,한,거,,54,강명준,양길순,469
7463,서울,2005-04-02,미,거,,51,박진호,함병만,479
7464,서울,2005-04-02,한,거,,53,고옥봉,전좌식,513
7465,서울,2005-04-02,호,거,,53,최혜식,박용훈,517
7466,서울,2005-04-02,한,거,,56,김윤섭,진교원,462
7467,서울,2005-04-02,한,수,,51.5,이희영,정규상,474
7468,서울,2005-04-02,한,수,,55.5,지용철,안대종,476
7469,서울,2005-04-02,한,수,,54.5,박덕준,이재호,478
7470,서울,2005-04-02,한,수,,52.5,안해양,김휘남,474
7471,서울,2005-04-02,한,수,,56,김택수,김양호,488
7472,서울,2005-04-02,한,수,,51,지용훈,조용학,506
7473,서울,2005-04-02,한,수,,53.5,하재흥,이유환,459
7474,서울,2005-04-02,한,수,,54,윤치운,유영주,458
7475,서울,2005-04-02,한,수,,57,박흥진,김도윤,436
7476,서울,2005-04-02,미,수,,57.5,곽영효,양수화,500
7477,서울,2005-04-02,한,수,,54.5,박흥진,변영남,455
7478,서울,2005-04-02,한,수,,56,한일영,이광수,471
7479,서울,2005-04-02,한,수,,54,박원덕,이정원,480
7480,서울,2005-04-02,한,수,,53,한일영,심재식,430
7481,서울,2005-04-02,한,수,,52.5,김문갑,이수빈,478
7482,서울,2005-04-02,한,수,,53,이광복,대일화학,524
7483,서울,2005-04-02,한,수,,51,신우철,최관식,489
7484,서울,2005-04-02,한,수,,51,최영주,박선주,474
7485,서울,2005-04-02,미,수,,57,양재철,임관호,486
7486,서울,2005-04-02,한,수,,53.5,이왕언,김방철,505
7487,서울,2005-04-02,한,수,,52.5,김양선,구자선,454
7488,서울,2005-04-02,한,수,,56,김점오,이송,481
7489,서울,2005-04-02,한,수,,54,하재흥,신동열,507
7490,서울,2005-04-02,한,수,,54,강승영,한선호,421
7491,서울,2005-04-02,한,수,,54,김병용,박흥길,434
7492,서울,2005-04-02,한,수,,51,강윤식,지성한,455
7493,서울,2005-04-02,한,수,,54,김명국,코스틸,472
7494,서울,2005-04-02,한,수,,56,김양선,정세능,471
7495,서울,2005-04-02,한,수,,54,최혜식,이종원,469
7496,서울,2005-04-02,한,수,,52,하재흥,이유환,445
7497,서울,2005-04-02,한,암,,50,박천서,한일사료,452
7498,서울,2005-04-02,한,수,,54,박희철,진재순,486
7499,서울,2005-04-02,한,암,,53,박천서,정일권,440
7500,서울,2005-04-02,한,수,,56,이종구,최수군,469
7501,서울,2005-04-02,한,암,,53,박진호,정동진,464
7502,서울,2005-04-02,한,수,,51,김택수,박장수,412
7503,서울,2005-04-02,한,수,,54,이광복,최건호,533
7504,서울,2005-04-02,한,수,,52,김재복,박희주,383
7505,서울,2005-04-02,한,수,,52,강승영,강남환,411
7506,서울,2005-04-02,한,수,,54,이광복,유길상,474
7507,서울,2005-04-02,한,거,,56,김명국,김진철,422
7508,서울,2005-04-02,한,거,,53.5,김대근,고영자,460
7509,서울,2005-04-02,한,암,,53,김병용,송근철,426
7510,서울,2005-04-02,한,암,,51,김대근,노병석,461
7511,서울,2005-04-02,한,거,,54,박종곤,김정배,440
7512,서울,2005-04-02,한,암,,49,이광복,최명균,466
7513,서울,2005-04-02,한,수,,54,하재흥,이유환,458
7514,서울,2005-04-02,한,수,,52,박희철,김병현,510
7515,서울,2005-04-02,한,수,,54,지용철,강성보,462
7516,서울,2005-04-02,한,수,,54,임봉춘,이선종,488
7517,서울,2005-04-02,한,암,,51,김재복,조규학,399
7518,서울,2005-04-02,호,거,,51,박덕준,나정웅,504
7519,서울,2005-04-02,뉴,거,,54,하재흥,이상오,465
7520,서울,2005-04-02,한,암,,48,임봉춘,권태우,452
7521,서울,2005-04-02,한,암,,53,김재복,전기섭,441
7522,서울,2005-04-02,미,암,,51,김재복,전기섭,474
7523,서울,2005-04-02,한,암,,53,박종곤,박재범,467
7524,서울,2005-04-02,뉴,암,,52,서범석,문금주,443
7525,서울,2005-04-02,한,암,,54,윤치운,오금자,435
7526,서울,2005-04-02,한,수,,54,박희철,조병해,446
7527,서울,2005-04-02,한,암,,53,김양선,정이남,427
7528,서울,2005-04-02,한,암,,51,김명국,오호극,397
7529,서울,2005-04-02,한,암,,53,김점오,김덕환,450
7530,서울,2005-04-02,한,암,,53,박종곤,박재범,455
7531,서울,2005-04-02,일,암,,54,최영주,장석린외1인(신치구),451
7532,서울,2005-04-02,한,암,,55,이왕언,최창걸,480
7533,서울,2005-04-02,한,암,,53,박희철,조원희,432
7534,서울,2005-04-02,한,암,,55,김대근,지원철,391
7535,서울,2005-04-02,한,암,,53,윤치운,방형린,452
7536,서울,2005-04-02,한,암,,50,김순근,최상경,398
7537,서울,2005-04-02,한,암,,53,양재철,임관호,0
7538,서울,2005-04-02,한,암,,53,안해양,윤영기,485
7539,서울,2005-04-02,한,암,,53,고옥봉,이기선,466
7540,서울,2005-04-02,미,암,,56,하재흥,이상오,471
7541,서울,2005-04-02,한,암,,53,지용훈,남기태,493
7542,서울,2005-04-02,한,암,,53,정지은,최여경,525
7543,서울,2005-04-02,한,암,,53,강승영,신상길,432
7544,서울,2005-04-02,한,암,,54,김춘근,월곡목장영농조합,436
7545,서울,2005-04-02,한,암,,53,최영주,이영욱a,423
7546,서울,2005-04-02,한,암,,52,양재철,임관호,508
7547,서울,2005-04-02,한,암,,53,지용철,김우창,420
7548,서울,2005-04-02,한,암,,52,김문갑,이수빈,454
7549,서울,2005-04-02,미,암,,53.5,박원덕,이효선,447
7550,서울,2005-04-02,한,암,,51,김명국,풀무원건강식품(주),436
7551,서울,2005-04-02,뉴,암,,52.5,서범석,서순배,450
7552,서울,2005-04-02,미,암,,52,강승영,오호극,426
7553,서울,2005-04-02,한,암,,51,곽영효,강대기,439
7554,서울,2005-04-02,한,암,,52,정지은,노환영,418
7555,서울,2005-04-02,한,암,,53,김점오,박영철,463
7556,서울,2005-04-02,한,암,,53,박덕준,김영철,455
7557,서울,2005-04-02,한,암,,53,김대근,김진구,442
7558,서울,2005-04-02,한,암,,50,고옥봉,윤해영,426
7559,서울,2005-04-02,한,거,,55,박원덕,박정웅,436
7560,서울,2005-04-02,한,거,,54,박원덕,방승부,438
7561,서울,2005-04-02,한,거,,52,김점오,박환창,477
7562,서울,2005-04-02,뉴,거,,51,박천서,박용훈,484
7563,서울,2005-04-02,미,거,,51,박대흥,김용정,497
7564,서울,2005-04-02,미,암,,52,김일성,일진코스메틱,473
7565,서울,2005-04-02,한,거,,57,김양선,이항진,441
7566,서울,2005-04-02,한,거,,53,신우철,신항식,451
7567,서울,2005-04-02,미,거,,56,정지은,권광세,469
7568,서울,2005-04-02,한,거,,55.5,박원덕,이효선,470
7569,서울,2005-04-02,뉴,거,,51,이종구,박정록,480
7570,서울,2005-04-02,호,거,,51,김춘근,이선종,426
7571,서울,2005-04-03,한,암,,49,최상식,박기흥,492
7572,서울,2005-04-03,한,암,,51,임형규,신동호,430
7573,서울,2005-04-03,미,암,,51,양재철,이석태,436
7574,서울,2005-04-03,한,암,,51,지용훈,남기태,490
7575,서울,2005-04-03,뉴,거,,56,강명준,이광수a,446
7576,서울,2005-04-03,미,거,,52,김재복,김종한,507
7577,서울,2005-04-03,뉴,거,,53,김명국,이태식,439
7578,서울,2005-04-03,한,암,,53,신우철,이수근,466
7579,서울,2005-04-03,한,암,,51,김문갑,박흥길,417
7580,서울,2005-04-03,한,거,,54,박대흥,최애식,468
7581,서울,2005-04-03,뉴,거,,53,김재복,정이남,446
7582,서울,2005-04-03,미,거,,49,박윤규,신길우,429
7583,서울,2005-04-03,한,거,,57,이희영,정규상,428
7584,서울,2005-04-03,미,거,,54,김춘근,김한영,490
7585,서울,2005-04-03,한,수,,52,김점오,박준구,461
7586,서울,2005-04-03,한,거,,56,이희영,김용상,467
7587,서울,2005-04-03,미,거,,52,박윤규,이수홍,492
7588,서울,2005-04-03,한,수,,54,이용준,신영식,414
7589,서울,2005-04-03,한,수,,56,김점오,김덕환,484
7590,서울,2005-04-03,한,수,,56,지용철,우쾌제,492
7591,서울,2005-04-03,한,수,,55,지용철,이근우,497
7592,서울,2005-04-03,한,수,,56,황의성,이광수,484
7593,서울,2005-04-03,한,수,,50,이광복,최명균,480
7594,서울,2005-04-03,한,수,,58,지용철,구필모,484
7595,서울,2005-04-03,한,수,,53,박덕준,문창완,502
7596,서울,2005-04-03,한,수,,51,정지은,에쓰푸드홀딩스(주),452
7597,서울,2005-04-03,한,수,,51,박종곤,곽영진,464
7598,서울,2005-04-03,한,수,,50,박진호,표순배,440
7599,서울,2005-04-03,한,수,,54,이용준,신영식,528
7600,서울,2005-04-03,호,수,,53,박대흥,남승현,528
7601,서울,2005-04-03,한,수,,57,이종구,최수군,462
7602,서울,2005-04-03,한,수,,56,이종구,최인재,419
7603,서울,2005-04-03,한,수,,56,김순근,제주축산개발,469
7604,서울,2005-04-03,한,수,,54,박흥진,유준환,462
7605,서울,2005-04-03,한,수,,54,하재흥,이중연,455
7606,서울,2005-04-03,한,수,,54,유재길,박종률,491
7607,서울,2005-04-03,일,수,,54,박진호,함운일,419
7608,서울,2005-04-03,한,수,,54,박대흥,김희라,471
7609,서울,2005-04-03,한,수,,54,김춘근,신준희,493
7610,서울,2005-04-03,한,수,,54,신우철,최관식,438
7611,서울,2005-04-03,한,수,,51,김일성,김용래,492
7612,서울,2005-04-03,한,수,,53,최혜식,박정열,456
7613,서울,2005-04-03,한,수,,52,서범석,오상철,514
7614,서울,2005-04-03,한,수,,56,신우철,박정열,472
7615,서울,2005-04-03,한,수,,56,이인호,오만준,486
7616,서울,2005-04-03,한,암,,53,하재흥,김경민,423
7617,서울,2005-04-03,한,암,,55,임형규,신동호,466
7618,서울,2005-04-03,한,수,,55,김문갑,이종철,471
7619,서울,2005-04-03,한,수,,52,김재복,우동희,445
7620,서울,2005-04-03,한,암,,51.5,임봉춘,이주형,468
7621,서울,2005-04-03,한,암,,51,김문갑,김성두,462
7622,서울,2005-04-03,한,암,,52,정지은,노환영,455
7623,서울,2005-04-03,한,수,,52,강승영,오호극,462
7624,서울,2005-04-03,미,거,,53,박천서,정일권,496
7625,서울,2005-04-03,한,암,,51,신우철,김덕애,400
7626,서울,2005-04-03,미,암,,53,김순근,원흥순,457
7627,서울,2005-04-03,한,암,,50,서범석,송숙자,442
7628,서울,2005-04-03,한,수,,53,최상식,장재형,455
7629,서울,2005-04-03,한,수,,51,이광복,최명균,429
7630,서울,2005-04-03,미,암,,53,김택수,정영채,456
7631,서울,2005-04-03,한,암,,53,지용훈,조용학,482
7632,서울,2005-04-03,한,암,,50,서범석,송숙자,462
7633,서울,2005-04-03,한,거,,56,최영주,신영균,443
7634,서울,2005-04-03,한,암,,53,황의성,조병용,455
7635,서울,2005-04-03,한,암,,54,김양선,홍평우,421
7636,서울,2005-04-03,한,암,,53,박종곤,김진엽,411
7637,서울,2005-04-03,한,암,,52,박덕준,백운창,438
7638,서울,2005-04-03,한,암,,51,임봉춘,김대권,453
7639,서울,2005-04-03,한,암,,49,이왕언,이영서,434
7640,서울,2005-04-03,한,암,,54,박윤규,신길우,481
7641,서울,2005-04-03,한,수,,54,이희영,정규상,417
7642,서울,2005-04-03,한,수,,54,김명국,이재효,424
7643,서울,2005-04-03,한,암,,52,최영주,이영욱a,433
7644,서울,2005-04-03,한,암,,50,임형규,김영수,416
7645,서울,2005-04-03,뉴,암,,51,서범석,문금주,466
7646,서울,2005-04-03,일,암,,50,김순근,최상경,479
7647,서울,2005-04-03,한,암,,54,김윤섭,박정열,426
7648,서울,2005-04-03,한,암,,52,박종곤,곽영진,375
7649,서울,2005-04-03,한,암,,54,이희영,김연호,415
7650,서울,2005-04-03,한,암,,56.5,하재흥,이수홍,450
7651,서울,2005-04-03,한,암,,53,이희영,박환창,439
7652,서울,2005-04-03,한,암,,51,정지은,신한은행,453
7653,서울,2005-04-03,한,암,,52,김양선,차영희,449
7654,서울,2005-04-03,한,암,,54,강윤식,지성한,456
7655,서울,2005-04-03,한,암,,53,최혜식,박정열,473
7656,서울,2005-04-03,한,암,,54,박흥진,선우패션,477
7657,서울,2005-04-03,한,암,,50,최상식,임우근,412
7658,서울,2005-04-03,한,암,,53,김문갑,김익영,424
7659,서울,2005-04-03,한,암,,54,박덕준,장수영,0
7660,서울,2005-04-03,한,암,,53,임봉춘,정규상,454
7661,서울,2005-04-03,한,암,,53,박흥진,송용식,409
7662,서울,2005-04-03,한,암,,54,이용준,신영식,444
7663,서울,2005-04-03,한,암,,51,김윤섭,윤세영,425
7664,서울,2005-04-03,한,암,,50,지용훈,김연호,487
7665,서울,2005-04-03,한,암,,51,강윤식,이영숙,503
7666,서울,2005-04-03,한,암,,51,김양선,김종철,427
7667,서울,2005-04-03,한,암,,51,강윤식,김용상,444
7668,서울,2005-04-03,한,암,,50,고옥봉,김각경,432
7669,서울,2005-04-03,한,암,,51,유재길,박종률,472
7670,서울,2005-04-03,한,암,,52,김순근,맹원재,450
7671,서울,2005-04-03,한,암,,51.5,지용훈,이문철,470
7672,서울,2005-04-03,뉴,암,,53,서범석,문금주,453
7673,서울,2005-04-03,한,암,,51,이왕언,김방철,469
7674,서울,2005-04-03,한,암,,55.5,곽영효,강용식,462
7675,서울,2005-04-03,한,암,,50,박희철,장석린외1인(신치구),434
7676,서울,2005-04-03,한,암,,55,김양선,김종철,455
7677,서울,2005-04-03,한,암,,51,이종구,김기영,453
7678,서울,2005-04-03,한,암,,53,이왕언,박상선,423
7679,서울,2005-04-03,한,암,,54,김춘근,이선종,470
7680,서울,2005-04-03,미,암,,53,김양선,이항진,437
7681,서울,2005-04-03,한,암,,55,김택수,조동식,471
7682,서울,2005-04-03,한,암,,56,김윤섭,김채겸,418
7683,서울,2005-04-03,한,암,,48,이희영,곽영필,426
7684,서울,2005-04-09,한,암,,50,박천서,천병득,477
7685,서울,2005-04-09,한,거,,52,박대흥,최애식,456
7686,서울,2005-04-09,한,거,,54,고옥봉,오일랑,485
7687,서울,2005-04-09,뉴,거,,53,김재복,양길순,438
7688,서울,2005-04-09,한,암,,54,박희철,김병현,407
7689,서울,2005-04-09,일,수,,54,최영주,신항철,474
7690,서울,2005-04-09,한,수,,56,지용훈,이선호,495
7691,서울,2005-04-09,한,수,,54,안해양,윤영기,484
7692,서울,2005-04-09,뉴,암,,53,박원덕,이효선,438
7693,서울,2005-04-09,한,암,,53,이희영,이상용,424
7694,서울,2005-04-09,한,암,,55,김재복,박희주,454
7695,서울,2005-04-09,한,암,,55,김윤섭,심상춘,455
7696,서울,2005-04-09,한,암,,53,김윤섭,김채겸,462
7697,서울,2005-04-09,한,암,,50,이광복,장춘희,425
7698,서울,2005-04-09,미,암,,53,하재흥,이중연,438
7699,서울,2005-04-09,한,수,,54,이용준,김종욱,459
7700,서울,2005-04-09,미,수,,56,지용훈,조용학,504
7701,서울,2005-04-09,한,수,,52,이희영,곽영필,473
7702,서울,2005-04-09,한,암,,52,박흥진,이용대,445
7703,서울,2005-04-09,한,암,,53,김명국,이재효,439
7704,서울,2005-04-09,일,암,,50,서범석,문금주,496
7705,서울,2005-04-09,한,암,,53,김점오,유근수,459
7706,서울,2005-04-09,한,암,,53,김윤섭,윤세영,456
7707,서울,2005-04-09,한,암,,53,고옥봉,오일랑,474
7708,서울,2005-04-09,한,암,,51,박종곤,박재범,449
7709,서울,2005-04-09,한,암,,50,강윤식,박동규,462
7710,서울,2005-04-09,일,암,,54,이왕언,신건호,442
7711,서울,2005-04-09,한,암,,54,강명준,최효순,444
7712,서울,2005-04-09,미,암,,53,박흥진,유준환,455
7713,서울,2005-04-09,한,암,,53,이왕언,이영서,443
7714,서울,2005-04-09,한,암,,54,최상식,장현종,430
7715,서울,2005-04-09,한,암,,53,이종구,김기영,457
7716,서울,2005-04-09,한,암,,54,김양선,김종철,423
7717,서울,2005-04-09,한,암,,53,양재철,한광희,408
7718,서울,2005-04-09,한,암,,53,김명국,풀무원건강식품(주),482
7719,서울,2005-04-09,한,암,,51,하재흥,이상오,500
7720,서울,2005-04-09,한,암,,51,박천서,김우창,424
7721,서울,2005-04-09,한,암,,53,유재길,박종률,443
7722,서울,2005-04-09,한,암,,56,김일성,류근상,458
7723,서울,2005-04-09,한,암,,53,정지은,월곡목장영농조합,444
7724,서울,2005-04-09,한,암,,53,최상식,신홍균,419
7725,서울,2005-04-09,미,암,,55,김춘근,김한영,425
7726,서울,2005-04-09,한,암,,53,박원덕,이종석,431
7727,서울,2005-04-09,뉴,암,,54,박원덕,이효선,417
7728,서울,2005-04-09,한,암,,53,박윤규,권오학,472
7729,서울,2005-04-09,한,암,,53,김명국,김진철,421
7730,서울,2005-04-09,한,암,,54,유재길,허병하,486
7731,서울,2005-04-09,한,암,,51,강승영,임기준,457
7732,서울,2005-04-09,미,암,,53,김문갑,김서운,477
7733,서울,2005-04-09,미,암,,54,이종구,정진태,380
7734,서울,2005-04-09,한,거,,56,김명국,김진철,467
7735,서울,2005-04-09,뉴,거,,57,박덕준,백운창,479
7736,서울,2005-04-09,한,거,,55,김문갑,박성구,455
7737,서울,2005-04-09,한,암,,53,박종곤,링크폴로,422
7738,서울,2005-04-09,미,암,,52,한일영,대한사료,488
7739,서울,2005-04-09,뉴,거,,54,박윤규,이수홍,446
7740,서울,2005-04-09,한,거,,56,임형규,박정록,435
7741,서울,2005-04-09,한,거,,51,박천서,임영일,441
7742,서울,2005-04-09,한,거,,58,신우철,김우식,497
7743,서울,2005-04-09,한,거,,56,이왕언,신건호,448
7744,서울,2005-04-09,뉴,거,,54,임봉춘,서정훈,445
7745,서울,2005-04-09,한,거,,54,이용준,김명식,436
7746,서울,2005-04-09,한,거,,54,이광복,이필승,441
7747,서울,2005-04-09,한,거,,56,임봉춘,천병득,484
7748,서울,2005-04-09,뉴,거,,57,이종구,서정훈,464
7749,서울,2005-04-09,한,거,,56,박희철,조원희,454
7750,서울,2005-04-09,미,거,,56,김문갑,박흥길,494
7751,서울,2005-04-09,호,수,,55,김학수,박환창,484
7752,서울,2005-04-09,한,수,,56,김점오,유순목,472
7753,서울,2005-04-09,한,수,,54,김양선,박재범,457
7754,서울,2005-04-09,한,수,,52,지용훈,이선호,526
7755,서울,2005-04-09,한,수,,54,김점오,박남성,458
7756,서울,2005-04-09,미,거,,53,양재철,박현종,472
7757,서울,2005-04-09,한,거,,54,곽영효,전영채,452
7758,서울,2005-04-09,한,거,,54,김대근,유병옥,453
7759,서울,2005-04-09,한,거,,53,박천서,유미개발,486
7760,서울,2005-04-09,한,수,,54,곽영효,이종무,496
7761,서울,2005-04-09,한,수,,54,박윤규,김신태,499
7762,서울,2005-04-09,한,수,,55,곽영효,권광세,472
7763,서울,2005-04-09,한,수,,57,김점오,박남성,476
7764,서울,2005-04-09,한,수,,54,김춘근,이연택,463
7765,서울,2005-04-09,한,수,,54,김점오,박영철,465
7766,서울,2005-04-09,한,수,,54,황의성,이광수,506
7767,서울,2005-04-09,미,수,,56,이희영,노승구,432
7768,서울,2005-04-09,한,수,,54,고옥봉,김용원,410
7769,서울,2005-04-09,한,수,,54,안해양,김휘남,479
7770,서울,2005-04-09,한,수,,54,김대근,유병옥,500
7771,서울,2005-04-09,한,수,,54,양재철,박현종,448
7772,서울,2005-04-09,한,수,,55,강명준,이광수a,463
7773,서울,2005-04-09,한,수,,58,김재복,박희주,471
7774,서울,2005-04-09,한,수,,54,최혜식,은희만,438
7775,서울,2005-04-09,미,수,,54,박흥진,김도윤,0
7776,서울,2005-04-09,미,수,,54,지용철,곽태훈,439
7777,서울,2005-04-09,한,수,,54,하재흥,신동열,447
7778,서울,2005-04-09,한,수,,52,김학수,박남성,414
7779,서울,2005-04-09,한,수,,54,박희철,조병해,457
7780,서울,2005-04-09,한,수,,54,김문갑,이재욱,456
7781,서울,2005-04-09,한,수,,55,강승영,강남환,425
7782,서울,2005-04-09,한,수,,54,박천서,박엽래,470
7783,서울,2005-04-09,한,수,,54,곽영효,양수화,451
7784,서울,2005-04-09,한,수,,54,김춘근,이선종,491
7785,서울,2005-04-09,한,암,,53,신우철,김병현,462
7786,서울,2005-04-09,뉴,수,,53,서정하,은희만,446
7787,서울,2005-04-09,한,암,,54,유재길,허병하,415
7788,서울,2005-04-09,한,수,,54,박종곤,박재범,525
7789,서울,2005-04-09,한,수,,53,서범석,신준수,446
7790,서울,2005-04-09,한,수,,55,이광복,유길상,458
7791,서울,2005-04-10,한,암,,53,이광복,신항식,0
7792,서울,2005-04-10,한,암,,52,유재길,송근철,443
7793,서울,2005-04-10,한,암,,51,고옥봉,오일랑,394
7794,서울,2005-04-10,한,암,,52,김학수,조규학,412
7795,서울,2005-04-10,한,암,,53,최혜식,박경만,409
7796,서울,2005-04-10,한,거,,56,박흥진,이용대,434
7797,서울,2005-04-10,한,암,,50,김양선,김종철,454
7798,서울,2005-04-10,한,암,,52,김병용,박흥길,443
7799,서울,2005-04-10,한,암,,53,박대흥,최춘섭,451
7800,서울,2005-04-10,한,암,,54,한일영,대한사료,437
7801,서울,2005-04-10,한,거,,55,하재흥,김영수,453
7802,서울,2005-04-10,뉴,거,,51,이용준,박성구,515
7803,서울,2005-04-10,한,암,,50,서범석,장철환,455
7804,서울,2005-04-10,한,암,,51,안해양,이상홍,455
7805,서울,2005-04-10,한,암,,53,황의성,허건호,452
7806,서울,2005-04-10,호,암,,53,김점오,박준구,387
7807,서울,2005-04-10,한,암,,53,정지은,이부용,438
7808,서울,2005-04-10,한,암,,53,박덕준,나정웅,418
7809,서울,2005-04-10,한,암,,54,안해양,윤여운,424
7810,서울,2005-04-10,한,암,,51,강윤식,박승만,466
7811,서울,2005-04-10,한,암,,52,박희철,김방철,421
7812,서울,2005-04-10,한,암,,51,임봉춘,이주형,448
7813,서울,2005-04-10,한,암,,51,최상식,장재형,459
7814,서울,2005-04-10,한,암,,54,강명준,김광영,409
7815,서울,2005-04-10,한,암,,51,김택수,윤일균,443
7816,서울,2005-04-10,한,암,,53,김점오,박종호,472
7817,서울,2005-04-10,한,암,,54,고옥봉,박성구,466
7818,서울,2005-04-10,한,암,,50,강승영,정기찬,407
7819,서울,2005-04-10,한,암,,53,지용훈,이민문,432
7820,서울,2005-04-10,한,암,,51,이용준,임기준,445
7821,서울,2005-04-10,한,암,,51,김순근,이영욱,443
7822,서울,2005-04-10,한,암,,51,박천서,천병득,430
7823,서울,2005-04-10,일,암,,50,김순근,최상경,456
7824,서울,2005-04-10,일,암,,53,김춘근,신준희,438
7825,서울,2005-04-10,한,암,,55,이용준,박성구,423
7826,서울,2005-04-10,한,암,,53,김양선,서운석,439
7827,서울,2005-04-10,한,수,,54,김순근,제주축산개발,401
7828,서울,2005-04-10,한,거,,53,박희철,월곡목장영농조합,478
7829,서울,2005-04-10,한,암,,51,김춘근,이동언,474
7830,서울,2005-04-10,한,수,,56,윤치운,유영주,437
7831,서울,2005-04-10,일,수,,51,김명국,월곡목장영농조합,472
7832,서울,2005-04-10,한,수,,56,윤치운,유영주,490
7833,서울,2005-04-10,한,수,,53,하재흥,김경민,483
7834,서울,2005-04-10,한,수,,54,지용훈,이문철,468
7835,서울,2005-04-10,한,암,,53,박대흥,강충모,453
7836,서울,2005-04-10,한,암,,51,양재철,박현종,455
7837,서울,2005-04-10,한,암,,55,김대근,노병석,432
7838,서울,2005-04-10,한,수,,53,정지은,홍범기,430
7839,서울,2005-04-10,뉴,수,,52,정지은,김지훈,445
7840,서울,2005-04-10,한,수,,54,김대근,최상섭,467
7841,서울,2005-04-10,한,수,,54,김명국,이태식,496
7842,서울,2005-04-10,뉴,수,,53,김명국,박양호,438
7843,서울,2005-04-10,한,수,,56,이인호,서익수,471
7844,서울,2005-04-10,한,수,,54,곽영효,강용식,430
7845,서울,2005-04-10,미,암,,53,이종구,정진태,421
7846,서울,2005-04-10,한,암,,54,김대근,노병석,395
7847,서울,2005-04-10,한,거,,55.5,이왕언,박성구,492
7848,서울,2005-04-10,한,수,,53,박대흥,지대섭,460
7849,서울,2005-04-10,한,수,,56.5,김일성,강태은,461
7850,서울,2005-04-10,한,수,,54,양재철,김종화,491
7851,서울,2005-04-10,한,수,,56,강명준,이광수a,458
7852,서울,2005-04-10,한,수,,58.5,김점오,김덕환,458
7853,서울,2005-04-10,한,수,,51,최영주,박요선,457
7854,서울,2005-04-10,한,수,,55.5,신우철,이재진,461
7855,서울,2005-04-10,한,수,,55.5,최영주,최상태,459
7856,서울,2005-04-10,한,수,,54,박진호,정동진,512
7857,서울,2005-04-10,한,수,,53,강승영,권영원,451
7858,서울,2005-04-10,한,수,,53,강명준,이광수a,437
7859,서울,2005-04-10,한,수,,54,서범석,문금주,462
7860,서울,2005-04-10,한,수,,54,김병용,정몽규,456
7861,서울,2005-04-10,한,수,,50,최상식,장현종,447
7862,서울,2005-04-10,한,수,,51,이희영,김진태,455
7863,서울,2005-04-10,한,수,,55,김윤섭,김채겸,492
7864,서울,2005-04-10,한,수,,56,안해양,김휘남,517
7865,서울,2005-04-10,한,수,,56,김학수,정이남,448
7866,서울,2005-04-10,한,수,,54,김일성,조승민,495
7867,서울,2005-04-10,한,수,,55.5,양재철,윤임구,477
7868,서울,2005-04-10,한,수,,52,강명준,유무성,471
7869,서울,2005-04-10,한,수,,52,지용철,강성보,483
7870,서울,2005-04-10,한,수,,57,김택수,이희연,497
7871,서울,2005-04-10,한,거,,51,박천서,천병득,456
7872,서울,2005-04-10,한,거,,51,박대흥,강충모,450
7873,서울,2005-04-10,한,거,,54,김명국,월곡목장영농조합,426
7874,서울,2005-04-10,뉴,암,,53,서범석,서순배,438
7875,서울,2005-04-10,한,암,,54,박천서,천병득,466
7876,서울,2005-04-10,한,암,,51,임형규,이기선,404
7877,서울,2005-04-10,한,암,,53,이왕언,범양해운,506
7878,서울,2005-04-10,미,거,,54,김학수,박남성,450
7879,서울,2005-04-10,미,거,,51.5,김택수,박장수,464
7880,서울,2005-04-10,뉴,거,,51,강승영,이강수,432
7881,서울,2005-04-10,뉴,거,,51,한일영,이광수,457
7882,서울,2005-04-10,한,거,,56,임봉춘,김대권,484
7883,서울,2005-04-10,미,거,,56,지용철,안대종,489
7884,서울,2005-04-10,한,거,,51,정지은,권광세,506
7885,서울,2005-04-10,한,거,,53,곽영효,조진환,413
7886,서울,2005-04-10,한,수,,57,임형규,서상주,516
7887,서울,2005-04-10,뉴,거,,55,박덕준,나정웅,475
7888,서울,2005-04-10,한,거,,53,강명준,이광수a,457
7889,서울,2005-04-10,한,수,,54,김문갑,김서운,435
7890,서울,2005-04-10,미,수,,56.5,지용훈,이선호,478
7891,서울,2005-04-10,한,수,,54,윤치운,윤문수,477
7892,서울,2005-04-10,한,수,,51,김윤섭,윤세영,447
7893,서울,2005-04-10,미,수,,51,김문갑,이종철,484
7894,서울,2005-04-10,한,수,,54,김재복,전기섭,429
7895,서울,2005-04-10,한,암,,55,김윤섭,김준일,401
7896,서울,2005-04-10,한,암,,53,이인호,서익수,431
7897,서울,2005-04-10,한,암,,51,박희철,경규환,422
7898,서울,2005-04-10,한,암,,52,신우철,권영탁,469
7899,서울,2005-04-10,한,암,,50,임봉춘,박태훈,444
7900,서울,2005-04-10,한,암,,55,윤치운,한광세,490
7901,서울,2005-04-10,한,암,,48,임봉춘,윤일균,434
7902,서울,2005-04-16,뉴,암,,55,김순근,서운석,479
7903,서울,2005-04-16,한,암,,54,임형규,황수웅,482
7904,서울,2005-04-16,한,암,,52,김재복,전기섭,473
7905,서울,2005-04-16,한,암,,52,김병용,박흥길,445
7906,서울,2005-04-16,한,암,,53,김양선,정세능,436
7907,서울,2005-04-16,한,거,,51,유재길,권영탁,462
7908,서울,2005-04-16,한,암,,53,이용준,안영환,450
7909,서울,2005-04-16,인,암,,53,김춘근,신준희,495
7910,서울,2005-04-16,한,암,,51,유재길,허병하,437
7911,서울,2005-04-16,한,암,,54,고옥봉,이기선,483
7912,서울,2005-04-16,미,암,,51,양재철,이석태,441
7913,서울,2005-04-16,한,암,,53,강승영,권영원,421
7914,서울,2005-04-16,한,암,,52,박흥진,김도윤,418
7915,서울,2005-04-16,한,암,,53,최상식,박기흥,468
7916,서울,2005-04-16,한,암,,53,하재흥,김문환a,470
7917,서울,2005-04-16,한,암,,54,김점오,박영철,454
7918,서울,2005-04-16,한,암,,50,김춘근,이동언,400
7919,서울,2005-04-16,한,암,,54,강명준,김길중,431
7920,서울,2005-04-16,한,암,,51,박대흥,오준석,462
7921,서울,2005-04-16,한,암,,53,김양선,전기섭,459
7922,서울,2005-04-16,미,암,,53,이종구,유수택,449
7923,서울,2005-04-16,한,암,,52,김명국,박양호,456
7924,서울,2005-04-16,한,암,,53,윤치운,오상철,450
7925,서울,2005-04-16,한,암,,54,박대흥,김동욱,0
7926,서울,2005-04-16,뉴,암,,51,서범석,문금주,447
7927,서울,2005-04-16,일,암,,54.5,김순근,이재만,431
7928,서울,2005-04-16,한,암,,52,김학수,김병묵,402
7929,서울,2005-04-16,미,암,,51,최혜식,우두헌,440
7930,서울,2005-04-16,미,암,,55,황의성,윤일균,463
7931,서울,2005-04-16,뉴,거,,53,김학수,박흥길,477
7932,서울,2005-04-16,한,수,,54,이종구,백종헌,464
7933,서울,2005-04-16,한,수,,51,김일성,강태은,490
7934,서울,2005-04-16,한,수,,51,임형규,서상주,447
7935,서울,2005-04-16,한,암,,53,이왕언,서민석,415
7936,서울,2005-04-16,한,암,,53,한일영,이광수,450
7937,서울,2005-04-16,한,암,,50,양재철,김기성,408
7938,서울,2005-04-16,한,암,,54,박희철,조원희,446
7939,서울,2005-04-16,한,수,,51,임형규,이기선,444
7940,서울,2005-04-16,한,수,,56,최영주,김광영,435
7941,서울,2005-04-16,한,수,,51,김명국,코스틸,470
7942,서울,2005-04-16,한,암,,53,김대근,김정규,445
7943,서울,2005-04-16,미,암,,52,김재복,김한영,467
7944,서울,2005-04-16,미,암,,53,박윤규,이수홍,456
7945,서울,2005-04-16,한,암,,53,김재복,우동희,491
7946,서울,2005-04-16,한,암,,51,김대근,노병석,428
7947,서울,2005-04-16,한,암,,52,김재복,박희주,461
7948,서울,2005-04-16,한,암,,54,박종곤,정화섭,449
7949,서울,2005-04-16,한,암,,54,김윤섭,심상춘,454
7950,서울,2005-04-16,한,암,,53,강윤식,지성한,470
7951,서울,2005-04-16,한,암,,53,강윤식,지성한,474
7952,서울,2005-04-16,뉴,암,,54,서범석,문금주,484
7953,서울,2005-04-16,한,수,,52,박희철,오경의,449
7954,서울,2005-04-16,한,암,,50,윤치운,남귀현,450
7955,서울,2005-04-16,한,암,,50,최상식,장현종,439
7956,서울,2005-04-16,한,수,,52,지용훈,남기태,440
7957,서울,2005-04-16,미,수,,54,이광복,서순배,478
7958,서울,2005-04-16,한,수,,56,박덕준,허헌회,437
7959,서울,2005-04-16,한,수,,55,정지은,이부용,477
7960,서울,2005-04-16,한,수,,54,유재길,진교원,447
7961,서울,2005-04-16,한,수,,54,안해양,김진호,467
7962,서울,2005-04-16,한,수,,54,임봉춘,박태훈,445
7963,서울,2005-04-16,한,수,,52,지용철,이수길,412
7964,서울,2005-04-16,한,수,,51,김일성,이종복,476
7965,서울,2005-04-16,한,수,,54,박덕준,허헌회,507
7966,서울,2005-04-16,한,수,,54,이용준,신영식,408
7967,서울,2005-04-16,한,수,,55,이왕언,최창걸,509
7968,서울,2005-04-16,한,수,,56,김병용,박성환,463
7969,서울,2005-04-16,한,수,,51,최혜식,조진환,452
7970,서울,2005-04-16,미,수,,53,박대흥,남승현,448
7971,서울,2005-04-16,한,수,,54,김택수,허영희,442
7972,서울,2005-04-16,한,수,,54,최영주,반승일,430
7973,서울,2005-04-16,한,수,,51,곽영효,양수화,488
7974,서울,2005-04-16,한,수,,51,박덕준,김영철,431
7975,서울,2005-04-16,한,수,,56,박흥진,이용대,472
7976,서울,2005-04-16,한,수,,51,신우철,안영환,446
7977,서울,2005-04-16,한,수,,54,임봉춘,지원철,442
7978,서울,2005-04-16,한,수,,54,박원덕,안덕기,469
7979,서울,2005-04-16,한,수,,54,안해양,강홍수,481
7980,서울,2005-04-16,한,수,,53,하재흥,이중연,530
7981,서울,2005-04-16,미,수,,55,정지은,주경혜,484
7982,서울,2005-04-16,한,수,,54,박진호,이재원,473
7983,서울,2005-04-16,한,거,,56,김대근,김정규,494
7984,서울,2005-04-16,한,거,,54,김대근,노병석,410
7985,서울,2005-04-16,일,거,,54,하재흥,김웅세,441
7986,서울,2005-04-16,한,거,,54,고옥봉,전좌식,421
7987,서울,2005-04-16,한,거,,56,김윤섭,김연호,468
7988,서울,2005-04-16,한,거,,51,박천서,김충수,415
7989,서울,2005-04-16,한,거,,54.5,하재흥,이용대,498
7990,서울,2005-04-16,한,거,,57,양재철,윤임구,524
7991,서울,2005-04-16,한,거,,54,양재철,윤임구,411
7992,서울,2005-04-16,한,거,,51,박희철,장석영,439
7993,서울,2005-04-16,한,수,,54,강승영,강남환,415
7994,서울,2005-04-16,한,수,,54,지용훈,이민문,490
7995,서울,2005-04-16,한,수,,53,하재흥,이유환,543
7996,서울,2005-04-16,한,수,,54.5,강윤식,이영숙,482
7997,서울,2005-04-16,한,수,,56,강명준,김광영,450
7998,서울,2005-04-16,한,암,,53,고옥봉,장홍주,485
7999,서울,2005-04-16,한,암,,54,강명준,김길중,401
8000,서울,2005-04-16,미,암,,54,박원덕,방승부,425
8001,서울,2005-04-16,한,암,,53,김재복,홍성운,409
8002,서울,2005-04-16,뉴,암,,51,김순근,최상경,396
8003,서울,2005-04-16,한,암,,53,김문갑,어울림네트웍스,471
8004,서울,2005-04-16,한,암,,50,강윤식,박승만,430
8005,서울,2005-04-16,한,암,,56,이광복,최관식,497
8006,서울,2005-04-16,한,암,,53,최혜식,배석두,426
8007,서울,2005-04-16,한,암,,52,지용철,이수길,447
8008,서울,2005-04-16,미,암,,54,최혜식,은희만,460
8009,서울,2005-04-16,호,암,,55,정지은,권광세,478
8010,서울,2005-04-16,한,거,,54,곽영효,강용식,456
8011,서울,2005-04-16,한,암,,51,이광복,유길상,461
8012,서울,2005-04-16,한,거,,53,박대흥,남승현,493
8013,서울,2005-04-16,한,암,,54,김명국,김진철,443
8014,서울,2005-04-16,한,암,,55,이인호,민태구,431
8015,서울,2005-04-16,한,암,,51,김재복,김병묵,471
8016,서울,2005-04-16,한,암,,50,최영주,김노식,468
8017,서울,2005-04-17,한,수,,54,김윤섭,한광세,491
8018,서울,2005-04-17,한,수,,56,김학수,김정근,459
8019,서울,2005-04-17,한,수,,54,이광복,서순배,480
8020,서울,2005-04-17,한,수,,53,김병용,오경의,466
8021,서울,2005-04-17,한,암,,51,박윤규,김주학,438
8022,서울,2005-04-17,한,수,,58,지용훈,남기태,465
8023,서울,2005-04-17,한,수,,54,신우철,김현래,481
8024,서울,2005-04-17,한,수,,55,윤치운,민영길,478
8025,서울,2005-04-17,한,수,,54,신우철,진교원,467
8026,서울,2005-04-17,미,수,,56,김문갑,어울림네트웍스,489
8027,서울,2005-04-17,한,수,,56,신우철,선우패션,493
8028,서울,2005-04-17,한,수,,54,안해양,최동천,504
8029,서울,2005-04-17,미,수,,54,박대흥,정일권,483
8030,서울,2005-04-17,한,수,,54,최영주,신항철,0
8031,서울,2005-04-17,한,수,,53,이용준,김명식,499
8032,서울,2005-04-17,한,수,,51,정지은,김지훈,450
8033,서울,2005-04-17,한,수,,56,지용철,황의영,431
8034,서울,2005-04-17,한,수,,54,지용철,강성보,458
8035,서울,2005-04-17,한,수,,56,양재철,장철환,501
8036,서울,2005-04-17,한,수,,55,안해양,김휘남,515
8037,서울,2005-04-17,일,수,,56,강명준,강홍수,487
8038,서울,2005-04-17,미,수,,52.5,김점오,박환창,493
8039,서울,2005-04-17,한,수,,51,최영주,권영원,443
8040,서울,2005-04-17,한,수,,57,서범석,신준수,457
8041,서울,2005-04-17,한,수,,52,이인호,오만준,483
8042,서울,2005-04-17,한,수,,54,윤치운,오금자,465
8043,서울,2005-04-17,한,수,,54,이종구,최인재,485
8044,서울,2005-04-17,한,수,,54,김재복,김종한,506
8045,서울,2005-04-17,한,수,,57,한일영,이광수,438
8046,서울,2005-04-17,한,수,,51,유재길,권영탁,455
8047,서울,2005-04-17,한,수,,54,최상식,장재형,448
8048,서울,2005-04-17,한,거,,53,김명국,이재효,424
8049,서울,2005-04-17,한,거,,52,안해양,김휘남,481
8050,서울,2005-04-17,한,암,,52,김춘근,남웅종,474
8051,서울,2005-04-17,한,거,,53,박흥진,최효순,464
8052,서울,2005-04-17,한,거,,51,김순근,권영술,434
8053,서울,2005-04-17,한,거,,54,김점오,김창희,437
8054,서울,2005-04-17,한,거,,54,곽영효,양수화,421
8055,서울,2005-04-17,한,거,,55,이희영,이주형,451
8056,서울,2005-04-17,뉴,거,,53.5,박천서,박태훈,463
8057,서울,2005-04-17,미,거,,54,박윤규,신길우,458
8058,서울,2005-04-17,뉴,거,,53,최상식,장재형,438
8059,서울,2005-04-17,한,수,,51,지용철,이수길,496
8060,서울,2005-04-17,한,수,,55,윤치운,이기인,456
8061,서울,2005-04-17,뉴,거,,51,박진호,명인환,531
8062,서울,2005-04-17,한,거,,56,김명국,김진철,464
8063,서울,2005-04-17,한,거,,54,최영주,신항철,454
8064,서울,2005-04-17,미,거,,51,박희철,오경의,481
8065,서울,2005-04-17,한,거,,52,김명국,이태식,485
8066,서울,2005-04-17,한,거,,56,하재흥,이중연,455
8067,서울,2005-04-17,한,수,,54,김윤섭,김준일,460
8068,서울,2005-04-17,한,수,,54,김춘근,안승찬,482
8069,서울,2005-04-17,한,수,,54,김택수,장철환,485
8070,서울,2005-04-17,한,수,,54,강명준,변영남,501
8071,서울,2005-04-17,한,수,,50,박진호,정동진,470
8072,서울,2005-04-17,한,수,,50,김일성,일진코스메틱,459
8073,서울,2005-04-17,한,암,,53,박천서,천병득,462
8074,서울,2005-04-17,한,암,,50,박진호,명인환,470
8075,서울,2005-04-17,한,암,,51,고옥봉,박요선,443
8076,서울,2005-04-17,한,암,,54,이용준,신영식,460
8077,서울,2005-04-17,한,암,,52,김윤섭,김연호,463
8078,서울,2005-04-17,한,암,,53,박희철,김창희,454
8079,서울,2005-04-17,한,암,,51,유재길,허병하,420
8080,서울,2005-04-17,한,암,,51,지용훈,이민문,440
8081,서울,2005-04-17,한,암,,51,임봉춘,김대권,512
8082,서울,2005-04-17,한,암,,54,이희영,김진태,453
8083,서울,2005-04-17,한,암,,53,김재복,김한영,418
8084,서울,2005-04-17,한,암,,54,김양선,홍평우,423
8085,서울,2005-04-17,한,암,,51,김재복,조병해,484
8086,서울,2005-04-17,한,암,,53,이종구,최인재,425
8087,서울,2005-04-17,한,암,,53,박원덕,이효선,434
8088,서울,2005-04-17,한,암,,51,최혜식,이종원,436
8089,서울,2005-04-17,한,암,,54,박희철,경규환,457
8090,서울,2005-04-17,한,암,,53,곽영효,권광세,443
8091,서울,2005-04-17,한,암,,54,이용준,김우창,447
8092,서울,2005-04-17,미,거,,52,김양선,홍평우,496
8093,서울,2005-04-17,한,암,,53,박흥진,최동천,478
8094,서울,2005-04-17,한,암,,53,고옥봉,전좌식,478
8095,서울,2005-04-17,한,암,,53,서범석,신준수,0
8096,서울,2005-04-17,일,암,,53,김춘근,남웅종,452
8097,서울,2005-04-17,미,수,,51,하재흥,이중연,495
8098,서울,2005-04-17,미,수,,54,이종구,박정록,547
8099,서울,2005-04-17,한,암,,53,김윤섭,김연호,487
8100,서울,2005-04-17,한,암,,50,김순근,김순주,430
8101,서울,2005-04-17,한,암,,53,곽영효,조진환,456
8102,서울,2005-04-17,한,암,,53,이희영,이상용,441
8103,서울,2005-04-17,한,암,,53,박진호,함운일,440
8104,서울,2005-04-17,한,암,,52,박덕준,최원곤,460
8105,서울,2005-04-17,한,암,,54,김점오,박종호,506
8106,서울,2005-04-17,한,암,,52,박종곤,곽영진,375
8107,서울,2005-04-17,한,암,,50,강윤식,이영숙,424
8108,서울,2005-04-17,한,암,,54,정지은,이영철,434
8109,서울,2005-04-17,한,암,,50,지용훈,이선호,467
8110,서울,2005-04-17,한,암,,54,강명준,김광영,420
8111,서울,2005-04-17,미,암,,52,김대근,최상섭,425
8112,서울,2005-04-17,한,거,,55,이왕언,이영서,475
8113,서울,2005-04-17,한,암,,53,이광복,신항식,0
8114,서울,2005-04-17,미,거,,52,이왕언,김방철,504
8115,서울,2005-04-17,한,수,,54,김점오,김덕환,459
8116,서울,2005-04-17,한,수,,53,박덕준,문창완,496
8117,서울,2005-04-17,한,암,,52,이용준,안영환,499
8118,서울,2005-04-17,한,암,,52,박흥진,장경환,424
8119,서울,2005-04-17,일,암,,53,김점오,유근수,466
8120,서울,2005-04-17,호,암,,53,박대흥,남승현,426
8121,서울,2005-04-17,한,거,,52,박대흥,남승현,470
8122,서울,2005-04-17,한,수,,51,박희철,조원희,471
8123,서울,2005-04-17,한,수,,54,임봉춘,이주형,430
8124,서울,2005-04-17,한,암,,52,김문갑,박흥길,420
8125,서울,2005-04-17,한,수,,54,김병용,김명자,491
8126,서울,2005-04-17,미,암,,55,김택수,김진철,467
8127,서울,2005-04-17,한,암,,54,김일성,일진코스메틱,484
8128,서울,2005-04-17,뉴,암,,53,김명국,김진철,450
8129,서울,2005-04-17,한,암,,53,박대흥,남승현,415
8130,서울,2005-04-17,한,암,,52,김학수,김완배,452
8131,서울,2005-04-17,한,거,,51,김윤섭,심상춘,473
8132,서울,2005-04-17,한,암,,52,한일영,대한사료,446
8133,서울,2005-04-17,한,암,,51,신우철,진교원,462
8134,서울,2005-04-17,한,암,,50,이종구,백종헌,470
8135,서울,2005-04-17,미,암,,54,안해양,김휘남,453
8136,서울,2005-04-17,한,암,,53,고옥봉,이태인,438
8137,서울,2005-04-17,한,암,,52,최영주,권영원,441
8138,서울,2005-04-17,한,암,,51,박종곤,방형린,467
8139,서울,2005-04-17,미,암,,53,서범석,문금주,514
8140,서울,2005-04-17,미,암,,50,정지은,청호컴넷(주),446
8141,서울,2005-04-23,한,암,,53,강명준,김광영,443
8142,서울,2005-04-23,한,암,,53,박원덕,김대기,413
8143,서울,2005-04-23,한,암,,54,안해양,김완배,402
8144,서울,2005-04-23,한,암,,53,고옥봉,정병조,428
8145,서울,2005-04-23,한,암,,53,임봉춘,이선종,470
8146,서울,2005-04-23,한,암,,53,김문갑,정덕용,462
8147,서울,2005-04-23,한,암,,53,박대흥,김희라,445
8148,서울,2005-04-23,한,암,,53,김순근,맹원재,445
8149,서울,2005-04-23,한,거,,52,박흥진,이용대,495
8150,서울,2005-04-23,미,거,,52,김재복,김종한,482
8151,서울,2005-04-23,한,거,,53,고옥봉,정병조,468
8152,서울,2005-04-23,한,암,,52,김재복,전기섭,415
8153,서울,2005-04-23,미,암,,51,박윤규,홍기석,436
8154,서울,2005-04-23,한,암,,51,안해양,윤훈현,458
8155,서울,2005-04-23,한,거,,57,최영주,장석린외1인(신치구),488
8156,서울,2005-04-23,한,거,,56,박원덕,이정원,429
8157,서울,2005-04-23,한,거,,54,박천서,신건호,442
8158,서울,2005-04-23,미,거,,52,김양선,오해석,490
8159,서울,2005-04-23,한,암,,53,김대근,유병옥,484
8160,서울,2005-04-23,한,암,,51,박천서,박엽래,451
8161,서울,2005-04-23,한,거,,54,김일성,강태은,484
8162,서울,2005-04-23,한,암,,51,김점오,김창희,471
8163,서울,2005-04-23,뉴,거,,55,지용철,구필모,496
8164,서울,2005-04-23,한,거,,52,임봉춘,박종률,482
8165,서울,2005-04-23,미,거,,54,김일성,임상윤,476
8166,서울,2005-04-23,한,수,,54,박덕준,장수영,442
8167,서울,2005-04-23,한,암,,54,임봉춘,권태우,450
8168,서울,2005-04-23,한,암,,53,박원덕,이효선,447
8169,서울,2005-04-23,한,암,,52.5,김대근,한일사료,453
8170,서울,2005-04-23,한,수,,53,박덕준,백운창,474
8171,서울,2005-04-23,호,수,,53,곽영효,허영희,476
8172,서울,2005-04-23,한,거,,55,김대근,최상섭,453
8173,서울,2005-04-23,한,암,,52,정지은,지대섭,472
8174,서울,2005-04-23,미,거,,51,강윤식,지성한,422
8175,서울,2005-04-23,미,거,,54.5,김명국,오호극,522
8176,서울,2005-04-23,한,거,,51,박흥진,김도윤,462
8177,서울,2005-04-23,한,암,,53,김춘근,이보원,433
8178,서울,2005-04-23,한,암,,53,지용철,이수길,498
8179,서울,2005-04-23,한,암,,53,지용훈,이문철,449
8180,서울,2005-04-23,한,암,,53,박희철,김경민,463
8181,서울,2005-04-23,한,암,,52,최상식,조동식,442
8182,서울,2005-04-23,한,암,,52,고옥봉,박요선,492
8183,서울,2005-04-23,한,암,,53,박종곤,김진엽,412
8184,서울,2005-04-23,한,암,,52,임형규,서상주,456
8185,서울,2005-04-23,한,암,,50,박천서,김충수,464
8186,서울,2005-04-23,한,암,,53,박종곤,박재범,467
8187,서울,2005-04-23,한,암,,52,김춘근,이보원,437
8188,서울,2005-04-23,일,암,,53.5,이인호,민영길,466
8189,서울,2005-04-23,한,암,,53,정지은,노환영,463
8190,서울,2005-04-23,한,암,,54,하재흥,이수홍,444
8191,서울,2005-04-23,일,암,,53,최혜식,조진환,453
8192,서울,2005-04-23,한,암,,51,김명국,오호극,389
8193,서울,2005-04-23,한,암,,54,김학수,이긍범,434
8194,서울,2005-04-23,한,수,,55,유재길,허병하,435
8195,서울,2005-04-23,한,수,,53,박윤규,박상헌,437
8196,서울,2005-04-23,한,수,,54,강승영,한선호,424
8197,서울,2005-04-23,한,수,,55,유재길,김양호,456
8198,서울,2005-04-23,한,수,,54,하재흥,김영수,433
8199,서울,2005-04-23,한,수,,51,김일성,강태은,478
8200,서울,2005-04-23,한,수,,54.5,이용준,신영식,486
8201,서울,2005-04-23,미,수,,52,지용훈,조용학,478
8202,서울,2005-04-23,한,수,,51,이종구,이영웅,466
8203,서울,2005-04-23,한,수,,56,박진호,표순배,436
8204,서울,2005-04-23,한,수,,54,안해양,유수택,510
8205,서울,2005-04-23,한,수,,54,지용훈,이선호,466
8206,서울,2005-04-23,캐,수,,54,서범석,서순배,489
8207,서울,2005-04-23,한,수,,54,김문갑,어울림네트웍스,504
8208,서울,2005-04-23,한,수,,54,이용준,임기준,454
8209,서울,2005-04-23,한,암,,54,양재철,한광희,438
8210,서울,2005-04-23,한,수,,56,최혜식,박태훈,447
8211,서울,2005-04-23,한,수,,54,김순근,이재만,435
8212,서울,2005-04-23,한,수,,54,최영주,반승일,451
8213,서울,2005-04-23,한,수,,57,김병용,박흥길,436
8214,서울,2005-04-23,한,수,,53,박종곤,김진엽,468
8215,서울,2005-04-23,미,거,,57,김택수,김양호,519
8216,서울,2005-04-23,한,거,,55,최영주,박선주,430
8217,서울,2005-04-23,한,거,,56,유재길,이동재,459
8218,서울,2005-04-23,미,거,,52,김재복,김한영,453
8219,서울,2005-04-23,뉴,거,,51,박덕준,김영철,452
8220,서울,2005-04-23,한,거,,54,박대흥,최애식,471
8221,서울,2005-04-23,한,거,,56,김윤섭,월곡목장영농조합,465
8222,서울,2005-04-23,한,수,,52.5,최상식,임우근,487
8223,서울,2005-04-23,미,수,,55,이용준,김명식,536
8224,서울,2005-04-23,한,수,,56,곽영효,김기용,479
8225,서울,2005-04-23,한,수,,51,양재철,임관호,488
8226,서울,2005-04-23,한,수,,56,유재길,진교원,470
8227,서울,2005-04-23,한,수,,56,김점오,김덕환,483
8228,서울,2005-04-23,한,수,,54,김양선,구자선,421
8229,서울,2005-04-23,한,거,,51,최영주,홍성운,467
8230,서울,2005-04-23,한,거,,54,박희철,서정훈,477
8231,서울,2005-04-23,한,거,,53,이왕언,박정열,425
8232,서울,2005-04-23,한,거,,56.5,김대근,유병옥,446
8233,서울,2005-04-23,한,거,,56,김명국,김용상,488
8234,서울,2005-04-23,한,거,,57,최상식,장재형,462
8235,서울,2005-04-23,한,거,,54,임봉춘,이선종,452
8236,서울,2005-04-23,한,거,,55,이용준,김명식,447
8237,서울,2005-04-23,한,거,,54,김명국,월곡목장영농조합,422
8238,서울,2005-04-23,한,수,,51,고옥봉,김용원,415
8239,서울,2005-04-23,한,수,,52,이희영,노승구,449
8240,서울,2005-04-23,한,수,,51,김문갑,이재욱,453
8241,서울,2005-04-23,한,수,,54,지용철,강성보,508
8242,서울,2005-04-23,미,수,,55,김문갑,이종철,499
8243,서울,2005-04-23,한,수,,54,지용훈,조용학,471
8244,서울,2005-04-23,한,수,,56,김춘근,김한영,457
8245,서울,2005-04-23,한,수,,54,김윤섭,한광세,511
8246,서울,2005-04-23,한,수,,54,강윤식,이영숙,460
8247,서울,2005-04-23,한,수,,51,지용훈,이선호,454
8248,서울,2005-04-23,한,수,,54,이인호,권영술,466
8249,서울,2005-04-23,한,수,,55,이광복,최건호,440
8250,서울,2005-04-23,한,암,,52.5,서범석,오상철,422
8251,서울,2005-04-23,한,암,,51,정지은,최여경,477
8252,서울,2005-04-23,한,암,,53,김순근,권영술,426
8253,서울,2005-04-23,한,암,,54,박덕준,서승린,403
8254,서울,2005-04-23,한,암,,52,최상식,장재형,451
8255,서울,2005-04-23,한,암,,53,양재철,임관호,450
8256,서울,2005-04-23,한,암,,53,박윤규,허영희,462
8257,서울,2005-04-23,일,암,,52,박천서,최애식,443
8258,서울,2005-04-24,한,수,,57,강승영,한선호,419
8259,서울,2005-04-24,한,수,,56,김점오,박영철,491
8260,서울,2005-04-24,한,수,,56,강승영,강남환,475
8261,서울,2005-04-24,한,수,,56,유재길,진교원,458
8262,서울,2005-04-24,한,수,,55,김윤섭,진교원,476
8263,서울,2005-04-24,한,수,,52,최상식,이필승,448
8264,서울,2005-04-24,한,수,,56,강윤식,박승만,475
8265,서울,2005-04-24,한,수,,54,정지은,이경우,468
8266,서울,2005-04-24,한,수,,54,안해양,이상홍,496
8267,서울,2005-04-24,한,수,,51,박진호,함운일,430
8268,서울,2005-04-24,한,수,,54,박희철,김수경,440
8269,서울,2005-04-24,한,수,,51,박종곤,링크폴로,478
8270,서울,2005-04-24,일,수,,52,안해양,정일권,528
8271,서울,2005-04-24,한,수,,54,강명준,김길중,470
8272,서울,2005-04-24,한,암,,54,정지은,홍범기,450
8273,서울,2005-04-24,한,암,,48,윤치운,안응수,453
8274,서울,2005-04-24,한,수,,54,김춘근,남웅종,431
8275,서울,2005-04-24,미,수,,56,김점오,박환창,499
8276,서울,2005-04-24,미,거,,52,김순근,청호컴넷(주),439
8277,서울,2005-04-24,미,거,,57.5,박원덕,방승부,446
8278,서울,2005-04-24,뉴,거,,53,박덕준,서승린,443
8279,서울,2005-04-24,한,거,,53,박대흥,청호컴넷(주),478
8280,서울,2005-04-24,미,거,,54,김문갑,박흥길,486
8281,서울,2005-04-24,한,거,,56,유재길,월곡목장영농조합,422
8282,서울,2005-04-24,미,거,,54.5,곽영효,전덕순,490
8283,서울,2005-04-24,한,거,,55,정지은,박찬준,499
8284,서울,2005-04-24,한,거,,56,이희영,김용상,468
8285,서울,2005-04-24,한,거,,58,김대근,노병석,509
8286,서울,2005-04-24,한,거,,56,하재흥,김영수,454
8287,서울,2005-04-24,한,거,,56,신우철,우근민,495
8288,서울,2005-04-24,한,거,,56,박대흥,지대섭,434
8289,서울,2005-04-24,한,거,,54,이용준,김명식,468
8290,서울,2005-04-24,미,거,,52,김학수,박남성,512
8291,서울,2005-04-24,한,수,,54,김택수,정영채,473
8292,서울,2005-04-24,일,수,,58,박진호,명인환,501
8293,서울,2005-04-24,한,수,,56,김순근,제주축산개발,466
8294,서울,2005-04-24,미,수,,54,김윤섭,한광세,453
8295,서울,2005-04-24,미,수,,53.5,이왕언,신건호,507
8296,서울,2005-04-24,한,수,,56,하재흥,신동열,476
8297,서울,2005-04-24,한,수,,54,강명준,김광영,451
8298,서울,2005-04-24,한,수,,59,윤치운,제주축협,461
8299,서울,2005-04-24,한,수,,56,신우철,김현래,491
8300,서울,2005-04-24,한,수,,54,김윤섭,심상춘,484
8301,서울,2005-04-24,일,수,,57.5,박희철,유정희,480
8302,서울,2005-04-24,한,수,,56,박흥진,김길중,494
8303,서울,2005-04-24,한,수,,57,하재흥,김경민,0
8304,서울,2005-04-24,호,수,,53,이인호,김방철,504
8305,서울,2005-04-24,한,암,,53,서범석,신준수,483
8306,서울,2005-04-24,뉴,암,,53,이광복,서순배,440
8307,서울,2005-04-24,한,암,,52,임봉춘,박상선,440
8308,서울,2005-04-24,한,암,,53,김병용,송근철,419
8309,서울,2005-04-24,한,암,,51,지용훈,조용학,449
8310,서울,2005-04-24,한,암,,55,이광복,최건호,431
8311,서울,2005-04-24,한,암,,51,박천서,김우창,412
8312,서울,2005-04-24,한,암,,51,곽영효,김교준,422
8313,서울,2005-04-24,한,암,,51,지용훈,이문철,440
8314,서울,2005-04-24,한,암,,49,신우철,김현래,401
8315,서울,2005-04-24,한,암,,51,지용철,김우창,422
8316,서울,2005-04-24,한,암,,54,최상식,장현종,420
8317,서울,2005-04-24,한,암,,54,임봉춘,이주형,489
8318,서울,2005-04-24,한,암,,53,최상식,조동식,423
8319,서울,2005-04-24,한,암,,51,최영주,변영남,385
8320,서울,2005-04-24,뉴,암,,54,김춘근,신준희,438
8321,서울,2005-04-24,한,암,,53,서범석,송숙자,441
8322,서울,2005-04-24,한,암,,55,박덕준,나정웅,460
8323,서울,2005-04-24,한,암,,51,윤치운,오상철,409
8324,서울,2005-04-24,한,암,,53,서정하,구자선,464
8325,서울,2005-04-24,한,암,,53,이왕언,신건호,459
8326,서울,2005-04-24,한,거,,54,김명국,이태식,468
8327,서울,2005-04-24,한,암,,50,박희철,김완배,425
8328,서울,2005-04-24,한,암,,53,김재복,전기섭,409
8329,서울,2005-04-24,한,암,,50,강윤식,인원식,439
8330,서울,2005-04-24,한,암,,54,이종구,이영웅,435
8331,서울,2005-04-24,한,암,,52,김학수,전기섭,451
8332,서울,2005-04-24,한,거,,55,김일성,일진코스메틱,479
8333,서울,2005-04-24,한,거,,53,김학수,정이남,382
8334,서울,2005-04-24,미,거,,56.5,김문갑,김익영,494
8335,서울,2005-04-24,뉴,거,,57,서범석,박남성,487
8336,서울,2005-04-24,한,거,,56,최영주,신영균,442
8337,서울,2005-04-24,한,거,,56,김대근,김완배,459
8338,서울,2005-04-24,호,거,,54,임봉춘,서정훈,0
8339,서울,2005-04-24,한,거,,51,김점오,박환창,474
8340,서울,2005-04-24,한,거,,51,박천서,한일사료,443
8341,서울,2005-04-24,한,거,,53,고옥봉,정병조,489
8342,서울,2005-04-24,한,거,,56,최영주,신항철,459
8343,서울,2005-04-24,한,거,,53,박천서,천병득,471
8344,서울,2005-04-24,한,암,,53,이종구,최인재,417
8345,서울,2005-04-24,뉴,거,,53,김춘근,이선종,469
8346,서울,2005-04-24,한,암,,54,곽영효,양수화,501
8347,서울,2005-04-24,한,수,,51,강윤식,권익현,437
8348,서울,2005-04-24,한,수,,54,윤치운,유영주,457
8349,서울,2005-04-24,한,수,,52,지용철,곽태훈,490
8350,서울,2005-04-24,한,수,,51,이종구,박정록,483
8351,서울,2005-04-24,한,거,,56,이용준,강상우,497
8352,서울,2005-04-24,한,암,,53,김재복,박재율,450
8353,서울,2005-04-24,한,암,,53,박종곤,링크폴로,452
8354,서울,2005-04-24,한,거,,53,박대흥,강충모,487
8355,서울,2005-04-24,한,거,,54,박희철,경규환,453
8356,서울,2005-04-24,한,암,,51,이광복,최건호,424
8357,서울,2005-04-24,한,암,,54,유재길,박종률,464
8358,서울,2005-04-24,한,암,,54,이종구,변영남,501
8359,서울,2005-04-24,한,암,,51,김순근,김성부,484
8360,서울,2005-04-24,미,수,,54,지용철,곽태훈,438
8361,서울,2005-04-24,한,수,,52,지용철,황의영,451
8362,서울,2005-04-24,한,암,,53,신우철,김우식,423
8363,서울,2005-04-24,한,암,,53,이희영,박환창,417
8364,서울,2005-04-24,미,암,,53,이종구,정진태,462
8365,서울,2005-04-24,미,암,,53,김점오,박영철,511
8366,서울,2005-04-24,한,암,,50,박종곤,이재호,474
8367,서울,2005-04-24,한,암,,49,임봉춘,박종률,444
8368,서울,2005-04-24,한,암,,54,김일성,이종복,425
8369,서울,2005-04-24,한,암,,53,김일성,일진코스메틱,446
8370,서울,2005-04-24,미,암,,53,김택수,조병용,423
8371,서울,2005-04-24,한,암,,50,김문갑,이수빈,454
8372,서울,2005-04-30,뉴,거,,57,이종구,서정훈,454
8373,서울,2005-04-30,한,수,,50,김일성,이종복,0
8374,서울,2005-04-30,한,수,,52,서범석,오상철,505
8375,서울,2005-04-30,한,수,,52,지용철,강성보,475
8376,서울,2005-04-30,한,수,,54,강승영,강남환,451
8377,서울,2005-04-30,한,수,,54,윤치운,안응수,479
8378,서울,2005-04-30,한,수,,54,한일영,홍영대,488
8379,서울,2005-04-30,한,수,,52,정지은,이부용,472
8380,서울,2005-04-30,한,수,,52,김택수,정영채,464
8381,서울,2005-04-30,한,수,,55,하재흥,이유환,452
8382,서울,2005-04-30,한,수,,54,김점오,박흥길,533
8383,서울,2005-04-30,한,수,,53,박윤규,박상헌,449
8384,서울,2005-04-30,한,수,,52,김순근,제주축산개발,395
8385,서울,2005-04-30,한,수,,55,강승영,오호극,455
8386,서울,2005-04-30,일,수,,54,최영주,신항철,474
8387,서울,2005-04-30,한,수,,54,김명국,이태식,497
8388,서울,2005-04-30,한,수,,51,지용훈,조용학,498
8389,서울,2005-04-30,한,수,,55.5,최상식,장현종,472
8390,서울,2005-04-30,한,수,,56,김충근,이광수,459
8391,서울,2005-04-30,한,수,,52,최영주,박선주,471
8392,서울,2005-04-30,한,수,,57,박흥진,김도윤,495
8393,서울,2005-04-30,한,수,,54,김재복,우동희,455
8394,서울,2005-04-30,한,수,,53,정지은,청호컴넷(주),469
8395,서울,2005-04-30,한,수,,54,신우철,선우패션,477
8396,서울,2005-04-30,한,수,,54,강명준,최효순,432
8397,서울,2005-04-30,한,수,,53,신우철,최관식,489
8398,서울,2005-04-30,뉴,수,,57,김순근,김상태,481
8399,서울,2005-04-30,한,수,,56,지용철,구필모,482
8400,서울,2005-04-30,한,거,,58,박흥진,이용대,424
8401,서울,2005-04-30,한,암,,52,최영주,이영욱a,431
8402,서울,2005-04-30,한,수,,57,김윤섭,김채겸,481
8403,서울,2005-04-30,한,암,,53,박대흥,강충모,464
8404,서울,2005-04-30,한,수,,55,신우철,안영환,437
8405,서울,2005-04-30,한,수,,51,강윤식,박승만,466
8406,서울,2005-04-30,한,수,,56,최상식,장현종,457
8407,서울,2005-04-30,한,수,,55.5,신우철,이수근,460
8408,서울,2005-04-30,한,수,,54,신우철,박용훈,494
8409,서울,2005-04-30,한,수,,55,이용준,신영식,403
8410,서울,2005-04-30,한,수,,54,김일성,이종복,471
8411,서울,2005-04-30,한,수,,54,하재흥,이유환,446
8412,서울,2005-04-30,한,수,,55,신우철,박정열,464
8413,서울,2005-04-30,한,수,,54,박종곤,박재범,519
8414,서울,2005-04-30,미,거,,54,박윤규,신길우,430
8415,서울,2005-04-30,한,거,,54,박천서,윤훈현,477
8416,서울,2005-04-30,한,암,,53,안해양,윤영기,470
8417,서울,2005-04-30,한,수,,52,최상식,장재형,0
8418,서울,2005-04-30,한,수,,55,김충근,이광수,473
8419,서울,2005-04-30,한,암,,54,유재길,이동재,458
8420,서울,2005-04-30,한,거,,56,고옥봉,김길중,474
8421,서울,2005-04-30,미,거,,54,강승영,지대섭,452
8422,서울,2005-04-30,한,암,,50,임봉춘,정규상,447
8423,서울,2005-04-30,미,암,,54,박대흥,정일권,460
8424,서울,2005-04-30,미,수,,57,이용준,임기준,485
8425,서울,2005-04-30,한,수,,53,박종곤,곽영진,466
8426,서울,2005-04-30,뉴,암,,51,김순근,최상경,393
8427,서울,2005-04-30,한,암,,52,고옥봉,정병조,442
8428,서울,2005-04-30,한,암,,54,윤치운,김용원,432
8429,서울,2005-04-30,한,암,,51,박천서,정일권,434
8430,서울,2005-04-30,한,암,,53,김점오,김덕환,458
8431,서울,2005-04-30,한,암,,52,박종곤,박재범,450
8432,서울,2005-04-30,한,암,,55,임형규,신동호,460
8433,서울,2005-04-30,한,암,,53,최상식,장현종,424
8434,서울,2005-04-30,한,암,,52,김춘근,이선종,470
8435,서울,2005-04-30,한,암,,51,김대근,노병석,453
8436,서울,2005-04-30,한,암,,53,하재흥,김영수,449
8437,서울,2005-04-30,한,암,,55,박윤규,신길우,478
8438,서울,2005-04-30,한,암,,51,유재길,허병하,405
8439,서울,2005-04-30,일,암,,53,박희철,오상철,408
8440,서울,2005-04-30,한,암,,53,박종곤,김진엽,405
8441,서울,2005-04-30,한,암,,56,박희철,김병현,400
8442,서울,2005-04-30,한,암,,50,이희영,곽영필,482
8443,서울,2005-04-30,한,암,,53,강승영,정기찬,409
8444,서울,2005-04-30,한,암,,54,안해양,윤여운,426
8445,서울,2005-04-30,한,암,,53,이인호,오만준,444
8446,서울,2005-04-30,미,암,,54,황의성,조병용,491
8447,서울,2005-04-30,한,암,,55,이왕언,최창걸,473
8448,서울,2005-04-30,한,암,,50,김순근,최상경,398
8449,서울,2005-04-30,한,암,,53,정지은,최여경,429
8450,서울,2005-04-30,한,암,,54,정지은,이영철,425
8451,서울,2005-04-30,한,암,,51,이왕언,김방철,469
8452,서울,2005-04-30,뉴,거,,55,임봉춘,서정훈,432
8453,서울,2005-04-30,한,암,,53,김일성,류근상,491
8454,서울,2005-04-30,한,암,,50,서범석,송숙자,456
8455,서울,2005-04-30,한,암,,53,신우철,이수근,474
8456,서울,2005-04-30,한,암,,53,임봉춘,장세창,480
8457,서울,2005-04-30,뉴,거,,58,강명준,이광수a,445
8458,서울,2005-04-30,미,거,,60,강승영,이승택,487
8459,서울,2005-04-30,한,거,,55,강명준,양길순,466
8460,서울,2005-04-30,뉴,거,,53,김명국,이태식,430
8461,서울,2005-04-30,한,거,,54,이인호,변웅전,430
8462,서울,2005-04-30,한,거,,56,임봉춘,천병득,479
8463,서울,2005-04-30,한,암,,52,고옥봉,윤해영,420
8464,서울,2005-04-30,한,거,,54,김대근,노병석,499
8465,서울,2005-04-30,미,거,,54,김재복,김종한,505
8466,서울,2005-04-30,한,거,,57,지용훈,조용학,462
8467,서울,2005-04-30,미,거,,56,김택수,김양호,479
8468,서울,2005-04-30,미,거,,54,김점오,김덕환,460
8469,서울,2005-04-30,한,거,,57,고옥봉,전좌식,476
8470,서울,2005-04-30,한,거,,54,이희영,김용상,441
8471,서울,2005-04-30,한,거,,54.5,강승영,정이남,430
8472,서울,2005-04-30,한,수,,52,유재길,허건호,430
8473,서울,2005-04-30,한,수,,54,김명국,이재효,424
8474,서울,2005-04-30,한,수,,54,신우철,최관식,436
8475,서울,2005-04-30,한,수,,54,박대흥,남승현,479
8476,서울,2005-04-30,한,수,,54,이광복,유길상,467
8477,서울,2005-04-30,한,거,,57,이희영,정규상,429
8478,서울,2005-05-01,호,거,,51,박덕준,나정웅,487
8479,서울,2005-05-01,한,거,,54,박원덕,방승부,433
8480,서울,2005-05-01,한,거,,57,김양선,이항진,436
8481,서울,2005-05-01,한,거,,56,박대흥,김용정,502
8482,서울,2005-05-01,미,거,,51,김양선,이항진,443
8483,서울,2005-05-01,호,거,,51,지용훈,조용학,482
8484,서울,2005-05-01,한,거,,55,박희철,장석린외1인(신치구),463
8485,서울,2005-05-01,호,거,,51,김춘근,이선종,422
8486,서울,2005-05-01,한,거,,54,김춘근,월곡목장영농조합,453
8487,서울,2005-05-01,한,거,,54,박흥진,김도윤,495
8488,서울,2005-05-01,뉴,거,,55,하재흥,신동열,448
8489,서울,2005-05-01,한,거,,54,박대흥,최애식,478
8490,서울,2005-05-01,미,거,,50,지용철,안대종,448
8491,서울,2005-05-01,한,수,,53,서범석,이재만,436
8492,서울,2005-05-01,한,수,,54,박원덕,이정원,479
8493,서울,2005-05-01,한,수,,54,지용철,우쾌제,481
8494,서울,2005-05-01,한,수,,52,박희철,김병현,512
8495,서울,2005-05-01,미,수,,54,김택수,오호극,439
8496,서울,2005-05-01,한,수,,55,하재흥,조남대,498
8497,서울,2005-05-01,한,수,,56,김점오,이송,473
8498,서울,2005-05-01,미,수,,55,양재철,임관호,482
8499,서울,2005-05-01,한,수,,52,박희철,조원희,448
8500,서울,2005-05-01,한,수,,54,김일성,일진코스메틱,492
8501,서울,2005-05-01,한,수,,54,이용준,신영식,518
8502,서울,2005-05-01,한,수,,54,김점오,김창희,457
8503,서울,2005-05-01,미,수,,50,이희영,노승구,435
8504,서울,2005-05-01,한,수,,56,최혜식,박상선,464
8505,서울,2005-05-01,한,수,,54,하재흥,신동열,506
8506,서울,2005-05-01,한,수,,54,이희영,민영길,471
8507,서울,2005-05-01,한,수,,49,이광복,최명균,426
8508,서울,2005-05-01,한,수,,56,박원덕,이종석,435
8509,서울,2005-05-01,한,수,,55,신우철,안영환,481
8510,서울,2005-05-01,한,수,,56,유재길,박종률,0
8511,서울,2005-05-01,미,수,,56,박희철,오경의,482
8512,서울,2005-05-01,한,수,,54,임봉춘,이선종,489
8513,서울,2005-05-01,한,수,,54,김일성,김용래,463
8514,서울,2005-05-01,한,수,,54,김충근,이광수,502
8515,서울,2005-05-01,한,수,,54,김대근,한일사료,441
8516,서울,2005-05-01,한,수,,54,김문갑,이종철,466
8517,서울,2005-05-01,한,수,,53,최혜식,박정열,449
8518,서울,2005-05-01,미,수,,58,박대흥,최애식,498
8519,서울,2005-05-01,한,암,,52,지용훈,남기태,489
8520,서울,2005-05-01,한,수,,54,이종구,백종헌,459
8521,서울,2005-05-01,한,암,,53,유재길,조병해,398
8522,서울,2005-05-01,한,암,,53,정지은,최여경,0
8523,서울,2005-05-01,한,수,,56,박진호,함운일,463
8524,서울,2005-05-01,한,수,,54,최혜식,이종원,477
8525,서울,2005-05-01,한,수,,56,윤치운,유영주,478
8526,서울,2005-05-01,뉴,거,,52,이종구,최인재,479
8527,서울,2005-05-01,한,거,,50,유재길,권영탁,454
8528,서울,2005-05-01,미,암,,52,김문갑,김서운,473
8529,서울,2005-05-01,뉴,거,,57,최혜식,박상선,452
8530,서울,2005-05-01,한,수,,56,지용철,안대종,470
8531,서울,2005-05-01,한,수,,54,지용철,황의영,456
8532,서울,2005-05-01,한,암,,52,이희영,김진태,432
8533,서울,2005-05-01,한,암,,55,박종곤,링크폴로,425
8534,서울,2005-05-01,일,암,,50,박진호,박효봉,476
8535,서울,2005-05-01,한,수,,56,김양선,구자선,446
8536,서울,2005-05-01,한,수,,55,지용철,이근우,492
8537,서울,2005-05-01,한,수,,55,유재길,이필승,482
8538,서울,2005-05-01,한,수,,54,박대흥,정일권,461
8539,서울,2005-05-01,한,암,,53,김학수,박재범,422
8540,서울,2005-05-01,한,암,,53,김양선,정이남,424
8541,서울,2005-05-01,한,암,,54,하재흥,이상오,494
8542,서울,2005-05-01,한,암,,54,이용준,신영식,443
8543,서울,2005-05-01,한,암,,51,김대근,김진구,437
8544,서울,2005-05-01,한,암,,54,박덕준,백운창,429
8545,서울,2005-05-01,한,암,,52,이용준,김진철,443
8546,서울,2005-05-01,한,암,,53,김점오,김덕환,407
8547,서울,2005-05-01,한,암,,50,양재철,박현종,453
8548,서울,2005-05-01,한,암,,51,김윤섭,김채겸,418
8549,서울,2005-05-01,한,암,,53,강명준,권태우,0
8550,서울,2005-05-01,한,암,,50,김순근,김상태,436
8551,서울,2005-05-01,한,암,,54,김일성,이종복,425
8552,서울,2005-05-01,한,암,,53,양재철,박현종,451
8553,서울,2005-05-01,한,암,,48,최상식,박기흥,482
8554,서울,2005-05-01,한,암,,54,임형규,신동호,424
8555,서울,2005-05-01,한,암,,53,김재복,전기섭,441
8556,서울,2005-05-01,한,암,,53,지용훈,조용학,481
8557,서울,2005-05-01,한,암,,53,김학수,김병묵,395
8558,서울,2005-05-01,한,암,,53,이종구,최인재,420
8559,서울,2005-05-01,뉴,암,,52,서범석,문금주,441
8560,서울,2005-05-01,한,암,,53,안해양,김휘남,479
8561,서울,2005-05-01,한,암,,50,지용철,이수길,432
8562,서울,2005-05-01,일,암,,50,김순근,최상경,468
8563,서울,2005-05-01,한,암,,55,박종곤,곽영진,396
8564,서울,2005-05-01,한,암,,53,하재흥,김경민,437
8565,서울,2005-05-01,미,암,,51,강승영,오호극,427
8566,서울,2005-05-01,한,암,,52,박희철,김방철,422
8567,서울,2005-05-01,한,암,,51,임봉춘,윤일균,450
8568,서울,2005-05-01,미,암,,53,양재철,이석태,433
8569,서울,2005-05-01,미,암,,53,이종구,유수택,442
8570,서울,2005-05-01,한,암,,54,김대근,노병석,398
8571,서울,2005-05-01,한,암,,54,한일영,대한사료,440
8572,서울,2005-05-01,한,암,,53,지용훈,남기태,494
8573,서울,2005-05-01,미,암,,52.5,박원덕,이효선,454
8574,서울,2005-05-01,한,암,,53,지용훈,남기태,495
8575,서울,2005-05-01,한,암,,53,정지은,지대섭,468
8576,서울,2005-05-01,일,암,,53.5,서범석,서순배,438
8577,서울,2005-05-01,한,암,,50,최상식,임우근,412
8578,서울,2005-05-01,한,암,,52,김명국,풀무원건강식품(주),434
8579,서울,2005-05-01,호,암,,50,강윤식,권익현,416
8580,서울,2005-05-01,한,암,,53,박대흥,남승현,0
8581,서울,2005-05-01,한,암,,51,지용훈,이민문,434
8582,서울,2005-05-01,한,암,,53,이희영,노승구,405
8583,서울,2005-05-01,한,암,,49,정지은,류순곤,494
8584,서울,2005-05-01,뉴,거,,51,박천서,박용훈,478
8585,서울,2005-05-01,한,거,,53,김순근,권영술,430
8586,서울,2005-05-01,미,거,,53,박윤규,이수홍,488
8587,서울,2005-05-01,한,암,,55,김대근,지원철,385
8588,서울,2005-05-01,한,거,,56,김명국,김진철,463
8589,서울,2005-05-01,한,거,,56,한일영,심재식,456
8590,서울,2005-05-07,뉴,거,,55,박덕준,허헌회,448
8591,서울,2005-05-07,한,거,,54,김대근,노병석,497
8592,서울,2005-05-07,한,거,,54,박희철,경규환,452
8593,서울,2005-05-07,미,거,,52,이용준,김용원,470
8594,서울,2005-05-07,한,거,,57,이왕언,신건호,441
8595,서울,2005-05-07,한,거,,50,박덕준,백운창,435
8596,서울,2005-05-07,한,거,,56,김대근,고영자,458
8597,서울,2005-05-07,한,거,,54,김명국,월곡목장영농조합,426
8598,서울,2005-05-07,한,거,,53,고옥봉,오일랑,468
8599,서울,2005-05-07,한,거,,52,임봉춘,박종률,477
8600,서울,2005-05-07,한,수,,53,박진호,표순배,426
8601,서울,2005-05-07,미,수,,52,김문갑,이종철,491
8602,서울,2005-05-07,한,수,,53,김춘근,신준희,502
8603,서울,2005-05-07,한,수,,56,박흥진,유준환,450
8604,서울,2005-05-07,한,수,,52,이희영,정규상,468
8605,서울,2005-05-07,한,수,,52,박대흥,지대섭,459
8606,서울,2005-05-07,한,수,,57,김재복,전기섭,427
8607,서울,2005-05-07,한,수,,54,임형규,정수남,464
8608,서울,2005-05-07,뉴,수,,53,김명국,코스틸,484
8609,서울,2005-05-07,한,수,,54,김대근,최상섭,459
8610,서울,2005-05-07,한,수,,54,박대흥,남승현,498
8611,서울,2005-05-07,한,수,,51,강윤식,지성한,450
8612,서울,2005-05-07,한,수,,54,김대근,유병옥,495
8613,서울,2005-05-07,일,수,,56,이광복,유길상,498
8614,서울,2005-05-07,한,수,,57,박흥진,김도윤,435
8615,서울,2005-05-07,일,수,,54,김춘근,이종현,479
8616,서울,2005-05-07,한,수,,53,신우철,권영탁,471
8617,서울,2005-05-07,한,수,,53,서범석,문금주,462
8618,서울,2005-05-07,한,수,,55,강승영,한선호,422
8619,서울,2005-05-07,미,수,,56,김문갑,어울림네트웍스,470
8620,서울,2005-05-07,한,수,,54,김병용,정몽규,478
8621,서울,2005-05-07,한,수,,51,지용훈,이선호,530
8622,서울,2005-05-07,한,수,,54,김점오,박영철,464
8623,서울,2005-05-07,한,수,,54,김윤섭,김채겸,493
8624,서울,2005-05-07,한,수,,54,양재철,박현종,436
8625,서울,2005-05-07,뉴,수,,52,정지은,김지훈,445
8626,서울,2005-05-07,한,수,,54,김학수,박남성,407
8627,서울,2005-05-07,미,수,,54,이종구,박정록,552
8628,서울,2005-05-07,한,수,,51,이광복,최건호,533
8629,서울,2005-05-07,한,수,,54,김점오,김덕환,464
8630,서울,2005-05-07,미,수,,54,하재흥,이중연,490
8631,서울,2005-05-07,한,수,,55,정지은,홍범기,423
8632,서울,2005-05-07,한,수,,54,김춘근,이연택,460
8633,서울,2005-05-07,한,수,,55,최상식,최춘섭,456
8634,서울,2005-05-07,미,수,,52.5,지용철,안대종,517
8635,서울,2005-05-07,한,수,,53,김문갑,이수빈,468
8636,서울,2005-05-07,한,수,,53,최상식,장재형,444
8637,서울,2005-05-07,한,암,,53,박대흥,강충모,448
8638,서울,2005-05-07,한,암,,52,유재길,송근철,434
8639,서울,2005-05-07,한,수,,57,이종구,최수군,459
8640,서울,2005-05-07,한,수,,54,고옥봉,김용원,410
8641,서울,2005-05-07,뉴,수,,53,김명국,박양호,440
8642,서울,2005-05-07,한,수,,56,김병용,송근철,436
8643,서울,2005-05-07,한,암,,53,윤치운,방형린,438
8644,서울,2005-05-07,한,거,,57,신우철,신항식,450
8645,서울,2005-05-07,한,수,,56,지용철,강성보,456
8646,서울,2005-05-07,한,수,,54,김택수,박장수,402
8647,서울,2005-05-07,한,수,,54,김점오,박남성,459
8648,서울,2005-05-07,한,수,,56,서범석,신준수,448
8649,서울,2005-05-07,뉴,수,,53,서정하,은희만,432
8650,서울,2005-05-07,한,수,,54,박덕준,허헌회,446
8651,서울,2005-05-07,한,암,,50,김양선,김종철,435
8652,서울,2005-05-07,한,수,,54,안해양,윤영기,476
8653,서울,2005-05-07,한,수,,54,이용준,김종욱,459
8654,서울,2005-05-07,한,수,,56,김점오,유순목,463
8655,서울,2005-05-07,한,수,,54,김택수,권오학,427
8656,서울,2005-05-07,한,암,,54,이왕언,이영서,475
8657,서울,2005-05-07,한,암,,54,박흥진,송용식,401
8658,서울,2005-05-07,한,암,,50,박진호,김우창,459
8659,서울,2005-05-07,한,암,,52,김학수,조규학,417
8660,서울,2005-05-07,한,암,,54,김일성,일진코스메틱,481
8661,서울,2005-05-07,미,암,,53,김재복,전기섭,473
8662,서울,2005-05-07,한,암,,53,지용훈,이민문,435
8663,서울,2005-05-07,일,암,,50,김순근,최상경,443
8664,서울,2005-05-07,한,암,,53,김양선,서운석,445
8665,서울,2005-05-07,한,암,,53,박대흥,최춘섭,445
8666,서울,2005-05-07,한,암,,54,이용준,신영식,460
8667,서울,2005-05-07,한,암,,52,고옥봉,이태인,437
8668,서울,2005-05-07,한,암,,52,이용준,임기준,445
8669,서울,2005-05-07,한,암,,53,양재철,임관호,519
8670,서울,2005-05-07,한,암,,53,강승영,신상길,434
8671,서울,2005-05-07,한,암,,51,박천서,김우창,413
8672,서울,2005-05-07,한,암,,54,김일성,류근상,450
8673,서울,2005-05-07,한,암,,51,윤치운,한광세,451
8674,서울,2005-05-07,한,암,,51.5,정지은,노환영,416
8675,서울,2005-05-07,한,암,,52,김충근,정화섭,450
8676,서울,2005-05-07,한,암,,51,강명준,김광영,405
8677,서울,2005-05-07,한,암,,48,임형규,김영수,421
8678,서울,2005-05-07,한,암,,51.5,지용훈,이문철,468
8679,서울,2005-05-07,한,암,,54.5,곽영효,강용식,462
8680,서울,2005-05-07,한,암,,54,이종구,이영웅,425
8681,서울,2005-05-07,한,암,,51,강명준,변영남,458
8682,서울,2005-05-07,한,암,,54,임봉춘,정규상,456
8683,서울,2005-05-07,한,암,,54,박희철,장석린외1인(신치구),435
8684,서울,2005-05-07,한,암,,55,김대근,노병석,426
8685,서울,2005-05-07,한,암,,53,고옥봉,김각경,429
8686,서울,2005-05-07,한,암,,51,고옥봉,박요선,437
8687,서울,2005-05-07,한,암,,51,고옥봉,오일랑,392
8688,서울,2005-05-07,한,암,,53,박흥진,제주축협,470
8689,서울,2005-05-07,한,암,,53,박원덕,이정원,452
8690,서울,2005-05-07,뉴,암,,54,박원덕,이일구,423
8691,서울,2005-05-07,한,암,,51,임봉춘,윤일균,434
8692,서울,2005-05-07,한,암,,51,임봉춘,김대권,453
8693,서울,2005-05-07,미,거,,52.5,박대흥,김용정,497
8694,서울,2005-05-07,한,거,,56,박원덕,박정웅,432
8695,서울,2005-05-07,한,거,,58,임형규,박정록,424
8696,서울,2005-05-07,한,암,,53,정지은,이부용,433
8697,서울,2005-05-07,한,암,,51,유재길,허병하,422
8698,서울,2005-05-07,한,암,,54,박종곤,박재범,453
8699,서울,2005-05-07,한,암,,51,이종구,김기영,448
8700,서울,2005-05-07,일,암,,54.5,이왕언,신건호,438
8701,서울,2005-05-07,한,암,,52,고옥봉,이기선,461
8702,서울,2005-05-07,뉴,거,,50,김학수,박흥길,462
8703,서울,2005-05-07,뉴,거,,53,이종구,박정록,470
8704,서울,2005-05-07,미,거,,54,이종구,정진태,487
8705,서울,2005-05-07,한,거,,53,강명준,이광수a,464
8706,서울,2005-05-07,한,거,,52,이광복,이필승,438
8707,서울,2005-05-08,미,암,,52,정지은,청호컴넷(주),0
8708,서울,2005-05-08,한,수,,57,지용철,황의영,473
8709,서울,2005-05-08,미,수,,54,지용훈,조용학,497
8710,서울,2005-05-08,한,거,,50,고옥봉,전좌식,479
8711,서울,2005-05-08,한,거,,56,신우철,김우식,495
8712,서울,2005-05-08,한,암,,55,하재흥,이수홍,446
8713,서울,2005-05-08,한,수,,56,이희영,정규상,424
8714,서울,2005-05-08,한,수,,54,양재철,김종화,500
8715,서울,2005-05-08,한,수,,54,박희철,조병해,458
8716,서울,2005-05-08,한,수,,54,하재흥,이유환,536
8717,서울,2005-05-08,한,암,,57,곽영효,양수화,452
8718,서울,2005-05-08,한,암,,53,박덕준,김영철,443
8719,서울,2005-05-08,한,암,,52,양재철,김기성,408
8720,서울,2005-05-08,한,암,,53,이왕언,이영서,440
8721,서울,2005-05-08,한,암,,54,윤치운,오금자,430
8722,서울,2005-05-08,미,암,,50,김일성,일진코스메틱,471
8723,서울,2005-05-08,한,암,,54,박천서,천병득,435
8724,서울,2005-05-08,한,암,,53,김명국,김진철,430
8725,서울,2005-05-08,한,암,,53,하재흥,김문환a,462
8726,서울,2005-05-08,한,암,,54,박희철,경규환,454
8727,서울,2005-05-08,한,암,,55,김순근,맹원재,450
8728,서울,2005-05-08,한,암,,52,유재길,박용훈,425
8729,서울,2005-05-08,한,암,,51,임형규,황수웅,480
8730,서울,2005-05-08,한,암,,54,이종구,박정록,480
8731,서울,2005-05-08,뉴,암,,53,서범석,문금주,451
8732,서울,2005-05-08,한,암,,54,김춘근,월곡목장영농조합,432
8733,서울,2005-05-08,한,암,,51,김문갑,어울림네트웍스,476
8734,서울,2005-05-08,미,암,,50,김순근,원흥순,453
8735,서울,2005-05-08,한,암,,53,이인호,서익수,423
8736,서울,2005-05-08,한,암,,51,신우철,권영탁,469
8737,서울,2005-05-08,한,암,,51,곽영효,강대기,444
8738,서울,2005-05-08,한,암,,51,지용훈,김연호,480
8739,서울,2005-05-08,한,암,,55,지용철,김우창,421
8740,서울,2005-05-08,미,암,,56,김윤섭,심상춘,495
8741,서울,2005-05-08,한,암,,53,이희영,이상용,413
8742,서울,2005-05-08,호,암,,54,지용철,이근우,441
8743,서울,2005-05-08,한,암,,50,이희영,박환창,439
8744,서울,2005-05-08,한,암,,56,김양선,김종철,457
8745,서울,2005-05-08,한,암,,54,이왕언,이영서,435
8746,서울,2005-05-08,한,암,,51,강윤식,박승만,470
8747,서울,2005-05-08,한,암,,52,고옥봉,박성구,464
8748,서울,2005-05-08,한,암,,54,김윤섭,박정열,425
8749,서울,2005-05-08,한,암,,53,이인호,신성철,492
8750,서울,2005-05-08,뉴,암,,54,서범석,문금주,457
8751,서울,2005-05-08,한,암,,51,곽영효,강용식,488
8752,서울,2005-05-08,호,암,,53,최상식,장재형,398
8753,서울,2005-05-08,한,암,,51,유재길,박종률,438
8754,서울,2005-05-08,한,암,,54,강윤식,지성한,453
8755,서울,2005-05-08,한,암,,53,김문갑,김성두,470
8756,서울,2005-05-08,한,암,,55,박원덕,이종석,471
8757,서울,2005-05-08,미,암,,52,김택수,정영채,453
8758,서울,2005-05-08,한,암,,53,김점오,유근수,435
8759,서울,2005-05-08,한,암,,50,이희영,곽영필,422
8760,서울,2005-05-08,한,암,,53,박덕준,나정웅,408
8761,서울,2005-05-08,미,거,,53,김문갑,박흥길,488
8762,서울,2005-05-08,한,거,,52,박천서,천병득,455
8763,서울,2005-05-08,미,암,,51,하재흥,이중연,439
8764,서울,2005-05-08,한,암,,53,박종곤,이충구,429
8765,서울,2005-05-08,한,거,,51,임형규,정수남,402
8766,서울,2005-05-08,한,거,,54,이용준,김명식,433
8767,서울,2005-05-08,뉴,거,,55,박덕준,백운창,476
8768,서울,2005-05-08,한,암,,53,최혜식,배석두,431
8769,서울,2005-05-08,한,거,,53,김순근,월곡목장영농조합,414
8770,서울,2005-05-08,한,거,,56,김대근,김정규,484
8771,서울,2005-05-08,한,거,,54,박대흥,정일권,437
8772,서울,2005-05-08,한,거,,57,김문갑,박성구,450
8773,서울,2005-05-08,한,거,,54,박종곤,김정배,438
8774,서울,2005-05-08,한,수,,53,김학수,정이남,438
8775,서울,2005-05-08,한,거,,56,최영주,신항철,454
8776,서울,2005-05-08,한,거,,57,임형규,최동천,470
8777,서울,2005-05-08,한,거,,54,박원덕,이효선,468
8778,서울,2005-05-08,한,거,,51,임봉춘,김대권,486
8779,서울,2005-05-08,한,거,,56,김윤섭,진교원,462
8780,서울,2005-05-08,한,거,,56,박희철,월곡목장영농조합,472
8781,서울,2005-05-08,한,수,,56,강명준,이광수a,460
8782,서울,2005-05-08,한,수,,54,박대흥,김희라,474
8783,서울,2005-05-08,한,수,,54,강명준,이광수a,433
8784,서울,2005-05-08,호,수,,57,김학수,박환창,484
8785,서울,2005-05-08,한,수,,52,이왕언,김방철,493
8786,서울,2005-05-08,한,수,,55,곽영효,권광세,462
8787,서울,2005-05-08,한,수,,55,김병용,김명자,483
8788,서울,2005-05-08,한,수,,52,박희철,조병해,439
8789,서울,2005-05-08,한,수,,56,강승영,권영원,449
8790,서울,2005-05-08,한,수,,58,지용훈,이선호,494
8791,서울,2005-05-08,한,수,,56,김택수,김양호,479
8792,서울,2005-05-08,한,수,,54,강승영,오호극,407
8793,서울,2005-05-08,한,수,,57,김충근,이광수,432
8794,서울,2005-05-08,한,수,,52,이종구,이영웅,462
8795,서울,2005-05-08,한,수,,58,박희철,장석린외1인(신치구),462
8796,서울,2005-05-08,한,수,,58,하재흥,이유환,456
8797,서울,2005-05-08,한,수,,58,최영주,최상태,455
8798,서울,2005-05-08,한,수,,56,김병용,양재열,465
8799,서울,2005-05-08,한,수,,56,이인호,서익수,472
8800,서울,2005-05-08,한,수,,54,윤치운,윤문수,477
8801,서울,2005-05-08,한,수,,53,김점오,김덕환,473
8802,서울,2005-05-08,한,수,,54,안해양,김휘남,469
8803,서울,2005-05-08,한,수,,53,정지은,에쓰푸드홀딩스(주),436
8804,서울,2005-05-08,한,수,,58,이광복,대일화학,519
8805,서울,2005-05-08,한,수,,54,강명준,이광수a,461
8806,서울,2005-05-08,한,암,,53,박원덕,이종석,436
8807,서울,2005-05-08,호,암,,53,윤치운,민영길,459
8808,서울,2005-05-08,한,암,,53,김재복,박희주,446
8809,서울,2005-05-08,호,암,,53,김점오,박준구,395
8810,서울,2005-05-08,미,수,,55,지용철,곽태훈,432
8811,서울,2005-05-08,한,수,,54,박희철,진재순,481
8812,서울,2005-05-14,한,수,,54,유재길,진교원,446
8813,서울,2005-05-14,한,수,,52,곽영효,양수화,449
8814,서울,2005-05-14,한,수,,51,임봉춘,박태훈,435
8815,서울,2005-05-14,한,수,,53,하재흥,신동열,454
8816,서울,2005-05-14,한,수,,54,김명국,이태식,503
8817,서울,2005-05-14,한,수,,54,강승영,한선호,420
8818,서울,2005-05-14,한,수,,55,이왕언,최창걸,500
8819,서울,2005-05-14,한,수,,57,김윤섭,김채겸,492
8820,서울,2005-05-14,한,수,,51,신우철,안영환,445
8821,서울,2005-05-14,한,수,,54,김문갑,김서운,436
8822,서울,2005-05-14,미,수,,55,이왕언,신건호,507
8823,서울,2005-05-14,한,수,,54,박덕준,장수영,433
8824,서울,2005-05-14,한,수,,52,임형규,이기선,0
8825,서울,2005-05-14,한,암,,50,양재철,한광희,407
8826,서울,2005-05-14,한,암,,53,신우철,김병현,458
8827,서울,2005-05-14,일,수,,59.5,박희철,유정희,479
8828,서울,2005-05-14,한,수,,54,김일성,일진코스메틱,465
8829,서울,2005-05-14,한,수,,56,김순근,제주축산개발,455
8830,서울,2005-05-14,한,암,,51,김명국,오호극,395
8831,서울,2005-05-14,한,거,,57,이인호,변웅전,435
8832,서울,2005-05-14,한,거,,53,최영주,신영균,443
8833,서울,2005-05-14,한,거,,52,김점오,박환창,474
8834,서울,2005-05-14,호,거,,53,박천서,천병득,443
8835,서울,2005-05-14,미,거,,54,김춘근,김한영,506
8836,서울,2005-05-14,한,거,,53,김명국,이재효,421
8837,서울,2005-05-14,한,거,,52,유재길,월곡목장영농조합,422
8838,서울,2005-05-14,한,거,,54,박대흥,최애식,474
8839,서울,2005-05-14,한,거,,52,박천서,임영일,438
8840,서울,2005-05-14,영,거,,53,김윤섭,김채겸,459
8841,서울,2005-05-14,일,거,,51,김명국,월곡목장영농조합,457
8842,서울,2005-05-14,미,거,,51,김순근,청호컴넷(주),0
8843,서울,2005-05-14,한,거,,55,강명준,양길순,463
8844,서울,2005-05-14,뉴,거,,51,정지은,청호컴넷(주),511
8845,서울,2005-05-14,한,거,,54.5,고옥봉,전좌식,503
8846,서울,2005-05-14,한,거,,54,박대흥,강충모,476
8847,서울,2005-05-14,한,거,,51,신우철,이재진,463
8848,서울,2005-05-14,한,수,,55,지용훈,이민문,486
8849,서울,2005-05-14,한,수,,52,지용철,이수길,407
8850,서울,2005-05-14,한,수,,54,김일성,강태은,491
8851,서울,2005-05-14,한,수,,55,지용철,강성보,476
8852,서울,2005-05-14,일,수,,54,박진호,함운일,422
8853,서울,2005-05-14,한,수,,51,김택수,허영희,441
8854,서울,2005-05-14,미,수,,55.5,지용훈,이선호,477
8855,서울,2005-05-14,한,수,,56,김점오,박영철,486
8856,서울,2005-05-14,한,수,,55,하재흥,신동열,478
8857,서울,2005-05-14,한,수,,56,신우철,선우패션,481
8858,서울,2005-05-14,한,수,,54,강승영,강남환,409
8859,서울,2005-05-14,한,수,,56,김학수,김정근,445
8860,서울,2005-05-14,한,암,,53,강윤식,박동규,469
8861,서울,2005-05-14,한,암,,51,김충근,이광수,447
8862,서울,2005-05-14,한,암,,52,고옥봉,장홍주,490
8863,서울,2005-05-14,일,암,,53,김춘근,신준희,441
8864,서울,2005-05-14,한,암,,53,김병용,송근철,434
8865,서울,2005-05-14,한,암,,50,임봉춘,박태훈,437
8866,서울,2005-05-14,한,암,,50,이광복,장춘희,424
8867,서울,2005-05-14,한,암,,53,유재길,허병하,440
8868,서울,2005-05-14,미,암,,53,이종구,정진태,418
8869,서울,2005-05-14,미,암,,53,서범석,문금주,513
8870,서울,2005-05-14,한,암,,54,김재복,전기섭,468
8871,서울,2005-05-14,한,암,,54,강명준,김광영,416
8872,서울,2005-05-14,한,암,,53,이희영,박환창,412
8873,서울,2005-05-14,미,암,,53,양재철,이석태,437
8874,서울,2005-05-14,한,암,,51,박천서,천병득,462
8875,서울,2005-05-14,미,암,,54,박윤규,이수홍,454
8876,서울,2005-05-14,한,암,,54,이희영,김연호,424
8877,서울,2005-05-14,한,암,,53,박원덕,이효선,434
8878,서울,2005-05-14,한,암,,50,김순근,김순주,430
8879,서울,2005-05-14,한,암,,52,지용철,이수길,436
8880,서울,2005-05-14,한,암,,54,김명국,김진철,446
8881,서울,2005-05-14,한,암,,54,최혜식,은희만,440
8882,서울,2005-05-14,한,암,,49,임봉춘,권태우,447
8883,서울,2005-05-14,한,암,,54,안해양,김완배,395
8884,서울,2005-05-14,한,암,,53,고옥봉,이기선,482
8885,서울,2005-05-14,한,암,,53,최상식,신홍균,419
8886,서울,2005-05-14,한,암,,53,박흥진,장경환,456
8887,서울,2005-05-14,한,암,,50,강윤식,이영숙,416
8888,서울,2005-05-14,한,암,,53,이희영,이상용,439
8889,서울,2005-05-14,한,암,,54,김문갑,박흥길,416
8890,서울,2005-05-14,한,암,,55,김순근,권영술,422
8891,서울,2005-05-14,한,암,,53,이종구,백종헌,461
8892,서울,2005-05-14,한,암,,49,신우철,김현래,403
8893,서울,2005-05-14,한,암,,55,박윤규,권오학,456
8894,서울,2005-05-14,미,거,,52,김택수,박장수,471
8895,서울,2005-05-14,한,암,,55,김문갑,이수빈,453
8896,서울,2005-05-14,한,암,,51,정지은,홍범기,445
8897,서울,2005-05-14,한,암,,53,김윤섭,김준일,415
8898,서울,2005-05-14,한,암,,53,김윤섭,윤세영,459
8899,서울,2005-05-14,뉴,거,,53,김재복,정이남,439
8900,서울,2005-05-14,한,거,,53.5,김일성,강태은,485
8901,서울,2005-05-14,뉴,거,,55,박덕준,나정웅,476
8902,서울,2005-05-14,한,수,,54,임형규,서상주,450
8903,서울,2005-05-14,뉴,거,,55,최혜식,박태훈,467
8904,서울,2005-05-14,호,수,,53,박대흥,남승현,527
8905,서울,2005-05-14,한,수,,54,안해양,김휘남,519
8906,서울,2005-05-14,한,수,,53,하재흥,김영수,427
8907,서울,2005-05-14,한,암,,54,최영주,김노식,482
8908,서울,2005-05-14,뉴,거,,50,강승영,이강수,429
8909,서울,2005-05-14,한,거,,51,김학수,정이남,386
8910,서울,2005-05-14,한,암,,53,이인호,이종원,456
8911,서울,2005-05-14,한,암,,52,김재복,조병해,488
8912,서울,2005-05-14,한,암,,50,강윤식,인원식,440
8913,서울,2005-05-14,한,암,,53,정지은,이부용,447
8914,서울,2005-05-14,한,암,,53,강명준,이광수a,502
8915,서울,2005-05-14,한,암,,53,최혜식,이종원,431
8916,서울,2005-05-14,한,암,,53,박덕준,최원곤,460
8917,서울,2005-05-14,한,암,,55,이왕언,최창걸,461
8918,서울,2005-05-14,한,암,,52,김학수,김완배,447
8919,서울,2005-05-14,한,암,,53,김점오,박종호,467
8920,서울,2005-05-14,한,암,,51,김재복,김병묵,475
8921,서울,2005-05-14,한,암,,53.5,이광복,최관식,498
8922,서울,2005-05-14,미,암,,51,김재복,전기섭,461
8923,서울,2005-05-14,한,암,,51,임봉춘,박종률,444
8924,서울,2005-05-14,한,암,,54,김윤섭,심상춘,449
8925,서울,2005-05-14,한,암,,54,최영주,변영남,525
8926,서울,2005-05-14,한,암,,52,김재복,우동희,495
8927,서울,2005-05-15,일,암,,53,이인호,민영길,465
8928,서울,2005-05-15,일,암,,53,서범석,문금주,494
8929,서울,2005-05-15,미,암,,55,박원덕,방승부,426
8930,서울,2005-05-15,일,암,,53,김점오,유근수,474
8931,서울,2005-05-15,한,암,,53,황의성,조병용,450
8932,서울,2005-05-15,한,암,,53,김양선,이항진,403
8933,서울,2005-05-15,한,암,,53,김일성,일진코스메틱,444
8934,서울,2005-05-15,한,거,,53,김순근,권영술,435
8935,서울,2005-05-15,뉴,거,,53,김재복,양길순,437
8936,서울,2005-05-15,한,거,,54,박대흥,최애식,431
8937,서울,2005-05-15,미,거,,51,박윤규,신길우,427
8938,서울,2005-05-15,한,암,,54,정지은,월곡목장영농조합,450
8939,서울,2005-05-15,한,암,,54,김윤섭,심상춘,451
8940,서울,2005-05-15,한,암,,48,김양선,차영희,467
8941,서울,2005-05-15,한,거,,55,박대흥,지대섭,423
8942,서울,2005-05-15,한,수,,54,김윤섭,김준일,457
8943,서울,2005-05-15,한,수,,52,박희철,오경의,454
8944,서울,2005-05-15,한,암,,51,임봉춘,이주형,461
8945,서울,2005-05-15,한,거,,53,박대흥,남승현,497
8946,서울,2005-05-15,한,수,,54,김순근,이재만,438
8947,서울,2005-05-15,한,수,,53,최영주,김광영,433
8948,서울,2005-05-15,미,암,,51,김양선,방승부,468
8949,서울,2005-05-15,한,암,,50,서범석,장철환,455
8950,서울,2005-05-15,한,거,,57,이희영,이주형,456
8951,서울,2005-05-15,한,거,,57,하재흥,이용대,498
8952,서울,2005-05-15,미,암,,51,최혜식,우두헌,445
8953,서울,2005-05-15,미,암,,54,이종구,정진태,387
8954,서울,2005-05-15,한,암,,55,박덕준,서승린,397
8955,서울,2005-05-15,한,암,,52,박윤규,장석린외1인(신치구),434
8956,서울,2005-05-15,뉴,암,,54,서범석,문금주,435
8957,서울,2005-05-15,한,암,,50,강윤식,지성한,473
8958,서울,2005-05-15,한,암,,52,박종곤,곽영진,378
8959,서울,2005-05-15,한,암,,53,김양선,전기섭,463
8960,서울,2005-05-15,한,암,,54,이왕언,신건호,459
8961,서울,2005-05-15,한,암,,53,강승영,권영원,424
8962,서울,2005-05-15,한,암,,53,박흥진,김도윤,420
8963,서울,2005-05-15,한,암,,52,임봉춘,박상선,441
8964,서울,2005-05-15,한,암,,51,이왕언,범양해운,516
8965,서울,2005-05-15,한,수,,51,김점오,박준구,453
8966,서울,2005-05-15,한,암,,52,박천서,천병득,479
8967,서울,2005-05-15,미,암,,55,한일영,대한사료,492
8968,서울,2005-05-15,한,암,,53,김대근,노병석,425
8969,서울,2005-05-15,한,암,,54,박희철,조원희,448
8970,서울,2005-05-15,한,암,,53,이용준,안영환,448
8971,서울,2005-05-15,미,암,,52,김재복,김한영,471
8972,서울,2005-05-15,한,수,,54,안해양,김진호,462
8973,서울,2005-05-15,한,수,,54,최영주,반승일,430
8974,서울,2005-05-15,한,수,,51,지용훈,이선호,453
8975,서울,2005-05-15,한,수,,54,윤치운,이기인,443
8976,서울,2005-05-15,한,수,,50,양재철,임관호,483
8977,서울,2005-05-15,한,수,,54,이희영,오호극,462
8978,서울,2005-05-15,한,수,,56,지용훈,남기태,461
8979,서울,2005-05-15,한,수,,53,김윤섭,한광세,467
8980,서울,2005-05-15,한,수,,51,박진호,정동진,468
8981,서울,2005-05-15,한,암,,53,이왕언,서민석,413
8982,서울,2005-05-15,한,수,,54,최혜식,조진환,454
8983,서울,2005-05-15,한,수,,56,윤치운,유영주,490
8984,서울,2005-05-15,한,수,,52,박종곤,링크폴로,475
8985,서울,2005-05-15,한,수,,54,박진호,정동진,502
8986,서울,2005-05-15,한,암,,55,박윤규,김주학,437
8987,서울,2005-05-15,미,거,,53,정지은,권광세,465
8988,서울,2005-05-15,뉴,거,,51,박덕준,김영철,451
8989,서울,2005-05-15,한,거,,56,하재흥,김영수,453
8990,서울,2005-05-15,한,거,,54,박흥진,최효순,454
8991,서울,2005-05-15,한,거,,54,김점오,김창희,441
8992,서울,2005-05-15,한,거,,52,박대흥,남승현,465
8993,서울,2005-05-15,한,거,,56,이희영,김용상,470
8994,서울,2005-05-15,한,거,,54,김대근,노병석,402
8995,서울,2005-05-15,일,거,,56,하재흥,김웅세,443
8996,서울,2005-05-15,미,거,,51,김점오,김덕환,458
8997,서울,2005-05-15,미,거,,53,양재철,박현종,475
8998,서울,2005-05-15,한,거,,54,김일성,일진코스메틱,480
8999,서울,2005-05-15,한,거,,54,이희영,정규상,426
9000,서울,2005-05-15,한,거,,54,양재철,윤임구,406
9001,서울,2005-05-15,한,수,,52,하재흥,김경민,490
9002,서울,2005-05-15,한,수,,54,임봉춘,이주형,424
9003,서울,2005-05-15,한,수,,54,박윤규,김신태,497
9004,서울,2005-05-15,한,수,,54,박원덕,안덕기,465
9005,서울,2005-05-15,한,수,,52,지용철,이수길,500
9006,서울,2005-05-15,한,수,,54,강승영,강남환,0
9007,서울,2005-05-15,한,수,,57,이인호,오만준,485
9008,서울,2005-05-15,한,수,,51,정지은,청호컴넷(주),464
9009,서울,2005-05-15,한,수,,54,박덕준,허헌회,496
9010,서울,2005-05-15,한,수,,54,박진호,이재원,473
9011,서울,2005-05-15,한,수,,53,최상식,조동식,551
9012,서울,2005-05-15,한,수,,51,최상식,장재형,446
9013,서울,2005-05-15,한,수,,51,임봉춘,박종률,465
9014,서울,2005-05-15,한,수,,54,김병용,정몽규,460
9015,서울,2005-05-15,미,수,,54,양재철,김종화,439
9016,서울,2005-05-15,한,수,,56,윤치운,민영길,472
9017,서울,2005-05-15,한,수,,53,이용준,김명식,497
9018,서울,2005-05-15,한,수,,54,김일성,임상윤,464
9019,서울,2005-05-15,한,수,,54,곽영효,강용식,437
9020,서울,2005-05-15,한,암,,52,지용훈,이선호,469
9021,서울,2005-05-15,한,암,,53,서범석,신준수,497
9022,서울,2005-05-15,한,암,,52,고옥봉,정병조,466
9023,서울,2005-05-15,한,암,,51,김재복,조규학,400
9024,서울,2005-05-15,한,암,,53,김대근,김정규,430
9025,서울,2005-05-15,미,암,,54,박대흥,정일권,454
9026,서울,2005-05-15,일,암,,53,김춘근,남웅종,452
9027,서울,2005-05-15,한,암,,52,이왕언,박상선,423
9028,서울,2005-05-15,한,암,,53,박희철,김창희,455
9029,서울,2005-05-15,한,암,,54,김병용,박흥길,446
9030,서울,2005-05-15,한,암,,52,김재복,조규학,388
9031,서울,2005-05-15,한,암,,52,서범석,송숙자,443
9032,서울,2005-05-15,한,암,,52,김재복,홍성운,420
9033,서울,2005-05-15,한,암,,52,최상식,장현종,445
9034,서울,2005-05-15,한,암,,55,이용준,김우창,447
9035,서울,2005-05-15,한,암,,49,강윤식,박승만,426
9036,서울,2005-05-21,인,암,,53,김춘근,신준희,498
9037,서울,2005-05-21,미,암,,55,황의성,윤일균,464
9038,서울,2005-05-21,한,암,,54,김점오,박종호,508
9039,서울,2005-05-21,한,암,,53,유재길,박용훈,441
9040,서울,2005-05-21,뉴,암,,55,김춘근,신준희,446
9041,서울,2005-05-21,한,암,,51,최영주,권영원,442
9042,서울,2005-05-21,한,암,,53,최상식,조동식,423
9043,서울,2005-05-21,한,암,,52,윤치운,남귀현,445
9044,서울,2005-05-21,호,암,,57,정지은,권광세,475
9045,서울,2005-05-21,한,암,,51,김재복,전기섭,414
9046,서울,2005-05-21,한,암,,53,유재길,조병해,441
9047,서울,2005-05-21,한,암,,53,신우철,김우식,435
9048,서울,2005-05-21,한,암,,51.5,유재길,박용훈,474
9049,서울,2005-05-21,미,암,,51,강승영,오호극,429
9050,서울,2005-05-21,한,암,,53,박덕준,나정웅,455
9051,서울,2005-05-21,한,암,,51,정지은,최여경,410
9052,서울,2005-05-21,한,암,,51,지용훈,조용학,449
9053,서울,2005-05-21,뉴,암,,56,서범석,문금주,484
9054,서울,2005-05-21,미,암,,53,김일성,일진코스메틱,462
9055,서울,2005-05-21,한,암,,51,박천서,김충수,463
9056,서울,2005-05-21,한,암,,53,박희철,김경민,463
9057,서울,2005-05-21,미,암,,55,박흥진,유준환,448
9058,서울,2005-05-21,한,암,,54,유재길,박종률,468
9059,서울,2005-05-21,한,암,,54,박희철,김병현,400
9060,서울,2005-05-21,한,암,,53,박원덕,방승부,423
9061,서울,2005-05-21,미,암,,54,하재흥,이중연,432
9062,서울,2005-05-21,한,암,,52,박희철,경규환,433
9063,서울,2005-05-21,한,수,,53.5,김일성,조승민,452
9064,서울,2005-05-21,일,암,,54,최영주,장석린외1인(신치구),461
9065,서울,2005-05-21,한,암,,54,김춘근,남웅종,457
9066,서울,2005-05-21,한,암,,53,서정하,구자선,466
9067,서울,2005-05-21,미,암,,53,김문갑,김서운,463
9068,서울,2005-05-21,한,암,,54,김춘근,남웅종,480
9069,서울,2005-05-21,한,암,,54,박대흥,남승현,416
9070,서울,2005-05-21,한,암,,53,김점오,박영철,458
9071,서울,2005-05-21,한,암,,50,박희철,김완배,431
9072,서울,2005-05-21,한,암,,53,박희철,조원희,439
9073,서울,2005-05-21,한,암,,52,김재복,박재율,449
9074,서울,2005-05-21,한,암,,52,하재흥,김영수,446
9075,서울,2005-05-21,한,암,,53,강명준,김광영,440
9076,서울,2005-05-21,한,암,,53,김순근,맹원재,439
9077,서울,2005-05-21,미,거,,60,강승영,이승택,489
9078,서울,2005-05-21,한,거,,56,김명국,김진철,471
9079,서울,2005-05-21,뉴,거,,57,지용철,구필모,490
9080,서울,2005-05-21,한,수,,54,지용훈,조용학,472
9081,서울,2005-05-21,한,수,,54,신우철,김현래,495
9082,서울,2005-05-21,한,거,,58,최영주,장석린외1인(신치구),485
9083,서울,2005-05-21,한,암,,51,정지은,최여경,473
9084,서울,2005-05-21,한,수,,53,박덕준,백운창,476
9085,서울,2005-05-21,한,수,,54,곽영효,이종무,495
9086,서울,2005-05-21,한,수,,56,한일영,심재식,423
9087,서울,2005-05-21,한,수,,54,지용철,강성보,511
9088,서울,2005-05-21,한,수,,54,박천서,박엽래,473
9089,서울,2005-05-21,한,수,,53,김순근,제주축산개발,404
9090,서울,2005-05-21,호,수,,55,최혜식,이종원,485
9091,서울,2005-05-21,한,수,,52,김택수,김양호,491
9092,서울,2005-05-21,뉴,수,,58,김순근,김상태,482
9093,서울,2005-05-21,한,수,,54,지용철,황의영,448
9094,서울,2005-05-21,한,수,,54,강윤식,권익현,438
9095,서울,2005-05-21,한,수,,54,박희철,진재순,483
9096,서울,2005-05-21,한,수,,51,김택수,정영채,473
9097,서울,2005-05-21,미,수,,54,김윤섭,한광세,461
9098,서울,2005-05-21,한,수,,54,임봉춘,지원철,439
9099,서울,2005-05-21,한,수,,54,강명준,김광영,445
9100,서울,2005-05-21,한,암,,52,김대근,한일사료,446
9101,서울,2005-05-21,미,수,,57,김점오,박환창,493
9102,서울,2005-05-21,한,거,,55,임봉춘,이선종,456
9103,서울,2005-05-21,한,거,,54,김윤섭,김연호,458
9104,서울,2005-05-21,미,거,,54,김문갑,이재욱,451
9105,서울,2005-05-21,미,거,,53,김재복,김한영,444
9106,서울,2005-05-21,미,수,,57,하재흥,이종철,493
9107,서울,2005-05-21,한,수,,54,지용훈,김영진,483
9108,서울,2005-05-21,한,수,,53,김재복,박희주,409
9109,서울,2005-05-21,한,수,,51.5,서범석,오상철,507
9110,서울,2005-05-21,한,수,,56,유재길,허병하,437
9111,서울,2005-05-21,한,수,,51,유재길,권영탁,453
9112,서울,2005-05-21,한,수,,53,김문갑,어울림네트웍스,496
9113,서울,2005-05-21,한,수,,51,김일성,강태은,466
9114,서울,2005-05-21,한,수,,52.5,최상식,임우근,488
9115,서울,2005-05-21,미,거,,56,김재복,김종한,506
9116,서울,2005-05-21,호,거,,53,박천서,천병득,522
9117,서울,2005-05-21,한,거,,53,김재복,김한영,464
9118,서울,2005-05-21,한,거,,53,유재길,권영탁,457
9119,서울,2005-05-21,뉴,거,,53,최상식,장재형,445
9120,서울,2005-05-21,뉴,거,,57,하재흥,신동열,455
9121,서울,2005-05-21,미,거,,54,김일성,임상윤,474
9122,서울,2005-05-21,한,거,,51,박흥진,김도윤,462
9123,서울,2005-05-21,한,수,,56,강승영,한선호,422
9124,서울,2005-05-21,미,수,,53,박대흥,남승현,445
9125,서울,2005-05-21,한,거,,57,황의성,이영서,468
9126,서울,2005-05-21,한,거,,56,김대근,최상섭,453
9127,서울,2005-05-21,한,거,,54,박희철,서정훈,483
9128,서울,2005-05-21,한,암,,53,이인호,이영욱,452
9129,서울,2005-05-21,미,암,,57,김택수,김진철,464
9130,서울,2005-05-21,한,암,,54,김양선,홍평우,426
9131,서울,2005-05-21,한,암,,52,지용훈,이민문,436
9132,서울,2005-05-21,한,암,,50,강승영,정기찬,409
9133,서울,2005-05-21,한,암,,53,박대흥,김희라,445
9134,서울,2005-05-21,한,암,,50,신우철,안영환,469
9135,서울,2005-05-21,한,암,,53,박흥진,유준환,471
9136,서울,2005-05-21,한,암,,53,곽영효,조진환,455
9137,서울,2005-05-21,뉴,암,,57,김순근,서운석,469
9138,서울,2005-05-21,한,암,,50,김명국,풀무원건강식품(주),492
9139,서울,2005-05-21,뉴,암,,54,서범석,서순배,443
9140,서울,2005-05-21,한,암,,54,김학수,이긍범,432
9141,서울,2005-05-21,한,거,,56,곽영효,강용식,452
9142,서울,2005-05-21,뉴,거,,53,김명국,이태식,438
9143,서울,2005-05-21,한,거,,54,김명국,이태식,477
9144,서울,2005-05-21,한,거,,52,정지은,박찬준,495
9145,서울,2005-05-21,뉴,거,,56,서범석,박남성,481
9146,서울,2005-05-21,미,거,,55,박윤규,신길우,458
9147,서울,2005-05-22,한,거,,52,박천서,김충수,422
9148,서울,2005-05-22,뉴,거,,52,서범석,임기준,474
9149,서울,2005-05-22,한,거,,56,김명국,김용상,490
9150,서울,2005-05-22,한,암,,52,김점오,김창희,470
9151,서울,2005-05-22,한,암,,53,이종구,최인재,424
9152,서울,2005-05-22,한,암,,53,박윤규,허영희,448
9153,서울,2005-05-22,한,거,,52.5,안해양,김휘남,470
9154,서울,2005-05-22,한,거,,53,황의성,박정열,458
9155,서울,2005-05-22,뉴,거,,51,박진호,명인환,519
9156,서울,2005-05-22,뉴,거,,55,하재흥,이상오,456
9157,서울,2005-05-22,한,거,,52,이용준,김명식,466
9158,서울,2005-05-22,한,거,,55,김대근,유병옥,483
9159,서울,2005-05-22,한,거,,53,김학수,김완배,409
9160,서울,2005-05-22,한,거,,51,이용준,강상우,496
9161,서울,2005-05-22,한,암,,53,양재철,임관호,404
9162,서울,2005-05-22,한,암,,53,최영주,이영욱a,429
9163,서울,2005-05-22,한,암,,50,최상식,박기흥,468
9164,서울,2005-05-22,한,암,,53,김양선,정세능,435
9165,서울,2005-05-22,미,암,,51,김대근,최상섭,439
9166,서울,2005-05-22,한,암,,54,유재길,이동재,459
9167,서울,2005-05-22,미,암,,52.5,박원덕,이효선,451
9168,서울,2005-05-22,한,암,,51,박종곤,방형린,462
9169,서울,2005-05-22,한,암,,48,강윤식,김용상,450
9170,서울,2005-05-22,한,암,,50,지용훈,이문철,446
9171,서울,2005-05-22,한,암,,54,임형규,이기선,407
9172,서울,2005-05-22,한,암,,51,이희영,김진태,447
9173,서울,2005-05-22,한,암,,55,박종곤,곽영진,395
9174,서울,2005-05-22,한,암,,51,김일성,이종복,422
9175,서울,2005-05-22,뉴,암,,53,박원덕,이효선,438
9176,서울,2005-05-22,한,암,,53,양재철,임관호,452
9177,서울,2005-05-22,미,암,,53,김점오,박영철,503
9178,서울,2005-05-22,한,암,,53,김명국,박양호,454
9179,서울,2005-05-22,미,암,,53,김택수,김양호,477
9180,서울,2005-05-22,한,암,,50,이희영,곽영필,483
9181,서울,2005-05-22,한,암,,50,김순근,최상경,401
9182,서울,2005-05-22,한,암,,54,김순근,맹원재,453
9183,서울,2005-05-22,한,암,,53,김순근,김성부,485
9184,서울,2005-05-22,한,암,,51,이광복,유길상,459
9185,서울,2005-05-22,한,암,,54,고옥봉,정병조,433
9186,서울,2005-05-22,한,암,,53,임봉춘,이선종,470
9187,서울,2005-05-22,한,거,,52.5,곽영효,강용식,458
9188,서울,2005-05-22,한,수,,56.5,양재철,장철환,503
9189,서울,2005-05-22,한,수,,56,지용철,안대종,474
9190,서울,2005-05-22,한,거,,53,고옥봉,전좌식,420
9191,서울,2005-05-22,한,암,,53,최혜식,조진환,451
9192,서울,2005-05-22,한,암,,55,윤치운,한광세,495
9193,서울,2005-05-22,한,수,,54.5,하재흥,이수홍,435
9194,서울,2005-05-22,한,수,,54.5,고옥봉,전좌식,454
9195,서울,2005-05-22,한,수,,54,박흥진,이효선,456
9196,서울,2005-05-22,한,수,,58,박희철,장석린외1인(신치구),461
9197,서울,2005-05-22,한,수,,55,양재철,윤임구,472
9198,서울,2005-05-22,한,수,,55,박진호,함운일,456
9199,서울,2005-05-22,한,수,,56,신우철,안영환,443
9200,서울,2005-05-22,한,암,,51,이광복,최건호,448
9201,서울,2005-05-22,한,거,,52,김명국,이태식,487
9202,서울,2005-05-22,한,암,,53,정지은,최여경,432
9203,서울,2005-05-22,한,암,,53,김학수,박재범,420
9204,서울,2005-05-22,한,암,,53,하재흥,이상오,490
9205,서울,2005-05-22,한,암,,53,고옥봉,김각경,431
9206,서울,2005-05-22,한,수,,54,안해양,이상홍,509
9207,서울,2005-05-22,미,수,,51,김점오,박환창,493
9208,서울,2005-05-22,미,수,,54.5,김재복,김한영,495
9209,서울,2005-05-22,일,수,,54,최영주,신항철,474
9210,서울,2005-05-22,한,수,,54.5,강명준,변영남,496
9211,서울,2005-05-22,한,수,,53,윤치운,유영주,440
9212,서울,2005-05-22,한,수,,52,최영주,박요선,456
9213,서울,2005-05-22,한,수,,54,윤치운,유영주,459
9214,서울,2005-05-22,한,수,,54,김충근,이광수,436
9215,서울,2005-05-22,한,수,,56,박덕준,문창완,499
9216,서울,2005-05-22,한,수,,54,이광복,서순배,481
9217,서울,2005-05-22,미,수,,51,이광복,서순배,479
9218,서울,2005-05-22,한,수,,53,박윤규,박상헌,434
9219,서울,2005-05-22,한,수,,54,김춘근,안승찬,477
9220,서울,2005-05-22,한,수,,53,이희영,노승구,449
9221,서울,2005-05-22,한,수,,54,이종구,백종헌,458
9222,서울,2005-05-22,한,수,,53,지용훈,남기태,439
9223,서울,2005-05-22,한,수,,56,김병용,박성환,458
9224,서울,2005-05-22,한,수,,57,이광복,유길상,453
9225,서울,2005-05-22,미,수,,53,박대흥,정일권,486
9226,서울,2005-05-22,미,수,,55,김문갑,어울림네트웍스,497
9227,서울,2005-05-22,한,수,,54,김점오,김창희,454
9228,서울,2005-05-22,한,수,,56,이종구,최수군,450
9229,서울,2005-05-22,한,수,,52,박희철,조원희,464
9230,서울,2005-05-22,한,암,,53,김문갑,정덕용,457
9231,서울,2005-05-22,한,거,,53,고옥봉,이기선,450
9232,서울,2005-05-22,한,수,,53.5,서범석,신준수,459
9233,서울,2005-05-22,한,수,,54,김문갑,이재욱,460
9234,서울,2005-05-22,한,수,,53,하재흥,신동열,510
9235,서울,2005-05-22,한,수,,54,하재흥,조남대,494
9236,서울,2005-05-22,미,수,,57,김문갑,정덕용,489
9237,서울,2005-05-22,한,수,,54,김춘근,이선종,492
9238,서울,2005-05-22,한,수,,54,유재길,진교원,456
9239,서울,2005-05-22,한,수,,54,김양선,구자선,422
9240,서울,2005-05-22,한,수,,52,최상식,장현종,480
9241,서울,2005-05-22,한,수,,52,지용철,곽태훈,488
9242,서울,2005-05-22,한,수,,55,김재복,김종한,508
9243,서울,2005-05-22,한,수,,55,강승영,강남환,486
9244,서울,2005-05-22,한,수,,57,지용철,황의영,467
9245,서울,2005-05-22,한,수,,57,곽영효,이종무,503
9246,서울,2005-05-22,한,수,,54,김윤섭,한광세,507
9247,서울,2005-05-22,한,수,,54.5,유재길,김양호,453
9248,서울,2005-05-22,한,수,,58,김점오,김덕환,455
9249,서울,2005-05-22,한,수,,54,안해양,유수택,508
9250,서울,2005-05-22,한,수,,56,박흥진,이용대,472
9251,서울,2005-05-22,한,수,,56,강명준,김광영,447
9252,서울,2005-05-22,한,암,,53,김윤섭,김연호,475
9253,서울,2005-05-22,미,암,,53,이종구,유수택,450
9254,서울,2005-05-22,한,암,,54,김재복,전기섭,407
9255,서울,2005-05-22,한,암,,53,김윤섭,김채겸,448
9256,서울,2005-05-22,호,암,,53,박대흥,남승현,421
9257,서울,2005-05-22,한,거,,54,박천서,한일사료,443
9258,서울,2005-05-22,한,거,,53,신우철,우근민,499
9259,서울,2005-05-22,한,거,,54,임봉춘,천병득,476
9260,서울,2005-05-22,뉴,거,,52,박천서,박태훈,468
9261,서울,2005-05-22,한,거,,54,김대근,김완배,459
9262,서울,2005-05-22,호,거,,55,박천서,천병득,457
9263,서울,2005-05-22,한,거,,54,박원덕,방승부,428
9264,서울,2005-05-22,미,거,,51,김양선,이항진,439
9265,서울,2005-05-22,한,거,,55,박흥진,김도윤,490
9266,서울,2005-05-22,한,거,,56,박대흥,김용정,504
9267,서울,2005-05-28,한,수,,54,지용철,구필모,486
9268,서울,2005-05-28,한,수,,54,신우철,김덕애,451
9269,서울,2005-05-28,한,수,,56,고옥봉,김용원,417
9270,서울,2005-05-28,한,수,,53,하재흥,이유환,444
9271,서울,2005-05-28,한,수,,54,김택수,정영채,444
9272,서울,2005-05-28,한,수,,55,김문갑,이수빈,467
9273,서울,2005-05-28,한,수,,55,지용철,황의영,459
9274,서울,2005-05-28,한,수,,51,김명국,이재효,422
9275,서울,2005-05-28,한,수,,54,박종곤,박재범,529
9276,서울,2005-05-28,한,수,,51,강윤식,박승만,476
9277,서울,2005-05-28,한,수,,56,지용철,우쾌제,489
9278,서울,2005-05-28,한,수,,55,강승영,오호극,461
9279,서울,2005-05-28,미,수,,56,박희철,오경의,479
9280,서울,2005-05-28,한,수,,54,김병용,박흥길,439
9281,서울,2005-05-28,한,수,,52,강명준,이광수a,448
9282,서울,2005-05-28,한,수,,53,임형규,최동천,472
9283,서울,2005-05-28,한,수,,55,유재길,진교원,464
9284,서울,2005-05-28,한,수,,54,김택수,허영희,425
9285,서울,2005-05-28,일,수,,52,안해양,정일권,527
9286,서울,2005-05-28,한,수,,57,지용훈,이문철,465
9287,서울,2005-05-28,일,수,,56,박진호,명인환,502
9288,서울,2005-05-28,한,수,,55,박흥진,김도윤,498
9289,서울,2005-05-28,한,수,,54,김충근,이광수,504
9290,서울,2005-05-28,한,수,,54,박희철,조원희,448
9291,서울,2005-05-28,한,수,,56,강승영,강남환,452
9292,서울,2005-05-28,한,수,,54,강명준,최효순,432
9293,서울,2005-05-28,한,수,,54,이용준,신영식,404
9294,서울,2005-05-28,한,수,,54,신우철,박용훈,487
9295,서울,2005-05-28,뉴,수,,53,김명국,코스틸,487
9296,서울,2005-05-28,미,수,,56,박원덕,이효선,468
9297,서울,2005-05-28,미,수,,54,김택수,오호극,436
9298,서울,2005-05-28,한,수,,54,이희영,민영길,478
9299,서울,2005-05-28,한,수,,54,박원덕,이정원,488
9300,서울,2005-05-28,미,수,,52,김문갑,이종철,486
9301,서울,2005-05-28,한,수,,55,박원덕,이종석,444
9302,서울,2005-05-28,한,수,,53,박종곤,김진엽,466
9303,서울,2005-05-28,호,수,,53,곽영효,허영희,474
9304,서울,2005-05-28,한,수,,52,박진호,함운일,428
9305,서울,2005-05-28,한,수,,54,김점오,박흥길,522
9306,서울,2005-05-28,한,수,,54,강승영,강남환,458
9307,서울,2005-05-28,일,거,,51,박천서,지원철,473
9308,서울,2005-05-28,뉴,거,,57,최혜식,박상선,460
9309,서울,2005-05-28,한,거,,54,김점오,박환창,471
9310,서울,2005-05-28,미,거,,51,김양선,오해석,488
9311,서울,2005-05-28,한,거,,55,고옥봉,전좌식,476
9312,서울,2005-05-28,한,거,,54,김대근,노병석,500
9313,서울,2005-05-28,미,거,,51,김점오,김덕환,462
9314,서울,2005-05-28,한,거,,54,양재철,윤임구,520
9315,서울,2005-05-28,미,거,,55,김학수,박남성,448
9316,서울,2005-05-28,미,거,,52,강승영,지대섭,453
9317,서울,2005-05-28,뉴,거,,55,임봉춘,서정훈,438
9318,서울,2005-05-28,미,거,,53,김재복,김종한,481
9319,서울,2005-05-28,뉴,거,,53,이광복,서순배,416
9320,서울,2005-05-28,미,거,,56,박원덕,김방철,512
9321,서울,2005-05-28,일,거,,52,김명국,월곡목장영농조합,455
9322,서울,2005-05-28,일,암,,55,이인호,민영길,470
9323,서울,2005-05-28,한,암,,55,이인호,민태구,434
9324,서울,2005-05-28,한,암,,51,윤치운,오상철,423
9325,서울,2005-05-28,한,암,,53,신우철,김덕애,412
9326,서울,2005-05-28,한,거,,54,고옥봉,전좌식,476
9327,서울,2005-05-28,한,거,,56,최영주,신영균,443
9328,서울,2005-05-28,한,거,,54,고옥봉,정병조,490
9329,서울,2005-05-28,미,거,,52,김양선,홍평우,504
9330,서울,2005-05-28,한,거,,56,박흥진,이용대,431
9331,서울,2005-05-28,미,거,,52,김학수,박남성,516
9332,서울,2005-05-28,한,거,,54,이희영,김용상,462
9333,서울,2005-05-28,한,암,,52,김점오,김덕환,458
9334,서울,2005-05-28,한,암,,54,이종구,변영남,507
9335,서울,2005-05-28,한,암,,53,고옥봉,윤해영,420
9336,서울,2005-05-28,한,암,,54,안해양,윤여운,434
9337,서울,2005-05-28,미,암,,55,황의성,조병용,480
9338,서울,2005-05-28,한,암,,53,고옥봉,오일랑,476
9339,서울,2005-05-28,미,암,,51,박윤규,홍기석,442
9340,서울,2005-05-28,한,암,,53,이종구,최인재,420
9341,서울,2005-05-28,한,암,,52,김병용,박흥길,445
9342,서울,2005-05-28,한,암,,54,박덕준,서승린,446
9343,서울,2005-05-28,한,암,,51,임봉춘,이주형,494
9344,서울,2005-05-28,한,암,,51,강명준,변영남,456
9345,서울,2005-05-28,한,암,,54,박대흥,강충모,468
9346,서울,2005-05-28,뉴,암,,53,최상식,장재형,433
9347,서울,2005-05-28,한,암,,53,이인호,신성철,432
9348,서울,2005-05-28,한,암,,53,고옥봉,박요선,484
9349,서울,2005-05-28,한,암,,53,김대근,노병석,458
9350,서울,2005-05-28,한,암,,53,박종곤,박재범,461
9351,서울,2005-05-28,미,암,,54,양재철,이석태,444
9352,서울,2005-05-28,한,암,,48,이광복,이동언,384
9353,서울,2005-05-28,한,암,,51,박종곤,링크폴로,427
9354,서울,2005-05-28,한,암,,49,신우철,김현래,403
9355,서울,2005-05-28,한,암,,52,정지은,이영철,430
9356,서울,2005-05-28,한,암,,51,김학수,김병묵,394
9357,서울,2005-05-28,한,암,,50,박희철,김병현,443
9358,서울,2005-05-28,한,암,,52,지용철,김우창,417
9359,서울,2005-05-28,한,암,,53,이인호,오만준,452
9360,서울,2005-05-28,한,암,,51,이광복,최건호,430
9361,서울,2005-05-28,한,암,,53,이희영,이상용,440
9362,서울,2005-05-28,한,암,,53,곽영효,권광세,444
9363,서울,2005-05-28,뉴,암,,51,김순근,최상경,398
9364,서울,2005-05-28,한,암,,50,김충근,이재호,476
9365,서울,2005-05-28,한,거,,54,박흥진,김도윤,499
9366,서울,2005-05-28,한,암,,56,정지은,노환영,459
9367,서울,2005-05-28,한,암,,53,김대근,김진구,446
9368,서울,2005-05-28,한,암,,54,지용철,이수길,438
9369,서울,2005-05-28,미,거,,51,강윤식,지성한,430
9370,서울,2005-05-28,미,거,,57,김택수,김양호,510
9371,서울,2005-05-28,미,거,,53,박윤규,이수홍,491
9372,서울,2005-05-28,일,수,,61,박희철,유정희,481
9373,서울,2005-05-28,한,수,,54,김일성,이종복,478
9374,서울,2005-05-28,미,수,,57,이용준,임기준,490
9375,서울,2005-05-28,한,암,,52,김학수,조규학,418
9376,서울,2005-05-28,한,거,,52,박덕준,백운창,438
9377,서울,2005-05-28,한,거,,56,박원덕,이정원,429
9378,서울,2005-05-28,한,수,,54,이희영,권태우,542
9379,서울,2005-05-28,한,수,,53,김점오,김덕환,473
9380,서울,2005-05-28,한,수,,56,김점오,박남성,483
9381,서울,2005-05-28,한,수,,51,이종구,최인재,483
9382,서울,2005-05-28,한,수,,54,임봉춘,이선종,495
9383,서울,2005-05-28,한,암,,53,지용훈,조용학,480
9384,서울,2005-05-28,한,암,,51,서범석,오상철,426
9385,서울,2005-05-29,한,암,,53,김병용,송근철,422
9386,서울,2005-05-29,한,암,,55,박원덕,이정원,432
9387,서울,2005-05-29,한,암,,50,서범석,송숙자,458
9388,서울,2005-05-29,한,암,,54,이종구,박정록,495
9389,서울,2005-05-29,한,암,,54,김대근,노병석,390
9390,서울,2005-05-29,뉴,암,,54,서범석,문금주,454
9391,서울,2005-05-29,한,암,,53,박종곤,박재범,444
9392,서울,2005-05-29,한,암,,52,유재길,허병하,416
9393,서울,2005-05-29,한,암,,53,김순근,이영욱,443
9394,서울,2005-05-29,미,암,,51.5,최혜식,은희만,464
9395,서울,2005-05-29,한,암,,53,윤치운,윤문수,502
9396,서울,2005-05-29,한,암,,54,임형규,신동호,428
9397,서울,2005-05-29,한,암,,52,임봉춘,서영석,440
9398,서울,2005-05-29,호,암,,50,강윤식,권익현,420
9399,서울,2005-05-29,한,암,,54,이용준,김진철,448
9400,서울,2005-05-29,한,암,,51,이광복,최건호,421
9401,서울,2005-05-29,한,암,,53,지용훈,남기태,491
9402,서울,2005-05-29,한,암,,54,최상식,장재형,461
9403,서울,2005-05-29,한,암,,54,곽영효,양수화,490
9404,서울,2005-05-29,한,암,,51,임봉춘,권영탁,484
9405,서울,2005-05-29,한,암,,53,김문갑,김성두,427
9406,서울,2005-05-29,한,암,,53,유재길,조병해,391
9407,서울,2005-05-29,한,암,,53,박흥진,김성두,433
9408,서울,2005-05-29,한,암,,54,윤치운,김용원,436
9409,서울,2005-05-29,한,암,,53,하재흥,김문환a,460
9410,서울,2005-05-29,한,암,,55,황의성,최창걸,479
9411,서울,2005-05-29,한,암,,53,박종곤,박재범,469
9412,서울,2005-05-29,한,암,,51,박종곤,김진엽,418
9413,서울,2005-05-29,한,암,,52,정지은,지대섭,477
9414,서울,2005-05-29,한,암,,50,김명국,박양호,438
9415,서울,2005-05-29,한,암,,53,안해양,윤영기,469
9416,서울,2005-05-29,한,암,,52,박천서,정일권,434
9417,서울,2005-05-29,미,암,,53.5,안해양,김휘남,459
9418,서울,2005-05-29,일,암,,50,박진호,박효봉,474
9419,서울,2005-05-29,한,암,,53,박종곤,김진엽,408
9420,서울,2005-05-29,한,암,,50,김학수,김정근,416
9421,서울,2005-05-29,한,암,,53,박희철,김창희,447
9422,서울,2005-05-29,한,암,,53,김춘근,이보원,435
9423,서울,2005-05-29,한,암,,53,안해양,김휘남,475
9424,서울,2005-05-29,한,암,,54,박흥진,최동천,482
9425,서울,2005-05-29,한,암,,53,강명준,양길순,450
9426,서울,2005-05-29,한,암,,54,김일성,이종복,431
9427,서울,2005-05-29,한,암,,55,박흥진,장경환,423
9428,서울,2005-05-29,미,암,,53,이종구,정진태,456
9429,서울,2005-05-29,한,거,,54,이광복,이필승,440
9430,서울,2005-05-29,일,암,,55,박천서,최애식,449
9431,서울,2005-05-29,한,수,,52,박진호,명인환,496
9432,서울,2005-05-29,한,수,,54,서범석,문금주,462
9433,서울,2005-05-29,한,수,,54,신우철,최관식,434
9434,서울,2005-05-29,한,암,,54,김춘근,이보원,443
9435,서울,2005-05-29,한,수,,56,지용철,황의영,433
9436,서울,2005-05-29,한,수,,54,박원덕,안덕기,466
9437,서울,2005-05-29,한,수,,57,강윤식,박동규,476
9438,서울,2005-05-29,한,수,,53.5,최상식,장현종,468
9439,서울,2005-05-29,한,수,,51,박대흥,정일권,470
9440,서울,2005-05-29,한,수,,55,박덕준,이재호,482
9441,서울,2005-05-29,한,수,,57,김양선,구자선,446
9442,서울,2005-05-29,한,암,,54,박희철,장석린외1인(신치구),439
9443,서울,2005-05-29,미,거,,50,지용철,안대종,447
9444,서울,2005-05-29,한,암,,53,박종곤,박재범,448
9445,서울,2005-05-29,한,암,,54,박천서,김우창,422
9446,서울,2005-05-29,일,암,,50,김순근,최상경,471
9447,서울,2005-05-29,한,수,,55,지용철,구필모,480
9448,서울,2005-05-29,한,수,,52,정지은,이부용,470
9449,서울,2005-05-29,한,수,,54,정지은,이경우,464
9450,서울,2005-05-29,한,수,,53,하재흥,이유환,534
9451,서울,2005-05-29,한,수,,53,강승영,권영원,450
9452,서울,2005-05-29,한,수,,56,김춘근,김한영,457
9453,서울,2005-05-29,한,수,,58,김재복,전기섭,432
9454,서울,2005-05-29,한,수,,53,윤치운,김성두,480
9455,서울,2005-05-29,한,수,,57,윤치운,유영주,478
9456,서울,2005-05-29,한,수,,54,김재복,우동희,447
9457,서울,2005-05-29,한,수,,54,김윤섭,심상춘,478
9458,서울,2005-05-29,한,수,,54,이희영,권태우,479
9459,서울,2005-05-29,한,수,,54,신우철,김현래,485
9460,서울,2005-05-29,한,수,,53,신우철,최관식,491
9461,서울,2005-05-29,한,수,,56,곽영효,김기용,474
9462,서울,2005-05-29,한,수,,54,신우철,선우패션,480
9463,서울,2005-05-29,한,수,,54,지용철,이근우,424
9464,서울,2005-05-29,한,수,,53,박진호,표순배,434
9465,서울,2005-05-29,한,수,,57,지용철,강성보,471
9466,서울,2005-05-29,한,수,,51,박대흥,남승현,478
9467,서울,2005-05-29,미,수,,58,박대흥,최애식,498
9468,서울,2005-05-29,한,수,,57,이광복,최건호,444
9469,서울,2005-05-29,한,암,,52,김명국,풀무원건강식품(주),432
9470,서울,2005-05-29,한,수,,56,지용철,강성보,449
9471,서울,2005-05-29,한,거,,56,최영주,신항철,463
9472,서울,2005-05-29,한,수,,54,박희철,김수경,438
9473,서울,2005-05-29,한,수,,54,이인호,김방철,488
9474,서울,2005-05-29,한,수,,54,최혜식,이종원,475
9475,서울,2005-05-29,한,수,,51,정지은,김지훈,463
9476,서울,2005-05-29,한,수,,58,신우철,이수근,468
9477,서울,2005-05-29,미,수,,51,하재흥,이중연,491
9478,서울,2005-05-29,한,수,,52,지용훈,조용학,0
9479,서울,2005-05-29,일,암,,50,박진호,이재원,478
9480,서울,2005-05-29,한,거,,54,임봉춘,박종률,480
9481,서울,2005-05-29,한,거,,57,최상식,장재형,462
9482,서울,2005-05-29,한,거,,51,박대흥,최애식,457
9483,서울,2005-05-29,미,거,,51,박희철,오경의,477
9484,서울,2005-05-29,호,거,,53.5,최혜식,박용훈,517
9485,서울,2005-05-29,아일,거,,56,이인호,오만준,502
9486,서울,2005-05-29,호,거,,51,김춘근,이선종,418
9487,서울,2005-05-29,한,거,,58,지용훈,조용학,454
9488,서울,2005-05-29,인,거,,56,서범석,서순배,525
9489,서울,2005-05-29,한,거,,54,이희영,김용상,441
9490,서울,2005-05-29,호,거,,50,지용훈,조용학,486
9491,서울,2005-05-29,한,거,,54,박대흥,청호컴넷(주),490
9492,서울,2005-05-29,한,거,,51,김명국,월곡목장영농조합,431
9493,서울,2005-05-29,한,거,,56,임봉춘,김대권,478
9494,서울,2005-05-29,한,거,,56,최영주,홍성운,462
9495,서울,2005-05-29,한,거,,54,박천서,박엽래,468
9496,서울,2005-05-29,한,거,,53,김순근,권영술,434
9497,서울,2005-05-29,한,거,,56,박천서,천병득,477
9498,서울,2005-05-29,한,암,,53,이희영,노승구,407
9499,서울,2005-05-29,한,암,,53,김병용,정몽규,442
9500,서울,2005-05-29,한,암,,54,황의성,이영서,468
9501,서울,2005-05-29,한,암,,52,하재흥,김경민,427
9502,서울,2005-05-29,한,암,,52,지용철,김우창,463
9503,서울,2005-05-29,한,암,,49,서정하,변영남,460
9504,서울,2005-05-29,한,암,,48,임봉춘,정규상,444
9505,서울,2005-05-29,한,거,,55,김대근,유병옥,439
9506,서울,2005-05-29,한,거,,57,최영주,박선주,431
9507,서울,2005-05-29,한,거,,53,김순근,월곡목장영농조합,417
9508,서울,2005-05-29,한,거,,56,하재흥,이중연,458
9509,서울,2005-05-29,한,거,,54,이인호,변웅전,436
9510,서울,2005-06-04,한,거,,55,하재흥,김영수,451
9511,서울,2005-06-04,한,거,,52.5,김문갑,박성구,441
9512,서울,2005-06-04,한,거,,54,이용준,김명식,442
9513,서울,2005-06-04,미,거,,52,서정하,김방철,497
9514,서울,2005-06-04,호,암,,54,지용철,이근우,438
9515,서울,2005-06-04,한,암,,53,박진호,김우창,465
9516,서울,2005-06-04,한,암,,51,김명국,오호극,404
9517,서울,2005-06-04,한,암,,48,최영주,이영욱a,439
9518,서울,2005-06-04,한,암,,54,김대근,노병석,427
9519,서울,2005-06-04,한,암,,53,김양선,김종철,412
9520,서울,2005-06-04,한,암,,53,정지은,이부용,438
9521,서울,2005-06-04,한,암,,53,윤치운,오상철,447
9522,서울,2005-06-04,뉴,거,,57,이종구,서정훈,458
9523,서울,2005-06-04,한,거,,54,양재철,박현종,435
9524,서울,2005-06-04,미,거,,51,이종구,정진태,481
9525,서울,2005-06-04,한,수,,51,지용훈,이선호,534
9526,서울,2005-06-04,미,수,,53,하재흥,이종철,497
9527,서울,2005-06-04,한,암,,51,유재길,허병하,486
9528,서울,2005-06-04,일,암,,53,김문갑,정덕용,467
9529,서울,2005-06-04,한,수,,54,최상식,최춘섭,465
9530,서울,2005-06-04,일,거,,52,하재흥,김웅세,440
9531,서울,2005-06-04,뉴,거,,55,박덕준,백운창,473
9532,서울,2005-06-04,한,거,,52,곽영효,전영채,447
9533,서울,2005-06-04,한,암,,54,이희영,김연호,424
9534,서울,2005-06-04,뉴,암,,55,서범석,문금주,445
9535,서울,2005-06-04,미,암,,55,김문갑,김서운,464
9536,서울,2005-06-04,한,암,,50,고옥봉,박요선,438
9537,서울,2005-06-04,한,암,,52.5,고옥봉,박성구,463
9538,서울,2005-06-04,한,암,,51,최상식,장재형,451
9539,서울,2005-06-04,일,암,,52,황의성,신건호,435
9540,서울,2005-06-04,한,암,,53,이인호,서익수,442
9541,서울,2005-06-04,뉴,암,,54,박원덕,이일구,427
9542,서울,2005-06-04,한,암,,51,김재복,박희주,458
9543,서울,2005-06-04,한,암,,51,김점오,박종호,467
9544,서울,2005-06-04,한,암,,52,곽영효,강대기,442
9545,서울,2005-06-04,미,암,,51,강승영,오호극,435
9546,서울,2005-06-04,호,암,,53,윤치운,민영길,457
9547,서울,2005-06-04,한,암,,53,최혜식,이종원,432
9548,서울,2005-06-04,한,암,,53,박원덕,이정원,454
9549,서울,2005-06-04,한,암,,51,임봉춘,윤일균,432
9550,서울,2005-06-04,미,암,,48,김재복,전기섭,473
9551,서울,2005-06-04,뉴,암,,53,서범석,문금주,447
9552,서울,2005-06-04,한,암,,50,김학수,전기섭,446
9553,서울,2005-06-04,한,암,,52,김춘근,이선종,473
9554,서울,2005-06-04,한,암,,53,김양선,김종철,462
9555,서울,2005-06-04,한,암,,52,이종구,이영웅,424
9556,서울,2005-06-04,한,암,,53,김문갑,김성두,469
9557,서울,2005-06-04,뉴,수,,54,서정하,은희만,436
9558,서울,2005-06-04,한,수,,54,김점오,김덕환,463
9559,서울,2005-06-04,한,수,,51,하재흥,신동열,451
9560,서울,2005-06-04,미,수,,48,하재흥,이중연,490
9561,서울,2005-06-04,한,수,,52,강윤식,지성한,448
9562,서울,2005-06-04,한,수,,51,지용훈,이선호,458
9563,서울,2005-06-04,한,수,,54,박덕준,허헌회,461
9564,서울,2005-06-04,한,수,,51,박대흥,남승현,516
9565,서울,2005-06-04,미,수,,56,양재철,임관호,480
9566,서울,2005-06-04,미,암,,55,김택수,조병용,430
9567,서울,2005-06-04,한,수,,52,최영주,박선주,467
9568,서울,2005-06-04,한,수,,53,박흥진,유준환,454
9569,서울,2005-06-04,미,거,,55,박진호,함병만,498
9570,서울,2005-06-04,호,거,,53,박덕준,나정웅,489
9571,서울,2005-06-04,한,거,,52,고옥봉,전좌식,503
9572,서울,2005-06-04,한,거,,53,강명준,이광수a,469
9573,서울,2005-06-04,뉴,거,,56,김재복,양길순,432
9574,서울,2005-06-04,한,거,,53.5,김대근,노병석,500
9575,서울,2005-06-04,한,거,,52,김대근,유병옥,452
9576,서울,2005-06-04,한,거,,53,한일영,심재식,450
9577,서울,2005-06-04,뉴,거,,54,김재복,정이남,452
9578,서울,2005-06-04,미,수,,53,박대흥,남승현,447
9579,서울,2005-06-04,한,수,,54,김대근,최상섭,457
9580,서울,2005-06-04,뉴,수,,52,정지은,김지훈,447
9581,서울,2005-06-04,미,수,,53,지용철,안대종,510
9582,서울,2005-06-04,미,수,,55,지용철,곽태훈,428
9583,서울,2005-06-04,한,수,,54,김택수,박장수,401
9584,서울,2005-06-04,한,수,,56.5,김충근,이광수,481
9585,서울,2005-06-04,뉴,수,,53,김명국,박양호,0
9586,서울,2005-06-04,한,수,,54,강승영,오호극,409
9587,서울,2005-06-04,한,수,,53,유재길,허병하,452
9588,서울,2005-06-04,한,수,,51,김학수,정이남,434
9589,서울,2005-06-04,한,수,,54,박희철,조병해,439
9590,서울,2005-06-04,한,수,,53,안해양,윤여운,479
9591,서울,2005-06-04,미,수,,56,김문갑,어울림네트웍스,481
9592,서울,2005-06-04,한,수,,57,김병용,김명자,480
9593,서울,2005-06-04,한,수,,52,박흥진,김도윤,431
9594,서울,2005-06-04,한,수,,48,고옥봉,김용원,412
9595,서울,2005-06-04,미,수,,53,이희영,노승구,445
9596,서울,2005-06-04,한,수,,57,최영주,권영원,465
9597,서울,2005-06-04,한,수,,56,이인호,서익수,471
9598,서울,2005-06-04,인,수,,51,이광복,임기준,436
9599,서울,2005-06-04,한,수,,54,이종구,서정훈,432
9600,서울,2005-06-04,한,수,,54,김충근,이광수,504
9601,서울,2005-06-04,한,수,,51,강승영,강남환,417
9602,서울,2005-06-04,미,수,,52,김양선,김종철,512
9603,서울,2005-06-04,한,암,,54,김춘근,이연택,446
9604,서울,2005-06-04,한,암,,53,고옥봉,김각경,437
9605,서울,2005-06-04,한,암,,53,서범석,신준수,487
9606,서울,2005-06-04,한,암,,49,이용준,신영식,463
9607,서울,2005-06-04,한,암,,51,임봉춘,박종률,442
9608,서울,2005-06-04,미,암,,50,김일성,김용래,444
9609,서울,2005-06-04,호,암,,53,김점오,박준구,394
9610,서울,2005-06-04,한,암,,51,신우철,박정열,451
9611,서울,2005-06-04,호,암,,53,최상식,장재형,410
9612,서울,2005-06-04,한,암,,53,고옥봉,이태인,447
9613,서울,2005-06-04,미,암,,51,김순근,원흥순,463
9614,서울,2005-06-04,한,암,,53,양재철,한광희,461
9615,서울,2005-06-04,미,암,,54,서범석,문금주,503
9616,서울,2005-06-04,한,암,,53.5,강윤식,지성한,460
9617,서울,2005-06-04,한,암,,51,박대흥,최춘섭,447
9618,서울,2005-06-04,한,암,,52,박종곤,이충구,432
9619,서울,2005-06-04,뉴,암,,51,서범석,서순배,451
9620,서울,2005-06-04,한,암,,54,강명준,김광영,407
9621,서울,2005-06-05,한,수,,56,김점오,박영철,482
9622,서울,2005-06-05,한,수,,55,하재흥,신동열,478
9623,서울,2005-06-05,한,수,,53,고옥봉,이기선,450
9624,서울,2005-06-05,한,수,,55.5,곽영효,이종무,479
9625,서울,2005-06-05,한,수,,51,정지은,에쓰푸드홀딩스(주),442
9626,서울,2005-06-05,한,수,,55,김춘근,신준희,492
9627,서울,2005-06-05,한,수,,53,박흥진,장경환,506
9628,서울,2005-06-05,한,수,,55,김명국,이태식,506
9629,서울,2005-06-05,한,암,,51,유재길,허병하,427
9630,서울,2005-06-05,한,암,,54,임봉춘,정규상,461
9631,서울,2005-06-05,한,수,,55,최상식,장현종,463
9632,서울,2005-06-05,한,수,,55,유재길,이필승,486
9633,서울,2005-06-05,한,수,,54,양재철,박현종,445
9634,서울,2005-06-05,한,수,,55,하재흥,김경민,491
9635,서울,2005-06-05,한,수,,56,김택수,김양호,472
9636,서울,2005-06-05,한,수,,56,김점오,유순목,459
9637,서울,2005-06-05,한,수,,54,최혜식,은희만,431
9638,서울,2005-06-05,한,수,,54,김점오,박영철,462
9639,서울,2005-06-05,한,수,,55,양재철,김종화,504
9640,서울,2005-06-05,한,수,,56,김병용,정몽규,471
9641,서울,2005-06-05,한,거,,51,임형규,정수남,407
9642,서울,2005-06-05,한,거,,56,김윤섭,김연호,454
9643,서울,2005-06-05,한,수,,51,김택수,권오학,431
9644,서울,2005-06-05,한,수,,55,하재흥,김경민,469
9645,서울,2005-06-05,한,수,,53,이희영,정규상,463
9646,서울,2005-06-05,한,수,,54,박대흥,지대섭,471
9647,서울,2005-06-05,한,수,,56,김충근,이광수,458
9648,서울,2005-06-05,한,수,,54,임형규,정수남,469
9649,서울,2005-06-05,한,수,,55,신우철,박정열,468
9650,서울,2005-06-05,한,수,,54,김점오,박남성,456
9651,서울,2005-06-05,한,수,,58,이종구,최수군,466
9652,서울,2005-06-05,한,수,,52,서정하,김방철,488
9653,서울,2005-06-05,한,수,,55,이광복,최건호,534
9654,서울,2005-06-05,한,수,,55,박희철,오경의,451
9655,서울,2005-06-05,한,수,,55,안해양,윤영기,472
9656,서울,2005-06-05,한,수,,56,서범석,신준수,447
9657,서울,2005-06-05,한,수,,54,김대근,한일사료,437
9658,서울,2005-06-05,한,수,,55,박흥진,김길중,498
9659,서울,2005-06-05,한,수,,55,박희철,김병현,514
9660,서울,2005-06-05,한,수,,54,박대흥,지대섭,458
9661,서울,2005-06-05,한,수,,54,김학수,박남성,404
9662,서울,2005-06-05,한,수,,53,최상식,장재형,441
9663,서울,2005-06-05,한,수,,56,김병용,송근철,435
9664,서울,2005-06-05,한,수,,56,강명준,이광수a,459
9665,서울,2005-06-05,한,수,,56,최혜식,박태훈,448
9666,서울,2005-06-05,한,수,,54,안해양,김휘남,467
9667,서울,2005-06-05,한,수,,54,윤치운,오금자,464
9668,서울,2005-06-05,한,암,,52,유재길,송근철,433
9669,서울,2005-06-05,한,암,,55,김양선,김종철,434
9670,서울,2005-06-05,한,암,,54,양재철,박현종,456
9671,서울,2005-06-05,한,암,,53,양재철,김기성,406
9672,서울,2005-06-05,한,암,,54,김춘근,이동언,464
9673,서울,2005-06-05,한,암,,53,김대근,김정규,450
9674,서울,2005-06-05,한,암,,53,이희영,이상용,418
9675,서울,2005-06-05,한,암,,53,이희영,박환창,452
9676,서울,2005-06-05,한,암,,51,곽영효,강용식,490
9677,서울,2005-06-05,한,암,,54,김양선,김종철,438
9678,서울,2005-06-05,한,암,,51,지용훈,이민문,434
9679,서울,2005-06-05,한,암,,52,황의성,이영서,442
9680,서울,2005-06-05,한,암,,53,김문갑,어울림네트웍스,452
9681,서울,2005-06-05,한,암,,54,윤치운,오금자,432
9682,서울,2005-06-05,한,암,,53,유재길,박종률,443
9683,서울,2005-06-05,한,암,,54,곽영효,양수화,445
9684,서울,2005-06-05,한,암,,53,유재길,허병하,438
9685,서울,2005-06-05,한,거,,53,김명국,이재효,431
9686,서울,2005-06-05,한,암,,55,박윤규,권오학,460
9687,서울,2005-06-05,한,암,,54,최영주,김노식,462
9688,서울,2005-06-05,한,거,,52,유재길,월곡목장영농조합,424
9689,서울,2005-06-05,한,거,,54,박대흥,최애식,477
9690,서울,2005-06-05,한,암,,51,윤치운,안응수,463
9691,서울,2005-06-05,한,거,,55,이희영,정규상,426
9692,서울,2005-06-05,한,거,,54,박종곤,김정배,441
9693,서울,2005-06-05,한,거,,57,김양선,이항진,437
9694,서울,2005-06-05,한,거,,54,박희철,경규환,462
9695,서울,2005-06-05,한,거,,53,김명국,김진철,472
9696,서울,2005-06-05,한,수,,55,이광복,대일화학,518
9697,서울,2005-06-05,한,거,,53,김윤섭,월곡목장영농조합,463
9698,서울,2005-06-05,한,거,,55,김대근,유병옥,470
9699,서울,2005-06-05,한,거,,52,박천서,천병득,465
9700,서울,2005-06-05,한,수,,53,정지은,홍범기,435
9701,서울,2005-06-05,한,암,,52,박원덕,이종석,434
9702,서울,2005-06-05,한,암,,52,김윤섭,박정열,429
9703,서울,2005-06-05,한,거,,54,김윤섭,진교원,454
9704,서울,2005-06-05,한,암,,55,황의성,최창걸,461
9705,서울,2005-06-05,한,암,,53,김양선,정이남,433
9706,서울,2005-06-05,한,암,,51,박윤규,신길우,469
9707,서울,2005-06-05,한,수,,56,이용준,신영식,495
9708,서울,2005-06-05,한,수,,55,김일성,이종복,470
9709,서울,2005-06-05,한,수,,54,이광복,유길상,458
9710,서울,2005-06-05,한,암,,50,김택수,조동식,434
9711,서울,2005-06-05,한,암,,53,서범석,송숙자,441
9712,서울,2005-06-05,한,거,,55,임형규,박정록,429
9713,서울,2005-06-05,한,암,,53,김일성,일진코스메틱,487
9714,서울,2005-06-05,한,암,,55,고옥봉,오일랑,398
9715,서울,2005-06-05,한,암,,52,지용훈,이문철,463
9716,서울,2005-06-05,한,암,,53,박덕준,나정웅,406
9717,서울,2005-06-05,한,암,,53,김재복,전기섭,449
9718,서울,2005-06-05,한,암,,54,김춘근,월곡목장영농조합,428
9719,서울,2005-06-05,한,암,,54,박천서,박엽래,459
9720,서울,2005-06-05,한,암,,52,한일영,대한사료,435
9721,서울,2005-06-05,한,암,,53,김점오,김창희,496
9722,서울,2005-06-05,한,암,,50,임봉춘,권태우,446
9723,서울,2005-06-05,한,암,,53,김윤섭,김연호,460
9724,서울,2005-06-05,한,암,,55,유재길,박용훈,432
9725,서울,2005-06-05,한,암,,52,박흥진,송용식,400
9726,서울,2005-06-05,한,암,,52,임봉춘,박상선,448
9727,서울,2005-06-05,한,암,,53,최혜식,배석두,433
9728,서울,2005-06-05,한,암,,53,박덕준,김영철,440
9729,서울,2005-06-05,한,암,,53,최상식,임우근,418
9730,서울,2005-06-05,한,암,,50,박진호,김우창,468
9731,서울,2005-06-11,한,암,,53,황의성,서민석,415
9732,서울,2005-06-11,미,암,,51,박대흥,정일권,452
9733,서울,2005-06-11,뉴,암,,54,서범석,문금주,481
9734,서울,2005-06-11,한,암,,50,고옥봉,정병조,466
9735,서울,2005-06-11,한,암,,51,하재흥,이수홍,442
9736,서울,2005-06-11,미,거,,54,김명국,오호극,522
9737,서울,2005-06-11,한,암,,55,박희철,김방철,420
9738,서울,2005-06-11,한,암,,53,박윤규,권오학,422
9739,서울,2005-06-11,한,암,,53,김윤섭,김채겸,465
9740,서울,2005-06-11,일,암,,53,최혜식,조진환,463
9741,서울,2005-06-11,한,암,,52,서정하,구자선,445
9742,서울,2005-06-11,한,암,,53,박진호,박효봉,456
9743,서울,2005-06-11,한,암,,51,김순근,서운석,474
9744,서울,2005-06-11,한,암,,55,박덕준,서승린,402
9745,서울,2005-06-11,한,암,,53,박흥진,제주축협,460
9746,서울,2005-06-11,한,거,,57,김대근,최상섭,454
9747,서울,2005-06-11,한,거,,51,박대흥,최애식,445
9748,서울,2005-06-11,한,거,,51,고옥봉,이기선,455
9749,서울,2005-06-11,한,수,,56,김윤섭,김채겸,484
9750,서울,2005-06-11,미,수,,54,김택수,이희연,472
9751,서울,2005-06-11,한,수,,54,지용훈,이민문,481
9752,서울,2005-06-11,한,거,,57,김대근,김정규,486
9753,서울,2005-06-11,한,거,,54,박흥진,최효순,448
9754,서울,2005-06-11,뉴,거,,51,박덕준,김영철,450
9755,서울,2005-06-11,한,암,,53,이광복,신항식,460
9756,서울,2005-06-11,미,암,,53,김윤섭,심상춘,493
9757,서울,2005-06-11,미,암,,53,이종구,유수택,449
9758,서울,2005-06-11,한,암,,53,최혜식,박경만,434
9759,서울,2005-06-11,한,암,,53,최영주,박요선,481
9760,서울,2005-06-11,한,수,,54,김대근,유병옥,489
9761,서울,2005-06-11,미,수,,57,이용준,임기준,490
9762,서울,2005-06-11,한,암,,50,강승영,권영원,424
9763,서울,2005-06-11,일,암,,53,김점오,유근수,465
9764,서울,2005-06-11,뉴,거,,53,김학수,박흥길,457
9765,서울,2005-06-11,한,암,,50,김양선,차영희,463
9766,서울,2005-06-11,한,암,,52,박윤규,장석린외1인(신치구),442
9767,서울,2005-06-11,한,암,,53,김대근,노병석,423
9768,서울,2005-06-11,한,암,,53,이인호,이영욱,446
9769,서울,2005-06-11,한,암,,50,김명국,박양호,436
9770,서울,2005-06-11,미,암,,51,김일성,일진코스메틱,469
9771,서울,2005-06-11,미,암,,55,박원덕,방승부,422
9772,서울,2005-06-11,한,암,,52,이용준,임기준,446
9773,서울,2005-06-11,미,암,,51,김재복,김한영,470
9774,서울,2005-06-11,한,암,,53,김재복,조병해,497
9775,서울,2005-06-11,한,암,,50,양재철,박현종,463
9776,서울,2005-06-11,일,암,,53,최영주,장석린외1인(신치구),446
9777,서울,2005-06-11,미,암,,54,이종구,정진태,392
9778,서울,2005-06-11,일,수,,54,최영주,신항철,477
9779,서울,2005-06-11,한,수,,54,하재흥,김영수,434
9780,서울,2005-06-11,한,수,,57,지용훈,남기태,459
9781,서울,2005-06-11,한,수,,57,서범석,오상철,506
9782,서울,2005-06-11,한,수,,54,유재길,허건호,425
9783,서울,2005-06-11,한,수,,54,박진호,이재원,467
9784,서울,2005-06-11,한,수,,54,박원덕,안덕기,464
9785,서울,2005-06-11,미,암,,52,한일영,대한사료,489
9786,서울,2005-06-11,한,암,,53,이희영,곽영필,428
9787,서울,2005-06-11,한,암,,53,이희영,곽영필,478
9788,서울,2005-06-11,한,암,,53,김충근,허건호,457
9789,서울,2005-06-11,한,암,,54,김재복,조규학,388
9790,서울,2005-06-11,한,암,,53,이용준,안영환,455
9791,서울,2005-06-11,미,암,,51,최혜식,우두헌,448
9792,서울,2005-06-11,한,수,,54,박종곤,박재범,526
9793,서울,2005-06-11,한,수,,54,김춘근,이선종,488
9794,서울,2005-06-11,한,수,,58,최영주,최상태,453
9795,서울,2005-06-11,한,수,,51,김택수,허영희,445
9796,서울,2005-06-11,한,수,,54,임형규,서상주,446
9797,서울,2005-06-11,한,수,,51,최영주,반승일,430
9798,서울,2005-06-11,한,수,,55,김문갑,이수빈,461
9799,서울,2005-06-11,한,수,,51,박대흥,김희라,463
9800,서울,2005-06-11,한,수,,52,이용준,임기준,461
9801,서울,2005-06-11,한,수,,53.5,박진호,함운일,467
9802,서울,2005-06-11,한,수,,53.5,김재복,박희주,462
9803,서울,2005-06-11,한,수,,55.5,김순근,지대섭,470
9804,서울,2005-06-11,한,거,,56,김순근,월곡목장영농조합,410
9805,서울,2005-06-11,한,거,,52.5,정지은,권광세,498
9806,서울,2005-06-11,미,거,,51,김점오,김덕환,455
9807,서울,2005-06-11,한,거,,54,박윤규,신길우,435
9808,서울,2005-06-11,한,거,,55,박대흥,강충모,476
9809,서울,2005-06-11,미,거,,54,김문갑,이재욱,452
9810,서울,2005-06-11,한,거,,52,박천서,임영일,435
9811,서울,2005-06-11,한,거,,51,박대흥,정일권,436
9812,서울,2005-06-11,한,거,,56,박흥진,이용대,426
9813,서울,2005-06-11,한,거,,52,지용철,콤텍시스템,457
9814,서울,2005-06-11,미,거,,53,박천서,정일권,492
9815,서울,2005-06-11,미,거,,58.5,강승영,이승택,485
9816,서울,2005-06-11,미,거,,52,양재철,박현종,469
9817,서울,2005-06-11,한,거,,53,박흥진,김도윤,455
9818,서울,2005-06-11,한,거,,54,김명국,코스틸,462
9819,서울,2005-06-11,한,수,,54,김순근,이재만,449
9820,서울,2005-06-11,한,수,,54,정지은,청호컴넷(주),464
9821,서울,2005-06-11,한,수,,54,임봉춘,이주형,427
9822,서울,2005-06-11,한,수,,53.5,지용철,이근우,493
9823,서울,2005-06-11,한,수,,56,이인호,오만준,481
9824,서울,2005-06-11,한,암,,51,김재복,김병묵,475
9825,서울,2005-06-11,한,암,,55,김양선,홍평우,422
9826,서울,2005-06-11,한,암,,56,강명준,김길중,422
9827,서울,2005-06-11,한,암,,53,정지은,노환영,421
9828,서울,2005-06-11,일,암,,53,김춘근,신준희,440
9829,서울,2005-06-11,호,암,,53,곽영효,양수화,473
9830,서울,2005-06-11,한,암,,51,지용훈,남기태,486
9831,서울,2005-06-11,한,암,,54,박덕준,백운창,446
9832,서울,2005-06-11,한,암,,51,강윤식,박승만,429
9833,서울,2005-06-11,한,암,,50,임봉춘,김대권,455
9834,서울,2005-06-11,한,암,,53,유재길,박용훈,439
9835,서울,2005-06-11,한,암,,53,김병용,송근철,431
9836,서울,2005-06-11,일,암,,53,김춘근,남웅종,445
9837,서울,2005-06-11,한,암,,53,지용철,김우창,418
9838,서울,2005-06-11,한,암,,53,박윤규,김주학,435
9839,서울,2005-06-11,한,암,,51,박천서,천병득,441
9840,서울,2005-06-11,한,거,,51,김일성,강태은,486
9841,서울,2005-06-11,한,거,,53,고옥봉,오일랑,481
9842,서울,2005-06-12,한,수,,54,윤치운,유영주,471
9843,서울,2005-06-12,한,수,,54,이희영,정규상,473
9844,서울,2005-06-12,한,수,,54,최영주,신항철,438
9845,서울,2005-06-12,한,수,,53,김윤섭,김채겸,472
9846,서울,2005-06-12,한,수,,54,이인호,권영술,471
9847,서울,2005-06-12,한,암,,54,정지은,월곡목장영농조합,447
9848,서울,2005-06-12,한,암,,54,하재흥,김문환a,456
9849,서울,2005-06-12,한,암,,50,김순근,김상태,446
9850,서울,2005-06-12,한,암,,53,김양선,이항진,401
9851,서울,2005-06-12,한,암,,54,김순근,권영술,423
9852,서울,2005-06-12,한,암,,53,강윤식,박동규,461
9853,서울,2005-06-12,한,수,,54,이용준,김종욱,469
9854,서울,2005-06-12,한,수,,49,하재흥,이종철,478
9855,서울,2005-06-12,한,수,,51,지용훈,조용학,470
9856,서울,2005-06-12,한,수,,54,박희철,진재순,482
9857,서울,2005-06-12,미,수,,56,황의성,신건호,506
9858,서울,2005-06-12,한,수,,51,임형규,정수남,450
9859,서울,2005-06-12,한,수,,54,박덕준,허헌회,499
9860,서울,2005-06-12,한,수,,54,김윤섭,김준일,454
9861,서울,2005-06-12,한,수,,54,윤치운,윤문수,479
9862,서울,2005-06-12,한,수,,53,신우철,선우패션,478
9863,서울,2005-06-12,한,수,,53,최영주,김광영,433
9864,서울,2005-06-12,한,수,,54,강승영,한선호,430
9865,서울,2005-06-12,한,수,,54,김일성,일진코스메틱,465
9866,서울,2005-06-12,한,수,,54,신우철,진교원,473
9867,서울,2005-06-12,한,수,,53,윤치운,유영주,435
9868,서울,2005-06-12,한,수,,53,정지은,홍범기,426
9869,서울,2005-06-12,호,수,,53,박대흥,남승현,528
9870,서울,2005-06-12,한,수,,54,김문갑,김서운,436
9871,서울,2005-06-12,한,수,,54,김윤섭,한광세,460
9872,서울,2005-06-12,한,수,,54,임봉춘,박종률,461
9873,서울,2005-06-12,한,수,,57,김학수,김정근,443
9874,서울,2005-06-12,한,수,,56,박종곤,곽영진,457
9875,서울,2005-06-12,한,수,,56,양재철,임관호,477
9876,서울,2005-06-12,한,수,,56,김점오,이송,481
9877,서울,2005-06-12,한,수,,54,하재흥,신동열,506
9878,서울,2005-06-12,한,수,,53,이종구,최수군,452
9879,서울,2005-06-12,미,거,,56,김윤섭,한광세,447
9880,서울,2005-06-12,미,거,,54,김춘근,김한영,494
9881,서울,2005-06-12,한,거,,53,신우철,김우식,508
9882,서울,2005-06-12,한,거,,54,김대근,노병석,404
9883,서울,2005-06-12,한,거,,51,신우철,이재진,462
9884,서울,2005-06-12,한,거,,52,박천서,김충수,417
9885,서울,2005-06-12,뉴,거,,53,김명국,이태식,430
9886,서울,2005-06-12,미,거,,59,박원덕,방승부,447
9887,서울,2005-06-12,한,수,,53,이용준,김명식,501
9888,서울,2005-06-12,호,거,,53,박천서,천병득,438
9889,서울,2005-06-12,한,거,,57,양재철,윤임구,403
9890,서울,2005-06-12,미,거,,51,김택수,박장수,456
9891,서울,2005-06-12,한,거,,54,이용준,김명식,471
9892,서울,2005-06-12,한,거,,53,김순근,권영술,436
9893,서울,2005-06-12,한,거,,54,김명국,이태식,468
9894,서울,2005-06-12,일,수,,53,김춘근,이종현,489
9895,서울,2005-06-12,한,수,,51,이광복,최명균,423
9896,서울,2005-06-12,한,수,,56,윤치운,유영주,490
9897,서울,2005-06-12,한,수,,56,최혜식,박상선,462
9898,서울,2005-06-12,미,수,,54,이종구,박정록,542
9899,서울,2005-06-12,한,수,,54,강명준,김길중,467
9900,서울,2005-06-12,한,수,,54,김춘근,이연택,472
9901,서울,2005-06-12,한,수,,55,강승영,한선호,423
9902,서울,2005-06-12,한,수,,54,박덕준,장수영,434
9903,서울,2005-06-12,한,수,,51,신우철,안영환,451
9904,서울,2005-06-12,한,수,,54,곽영효,강용식,436
9905,서울,2005-06-12,미,암,,55,황의성,윤일균,465
9906,서울,2005-06-12,한,암,,53,김순근,김순주,430
9907,서울,2005-06-12,한,암,,52,정지은,최여경,420
9908,서울,2005-06-12,한,암,,55,김재복,김한영,487
9909,서울,2005-06-12,미,거,,57.5,곽영효,전덕순,474
9910,서울,2005-06-12,한,거,,56,최영주,신영균,439
9911,서울,2005-06-12,한,거,,54,박대흥,지대섭,429
9912,서울,2005-06-12,한,거,,57,이용준,김명식,454
9913,서울,2005-06-12,한,거,,53,임봉춘,이선종,455
9914,서울,2005-06-12,한,암,,55,이용준,박성구,434
9915,서울,2005-06-12,한,암,,53,최상식,장현종,445
9916,서울,2005-06-12,한,암,,49,최상식,박기흥,483
9917,서울,2005-06-12,한,암,,50,박흥진,김도윤,426
9918,서울,2005-06-12,미,암,,50,김재복,전기섭,461
9919,서울,2005-06-12,한,암,,50,신우철,김병현,458
9920,서울,2005-06-12,한,암,,53,박대흥,김희라,442
9921,서울,2005-06-12,한,암,,50,임봉춘,장세창,483
9922,서울,2005-06-12,한,암,,51,강윤식,박승만,470
9923,서울,2005-06-12,한,암,,52,곽영효,김교준,406
9924,서울,2005-06-12,한,암,,54,강명준,배일성,405
9925,서울,2005-06-12,한,암,,53,황의성,조병용,453
9926,서울,2005-06-12,한,암,,53,황의성,범양해운,0
9927,서울,2005-06-12,한,암,,53,이종구,백종헌,466
9928,서울,2005-06-12,한,암,,53,고옥봉,이기선,482
9929,서울,2005-06-12,한,암,,53,하재흥,김영수,445
9930,서울,2005-06-12,한,암,,50,김명국,박환창,426
9931,서울,2005-06-12,한,암,,54,김명국,김진철,445
9932,서울,2005-06-12,미,암,,54,양재철,이석태,445
9933,서울,2005-06-12,한,암,,53,황의성,박상선,426
9934,서울,2005-06-12,한,암,,52,김학수,김완배,453
9935,서울,2005-06-12,한,암,,51,김충근,정화섭,460
9936,서울,2005-06-12,한,암,,53,김재복,우동희,506
9937,서울,2005-06-12,한,암,,49,박대흥,남승현,417
9938,서울,2005-06-12,한,암,,53,김재복,홍성운,417
9939,서울,2005-06-12,한,암,,51,박천서,천병득,461
9940,서울,2005-06-12,한,암,,52,이종구,백종헌,463
9941,서울,2005-06-12,한,암,,53,김재복,조규학,410
9942,서울,2005-06-12,한,암,,53,강명준,권태우,440
9943,서울,2005-06-12,한,암,,53,강윤식,지성한,474
9944,서울,2005-06-12,한,암,,50,이광복,장춘희,424
9945,서울,2005-06-12,한,암,,54,박희철,조원희,452
9946,서울,2005-06-12,미,거,,50,김양선,구자선,497
9947,서울,2005-06-12,한,암,,53,이희영,박환창,406
9948,서울,2005-06-12,한,암,,52,박희철,김병현,400
9949,서울,2005-06-12,한,암,,50,박진호,명인환,477
9950,서울,2005-06-12,한,수,,52,강명준,이광수a,440
9951,서울,2005-06-12,한,수,,54,박윤규,김신태,490
9952,서울,2005-06-12,한,수,,51,김일성,강태은,485
9953,서울,2005-06-12,한,수,,53,김점오,김덕환,471
9954,서울,2005-06-12,한,거,,53,박희철,월곡목장영농조합,480
9955,서울,2005-06-12,한,암,,51,박천서,김우창,419
9956,서울,2005-06-12,한,거,,53,김학수,정이남,400
9957,서울,2005-06-12,한,암,,52,박윤규,이수홍,447
9958,서울,2005-06-12,한,암,,50,지용훈,이선호,462
9959,서울,2005-06-12,한,거,,55,고옥봉,김길중,471
9960,서울,2005-06-12,한,암,,50,김일성,일진코스메틱,418
9961,서울,2005-06-12,한,암,,53,박원덕,이효선,441
9962,서울,2005-06-18,한,암,,54,정지은,최여경,412
9963,서울,2005-06-18,한,암,,53,박종곤,박재범,445
9964,서울,2005-06-18,한,암,,55,김윤섭,김준일,421
9965,서울,2005-06-18,한,암,,51,이용준,임기준,445
9966,서울,2005-06-18,한,암,,53,지용철,이수길,485
9967,서울,2005-06-18,한,암,,54,정지은,홍범기,451
9968,서울,2005-06-18,한,거,,54,이희영,김용상,435
9969,서울,2005-06-18,한,거,,57,황의성,권오학,463
9970,서울,2005-06-18,한,암,,54,안해양,김완배,396
9971,서울,2005-06-18,한,암,,53,김충근,이광수,450
9972,서울,2005-06-18,한,암,,53,김점오,김창희,395
9973,서울,2005-06-18,인,암,,53,김춘근,신준희,503
9974,서울,2005-06-18,한,암,,53,김문갑,정덕용,455
9975,서울,2005-06-18,한,암,,50,서범석,송숙자,457
9976,서울,2005-06-18,뉴,암,,54,서범석,서순배,452
9977,서울,2005-06-18,한,암,,51,임봉춘,권영탁,484
9978,서울,2005-06-18,한,암,,54,박희철,장석린외1인(신치구),440
9979,서울,2005-06-18,한,거,,53.5,유재길,권영탁,455
9980,서울,2005-06-18,한,암,,50,고옥봉,장홍주,490
9981,서울,2005-06-18,한,암,,54,김병용,박흥길,448
9982,서울,2005-06-18,한,암,,53,김명국,박양호,452
9983,서울,2005-06-18,한,암,,50,양재철,임관호,401
9984,서울,2005-06-18,한,암,,52,고옥봉,장홍주,434
9985,서울,2005-06-18,한,암,,53,김양선,정세능,441
9986,서울,2005-06-18,한,암,,53,김윤섭,윤세영,456
9987,서울,2005-06-18,한,암,,51,임형규,황수웅,474
9988,서울,2005-06-18,한,암,,54,김춘근,남웅종,456
9989,서울,2005-06-18,한,암,,53,곽영효,조진환,451
9990,서울,2005-06-18,한,암,,54,안해양,윤여운,432
9991,서울,2005-06-18,한,암,,48,박희철,경규환,426
9992,서울,2005-06-18,한,암,,53,박흥진,유준환,473
9993,서울,2005-06-18,뉴,암,,54,김순근,최상경,412
9994,서울,2005-06-18,한,암,,54,김대근,노병석,391
9995,서울,2005-06-18,미,암,,51,김순근,원흥순,458
9996,서울,2005-06-18,한,암,,52,박종곤,곽영진,395
9997,서울,2005-06-18,한,암,,54,하재흥,이상오,486
9998,서울,2005-06-18,한,암,,55,황의성,최창걸,478
9999,서울,2005-06-18,한,암,,52,최상식,조동식,423
10000,서울,2005-06-18,한,암,,52,서범석,오상철,428
10001,서울,2005-06-18,한,암,,48,최상식,장현종,447
10002,서울,2005-06-18,뉴,암,,51,서범석,서순배,449
10003,서울,2005-06-18,한,암,,53.5,박희철,김경민,461
10004,서울,2005-06-18,한,암,,52,김재복,김한영,413
10005,서울,2005-06-18,한,수,,54,김택수,장철환,475
10006,서울,2005-06-18,한,수,,55,김재복,김종한,500
10007,서울,2005-06-18,한,암,,51,서정하,변영남,452
10008,서울,2005-06-18,한,거,,54,박원덕,방승부,436
10009,서울,2005-06-18,한,거,,56,김대근,김완배,457
10010,서울,2005-06-18,한,암,,53,최영주,최상태,430
10011,서울,2005-06-18,한,암,,53,박진호,정동진,471
10012,서울,2005-06-18,한,암,,54,김재복,전기섭,416
10013,서울,2005-06-18,한,수,,51,최상식,장재형,454
10014,서울,2005-06-18,한,수,,54,박원덕,이정원,487
10015,서울,2005-06-18,한,수,,58,지용훈,이선호,488
10016,서울,2005-06-18,한,암,,50,신우철,김우식,434
10017,서울,2005-06-18,한,암,,53,박흥진,장경환,492
10018,서울,2005-06-18,한,암,,54,이종구,박정록,484
10019,서울,2005-06-18,한,암,,51,임형규,이기선,409
10020,서울,2005-06-18,한,암,,50,임봉춘,박태훈,429
10021,서울,2005-06-18,한,수,,52,신우철,안영환,443
10022,서울,2005-06-18,한,수,,54,곽영효,강신호,469
10023,서울,2005-06-18,한,수,,54,이종구,백종헌,460
10024,서울,2005-06-18,한,암,,53,지용훈,남기태,500
10025,서울,2005-06-18,한,수,,53,강명준,유무성,472
10026,서울,2005-06-18,한,수,,54,지용철,강성보,506
10027,서울,2005-06-18,미,수,,54,이광복,서순배,479
10028,서울,2005-06-18,한,수,,54,김택수,김양호,480
10029,서울,2005-06-18,한,수,,54,안해양,최동천,513
10030,서울,2005-06-18,한,수,,54,김병용,정몽규,460
10031,서울,2005-06-18,한,수,,53,최혜식,조진환,459
10032,서울,2005-06-18,한,수,,54,임봉춘,박태훈,435
10033,서울,2005-06-18,한,수,,54,김양선,구자선,427
10034,서울,2005-06-18,한,수,,54,강윤식,박동규,468
10035,서울,2005-06-18,한,수,,53,김일성,조승민,439
10036,서울,2005-06-18,한,수,,52,유재길,허병하,438
10037,서울,2005-06-18,미,수,,54,한일영,홍영대,501
10038,서울,2005-06-18,한,수,,52,지용철,황의영,442
10039,서울,2005-06-18,한,수,,54,지용훈,이선호,476
10040,서울,2005-06-18,한,수,,54,김윤섭,김채겸,492
10041,서울,2005-06-18,미,수,,55,김점오,박환창,494
10042,서울,2005-06-18,미,수,,53,지용훈,조용학,505
10043,서울,2005-06-18,한,수,,54,김택수,정영채,467
10044,서울,2005-06-18,한,수,,54,하재흥,이유환,527
10045,서울,2005-06-18,뉴,수,,53,김명국,코스틸,476
10046,서울,2005-06-18,한,수,,54,김일성,이종복,491
10047,서울,2005-06-18,한,수,,49,김택수,정영채,442
10048,서울,2005-06-18,한,수,,54,이희영,오호극,464
10049,서울,2005-06-18,한,수,,53,박덕준,백운창,471
10050,서울,2005-06-18,한,수,,55,강승영,한선호,424
10051,서울,2005-06-18,한,수,,54,신우철,김현래,490
10052,서울,2005-06-18,한,수,,54,박천서,박엽래,471
10053,서울,2005-06-18,한,수,,55,고옥봉,김용원,416
10054,서울,2005-06-18,한,수,,56,지용철,안대종,476
10055,서울,2005-06-18,한,수,,53,김재복,박희주,397
10056,서울,2005-06-18,한,거,,54,황의성,박정열,453
10057,서울,2005-06-18,미,거,,51,박윤규,이수홍,492
10058,서울,2005-06-18,한,거,,54,임봉춘,박종률,485
10059,서울,2005-06-18,뉴,거,,55,임봉춘,서정훈,439
10060,서울,2005-06-18,미,거,,54,김일성,임상윤,456
10061,서울,2005-06-18,미,거,,53,김재복,김한영,438
10062,서울,2005-06-18,한,거,,51,박덕준,백운창,441
10063,서울,2005-06-18,한,거,,52,신우철,신항식,460
10064,서울,2005-06-18,뉴,거,,52,하재흥,신동열,448
10065,서울,2005-06-18,호,수,,53,최혜식,이종원,483
10066,서울,2005-06-18,한,수,,56,이희영,정규상,423
10067,서울,2005-06-18,한,수,,54,김점오,김창희,457
10068,서울,2005-06-18,한,거,,53,박대흥,남승현,510
10069,서울,2005-06-18,한,거,,54,박희철,서정훈,481
10070,서울,2005-06-18,호,거,,55,박천서,천병득,458
10071,서울,2005-06-18,한,거,,53,박천서,박엽래,465
10072,서울,2005-06-18,한,수,,54,박진호,정동진,511
10073,서울,2005-06-18,한,수,,53,최상식,임우근,490
10074,서울,2005-06-18,한,암,,53,김윤섭,김연호,480
10075,서울,2005-06-18,한,암,,55,박종곤,곽영진,366
10076,서울,2005-06-18,한,암,,54,김학수,이긍범,432
10077,서울,2005-06-18,한,암,,51,이광복,최건호,423
10078,서울,2005-06-18,뉴,암,,51,김춘근,신준희,446
10079,서울,2005-06-18,미,암,,53,박흥진,유준환,447
10080,서울,2005-06-18,한,암,,52,김점오,박영철,457
10081,서울,2005-06-18,한,암,,52.5,박덕준,나정웅,455
10082,서울,2005-06-18,한,암,,52,김대근,노병석,454
10083,서울,2005-06-18,미,암,,52,김문갑,김서운,469
10084,서울,2005-06-18,한,암,,48,박종곤,방형린,462
10085,서울,2005-06-19,한,거,,53,이용준,강상우,500
10086,서울,2005-06-19,한,수,,57,김충근,이광수,440
10087,서울,2005-06-19,한,거,,53,김학수,김완배,413
10088,서울,2005-06-19,한,암,,52,이광복,최건호,438
10089,서울,2005-06-19,한,암,,53,강명준,김광영,448
10090,서울,2005-06-19,한,수,,54,신우철,선우패션,466
10091,서울,2005-06-19,한,수,,51,지용철,이수길,499
10092,서울,2005-06-19,한,수,,51,김일성,류근상,503
10093,서울,2005-06-19,한,암,,55,이광복,최관식,501
10094,서울,2005-06-19,뉴,암,,53.5,박원덕,이효선,439
10095,서울,2005-06-19,일,암,,51,이인호,민영길,472
10096,서울,2005-06-19,한,암,,53,박대흥,청호컴넷(주),459
10097,서울,2005-06-19,미,거,,54,김재복,김종한,495
10098,서울,2005-06-19,한,암,,52,지용철,김우창,460
10099,서울,2005-06-19,한,암,,49,김재복,전기섭,411
10100,서울,2005-06-19,한,암,,53,박종곤,링크폴로,422
10101,서울,2005-06-19,한,암,,50,신우철,김경민,512
10102,서울,2005-06-19,한,암,,56,강명준,김광영,415
10103,서울,2005-06-19,한,암,,54,김윤섭,심상춘,458
10104,서울,2005-06-19,한,암,,54,김택수,조동식,472
10105,서울,2005-06-19,한,암,,55,정지은,노환영,453
10106,서울,2005-06-19,한,암,,53,박희철,조원희,434
10107,서울,2005-06-19,미,암,,53,김점오,박영철,494
10108,서울,2005-06-19,한,암,,53,임형규,김영수,417
10109,서울,2005-06-19,한,암,,55,임형규,서상주,455
10110,서울,2005-06-19,일,암,,53,김순근,최상경,473
10111,서울,2005-06-19,한,암,,51,박윤규,허영희,441
10112,서울,2005-06-19,한,암,,50,박희철,김완배,440
10113,서울,2005-06-19,한,암,,53,박흥진,장경환,463
10114,서울,2005-06-19,한,암,,55,김대근,한일사료,444
10115,서울,2005-06-19,한,암,,52,지용훈,조용학,449
10116,서울,2005-06-19,한,암,,52,이광복,이동언,395
10117,서울,2005-06-19,미,암,,52,김양선,이항진,463
10118,서울,2005-06-19,한,암,,54,하재흥,이수홍,442
10119,서울,2005-06-19,한,암,,53,최혜식,지원철,375
10120,서울,2005-06-19,한,암,,54,최영주,변영남,527
10121,서울,2005-06-19,한,암,,49,김병용,박흥길,442
10122,서울,2005-06-19,한,암,,53,양재철,임관호,455
10123,서울,2005-06-19,한,암,,50,강승영,정기찬,410
10124,서울,2005-06-19,한,암,,52,유재길,이동재,462
10125,서울,2005-06-19,한,암,,52,김점오,박종호,517
10126,서울,2005-06-19,한,암,,54,김순근,김성부,486
10127,서울,2005-06-19,미,암,,52,김대근,최상섭,439
10128,서울,2005-06-19,한,암,,52.5,김점오,김덕환,407
10129,서울,2005-06-19,한,암,,53,지용철,남기태,475
10130,서울,2005-06-19,한,암,,54,이희영,김진태,451
10131,서울,2005-06-19,한,암,,53,임봉춘,이선종,478
10132,서울,2005-06-19,한,암,,53,서정하,구자선,474
10133,서울,2005-06-19,한,암,,53,김대근,김정규,432
10134,서울,2005-06-19,한,암,,53,안해양,김봉섭,552
10135,서울,2005-06-19,한,암,,53,유재길,조병해,397
10136,서울,2005-06-19,한,암,,54,정지은,최여경,469
10137,서울,2005-06-19,한,암,,54,김재복,박재율,457
10138,서울,2005-06-19,한,암,,53,최영주,이영욱a,423
10139,서울,2005-06-19,한,암,,50,박천서,김충수,462
10140,서울,2005-06-19,한,암,,53,김윤섭,김채겸,431
10141,서울,2005-06-19,한,암,,53,이종구,최인재,432
10142,서울,2005-06-19,한,암,,53,윤치운,윤문수,495
10143,서울,2005-06-19,한,암,,54,황의성,신건호,457
10144,서울,2005-06-19,한,암,,53,김학수,박재범,418
10145,서울,2005-06-19,한,암,,53,박윤규,현대영,414
10146,서울,2005-06-19,한,암,,53,지용훈,이문철,459
10147,서울,2005-06-19,일,암,,53,김순근,이재만,429
10148,서울,2005-06-19,한,암,,53,박희철,경규환,463
10149,서울,2005-06-19,한,암,,50,신우철,김현래,403
10150,서울,2005-06-19,한,암,,53,강명준,이광수a,497
10151,서울,2005-06-19,한,암,,52,김병용,박흥길,439
10152,서울,2005-06-19,한,암,,53,박흥진,유준환,494
10153,서울,2005-06-19,한,암,,54,안해양,윤훈현,448
10154,서울,2005-06-19,한,암,,53,최혜식,은희만,442
10155,서울,2005-06-19,한,거,,55,이희영,이주형,464
10156,서울,2005-06-19,한,거,,53,신우철,우근민,498
10157,서울,2005-06-19,한,거,,56,황의성,박성구,491
10158,서울,2005-06-19,뉴,거,,54,서범석,박남성,479
10159,서울,2005-06-19,미,거,,55,강윤식,지성한,421
10160,서울,2005-06-19,한,거,,54,김명국,월곡목장영농조합,422
10161,서울,2005-06-19,한,거,,54,김춘근,월곡목장영농조합,446
10162,서울,2005-06-19,미,거,,51,지용철,안대종,447
10163,서울,2005-06-19,뉴,거,,56,하재흥,이상오,448
10164,서울,2005-06-19,한,거,,54,김윤섭,한광세,465
10165,서울,2005-06-19,한,거,,56,최영주,신항철,457
10166,서울,2005-06-19,뉴,거,,52,이종구,박정록,480
10167,서울,2005-06-19,뉴,거,,55,지용철,구필모,489
10168,서울,2005-06-19,미,거,,54,박윤규,신길우,458
10169,서울,2005-06-19,한,수,,54,강명준,김길중,434
10170,서울,2005-06-19,한,수,,57.5,박희철,조원희,462
10171,서울,2005-06-19,미,수,,54,김윤섭,한광세,453
10172,서울,2005-06-19,한,수,,54,안해양,이상홍,508
10173,서울,2005-06-19,한,수,,53,박희철,김수경,442
10174,서울,2005-06-19,한,수,,50,강윤식,이장한,457
10175,서울,2005-06-19,한,수,,54,윤치운,안응수,480
10176,서울,2005-06-19,한,수,,57,하재흥,이수홍,435
10177,서울,2005-06-19,한,수,,53,김일성,강태은,465
10178,서울,2005-06-19,한,수,,54,이광복,서순배,489
10179,서울,2005-06-19,한,수,,54,최혜식,이종원,468
10180,서울,2005-06-19,한,수,,54,지용철,강성보,452
10181,서울,2005-06-19,한,수,,57.5,양재철,윤임구,468
10182,서울,2005-06-19,미,수,,55,이용준,김명식,486
10183,서울,2005-06-19,미,수,,54.5,박대흥,정일권,487
10184,서울,2005-06-19,한,수,,54,곽영효,권광세,454
10185,서울,2005-06-19,한,수,,54,박희철,장석린외1인(신치구),452
10186,서울,2005-06-19,한,수,,51,김일성,강태은,471
10187,서울,2005-06-19,한,수,,54,곽영효,이종무,490
10188,서울,2005-06-19,한,수,,51,김일성,임상윤,466
10189,서울,2005-06-19,호,수,,55,김학수,박환창,490
10190,서울,2005-06-19,미,수,,56,이용준,김명식,538
10191,서울,2005-06-19,한,수,,53,박윤규,박상헌,436
10192,서울,2005-06-19,한,수,,54,강명준,김광영,448
10193,서울,2005-06-19,한,수,,54,김춘근,안승찬,481
10194,서울,2005-06-19,한,수,,54,고옥봉,윤해영,468
10195,서울,2005-06-19,한,수,,56,김순근,제주축산개발,463
10196,서울,2005-06-19,한,수,,52,박진호,정동진,460
10197,서울,2005-06-19,미,수,,54,양재철,김종화,449
10198,서울,2005-06-19,한,수,,54,윤치운,유영주,462
10199,서울,2005-06-19,미,수,,53,박대흥,남승현,438
10200,서울,2005-06-19,한,수,,56.5,서범석,신준수,457
10201,서울,2005-06-19,한,수,,54,유재길,진교원,461
10202,서울,2005-06-19,한,수,,54,하재흥,조남대,485
10203,서울,2005-06-19,한,암,,53,김택수,김양호,441
10204,서울,2005-06-19,한,수,,51,이희영,김진태,453
10205,서울,2005-06-19,한,수,,54,안해양,유수택,513
10206,서울,2005-06-19,한,암,,53,임봉춘,이주형,465
10207,서울,2005-06-19,뉴,수,,55.5,김순근,김상태,488
10208,서울,2005-06-19,한,수,,53,이인호,오만준,0
10209,서울,2005-06-19,미,수,,55.5,김재복,김한영,494
10210,서울,2005-06-19,한,수,,54,지용철,황의영,471
10211,서울,2005-06-19,한,수,,56,박덕준,문창완,496
10212,서울,2005-06-19,한,수,,51,강윤식,권익현,434
10213,서울,2005-06-25,한,암,,52,김학수,김정근,413
10214,서울,2005-06-25,미,암,,53,이종구,유수택,453
10215,서울,2005-06-25,미,암,,54,박윤규,이수홍,446
10216,서울,2005-06-25,한,암,,53,안해양,윤여운,464
10217,서울,2005-06-25,한,암,,53,박희철,김창희,442
10218,서울,2005-06-25,한,암,,53,이종구,최인재,425
10219,서울,2005-06-25,한,암,,52,황의성,이영서,472
10220,서울,2005-06-25,한,암,,53.5,곽영효,강용식,460
10221,서울,2005-06-25,한,암,,53,김명국,박양호,434
10222,서울,2005-06-25,한,암,,52,지용훈,남기태,479
10223,서울,2005-06-25,미,거,,55.5,김학수,박남성,445
10224,서울,2005-06-25,한,암,,53,박윤규,이필승,431
10225,서울,2005-06-25,한,암,,55,정지은,이영철,429
10226,서울,2005-06-25,한,암,,54,이용준,김진철,444
10227,서울,2005-06-25,한,암,,53,김춘근,이보원,442
10228,서울,2005-06-25,한,암,,53,김순근,맹원재,450
10229,서울,2005-06-25,한,암,,53,고옥봉,정병조,428
10230,서울,2005-06-25,한,거,,54,박흥진,김도윤,489
10231,서울,2005-06-25,한,암,,53,이희영,이상용,435
10232,서울,2005-06-25,한,암,,53,김윤섭,김채겸,442
10233,서울,2005-06-25,한,암,,52,고옥봉,이기선,458
10234,서울,2005-06-25,한,거,,54,박천서,한일사료,442
10235,서울,2005-06-25,한,거,,53,양재철,윤임구,525
10236,서울,2005-06-25,미,수,,54,지용철,곽태훈,429
10237,서울,2005-06-25,한,거,,54,지용훈,조용학,448
10238,서울,2005-06-25,한,거,,54,박흥진,김도윤,485
10239,서울,2005-06-25,한,암,,53,고옥봉,박요선,483
10240,서울,2005-06-25,한,암,,51,박대흥,남승현,449
10241,서울,2005-06-25,한,암,,53,최혜식,조진환,464
10242,서울,2005-06-25,한,암,,54,김학수,김병묵,404
10243,서울,2005-06-25,한,수,,54,이인호,김방철,484
10244,서울,2005-06-25,한,수,,52,박대흥,정일권,478
10245,서울,2005-06-25,미,거,,51,김양선,홍평우,503
10246,서울,2005-06-25,한,암,,51,이광복,유길상,467
10247,서울,2005-06-25,한,암,,53,지용훈,조용학,471
10248,서울,2005-06-25,한,암,,50,서정하,천병득,410
10249,서울,2005-06-25,미,암,,54,이인호,링크폴로,512
10250,서울,2005-06-25,한,암,,53,최상식,신홍균,413
10251,서울,2005-06-25,한,암,,53,김춘근,이보원,426
10252,서울,2005-06-25,한,암,,55,이인호,민태구,435
10253,서울,2005-06-25,한,암,,54,김재복,박희주,464
10254,서울,2005-06-25,한,암,,53,안해양,윤영기,471
10255,서울,2005-06-25,한,암,,50,양재철,한광희,406
10256,서울,2005-06-25,한,암,,51,지용훈,이민문,432
10257,서울,2005-06-25,미,암,,53,이종구,정진태,433
10258,서울,2005-06-25,한,암,,53,유재길,조병해,451
10259,서울,2005-06-25,한,암,,53,강윤식,지성한,474
10260,서울,2005-06-25,한,암,,51,서범석,송숙자,435
10261,서울,2005-06-25,한,암,,53,김문갑,어울림네트웍스,457
10262,서울,2005-06-25,한,암,,54,박덕준,서승린,443
10263,서울,2005-06-25,한,암,,55,윤치운,한광세,493
10264,서울,2005-06-25,한,암,,54,김명국,풀무원건강식품(주),430
10265,서울,2005-06-25,한,암,,54,임봉춘,이주형,490
10266,서울,2005-06-25,한,암,,51,박천서,천병득,480
10267,서울,2005-06-25,미,암,,52,강승영,오호극,449
10268,서울,2005-06-25,한,암,,52,고옥봉,박요선,449
10269,서울,2005-06-25,한,암,,53,최영주,신항철,484
10270,서울,2005-06-25,한,수,,55,지용철,황의영,460
10271,서울,2005-06-25,한,수,,53,한일영,심재식,429
10272,서울,2005-06-25,한,수,,54,최상식,장현종,464
10273,서울,2005-06-25,미,수,,56,이희영,노승구,430
10274,서울,2005-06-25,한,수,,54,하재흥,이유환,450
10275,서울,2005-06-25,미,수,,51,하재흥,이종철,480
10276,서울,2005-06-25,일,수,,61.5,박희철,유정희,483
10277,서울,2005-06-25,한,수,,51,박종곤,링크폴로,467
10278,서울,2005-06-25,한,수,,57,이광복,최건호,446
10279,서울,2005-06-25,한,수,,53,김춘근,김상태,416
10280,서울,2005-06-25,한,수,,54,임형규,최동천,475
10281,서울,2005-06-25,한,수,,52,김문갑,이수빈,459
10282,서울,2005-06-25,한,수,,54,이종구,최수군,462
10283,서울,2005-06-25,한,수,,56,김점오,박남성,481
10284,서울,2005-06-25,일,수,,51,안해양,정일권,529
10285,서울,2005-06-25,한,수,,54,지용철,구필모,484
10286,서울,2005-06-25,미,수,,54,지용훈,이선호,468
10287,서울,2005-06-25,미,수,,55.5,박희철,오경의,473
10288,서울,2005-06-25,한,암,,53,박종곤,김진엽,405
10289,서울,2005-06-25,한,거,,57,최영주,박선주,419
10290,서울,2005-06-25,한,암,,53,최혜식,배석두,395
10291,서울,2005-06-25,한,수,,54,박흥진,이효선,449
10292,서울,2005-06-25,한,수,,54,김윤섭,한광세,499
10293,서울,2005-06-25,미,암,,54,하재흥,이중연,440
10294,서울,2005-06-25,미,수,,58.5,김택수,장철환,446
10295,서울,2005-06-25,한,수,,54,강윤식,이영숙,475
10296,서울,2005-06-25,한,수,,54,김재복,우동희,448
10297,서울,2005-06-25,한,수,,52,김문갑,이재욱,456
10298,서울,2005-06-25,뉴,거,,56.5,김춘근,이선종,475
10299,서울,2005-06-25,한,거,,55,최영주,홍성운,454
10300,서울,2005-06-25,한,거,,53,고옥봉,정병조,489
10301,서울,2005-06-25,호,거,,53,박천서,천병득,517
10302,서울,2005-06-25,한,수,,56,강명준,이광수a,460
10303,서울,2005-06-25,한,수,,55,강승영,강남환,471
10304,서울,2005-06-25,한,수,,52,김문갑,김서운,433
10305,서울,2005-06-25,한,수,,54,박원덕,안덕기,464
10306,서울,2005-06-25,한,수,,54,박희철,조원희,440
10307,서울,2005-06-25,미,거,,56,박원덕,김방철,505
10308,서울,2005-06-25,일,거,,51,김명국,월곡목장영농조합,455
10309,서울,2005-06-25,뉴,거,,50,김명국,이태식,426
10310,서울,2005-06-25,뉴,거,,52.5,박덕준,서승린,438
10311,서울,2005-06-25,한,거,,53,고옥봉,전좌식,428
10312,서울,2005-06-25,한,거,,54,박천서,유미개발,484
10313,서울,2005-06-25,한,거,,56,최영주,장석린외1인(신치구),473
10314,서울,2005-06-25,한,거,,54,곽영효,강용식,445
10315,서울,2005-06-25,한,거,,55,이희영,김용상,462
10316,서울,2005-06-25,한,거,,54,김일성,일진코스메틱,478
10317,서울,2005-06-25,영,거,,53,김윤섭,김채겸,452
10318,서울,2005-06-25,한,거,,56,박원덕,이정원,426
10319,서울,2005-06-25,호,수,,53,곽영효,허영희,473
10320,서울,2005-06-25,한,수,,55,강윤식,이영숙,485
10321,서울,2005-06-25,미,수,,54,김택수,오호극,432
10322,서울,2005-06-25,한,수,,54,김병용,박성환,457
10323,서울,2005-06-25,한,수,,54,김순근,제주축산개발,393
10324,서울,2005-06-25,한,수,,54,강명준,김광영,450
10325,서울,2005-06-25,한,수,,54,강명준,이광수a,439
10326,서울,2005-06-25,한,수,,54,곽영효,양수화,474
10327,서울,2005-06-25,한,수,,54,김택수,허영희,413
10328,서울,2005-06-25,한,수,,53.5,지용훈,남기태,435
10329,서울,2005-06-25,한,수,,56.5,양재철,장철환,502
10330,서울,2005-06-25,호,암,,50,정지은,이영철,498
10331,서울,2005-06-25,한,암,,53,박덕준,백운창,404
10332,서울,2005-06-25,한,암,,53,이희영,김진태,430
10333,서울,2005-06-25,한,암,,53,김양선,서운석,445
10334,서울,2005-06-26,한,수,,51,신우철,최관식,430
10335,서울,2005-06-26,한,수,,57,김재복,전기섭,433
10336,서울,2005-06-26,호,수,,53,이인호,김방철,519
10337,서울,2005-06-26,한,수,,53,박진호,표순배,427
10338,서울,2005-06-26,미,수,,53,김문갑,이재욱,476
10339,서울,2005-06-26,한,수,,54,김점오,박흥길,523
10340,서울,2005-06-26,한,수,,51,강명준,변영남,492
10341,서울,2005-06-26,한,수,,54,윤치운,이기인,447
10342,서울,2005-06-26,한,수,,54,강승영,강남환,461
10343,서울,2005-06-26,한,수,,51,김점오,박준구,454
10344,서울,2005-06-26,한,수,,53,박종곤,김진엽,472
10345,서울,2005-06-26,한,수,,52,최혜식,박정열,448
10346,서울,2005-06-26,한,수,,53,김학수,정이남,435
10347,서울,2005-06-26,한,수,,54,임봉춘,지원철,437
10348,서울,2005-06-26,한,수,,52,박대흥,남승현,487
10349,서울,2005-06-26,한,수,,51,신우철,선우패션,473
10350,서울,2005-06-26,한,수,,51,신우철,박용훈,475
10351,서울,2005-06-26,한,수,,56,김점오,김덕환,471
10352,서울,2005-06-26,일,수,,53,이광복,유길상,486
10353,서울,2005-06-26,한,암,,50,신우철,안영환,483
10354,서울,2005-06-26,한,암,,53,강윤식,인원식,456
10355,서울,2005-06-26,한,암,,53,김순근,맹원재,447
10356,서울,2005-06-26,한,수,,54,이종구,서정훈,435
10357,서울,2005-06-26,한,수,,54,임봉춘,이선종,499
10358,서울,2005-06-26,한,수,,54,이희영,민영길,465
10359,서울,2005-06-26,한,수,,54,강명준,최효순,430
10360,서울,2005-06-26,한,수,,54,김충근,이광수,497
10361,서울,2005-06-26,한,거,,57,고옥봉,전좌식,473
10362,서울,2005-06-26,뉴,거,,55,최혜식,박태훈,460
10363,서울,2005-06-26,뉴,거,,53,최상식,장재형,442
10364,서울,2005-06-26,뉴,거,,53,서정하,구자선,443
10365,서울,2005-06-26,일,거,,52,박천서,지원철,453
10366,서울,2005-06-26,한,거,,55,박희철,장석린외1인(신치구),475
10367,서울,2005-06-26,한,거,,56,김대근,유병옥,436
10368,서울,2005-06-26,호,거,,51,지용훈,조용학,479
10369,서울,2005-06-26,한,거,,57,이희영,정규상,420
10370,서울,2005-06-26,한,거,,53,김명국,이재효,420
10371,서울,2005-06-26,한,수,,53,윤치운,김성두,469
10372,서울,2005-06-26,한,거,,51,김학수,정이남,389
10373,서울,2005-06-26,한,거,,57,하재흥,이용대,490
10374,서울,2005-06-26,한,거,,57,정지은,박찬준,491
10375,서울,2005-06-26,한,거,,55,박천서,천병득,477
10376,서울,2005-06-26,아일,거,,55,이인호,오만준,0
10377,서울,2005-06-26,한,거,,54,김대근,노병석,509
10378,서울,2005-06-26,한,수,,52,지용철,이수길,408
10379,서울,2005-06-26,한,수,,56,정지은,홍범기,429
10380,서울,2005-06-26,한,수,,51,안해양,강홍수,0
10381,서울,2005-06-26,한,수,,53,지용훈,이문철,457
10382,서울,2005-06-26,한,수,,53,박희철,오경의,445
10383,서울,2005-06-26,한,수,,56,신우철,이수근,468
10384,서울,2005-06-26,한,수,,54,고옥봉,전좌식,452
10385,서울,2005-06-26,한,수,,54,최상식,장재형,459
10386,서울,2005-06-26,한,수,,54,서범석,이재만,434
10387,서울,2005-06-26,한,수,,54,박원덕,이종석,438
10388,서울,2005-06-26,한,수,,54,김윤섭,심상춘,476
10389,서울,2005-06-26,한,수,,54,최영주,반승일,468
10390,서울,2005-06-26,한,수,,54,한일영,홍영대,484
10391,서울,2005-06-26,한,수,,52,강윤식,박승만,470
10392,서울,2005-06-26,한,수,,51,최상식,조동식,550
10393,서울,2005-06-26,호,암,,54.5,정지은,권광세,476
10394,서울,2005-06-26,한,암,,53.5,김윤섭,심상춘,452
10395,서울,2005-06-26,한,암,,56,최영주,권영원,441
10396,서울,2005-06-26,한,암,,54,이희영,김연호,411
10397,서울,2005-06-26,일,암,,51,박진호,박효봉,455
10398,서울,2005-06-26,미,암,,52.5,안해양,김휘남,466
10399,서울,2005-06-26,한,암,,53,이용준,김종욱,463
10400,서울,2005-06-26,한,암,,53,박흥진,김성두,428
10401,서울,2005-06-26,일,암,,50,박진호,이재원,476
10402,서울,2005-06-26,미,암,,53,정지은,청호컴넷(주),448
10403,서울,2005-06-26,한,암,,53,임형규,신동호,429
10404,서울,2005-06-26,한,암,,54,김일성,이종복,420
10405,서울,2005-06-26,뉴,암,,53,이광복,서순배,438
10406,서울,2005-06-26,한,암,,52,유재길,박용훈,480
10407,서울,2005-06-26,한,암,,53,이희영,노승구,404
10408,서울,2005-06-26,한,암,,50,강윤식,이영숙,416
10409,서울,2005-06-26,한,암,,53,김점오,김덕환,453
10410,서울,2005-06-26,호,암,,54,지용철,이근우,443
10411,서울,2005-06-26,한,암,,53,이인호,신성철,428
10412,서울,2005-06-26,한,암,,54,임봉춘,권태우,442
10413,서울,2005-06-26,한,암,,54,윤치운,김용원,436
10414,서울,2005-06-26,한,암,,52,박대흥,오준석,444
10415,서울,2005-06-26,한,암,,53,김명국,박양호,427
10416,서울,2005-06-26,한,암,,53,김충근,이광수,453
10417,서울,2005-06-26,한,암,,51,박흥진,장경환,424
10418,서울,2005-06-26,미,암,,51,최혜식,은희만,464
10419,서울,2005-06-26,한,거,,56,김명국,김용상,492
10420,서울,2005-06-26,한,거,,48,김명국,이태식,493
10421,서울,2005-06-26,뉴,거,,53.5,이종구,최인재,479
10422,서울,2005-06-26,호,거,,54,최혜식,박용훈,515
10423,서울,2005-06-26,한,거,,56,김순근,이윤화,478
10424,서울,2005-06-26,한,암,,53,임봉춘,서영석,437
10425,서울,2005-06-26,한,암,,52,강명준,변영남,462
10426,서울,2005-06-26,한,거,,53,강명준,이광수a,460
10427,서울,2005-06-26,한,거,,52,박천서,천병득,448
10428,서울,2005-06-26,한,거,,56,박대흥,청호컴넷(주),486
10429,서울,2005-06-26,한,거,,56,강명준,양길순,460
10430,서울,2005-06-26,한,거,,52,이광복,이필승,438
10431,서울,2005-06-26,미,거,,51,김양선,오해석,493
10432,서울,2005-06-26,인,거,,56.5,서범석,서순배,522
10433,서울,2005-06-26,한,수,,52,최영주,박요선,448
10434,서울,2005-06-26,한,거,,54,양재철,박현종,426
10435,서울,2005-06-26,뉴,거,,52,박천서,박태훈,465
10436,서울,2005-06-26,한,수,,56,박흥진,김도윤,505
10437,서울,2005-06-26,미,암,,57,김택수,김진철,448
10438,서울,2005-06-26,한,거,,54,최혜식,박정열,438
10439,서울,2005-06-26,한,거,,53,최영주,신영균,442
10440,서울,2005-06-26,뉴,암,,54,김순근,서운석,465
10441,서울,2005-06-26,한,수,,52,지용훈,이선호,530
10442,서울,2005-06-26,미,수,,55,김양선,구자선,512
10443,서울,2005-06-26,한,수,,55,윤치운,제주축협,453
10444,서울,2005-06-26,한,수,,54,박윤규,박상헌,441
10445,서울,2005-06-26,한,수,,51,지용철,곽태훈,485
10446,서울,2005-06-26,한,암,,55,김춘근,남웅종,472
10447,서울,2005-06-26,한,암,,52,김일성,류근상,466
10448,서울,2005-06-26,미,암,,54,서범석,문금주,506
10449,서울,2005-06-26,한,암,,50,최상식,박기흥,474
10450,서울,2005-06-26,한,암,,52,고옥봉,오일랑,479
10451,서울,2005-06-26,한,암,,51,박천서,김우창,417
10452,서울,2005-06-26,한,암,,53,김문갑,김성두,451
10453,서울,2005-06-26,한,암,,53,김대근,김진구,440
10454,서울,2005-06-26,미,암,,54,김양선,방승부,468
10455,서울,2005-06-26,한,암,,51,박흥진,최동천,479
10456,서울,2005-06-26,미,암,,53,이종구,정진태,462
10457,서울,2005-06-26,한,암,,55,윤치운,남귀현,434
10458,서울,2005-06-26,한,암,,52,고옥봉,윤해영,414
10459,서울,2005-06-26,한,암,,51,김택수,김봉조,459
10460,서울,2005-07-02,한,암,,53.5,고옥봉,정병조,457
10461,서울,2005-07-02,한,암,,52,박천서,박엽래,464
10462,서울,2005-07-02,한,거,,54,박흥진,이용대,431
10463,서울,2005-07-02,뉴,거,,55,김재복,정이남,442
10464,서울,2005-07-02,한,거,,55,김대근,노병석,500
10465,서울,2005-07-02,한,거,,52,이용준,김명식,440
10466,서울,2005-07-02,한,암,,54,하재흥,김경민,430
10467,서울,2005-07-02,한,암,,53,김양선,김종철,403
10468,서울,2005-07-02,한,암,,54,안해양,김휘남,478
10469,서울,2005-07-02,미,암,,54,박원덕,이정원,426
10470,서울,2005-07-02,호,암,,50,최상식,장재형,404
10471,서울,2005-07-02,한,암,,55,김춘근,이동언,463
10472,서울,2005-07-02,한,암,,54,김병용,송근철,427
10473,서울,2005-07-02,한,암,,53,고옥봉,김완배,418
10474,서울,2005-07-02,호,암,,53,김점오,박준구,391
10475,서울,2005-07-02,일,암,,54,김순근,최상경,456
10476,서울,2005-07-02,한,암,,54,박종곤,박재범,454
10477,서울,2005-07-02,한,암,,53,박희철,김방철,415
10478,서울,2005-07-02,한,암,,54,이희영,박환창,444
10479,서울,2005-07-02,한,암,,54,김순근,김상태,446
10480,서울,2005-07-02,한,암,,51,김양선,정이남,433
10481,서울,2005-07-02,한,암,,54,김춘근,이연택,448
10482,서울,2005-07-02,한,암,,51,지용훈,이선호,460
10483,서울,2005-07-02,한,암,,57,곽영효,양수화,457
10484,서울,2005-07-02,한,암,,51,김충근,이재호,474
10485,서울,2005-07-02,한,암,,52,강승영,신상길,441
10486,서울,2005-07-02,한,암,,53,박종곤,박재범,418
10487,서울,2005-07-02,한,암,,54,황의성,이영서,423
10488,서울,2005-07-02,한,수,,55,박덕준,허헌회,457
10489,서울,2005-07-02,한,암,,54,이희영,박환창,408
10490,서울,2005-07-02,한,수,,57,김점오,유순목,453
10491,서울,2005-07-02,한,수,,55,하재흥,신동열,507
10492,서울,2005-07-02,한,수,,55,김대근,한일사료,436
10493,서울,2005-07-02,한,수,,54,임봉춘,이주형,516
10494,서울,2005-07-02,한,수,,56,최영주,최상태,450
10495,서울,2005-07-02,한,암,,56,최영주,김노식,463
10496,서울,2005-07-02,한,암,,54,김점오,박종호,460
10497,서울,2005-07-02,한,거,,54,고옥봉,이기선,454
10498,서울,2005-07-02,한,암,,55,정지은,이부용,452
10499,서울,2005-07-02,한,암,,54,유재길,박용훈,435
10500,서울,2005-07-02,한,수,,51,양재철,임관호,471
10501,서울,2005-07-02,한,수,,55,이용준,신영식,535
10502,서울,2005-07-02,한,암,,54,김양선,김종철,431
10503,서울,2005-07-02,뉴,암,,53,서범석,문금주,447
10504,서울,2005-07-02,한,거,,56.5,김대근,유병옥,472
10505,서울,2005-07-02,한,암,,54,김택수,조동식,429
10506,서울,2005-07-02,한,암,,51,김양선,홍평우,424
10507,서울,2005-07-02,한,암,,50,이광복,최건호,433
10508,서울,2005-07-02,한,암,,54,김대근,노병석,427
10509,서울,2005-07-02,한,암,,54,박덕준,나정웅,0
10510,서울,2005-07-02,한,암,,50,이희영,곽영필,434
10511,서울,2005-07-02,한,수,,51,김택수,정영채,437
10512,서울,2005-07-02,한,수,,54,하재흥,이유환,469
10513,서울,2005-07-02,일,수,,52,박진호,함운일,429
10514,서울,2005-07-02,한,수,,57,김택수,김양호,465
10515,서울,2005-07-02,뉴,수,,54,정지은,김지훈,448
10516,서울,2005-07-02,한,수,,55,김충근,이광수,512
10517,서울,2005-07-02,한,수,,55,안해양,윤여운,482
10518,서울,2005-07-02,한,수,,55,김택수,장철환,455
10519,서울,2005-07-02,한,수,,51,고옥봉,김용원,416
10520,서울,2005-07-02,한,수,,54,지용철,황의영,431
10521,서울,2005-07-02,한,수,,55,김명국,이태식,503
10522,서울,2005-07-02,한,수,,55,이희영,정규상,458
10523,서울,2005-07-02,한,수,,55,이희영,권태우,468
10524,서울,2005-07-02,한,수,,55,유재길,권영탁,450
10525,서울,2005-07-02,한,수,,52,고옥봉,오일랑,476
10526,서울,2005-07-02,한,수,,53,강승영,강남환,427
10527,서울,2005-07-02,한,수,,52,신우철,김덕애,436
10528,서울,2005-07-02,한,수,,55,안해양,김휘남,479
10529,서울,2005-07-02,한,수,,52,최영주,반승일,430
10530,서울,2005-07-02,한,수,,55.5,이광복,대일화학,521
10531,서울,2005-07-02,한,수,,54,박대흥,지대섭,468
10532,서울,2005-07-02,한,수,,55,안해양,윤영기,474
10533,서울,2005-07-02,인,수,,52,이광복,임기준,426
10534,서울,2005-07-02,한,수,,55,신우철,김현래,504
10535,서울,2005-07-02,한,수,,53,박대흥,남승현,520
10536,서울,2005-07-02,한,수,,55,김춘근,이선종,484
10537,서울,2005-07-02,한,수,,57,박흥진,이용대,463
10538,서울,2005-07-02,한,수,,52,지용훈,조용학,469
10539,서울,2005-07-02,미,수,,53,김문갑,김서운,477
10540,서울,2005-07-02,한,거,,51,김일성,강태은,482
10541,서울,2005-07-02,한,거,,53,박대흥,최애식,429
10542,서울,2005-07-02,한,거,,55,김명국,김진철,436
10543,서울,2005-07-02,한,거,,56,최영주,신항철,456
10544,서울,2005-07-02,한,거,,53,박대흥,정일권,428
10545,서울,2005-07-02,한,거,,56,박원덕,박정웅,433
10546,서울,2005-07-02,한,거,,55,황의성,이영서,462
10547,서울,2005-07-02,한,거,,51,김점오,박환창,452
10548,서울,2005-07-02,한,수,,55,김점오,박영철,463
10549,서울,2005-07-02,한,수,,57,유재길,허병하,453
10550,서울,2005-07-02,한,수,,55,정지은,에쓰푸드홀딩스(주),451
10551,서울,2005-07-02,한,수,,55,박종곤,박재범,533
10552,서울,2005-07-02,한,수,,54,박희철,김병현,507
10553,서울,2005-07-02,뉴,수,,54,김명국,박양호,445
10554,서울,2005-07-02,한,수,,56,강명준,이광수a,457
10555,서울,2005-07-02,한,수,,55,박원덕,이정원,485
10556,서울,2005-07-02,한,수,,53,강승영,오호극,413
10557,서울,2005-07-02,한,수,,51,박진호,명인환,491
10558,서울,2005-07-02,한,암,,54,곽영효,권광세,447
10559,서울,2005-07-02,한,암,,53,김재복,조병해,498
10560,서울,2005-07-02,한,암,,54,박윤규,권오학,451
10561,서울,2005-07-02,한,암,,54,김양선,김종철,462
10562,서울,2005-07-02,한,암,,54,김명국,김진철,443
10563,서울,2005-07-02,한,암,,54,강명준,양길순,454
10564,서울,2005-07-02,한,암,,55,김양선,김종철,435
10565,서울,2005-07-02,한,암,,51,신우철,김덕애,417
10566,서울,2005-07-02,한,암,,53,고옥봉,오일랑,400
10567,서울,2005-07-02,한,암,,54,최영주,변영남,407
10568,서울,2005-07-02,한,암,,53,김학수,김완배,447
10569,서울,2005-07-02,한,암,,53,고옥봉,김각경,430
10570,서울,2005-07-02,한,거,,52,김윤섭,김연호,453
10571,서울,2005-07-02,한,암,,52,임봉춘,박종률,446
10572,서울,2005-07-02,한,거,,52,고옥봉,전좌식,477
10573,서울,2005-07-03,한,수,,54,지용철,이근우,427
10574,서울,2005-07-03,한,수,,53,고옥봉,이기선,450
10575,서울,2005-07-03,한,수,,53,정지은,이부용,473
10576,서울,2005-07-03,한,수,,54,이용준,김명식,500
10577,서울,2005-07-03,한,수,,52,하재흥,신동열,446
10578,서울,2005-07-03,한,수,,57,김충근,이광수,485
10579,서울,2005-07-03,한,수,,55,윤치운,오금자,459
10580,서울,2005-07-03,한,수,,55,김대근,최상섭,457
10581,서울,2005-07-03,미,수,,55,한일영,홍영대,493
10582,서울,2005-07-03,미,수,,58,양재철,임관호,480
10583,서울,2005-07-03,한,수,,57,김윤섭,한광세,456
10584,서울,2005-07-03,한,수,,51,강승영,권영원,461
10585,서울,2005-07-03,한,수,,52,김병용,송근철,418
10586,서울,2005-07-03,한,수,,55,임형규,정수남,471
10587,서울,2005-07-03,한,수,,51,지용훈,이선호,455
10588,서울,2005-07-03,한,수,,52,박진호,이재원,463
10589,서울,2005-07-03,한,수,,55,박흥진,유준환,449
10590,서울,2005-07-03,한,수,,57,최상식,장재형,451
10591,서울,2005-07-03,한,수,,53,서정하,김방철,486
10592,서울,2005-07-03,한,수,,52,정지은,청호컴넷(주),467
10593,서울,2005-07-03,한,수,,53,최상식,장현종,450
10594,서울,2005-07-03,한,암,,51,최영주,이영욱a,445
10595,서울,2005-07-03,한,거,,52,임봉춘,이선종,456
10596,서울,2005-07-03,한,거,,52,박대흥,남승현,467
10597,서울,2005-07-03,한,거,,58,김대근,김정규,479
10598,서울,2005-07-03,뉴,거,,55,임봉춘,서정훈,432
10599,서울,2005-07-03,뉴,거,,57,박덕준,백운창,468
10600,서울,2005-07-03,한,거,,56,최상식,장재형,458
10601,서울,2005-07-03,일,거,,55,하재흥,김웅세,437
10602,서울,2005-07-03,한,수,,53,배휴준,지성한,446
10603,서울,2005-07-03,한,수,,57,김점오,박영철,477
10604,서울,2005-07-03,한,수,,58,이인호,오만준,479
10605,서울,2005-07-03,한,수,,55,지용철,황의영,476
10606,서울,2005-07-03,한,수,,55,김점오,박남성,461
10607,서울,2005-07-03,한,수,,55,박희철,진재순,479
10608,서울,2005-07-03,한,수,,57,김춘근,김한영,457
10609,서울,2005-07-03,미,수,,57,김문갑,어울림네트웍스,477
10610,서울,2005-07-03,한,수,,55,김학수,박남성,411
10611,서울,2005-07-03,한,수,,51,박진호,함운일,434
10612,서울,2005-07-03,한,수,,55,양재철,김종화,498
10613,서울,2005-07-03,한,수,,54.5,박흥진,변영남,440
10614,서울,2005-07-03,한,수,,55,이광복,유길상,457
10615,서울,2005-07-03,한,수,,57,지용철,우쾌제,480
10616,서울,2005-07-03,한,수,,50,박진호,정동진,462
10617,서울,2005-07-03,한,수,,51,지용철,이수길,502
10618,서울,2005-07-03,한,수,,55,최영주,김광영,437
10619,서울,2005-07-03,한,암,,51,박흥진,송용식,396
10620,서울,2005-07-03,한,암,,54,김일성,일진코스메틱,485
10621,서울,2005-07-03,한,암,,55,안해양,김완배,397
10622,서울,2005-07-03,한,암,,55,박희철,조원희,461
10623,서울,2005-07-03,한,암,,54,최혜식,배석두,429
10624,서울,2005-07-03,한,암,,54,김재복,전기섭,443
10625,서울,2005-07-03,한,암,,54,유재길,박종률,435
10626,서울,2005-07-03,한,암,,52,임봉춘,권영탁,494
10627,서울,2005-07-03,한,암,,53,박흥진,장경환,452
10628,서울,2005-07-03,한,암,,53,지용철,김우창,459
10629,서울,2005-07-03,한,암,,55,윤치운,오금자,438
10630,서울,2005-07-03,한,암,,53,김대근,김정규,445
10631,서울,2005-07-03,한,암,,54,박원덕,이종석,436
10632,서울,2005-07-03,뉴,암,,55,서범석,문금주,482
10633,서울,2005-07-03,뉴,거,,54,박윤규,이수홍,454
10634,서울,2005-07-03,미,암,,51,양재철,이석태,445
10635,서울,2005-07-03,한,암,,52,유재길,송근철,446
10636,서울,2005-07-03,한,거,,56,김양선,이항진,437
10637,서울,2005-07-03,한,암,,54,이인호,서익수,435
10638,서울,2005-07-03,한,암,,54,박진호,김우창,472
10639,서울,2005-07-03,한,암,,51,김일성,일진코스메틱,422
10640,서울,2005-07-03,한,거,,57,김윤섭,진교원,451
10641,서울,2005-07-03,한,거,,57,김점오,김창희,464
10642,서울,2005-07-03,한,거,,52,박덕준,백운창,435
10643,서울,2005-07-03,뉴,거,,56,김재복,양길순,431
10644,서울,2005-07-03,한,암,,51,임봉춘,정규상,452
10645,서울,2005-07-03,한,암,,53,강명준,김광영,412
10646,서울,2005-07-03,한,암,,51,양재철,김기성,403
10647,서울,2005-07-03,한,암,,52,이용준,신영식,451
10648,서울,2005-07-03,한,암,,52,유재길,허병하,434
10649,서울,2005-07-03,한,암,,51,임봉춘,박상선,451
10650,서울,2005-07-03,한,암,,55,박희철,김병현,402
10651,서울,2005-07-03,미,암,,52,이종구,정진태,390
10652,서울,2005-07-03,한,암,,54,최상식,임우근,417
10653,서울,2005-07-03,한,암,,54,황의성,최창걸,460
10654,서울,2005-07-03,한,암,,51,임형규,신동호,458
10655,서울,2005-07-03,한,암,,52,김택수,이희연,452
10656,서울,2005-07-03,한,암,,53,김병용,박흥길,446
10657,서울,2005-07-03,한,암,,52,이종구,김기영,443
10658,서울,2005-07-03,한,암,,51,김명국,이태식,498
10659,서울,2005-07-03,한,암,,50,안해양,이상홍,447
10660,서울,2005-07-03,한,거,,52,김명국,김진철,470
10661,서울,2005-07-03,한,수,,54,이용준,김종욱,467
10662,서울,2005-07-03,한,수,,52,정지은,홍범기,420
10663,서울,2005-07-03,한,수,,54,곽영효,김기용,479
10664,서울,2005-07-03,한,수,,55,최영주,신항철,475
10665,서울,2005-07-03,한,수,,57,하재흥,신동열,475
10666,서울,2005-07-03,한,수,,58,윤치운,유영주,481
10667,서울,2005-07-03,한,암,,54,김순근,김순주,433
10668,서울,2005-07-03,한,암,,50,서범석,장철환,468
10669,서울,2005-07-03,뉴,암,,54,박원덕,이일구,428
10670,서울,2005-07-03,한,암,,54,이희영,이상용,426
10671,서울,2005-07-03,한,암,,51,김재복,김병묵,472
10672,서울,2005-07-03,한,거,,52,김명국,이태식,468
10673,서울,2005-07-03,한,암,,53,강승영,정이남,449
10674,서울,2005-07-03,한,거,,52,임형규,정수남,412
10675,서울,2005-07-03,한,거,,54,박대흥,최애식,483
10676,서울,2005-07-03,한,암,,52,박대흥,최춘섭,450
10677,서울,2005-07-03,미,암,,55,김문갑,김서운,463
10678,서울,2005-07-03,뉴,거,,57,이종구,서정훈,456
10679,서울,2005-07-03,한,거,,55,박종곤,김정배,434
10680,서울,2005-07-03,한,암,,54,고옥봉,박성구,464
10681,서울,2005-07-03,한,암,,53.5,이용준,김우창,443
10682,서울,2005-07-03,한,암,,53,고옥봉,이태인,449
10683,서울,2005-07-03,한,암,,52,서정하,변영남,423
10684,서울,2005-07-03,한,암,,54,박덕준,김영철,435
10685,서울,2005-07-03,한,암,,54,박진호,김우창,483
10686,서울,2005-07-03,한,암,,55,임봉춘,김대권,515
10687,서울,2005-07-03,한,암,,52,이종구,이영웅,423
10688,서울,2005-07-03,한,암,,54,하재흥,김영수,445
10689,서울,2005-07-09,한,암,,53,정지은,노환영,430
10690,서울,2005-07-09,미,거,,55,김문갑,이재욱,453
10691,서울,2005-07-09,미,암,,49,한일영,대한사료,483
10692,서울,2005-07-09,한,암,,51,최상식,장재형,464
10693,서울,2005-07-09,한,암,,51,고옥봉,정병조,449
10694,서울,2005-07-09,일,암,,54,황의성,신건호,441
10695,서울,2005-07-09,한,암,,54,김양선,정세능,445
10696,서울,2005-07-09,한,암,,54,박원덕,이효선,433
10697,서울,2005-07-09,일,암,,50,최영주,장석린외1인(신치구),448
10698,서울,2005-07-09,한,암,,53,김택수,김봉조,457
10699,서울,2005-07-09,한,암,,51,양재철,한광희,448
10700,서울,2005-07-09,미,암,,53,김순근,원흥순,457
10701,서울,2005-07-09,한,암,,48,박천서,천병득,437
10702,서울,2005-07-09,한,암,,55,이종구,박정록,479
10703,서울,2005-07-09,한,암,,55,유재길,이동재,455
10704,서울,2005-07-09,한,암,,51,배휴준,지성한,471
10705,서울,2005-07-09,미,암,,54,이종구,유수택,453
10706,서울,2005-07-09,한,암,,55,고옥봉,이기선,484
10707,서울,2005-07-09,한,암,,52,양재철,임관호,393
10708,서울,2005-07-09,한,암,,52,김명국,김명식,450
10709,서울,2005-07-09,일,암,,54,김순근,최상경,477
10710,서울,2005-07-09,한,암,,54,이종구,백종헌,467
10711,서울,2005-07-09,한,암,,53,서범석,송숙자,436
10712,서울,2005-07-09,한,암,,54,김학수,전기섭,430
10713,서울,2005-07-09,한,암,,56,김병용,정몽규,445
10714,서울,2005-07-09,한,암,,54,김명국,풀무원건강식품(주),482
10715,서울,2005-07-09,일,암,,54,최혜식,조진환,460
10716,서울,2005-07-09,한,암,,51,김대근,노병석,431
10717,서울,2005-07-09,뉴,거,,54,김학수,박흥길,457
10718,서울,2005-07-09,한,수,,53,신우철,안영환,0
10719,서울,2005-07-09,한,암,,54,고옥봉,장홍주,444
10720,서울,2005-07-09,한,암,,54,박원덕,이종석,468
10721,서울,2005-07-09,미,수,,54,김문갑,어울림네트웍스,482
10722,서울,2005-07-09,한,수,,55,윤치운,윤문수,487
10723,서울,2005-07-09,한,암,,54,최상식,장재형,451
10724,서울,2005-07-09,한,암,,54,이광복,신항식,455
10725,서울,2005-07-09,한,암,,54,박윤규,이수홍,441
10726,서울,2005-07-09,한,암,,52,곽영효,강용식,486
10727,서울,2005-07-09,한,암,,53,임봉춘,이주형,462
10728,서울,2005-07-09,미,암,,55,박대흥,정일권,456
10729,서울,2005-07-09,한,암,,52,김병용,송근철,436
10730,서울,2005-07-09,한,암,,54,박덕준,백운창,401
10731,서울,2005-07-09,한,암,,50,임봉춘,이주형,471
10732,서울,2005-07-09,한,암,,54,황의성,박상선,419
10733,서울,2005-07-09,한,암,,52,정지은,홍범기,453
10734,서울,2005-07-09,한,수,,54,박대흥,김희라,465
10735,서울,2005-07-09,한,수,,56,박덕준,장수영,436
10736,서울,2005-07-09,한,수,,55,김일성,강태은,486
10737,서울,2005-07-09,한,수,,55,김문갑,김서운,428
10738,서울,2005-07-09,한,수,,55,김대근,유병옥,495
10739,서울,2005-07-09,한,수,,55,하재흥,김영수,444
10740,서울,2005-07-09,한,수,,55,박윤규,김신태,495
10741,서울,2005-07-09,한,수,,55,김학수,김정근,436
10742,서울,2005-07-09,한,수,,53,강승영,한선호,421
10743,서울,2005-07-09,한,수,,52,임형규,정수남,454
10744,서울,2005-07-09,한,수,,55,박종곤,곽영진,469
10745,서울,2005-07-09,한,수,,55,박대흥,지대섭,465
10746,서울,2005-07-09,한,수,,51,박흥진,김도윤,417
10747,서울,2005-07-09,한,수,,52.5,김일성,조승민,440
10748,서울,2005-07-09,한,수,,56,최상식,최춘섭,462
10749,서울,2005-07-09,미,수,,52,김점오,박환창,485
10750,서울,2005-07-09,미,수,,53,지용철,안대종,510
10751,서울,2005-07-09,한,수,,55,최혜식,박상선,461
10752,서울,2005-07-09,한,수,,52,김윤섭,김채겸,485
10753,서울,2005-07-09,호,거,,54,박덕준,나정웅,487
10754,서울,2005-07-09,한,수,,57,유재길,진교원,456
10755,서울,2005-07-09,한,암,,54,김충근,허건호,456
10756,서울,2005-07-09,한,수,,56,김윤섭,김채겸,472
10757,서울,2005-07-09,한,거,,55,김대근,노병석,403
10758,서울,2005-07-09,뉴,거,,57,최혜식,박상선,458
10759,서울,2005-07-09,뉴,거,,58,하재흥,이상오,454
10760,서울,2005-07-09,한,거,,51,박흥진,김도윤,446
10761,서울,2005-07-09,한,거,,52,김명국,월곡목장영농조합,420
10762,서울,2005-07-09,한,거,,55.5,곽영효,전영채,448
10763,서울,2005-07-09,미,거,,51,서정하,김방철,506
10764,서울,2005-07-09,한,거,,52,고옥봉,정병조,469
10765,서울,2005-07-09,한,거,,56,김대근,최상섭,454
10766,서울,2005-07-09,호,거,,51,김춘근,이선종,418
10767,서울,2005-07-09,뉴,거,,52,박진호,명인환,516
10768,서울,2005-07-09,한,거,,53,이희영,이주형,459
10769,서울,2005-07-09,한,수,,52,최영주,박선주,462
10770,서울,2005-07-09,한,수,,55,임봉춘,이주형,436
10771,서울,2005-07-09,한,수,,55,김점오,김창희,465
10772,서울,2005-07-09,미,수,,57,이용준,임기준,492
10773,서울,2005-07-09,한,수,,54.5,지용훈,이민문,488
10774,서울,2005-07-09,한,수,,54,강승영,한선호,432
10775,서울,2005-07-09,한,수,,55,최영주,신항철,437
10776,서울,2005-07-09,한,수,,57,강명준,유무성,468
10777,서울,2005-07-09,한,수,,57,이인호,권영술,477
10778,서울,2005-07-09,한,수,,57,최혜식,박태훈,455
10779,서울,2005-07-09,한,암,,54,박윤규,장석린외1인(신치구),437
10780,서울,2005-07-09,일,암,,54,김춘근,신준희,440
10781,서울,2005-07-09,한,암,,54,박원덕,이정원,461
10782,서울,2005-07-09,한,암,,54,박흥진,제주축협,467
10783,서울,2005-07-09,미,암,,53,김문갑,이재욱,447
10784,서울,2005-07-09,한,암,,52,강명준,배일성,418
10785,서울,2005-07-09,미,암,,53,김일성,일진코스메틱,478
10786,서울,2005-07-09,한,암,,53,지용훈,이문철,467
10787,서울,2005-07-09,한,암,,54,최혜식,이종원,424
10788,서울,2005-07-09,한,암,,54,김점오,김창희,499
10789,서울,2005-07-09,한,거,,55,안해양,최동천,429
10790,서울,2005-07-09,미,거,,52,이종구,정진태,481
10791,서울,2005-07-09,미,거,,57,김양선,이항진,444
10792,서울,2005-07-09,한,암,,54,황의성,서민석,415
10793,서울,2005-07-09,한,암,,54,지용훈,이민문,432
10794,서울,2005-07-09,한,암,,48,윤치운,안응수,466
10795,서울,2005-07-10,한,수,,57,서범석,신준수,448
10796,서울,2005-07-10,일,수,,55,최영주,신항철,480
10797,서울,2005-07-10,한,수,,55,박윤규,박상헌,429
10798,서울,2005-07-10,한,수,,52,윤치운,오상철,512
10799,서울,2005-07-10,한,수,,52,임형규,서상주,449
10800,서울,2005-07-10,일,수,,57,박진호,명인환,502
10801,서울,2005-07-10,한,수,,57,윤치운,유영주,487
10802,서울,2005-07-10,한,수,,54,박희철,김수경,449
10803,서울,2005-07-10,한,수,,55,지용철,강성보,451
10804,서울,2005-07-10,미,수,,55,이종구,박정록,543
10805,서울,2005-07-10,한,수,,51,이광복,최건호,534
10806,서울,2005-07-10,한,수,,55,박덕준,허헌회,489
10807,서울,2005-07-10,한,수,,58,김병용,김명자,476
10808,서울,2005-07-10,한,암,,49,신우철,김병현,452
10809,서울,2005-07-10,한,암,,52,임봉춘,권태우,437
10810,서울,2005-07-10,한,수,,55,양재철,박현종,450
10811,서울,2005-07-10,한,암,,51,지용훈,조용학,449
10812,서울,2005-07-10,한,암,,54,김문갑,어울림네트웍스,452
10813,서울,2005-07-10,미,암,,53,김문갑,박용오,426
10814,서울,2005-07-10,미,수,,58,박대흥,최애식,506
10815,서울,2005-07-10,미,수,,53,하재흥,이종철,504
10816,서울,2005-07-10,한,암,,53,이용준,임기준,447
10817,서울,2005-07-10,한,암,,55,박천서,천병득,472
10818,서울,2005-07-10,미,거,,51,김양선,구자선,492
10819,서울,2005-07-10,한,거,,53,박희철,서정훈,483
10820,서울,2005-07-10,미,거,,57,지용철,안대종,479
10821,서울,2005-07-10,미,거,,53,배휴준,지성한,420
10822,서울,2005-07-10,미,거,,55,김춘근,김한영,492
10823,서울,2005-07-10,미,거,,52,김택수,박장수,450
10824,서울,2005-07-10,뉴,거,,56,서범석,박남성,473
10825,서울,2005-07-10,한,거,,55,박흥진,최효순,445
10826,서울,2005-07-10,미,거,,52,김순근,이윤화,439
10827,서울,2005-07-10,한,거,,54,유재길,월곡목장영농조합,428
10828,서울,2005-07-10,한,거,,53,임봉춘,박종률,481
10829,서울,2005-07-10,미,거,,53,김일성,임상윤,458
10830,서울,2005-07-10,한,거,,54,최영주,신영균,445
10831,서울,2005-07-10,미,거,,54.5,김학수,박남성,510
10832,서울,2005-07-10,미,거,,56,박천서,정일권,487
10833,서울,2005-07-10,한,거,,54.5,고옥봉,김길중,467
10834,서울,2005-07-10,미,거,,57,김윤섭,한광세,451
10835,서울,2005-07-10,한,거,,55,김명국,코스틸,455
10836,서울,2005-07-10,미,거,,56,박윤규,신길우,439
10837,서울,2005-07-10,미,거,,54,김명국,오호극,511
10838,서울,2005-07-10,미,거,,53,김재복,김종한,480
10839,서울,2005-07-10,한,수,,55,이종구,백종헌,457
10840,서울,2005-07-10,한,수,,54,강승영,강남환,468
10841,서울,2005-07-10,미,수,,58,곽영효,양수화,482
10842,서울,2005-07-10,한,수,,54,최혜식,이종원,467
10843,서울,2005-07-10,한,수,,55,김순근,이재만,446
10844,서울,2005-07-10,한,수,,55,김춘근,이연택,472
10845,서울,2005-07-10,한,수,,55,김점오,이송,475
10846,서울,2005-07-10,한,수,,53,이희영,정규상,457
10847,서울,2005-07-10,한,수,,55,김윤섭,김준일,461
10848,서울,2005-07-10,한,암,,51,김양선,이항진,400
10849,서울,2005-07-10,한,암,,53,양재철,박현종,456
10850,서울,2005-07-10,한,암,,53,유재길,박종률,470
10851,서울,2005-07-10,한,암,,51,유재길,허병하,476
10852,서울,2005-07-10,한,암,,54,김윤섭,김채겸,464
10853,서울,2005-07-10,한,암,,52,정지은,이부용,434
10854,서울,2005-07-10,한,암,,52,배휴준,박승만,464
10855,서울,2005-07-10,한,암,,54,김충근,정화섭,462
10856,서울,2005-07-10,한,암,,54,이희영,이상용,438
10857,서울,2005-07-10,한,암,,52,박대흥,김희라,443
10858,서울,2005-07-10,한,암,,54,서범석,신준수,488
10859,서울,2005-07-10,한,암,,51,이광복,장춘희,430
10860,서울,2005-07-10,한,암,,51,박흥진,김도윤,420
10861,서울,2005-07-10,한,암,,56,김재복,조규학,401
10862,서울,2005-07-10,한,암,,55,김점오,김창희,476
10863,서울,2005-07-10,한,암,,53,박대흥,남승현,416
10864,서울,2005-07-10,한,암,,54,이희영,이종원,491
10865,서울,2005-07-10,한,암,,51,유재길,허병하,411
10866,서울,2005-07-10,한,암,,54,김명국,김진철,434
10867,서울,2005-07-10,한,암,,52,정지은,최여경,418
10868,서울,2005-07-10,한,암,,52,박천서,천병득,462
10869,서울,2005-07-10,한,암,,49,김재복,조규학,410
10870,서울,2005-07-10,한,암,,54,박대흥,오준석,449
10871,서울,2005-07-10,미,암,,51,김재복,전기섭,462
10872,서울,2005-07-10,한,암,,57,한일영,대한사료,436
10873,서울,2005-07-10,한,암,,52,지용철,김우창,419
10874,서울,2005-07-10,한,암,,54,박덕준,서승린,450
10875,서울,2005-07-10,한,거,,51,김대근,유병옥,450
10876,서울,2005-07-10,한,암,,53,박희철,김경민,459
10877,서울,2005-07-10,한,암,,55,안해양,윤여운,434
10878,서울,2005-07-10,한,암,,52,서정하,구자선,475
10879,서울,2005-07-10,미,암,,53,최혜식,우두헌,447
10880,서울,2005-07-10,한,거,,55,박윤규,장석린외1인(신치구),499
10881,서울,2005-07-10,한,수,,55,강명준,김길중,454
10882,서울,2005-07-10,한,수,,57,김윤섭,김채겸,477
10883,서울,2005-07-10,한,암,,55,하재흥,김문환a,462
10884,서울,2005-07-10,호,암,,53,윤치운,민영길,460
10885,서울,2005-07-10,한,거,,54,박희철,월곡목장영농조합,469
10886,서울,2005-07-10,뉴,거,,50,정지은,청호컴넷(주),506
10887,서울,2005-07-10,한,수,,53,고옥봉,김용원,417
10888,서울,2005-07-10,한,수,,57,김양선,정세능,486
10889,서울,2005-07-10,한,수,,54,신우철,선우패션,491
10890,서울,2005-07-10,미,거,,54,양재철,박현종,470
10891,서울,2005-07-10,한,암,,51,김명국,박환창,430
10892,서울,2005-07-10,한,암,,55,윤치운,오상철,442
10893,서울,2005-07-10,한,암,,52,박천서,김우창,418
10894,서울,2005-07-10,한,암,,52,황의성,조병용,453
10895,서울,2005-07-10,한,암,,54,김윤섭,박정열,424
10896,서울,2005-07-10,한,암,,54,김순근,최상경,397
10897,서울,2005-07-10,한,암,,54,이희영,곽영필,482
10898,서울,2005-07-10,미,암,,54,김윤섭,심상춘,496
10899,서울,2005-07-10,한,암,,51,강승영,정기찬,409
10900,서울,2005-07-10,한,암,,54,이종구,김기영,449
10901,서울,2005-07-10,미,암,,52,김대근,최상섭,432
10902,서울,2005-07-10,미,암,,52,박원덕,이효선,450
10903,서울,2005-07-10,한,암,,53,김재복,김한영,413
10904,서울,2005-07-10,한,암,,54,이용준,안영환,457
10905,서울,2005-07-10,일,암,,55,김점오,유근수,468
10906,서울,2005-07-10,한,암,,53,김춘근,이선종,477
10907,서울,2005-07-10,한,암,,53,서범석,오상철,426
10908,서울,2005-07-10,한,암,,54,김재복,홍성운,428
10909,서울,2005-07-16,한,암,,51,최영주,신항철,466
10910,서울,2005-07-16,한,암,,54,최혜식,조진환,453
10911,서울,2005-07-16,한,암,,53,김일성,이종복,426
10912,서울,2005-07-16,한,암,,55,하재흥,이상오,486
10913,서울,2005-07-16,한,암,,55,박덕준,서승린,444
10914,서울,2005-07-16,한,암,,52.5,김재복,박재율,463
10915,서울,2005-07-16,한,암,,54,김재복,우동희,509
10916,서울,2005-07-16,한,암,,53,이희영,노승구,410
10917,서울,2005-07-16,미,암,,54,김양선,이항진,460
10918,서울,2005-07-16,한,암,,51,최영주,이영욱a,441
10919,서울,2005-07-16,뉴,거,,51,김명국,이태식,430
10920,서울,2005-07-16,뉴,암,,54,서범석,문금주,448
10921,서울,2005-07-16,한,암,,51,박희철,경규환,427
10922,서울,2005-07-16,미,암,,51,정지은,청호컴넷(주),442
10923,서울,2005-07-16,한,암,,53,고옥봉,전좌식,457
10924,서울,2005-07-16,한,암,,54,신우철,김경민,510
10925,서울,2005-07-16,한,수,,55,신우철,김현래,484
10926,서울,2005-07-16,한,수,,53,박진호,정동진,501
10927,서울,2005-07-16,한,수,,52,윤치운,유영주,471
10928,서울,2005-07-16,한,암,,54,지용훈,이문철,466
10929,서울,2005-07-16,한,거,,57,박희철,경규환,463
10930,서울,2005-07-16,한,수,,52.5,유재길,김양호,449
10931,서울,2005-07-16,한,수,,55,최상식,장재형,458
10932,서울,2005-07-16,한,수,,54,김병용,박흥길,444
10933,서울,2005-07-16,한,수,,58,이희영,오호극,460
10934,서울,2005-07-16,한,암,,52,강명준,김광영,444
10935,서울,2005-07-16,미,암,,54,박원덕,방승부,428
10936,서울,2005-07-16,한,암,,51.5,김학수,박재범,420
10937,서울,2005-07-16,한,암,,52,박흥진,유준환,469
10938,서울,2005-07-16,한,암,,53,박대흥,청호컴넷(주),467
10939,서울,2005-07-16,한,암,,51,임봉춘,장세창,477
10940,서울,2005-07-16,한,암,,54,박희철,조원희,443
10941,서울,2005-07-16,한,암,,54,김윤섭,윤세영,461
10942,서울,2005-07-16,한,암,,54,강명준,권태우,436
10943,서울,2005-07-16,한,암,,54,김명국,박양호,433
10944,서울,2005-07-16,한,암,,48,김윤섭,김준일,414
10945,서울,2005-07-16,일,암,,56,김문갑,정덕용,457
10946,서울,2005-07-16,한,암,,55,이용준,김우창,441
10947,서울,2005-07-16,한,암,,50,이희영,곽영필,437
10948,서울,2005-07-16,미,암,,55,최혜식,은희만,470
10949,서울,2005-07-16,뉴,암,,58,박원덕,이효선,443
10950,서울,2005-07-16,한,암,,53,김택수,이희연,451
10951,서울,2005-07-16,한,암,,51,박흥진,유준환,494
10952,서울,2005-07-16,한,암,,51,정지은,이영철,434
10953,서울,2005-07-16,한,암,,55,김대근,노병석,388
10954,서울,2005-07-16,한,암,,49,신우철,김우식,434
10955,서울,2005-07-16,한,암,,54,최혜식,박경만,421
10956,서울,2005-07-16,한,암,,53,강승영,권영원,437
10957,서울,2005-07-16,한,암,,53,김점오,김창희,399
10958,서울,2005-07-16,한,암,,54,이종구,백종헌,456
10959,서울,2005-07-16,미,암,,50,김순근,이윤화,471
10960,서울,2005-07-16,한,수,,55,유재길,허병하,432
10961,서울,2005-07-16,한,수,,54,박진호,표순배,436
10962,서울,2005-07-16,한,수,,57,윤치운,유영주,431
10963,서울,2005-07-16,호,수,,56,최혜식,이종원,493
10964,서울,2005-07-16,한,수,,53,박대흥,남승현,513
10965,서울,2005-07-16,한,수,,51,김일성,조승민,453
10966,서울,2005-07-16,한,수,,51,김문갑,이수빈,459
10967,서울,2005-07-16,한,수,,57,이종구,최수군,467
10968,서울,2005-07-16,한,수,,55,윤치운,유영주,458
10969,서울,2005-07-16,한,수,,55,하재흥,김정배,478
10970,서울,2005-07-16,한,수,,53,김일성,일진코스메틱,460
10971,서울,2005-07-16,한,수,,56.5,신우철,박정열,0
10972,서울,2005-07-16,한,암,,51.5,김택수,김양호,438
10973,서울,2005-07-16,미,암,,51,이종구,정진태,392
10974,서울,2005-07-16,한,수,,55,강명준,김광영,450
10975,서울,2005-07-16,한,수,,54,이광복,최명균,438
10976,서울,2005-07-16,한,암,,55,유재길,진교원,433
10977,서울,2005-07-16,한,암,,51,김대근,노병석,454
10978,서울,2005-07-16,한,거,,57,이용준,김명식,449
10979,서울,2005-07-16,한,거,,55.5,신우철,김우식,511
10980,서울,2005-07-16,한,거,,52,이희영,정규상,416
10981,서울,2005-07-16,한,거,,55.5,김대근,김완배,454
10982,서울,2005-07-16,한,거,,53,김점오,김창희,439
10983,서울,2005-07-16,한,거,,56,황의성,박정열,463
10984,서울,2005-07-16,한,거,,57,이희영,김용상,466
10985,서울,2005-07-16,한,거,,56,최상식,장재형,461
10986,서울,2005-07-16,한,거,,55,박원덕,방승부,438
10987,서울,2005-07-16,호,거,,56,박천서,천병득,455
10988,서울,2005-07-16,한,거,,54,고옥봉,정병조,492
10989,서울,2005-07-16,한,거,,55,김춘근,월곡목장영농조합,462
10990,서울,2005-07-16,한,거,,53,양재철,윤임구,525
10991,서울,2005-07-16,뉴,거,,54,김윤섭,김채겸,464
10992,서울,2005-07-16,한,거,,56,박대흥,남승현,510
10993,서울,2005-07-16,한,수,,54,박덕준,백운창,471
10994,서울,2005-07-16,한,수,,55,김재복,박희주,403
10995,서울,2005-07-16,한,수,,59,김택수,김양호,463
10996,서울,2005-07-16,한,수,,55,김춘근,안승찬,478
10997,서울,2005-07-16,미,수,,57,지용철,곽태훈,430
10998,서울,2005-07-16,한,수,,55,안해양,유수택,512
10999,서울,2005-07-16,한,수,,53,지용철,황의영,447
11000,서울,2005-07-16,미,수,,55,지용훈,조용학,491
11001,서울,2005-07-16,한,수,,53,서범석,문금주,453
11002,서울,2005-07-16,한,수,,58,지용훈,이선호,493
11003,서울,2005-07-16,한,수,,53,김일성,강태은,467
11004,서울,2005-07-16,한,수,,56,박대흥,지대섭,468
11005,서울,2005-07-16,미,수,,56,김점오,박환창,483
11006,서울,2005-07-16,한,수,,55,안해양,최동천,518
11007,서울,2005-07-16,한,수,,50,이광복,서순배,479
11008,서울,2005-07-16,한,암,,53,김대근,최상섭,429
11009,서울,2005-07-16,한,암,,53,고옥봉,장홍주,478
11010,서울,2005-07-16,한,암,,54,강명준,이광수a,492
11011,서울,2005-07-16,한,암,,54,김순근,권영술,422
11012,서울,2005-07-16,한,암,,53,서범석,임기준,477
11013,서울,2005-07-16,일,암,,56,서범석,서순배,434
11014,서울,2005-07-16,한,암,,53,최상식,조동식,446
11015,서울,2005-07-16,한,암,,54,양재철,임관호,448
11016,서울,2005-07-16,한,암,,53,김점오,박영철,476
11017,서울,2005-07-16,한,암,,53,김명국,박양호,459
11018,서울,2005-07-16,미,암,,53,김재복,전기섭,484
11019,서울,2005-07-16,한,암,,51,안해양,윤훈현,452
11020,서울,2005-07-16,한,암,,52,지용훈,이민문,447
11021,서울,2005-07-16,한,암,,53,김문갑,김성두,436
11022,서울,2005-07-16,한,암,,54,김대근,김정규,432
11023,서울,2005-07-16,한,암,,52,지용훈,남기태,504
11024,서울,2005-07-17,한,거,,57,유재길,이동재,471
11025,서울,2005-07-17,한,거,,55,하재흥,이중연,529
11026,서울,2005-07-17,한,수,,55,박덕준,김영철,447
11027,서울,2005-07-17,한,수,,55,김병용,정몽규,460
11028,서울,2005-07-17,한,수,,55,지용훈,이선호,470
11029,서울,2005-07-17,한,수,,55,김일성,강태은,474
11030,서울,2005-07-17,한,암,,55,김일성,이종복,409
11031,서울,2005-07-17,일,거,,52,박천서,지원철,456
11032,서울,2005-07-17,한,암,,52,김순근,맹원재,460
11033,서울,2005-07-17,한,암,,53,김점오,김덕환,411
11034,서울,2005-07-17,한,암,,54,이인호,신성철,422
11035,서울,2005-07-17,한,암,,51,박종곤,방형린,451
11036,서울,2005-07-17,뉴,수,,54,김명국,코스틸,0
11037,서울,2005-07-17,한,암,,51,최상식,박기흥,489
11038,서울,2005-07-17,한,암,,51,임봉춘,박태훈,436
11039,서울,2005-07-17,한,거,,55,김윤섭,한광세,465
11040,서울,2005-07-17,미,암,,54,김점오,박영철,489
11041,서울,2005-07-17,한,암,,52,임봉춘,윤일균,477
11042,서울,2005-07-17,미,암,,54,황의성,윤일균,470
11043,서울,2005-07-17,한,거,,52,김명국,이태식,489
11044,서울,2005-07-17,한,암,,54,유재길,박용훈,438
11045,서울,2005-07-17,한,암,,53,강명준,김길중,418
11046,서울,2005-07-17,뉴,암,,54,김춘근,신준희,458
11047,서울,2005-07-17,한,암,,53,박윤규,권오학,420
11048,서울,2005-07-17,한,암,,51,박윤규,권오학,459
11049,서울,2005-07-17,한,암,,52,임형규,황수웅,478
11050,서울,2005-07-17,한,암,,52,김순근,김성부,504
11051,서울,2005-07-17,일,암,,52,이인호,민영길,475
11052,서울,2005-07-17,한,암,,51,임형규,이기선,411
11053,서울,2005-07-17,한,암,,54,지용훈,이문철,442
11054,서울,2005-07-17,한,암,,51,박희철,김완배,439
11055,서울,2005-07-17,한,암,,51,임봉춘,윤일균,444
11056,서울,2005-07-17,한,암,,54,박희철,경규환,474
11057,서울,2005-07-17,한,암,,53,박종곤,이충구,437
11058,서울,2005-07-17,한,암,,51,유재길,조병해,448
11059,서울,2005-07-17,한,암,,52,신우철,박정열,460
11060,서울,2005-07-17,호,암,,54,지용철,이근우,443
11061,서울,2005-07-17,뉴,암,,54,서범석,서순배,456
11062,서울,2005-07-17,한,암,,49,김재복,전기섭,418
11063,서울,2005-07-17,한,암,,55,정지은,최여경,480
11064,서울,2005-07-17,한,암,,51,박종곤,링크폴로,436
11065,서울,2005-07-17,한,암,,53,임봉춘,이주형,491
11066,서울,2005-07-17,한,암,,54,박윤규,허영희,439
11067,서울,2005-07-17,미,암,,54,이종구,정진태,457
11068,서울,2005-07-17,한,암,,54,김점오,박종호,521
11069,서울,2005-07-17,한,암,,51,임봉춘,박상선,451
11070,서울,2005-07-17,미,암,,54,김문갑,김서운,462
11071,서울,2005-07-17,한,암,,54,최상식,박기흥,479
11072,서울,2005-07-17,미,암,,54,서범석,문금주,504
11073,서울,2005-07-17,한,암,,52,김문갑,김성두,451
11074,서울,2005-07-17,한,암,,51,유재길,조병해,405
11075,서울,2005-07-17,인,암,,54,김춘근,신준희,495
11076,서울,2005-07-17,한,암,,54,이종구,최인재,427
11077,서울,2005-07-17,한,암,,53,박덕준,백운창,445
11078,서울,2005-07-17,한,암,,52,박흥진,장경환,474
11079,서울,2005-07-17,한,암,,54,이희영,김연호,405
11080,서울,2005-07-17,미,거,,55.5,김택수,김양호,518
11081,서울,2005-07-17,한,암,,52,박종곤,김진엽,420
11082,서울,2005-07-17,한,암,,54,박윤규,현대영,0
11083,서울,2005-07-17,한,암,,54,안해양,김봉섭,539
11084,서울,2005-07-17,한,암,,50,서정하,구자선,460
11085,서울,2005-07-17,한,암,,54,정지은,월곡목장영농조합,448
11086,서울,2005-07-17,한,암,,52,이광복,최건호,426
11087,서울,2005-07-17,한,암,,55,박원덕,이정원,431
11088,서울,2005-07-17,한,암,,51,김양선,차영희,467
11089,서울,2005-07-17,한,암,,55,김재복,전기섭,420
11090,서울,2005-07-17,한,암,,54,김윤섭,김연호,475
11091,서울,2005-07-17,한,암,,52,박대흥,강충모,459
11092,서울,2005-07-17,뉴,거,,50,박덕준,김영철,450
11093,서울,2005-07-17,미,거,,58,강승영,이승택,499
11094,서울,2005-07-17,한,거,,57,최영주,신항철,456
11095,서울,2005-07-17,뉴,거,,54.5,지용철,구필모,495
11096,서울,2005-07-17,한,거,,52,김학수,김완배,410
11097,서울,2005-07-17,한,거,,55,양재철,박현종,427
11098,서울,2005-07-17,한,거,,57,박원덕,이정원,423
11099,서울,2005-07-17,한,거,,52,박천서,김충수,418
11100,서울,2005-07-17,한,거,,54,김명국,이재효,418
11101,서울,2005-07-17,한,거,,55,박천서,한일사료,445
11102,서울,2005-07-17,한,거,,52,박대흥,최애식,486
11103,서울,2005-07-17,미,거,,51,강승영,지대섭,457
11104,서울,2005-07-17,한,거,,54,신우철,우근민,508
11105,서울,2005-07-17,한,거,,54,박천서,박엽래,458
11106,서울,2005-07-17,한,수,,55,김일성,류근상,506
11107,서울,2005-07-17,한,수,,55,김점오,김덕환,467
11108,서울,2005-07-17,한,수,,57,한일영,함운일,449
11109,서울,2005-07-17,한,수,,54,정지은,이경우,456
11110,서울,2005-07-17,한,수,,55,지용철,우쾌제,492
11111,서울,2005-07-17,한,수,,54,최혜식,박정열,451
11112,서울,2005-07-17,한,수,,54,하재흥,김경민,490
11113,서울,2005-07-17,한,수,,54,신우철,김현래,483
11114,서울,2005-07-17,한,수,,54,정지은,홍범기,436
11115,서울,2005-07-17,한,수,,53,안해양,이상홍,508
11116,서울,2005-07-17,한,수,,57,이종구,최인재,422
11117,서울,2005-07-17,한,수,,56,김춘근,신준희,495
11118,서울,2005-07-17,한,수,,54,하재흥,이유환,528
11119,서울,2005-07-17,한,수,,52,김춘근,권익현,440
11120,서울,2005-07-17,한,수,,54,신우철,진교원,470
11121,서울,2005-07-17,한,수,,56,하재흥,이수홍,432
11122,서울,2005-07-17,한,수,,55,유재길,이필승,481
11123,서울,2005-07-17,한,수,,56,서범석,신준수,460
11124,서울,2005-07-17,한,수,,52,신우철,안영환,486
11125,서울,2005-07-17,한,수,,55,이종구,서정훈,425
11126,서울,2005-07-17,한,수,,55,김일성,임상윤,473
11127,서울,2005-07-17,미,수,,55,이광복,서순배,488
11128,서울,2005-07-17,한,수,,56,김충근,이광수,438
11129,서울,2005-07-17,한,수,,55,강명준,김길중,426
11130,서울,2005-07-17,한,수,,55,곽영효,윤종웅,500
11131,서울,2005-07-17,한,수,,55,김양선,구자선,431
11132,서울,2005-07-17,한,수,,54,김학수,정이남,441
11133,서울,2005-07-17,한,수,,51,유재길,허건호,429
11134,서울,2005-07-17,한,수,,54,이용준,임기준,452
11135,서울,2005-07-17,미,수,,55,박대흥,남승현,445
11136,서울,2005-07-17,한,수,,55,유재길,진교원,456
11137,서울,2005-07-17,뉴,수,,54,서정하,은희만,449
11138,서울,2005-07-17,호,수,,57,김학수,박환창,479
11139,서울,2005-07-17,한,암,,54,유재길,허병하,440
11140,서울,2005-07-17,한,암,,50,이광복,최건호,446
11141,서울,2005-07-17,한,수,,50,배휴준,김진철,481
11142,서울,2005-07-17,한,암,,54,최영주,최상태,418
11143,서울,2005-07-17,한,수,,54,한일영,심재식,417
11144,서울,2005-07-17,한,암,,49,곽영효,조진환,458
11145,서울,2005-07-17,한,수,,54,최상식,조동식,554
11146,서울,2005-07-23,뉴,암,,53,서범석,문금주,445
11147,서울,2005-07-23,한,암,,54,김윤섭,김채겸,436
11148,서울,2005-07-23,미,암,,52,강승영,오호극,449
11149,서울,2005-07-23,한,암,,53,최상식,장현종,453
11150,서울,2005-07-23,한,암,,53,김문갑,정덕용,458
11151,서울,2005-07-23,한,암,,53,김일성,류근상,467
11152,서울,2005-07-23,한,암,,52,김양선,김종철,468
11153,서울,2005-07-23,한,수,,57,고옥봉,김용원,415
11154,서울,2005-07-23,한,수,,52,김윤섭,심상춘,478
11155,서울,2005-07-23,한,수,,53,곽영효,강신호,462
11156,서울,2005-07-23,한,수,,50,김일성,조승민,465
11157,서울,2005-07-23,한,수,,55,강승영,강남환,460
11158,서울,2005-07-23,한,수,,54,김일성,조승민,480
11159,서울,2005-07-23,미,수,,57,양재철,임관호,475
11160,서울,2005-07-23,한,암,,54,김양선,김종철,399
11161,서울,2005-07-23,한,암,,54,김충근,이광수,441
11162,서울,2005-07-23,한,암,,54,고옥봉,정병조,428
11163,서울,2005-07-23,한,암,,54,윤치운,한광세,498
11164,서울,2005-07-23,미,암,,53,김양선,방승부,461
11165,서울,2005-07-23,한,암,,54,박덕준,서승린,438
11166,서울,2005-07-23,한,암,,51,박천서,한일사료,447
11167,서울,2005-07-23,한,암,,51,고옥봉,오일랑,476
11168,서울,2005-07-23,한,암,,54,임봉춘,서영석,436
11169,서울,2005-07-23,한,암,,52,박대흥,강충모,484
11170,서울,2005-07-23,한,암,,51,정지은,지대섭,482
11171,서울,2005-07-23,일,암,,54,김순근,최상경,456
11172,서울,2005-07-23,한,암,,54,박희철,김병현,439
11173,서울,2005-07-23,한,암,,54,최혜식,배석두,422
11174,서울,2005-07-23,한,암,,53,김대근,김진구,439
11175,서울,2005-07-23,한,암,,52,김명국,이태식,485
11176,서울,2005-07-23,한,암,,51,고옥봉,김완배,416
11177,서울,2005-07-23,한,암,,52,김학수,김병묵,409
11178,서울,2005-07-23,한,암,,53,최혜식,박동규,467
11179,서울,2005-07-23,한,암,,54,박대흥,남승현,431
11180,서울,2005-07-23,한,암,,51,신우철,안영환,477
11181,서울,2005-07-23,미,암,,56,김택수,김진철,446
11182,서울,2005-07-23,뉴,거,,54,서정하,박장수,436
11183,서울,2005-07-23,한,암,,53,김재복,김한영,408
11184,서울,2005-07-23,한,거,,55,박천서,윤훈현,478
11185,서울,2005-07-23,한,거,,52,고옥봉,이기선,448
11186,서울,2005-07-23,미,암,,53,김재복,김한영,485
11187,서울,2005-07-23,한,거,,53,박흥진,김도윤,491
11188,서울,2005-07-23,한,암,,52,김택수,김봉조,463
11189,서울,2005-07-23,한,암,,54,고옥봉,박요선,480
11190,서울,2005-07-23,한,거,,56,김명국,김용상,483
11191,서울,2005-07-23,한,수,,52,박대흥,정일권,484
11192,서울,2005-07-23,한,수,,55,박윤규,박상헌,438
11193,서울,2005-07-23,한,수,,55,김점오,박영철,457
11194,서울,2005-07-23,한,수,,55,지용훈,조용학,469
11195,서울,2005-07-23,한,수,,55,안해양,최동천,465
11196,서울,2005-07-23,한,수,,55,지용철,곽태훈,443
11197,서울,2005-07-23,한,암,,52,김재복,박희주,468
11198,서울,2005-07-23,호,암,,50,정지은,이영철,495
11199,서울,2005-07-23,미,거,,54,김재복,김종한,495
11200,서울,2005-07-23,한,거,,53,박흥진,이용대,431
11201,서울,2005-07-23,미,수,,55,김택수,이희연,466
11202,서울,2005-07-23,한,수,,52,이희영,정규상,457
11203,서울,2005-07-23,미,수,,53,최혜식,이종원,445
11204,서울,2005-07-23,한,수,,55,김대근,한일사료,435
11205,서울,2005-07-23,한,암,,53,강승영,정기찬,403
11206,서울,2005-07-23,한,암,,53,박윤규,이필승,423
11207,서울,2005-07-23,한,암,,54,안해양,윤영기,469
11208,서울,2005-07-23,한,암,,54,박종곤,곽영진,406
11209,서울,2005-07-23,한,암,,52,지용훈,남기태,482
11210,서울,2005-07-23,한,암,,55,김양선,김종철,428
11211,서울,2005-07-23,한,암,,53,박대흥,남승현,407
11212,서울,2005-07-23,한,암,,53,지용철,김우창,462
11213,서울,2005-07-23,한,암,,55,박희철,조원희,460
11214,서울,2005-07-23,미,암,,54,박흥진,유준환,442
11215,서울,2005-07-23,한,암,,53,박종곤,박재범,456
11216,서울,2005-07-23,미,암,,54,이종구,유수택,441
11217,서울,2005-07-23,한,수,,55,이희영,정규상,415
11218,서울,2005-07-23,한,암,,54,지용훈,조용학,468
11219,서울,2005-07-23,한,암,,53,김춘근,오일랑,456
11220,서울,2005-07-23,한,암,,54,김순근,김상태,439
11221,서울,2005-07-23,한,암,,54,윤치운,남귀현,429
11222,서울,2005-07-23,한,암,,55,박희철,김병현,403
11223,서울,2005-07-23,한,수,,54,강승영,한선호,421
11224,서울,2005-07-23,한,수,,52,박희철,서정훈,441
11225,서울,2005-07-23,한,수,,55,박종곤,박재범,524
11226,서울,2005-07-23,한,수,,52,박윤규,박상헌,425
11227,서울,2005-07-23,한,수,,55,김점오,박흥길,520
11228,서울,2005-07-23,한,수,,57.5,박희철,조원희,460
11229,서울,2005-07-23,한,수,,55,김재복,우동희,451
11230,서울,2005-07-23,한,수,,50,하재흥,이종철,484
11231,서울,2005-07-23,한,수,,52,지용철,이근우,429
11232,서울,2005-07-23,한,수,,55,하재흥,이유환,448
11233,서울,2005-07-23,한,수,,55,박원덕,이일구,447
11234,서울,2005-07-23,한,수,,58,김재복,전기섭,433
11235,서울,2005-07-23,한,수,,53,지용철,황의영,468
11236,서울,2005-07-23,한,수,,52,최상식,박기흥,420
11237,서울,2005-07-23,한,수,,53.5,최상식,임우근,494
11238,서울,2005-07-23,한,수,,52,지용철,강성보,482
11239,서울,2005-07-23,한,수,,53,박진호,함운일,469
11240,서울,2005-07-23,한,수,,53,김재복,박희주,456
11241,서울,2005-07-23,한,수,,55,고옥봉,전좌식,447
11242,서울,2005-07-23,한,수,,54,배휴준,이영숙,495
11243,서울,2005-07-23,한,수,,54,박원덕,이종석,445
11244,서울,2005-07-23,미,수,,57,이희영,노승구,446
11245,서울,2005-07-23,한,수,,55,이종구,백종헌,453
11246,서울,2005-07-23,한,수,,54,박흥진,김도윤,497
11247,서울,2005-07-23,한,수,,52,김일성,조승민,497
11248,서울,2005-07-23,한,수,,53,김춘근,김상태,412
11249,서울,2005-07-23,한,수,,55,이인호,김방철,483
11250,서울,2005-07-23,한,수,,58.5,지용훈,남기태,467
11251,서울,2005-07-23,한,암,,53,박희철,김완배,496
11252,서울,2005-07-23,한,암,,48,유재길,박용훈,475
11253,서울,2005-07-23,한,거,,52,김대근,유병옥,435
11254,서울,2005-07-23,뉴,거,,57,이종구,서정훈,454
11255,서울,2005-07-23,한,암,,55,이인호,장용석,479
11256,서울,2005-07-23,뉴,거,,54,최상식,장재형,430
11257,서울,2005-07-23,한,거,,56,임형규,박정록,434
11258,서울,2005-07-23,한,거,,53,안해양,김휘남,482
11259,서울,2005-07-23,미,거,,52,정지은,권광세,466
11260,서울,2005-07-23,뉴,거,,56,하재흥,신동열,453
11261,서울,2005-07-23,뉴,거,,56,임봉춘,서정훈,436
11262,서울,2005-07-23,한,거,,57,임봉춘,이선종,457
11263,서울,2005-07-23,한,거,,55,지용철,콤텍시스템,476
11264,서울,2005-07-23,한,거,,55,정지은,박찬준,488
11265,서울,2005-07-23,뉴,거,,54,박원덕,이정원,429
11266,서울,2005-07-23,한,암,,53,곽영효,양수화,493
11267,서울,2005-07-23,뉴,거,,57,강명준,이광수a,447
11268,서울,2005-07-23,한,거,,55,이희영,김용상,442
11269,서울,2005-07-23,한,거,,51,정지은,권광세,512
11270,서울,2005-07-23,한,거,,55,박희철,서정훈,480
11271,서울,2005-07-23,한,거,,53,박대흥,최애식,428
11272,서울,2005-07-23,한,거,,55,김대근,노병석,517
11273,서울,2005-07-23,한,거,,53,박천서,천병득,448
11274,서울,2005-07-23,미,수,,52,김윤섭,한광세,456
11275,서울,2005-07-23,한,수,,56,김춘근,남웅종,440
11276,서울,2005-07-23,한,수,,53,박윤규,김신태,487
11277,서울,2005-07-23,한,수,,57,하재흥,이종철,455
11278,서울,2005-07-23,한,수,,55,임봉춘,이선종,495
11279,서울,2005-07-23,한,수,,51,최혜식,조진환,464
11280,서울,2005-07-23,한,수,,56,서범석,이재만,439
11281,서울,2005-07-24,한,수,,55,최상식,장현종,469
11282,서울,2005-07-24,한,수,,55,김대근,최상섭,493
11283,서울,2005-07-24,한,수,,55,최상식,장재형,456
11284,서울,2005-07-24,한,암,,54,김문갑,어울림네트웍스,448
11285,서울,2005-07-24,한,암,,53,강명준,변영남,464
11286,서울,2005-07-24,한,암,,51,황의성,이영서,481
11287,서울,2005-07-24,한,수,,55,강명준,김광영,443
11288,서울,2005-07-24,한,수,,53,김문갑,김서운,435
11289,서울,2005-07-24,한,수,,54,박희철,김수경,441
11290,서울,2005-07-24,한,수,,55,신우철,박용훈,477
11291,서울,2005-07-24,한,수,,55,박희철,진재순,476
11292,서울,2005-07-24,뉴,수,,56,김순근,김상태,497
11293,서울,2005-07-24,한,수,,55,지용훈,남기태,437
11294,서울,2005-07-24,미,수,,51,하재흥,이중연,499
11295,서울,2005-07-24,한,수,,55,최혜식,은희만,439
11296,서울,2005-07-24,한,수,,50,신우철,최관식,430
11297,서울,2005-07-24,한,수,,56,김점오,유순목,461
11298,서울,2005-07-24,한,수,,54,김재복,김종한,494
11299,서울,2005-07-24,일,수,,58,박희철,유정희,483
11300,서울,2005-07-24,한,수,,52,김일성,조승민,499
11301,서울,2005-07-24,일,수,,55,최영주,신항철,478
11302,서울,2005-07-24,한,수,,55,박흥진,이효선,438
11303,서울,2005-07-24,미,수,,53,지용훈,이선호,468
11304,서울,2005-07-24,한,수,,56,김순근,김순주,487
11305,서울,2005-07-24,한,수,,55,하재흥,신동열,496
11306,서울,2005-07-24,한,수,,55,김충근,이광수,490
11307,서울,2005-07-24,한,수,,55,임형규,정수남,475
11308,서울,2005-07-24,한,수,,53,강명준,최효순,432
11309,서울,2005-07-24,한,수,,54,최영주,최상태,454
11310,서울,2005-07-24,한,수,,55,양재철,장철환,499
11311,서울,2005-07-24,미,수,,55.5,박대흥,정일권,490
11312,서울,2005-07-24,한,수,,55,임형규,최동천,471
11313,서울,2005-07-24,한,수,,55,박희철,조원희,438
11314,서울,2005-07-24,한,수,,50,김일성,임상윤,473
11315,서울,2005-07-24,한,수,,55,이희영,민영길,470
11316,서울,2005-07-24,한,수,,55,최영주,반승일,421
11317,서울,2005-07-24,한,수,,55,지용철,구필모,474
11318,서울,2005-07-24,한,수,,54,지용철,황의영,471
11319,서울,2005-07-24,인,거,,52,서범석,서순배,522
11320,서울,2005-07-24,미,암,,54,안해양,김휘남,466
11321,서울,2005-07-24,미,거,,51,지용철,안대종,454
11322,서울,2005-07-24,한,거,,56,강명준,양길순,457
11323,서울,2005-07-24,한,거,,59,황의성,박성구,488
11324,서울,2005-07-24,한,거,,52,고옥봉,전좌식,426
11325,서울,2005-07-24,한,거,,53,박대흥,김용정,515
11326,서울,2005-07-24,뉴,거,,52,이종구,박정록,478
11327,서울,2005-07-24,미,거,,51,김양선,오해석,495
11328,서울,2005-07-24,미,거,,57,김문갑,김익영,486
11329,서울,2005-07-24,한,거,,54,최영주,신영균,449
11330,서울,2005-07-24,한,거,,55,김순근,이윤화,475
11331,서울,2005-07-24,호,거,,54,박천서,천병득,426
11332,서울,2005-07-24,한,거,,55,안해양,윤여운,463
11333,서울,2005-07-24,미,거,,57,박원덕,김방철,510
11334,서울,2005-07-24,한,거,,54,박원덕,이효선,464
11335,서울,2005-07-24,한,수,,52,신우철,선우패션,475
11336,서울,2005-07-24,한,암,,55,김양선,홍평우,411
11337,서울,2005-07-24,한,거,,53,곽영효,양수화,415
11338,서울,2005-07-24,뉴,거,,54,서정하,구자선,436
11339,서울,2005-07-24,한,거,,54,황의성,박정열,436
11340,서울,2005-07-24,뉴,거,,53,박덕준,허헌회,451
11341,서울,2005-07-24,한,거,,55,박윤규,이수홍,467
11342,서울,2005-07-24,한,거,,54,김일성,일진코스메틱,476
11343,서울,2005-07-24,한,수,,57,박덕준,문창완,497
11344,서울,2005-07-24,미,수,,57,김문갑,어울림네트웍스,469
11345,서울,2005-07-24,한,수,,53,지용철,강성보,510
11346,서울,2005-07-24,한,수,,55,김문갑,이재욱,448
11347,서울,2005-07-24,한,수,,56,박덕준,허헌회,447
11348,서울,2005-07-24,미,수,,55,김택수,오호극,436
11349,서울,2005-07-24,한,수,,52,정지은,홍범기,419
11350,서울,2005-07-24,한,수,,50,김명국,이재효,432
11351,서울,2005-07-24,한,수,,51,지용훈,이선호,450
11352,서울,2005-07-24,한,수,,55,강명준,이광수a,437
11353,서울,2005-07-24,한,암,,54,임봉춘,이선종,477
11354,서울,2005-07-24,한,암,,56,이희영,김진태,448
11355,서울,2005-07-24,한,암,,50,박흥진,최동천,477
11356,서울,2005-07-24,한,암,,49,김명국,김명식,450
11357,서울,2005-07-24,한,암,,53,김명국,풀무원건강식품(주),436
11358,서울,2005-07-24,미,암,,53,양재철,이석태,445
11359,서울,2005-07-24,한,암,,52,박천서,천병득,456
11360,서울,2005-07-24,한,암,,54,윤치운,윤문수,494
11361,서울,2005-07-24,뉴,암,,53,최상식,장재형,423
11362,서울,2005-07-24,한,암,,53,곽영효,강용식,460
11363,서울,2005-07-24,한,암,,55,안해양,윤여운,433
11364,서울,2005-07-24,한,암,,51,이희영,박환창,446
11365,서울,2005-07-24,한,암,,54,이종구,최인재,430
11366,서울,2005-07-24,뉴,암,,54,서범석,문금주,466
11367,서울,2005-07-24,한,암,,50,이광복,유길상,468
11368,서울,2005-07-24,한,암,,53,김병용,박흥길,441
11369,서울,2005-07-24,한,암,,56,김춘근,이동언,469
11370,서울,2005-07-24,한,암,,52,박천서,천병득,480
11371,서울,2005-07-24,한,암,,52,박종곤,김진엽,400
11372,서울,2005-07-24,한,암,,54,김일성,류근상,492
11373,서울,2005-07-24,한,암,,51,정지은,최여경,422
11374,서울,2005-07-24,한,암,,54,최상식,신홍균,420
11375,서울,2005-07-24,한,암,,52,김병용,박흥길,444
11376,서울,2005-07-24,한,암,,55,박희철,김방철,420
11377,서울,2005-07-24,한,거,,52,임형규,정수남,419
11378,서울,2005-07-24,뉴,거,,52,박천서,박태훈,462
11379,서울,2005-07-24,뉴,거,,53,박덕준,나정웅,470
11380,서울,2005-07-24,미,거,,58,박대흥,정일권,460
11381,서울,2005-07-24,뉴,거,,55,김춘근,이선종,476
11382,서울,2005-07-24,한,거,,56,박대흥,강충모,482
11383,서울,2005-07-24,호,거,,51,지용훈,조용학,487
11384,서울,2005-07-24,뉴,암,,51,김순근,최상경,405
11385,서울,2005-07-24,한,거,,57,이광복,이필승,436
11386,서울,2005-07-24,한,거,,56,박흥진,김도윤,477
11387,서울,2005-07-24,한,거,,52,이용준,김명식,441
11388,서울,2005-07-24,한,수,,57,김점오,박영철,480
11389,서울,2005-07-24,한,수,,51,윤치운,김성두,481
11390,서울,2005-07-24,미,수,,51,이광복,유길상,494
11391,서울,2005-07-24,한,암,,54,김춘근,이보원,426
11392,서울,2005-07-24,한,암,,53,양재철,한광희,417
11393,서울,2005-07-24,미,거,,51,박대흥,김용정,485
11394,서울,2005-07-24,한,암,,54,하재흥,김영수,448
11395,서울,2005-07-24,한,암,,54,박희철,김창희,450
11396,서울,2005-07-24,미,거,,52,김양선,홍평우,495
11397,서울,2005-07-24,한,암,,52,서범석,송숙자,466
11398,서울,2005-07-24,한,암,,51,박천서,정일권,437
11399,서울,2005-07-24,한,암,,54,고옥봉,윤해영,413
11400,서울,2005-07-24,한,암,,51,고옥봉,이태인,442
11401,서울,2005-07-24,한,암,,54,안해양,윤여운,448
11402,서울,2005-07-24,한,암,,54,김순근,맹원재,455
11403,서울,2005-07-24,한,암,,54,최혜식,배석두,395
11404,서울,2005-07-24,한,암,,50,지용철,김우창,423
11405,서울,2005-07-24,한,암,,52,이용준,김진철,429
11406,서울,2005-07-24,한,암,,53,김춘근,이선종,424
11407,서울,2005-07-24,한,암,,54,김양선,전기섭,477
11408,서울,2005-07-24,미,암,,54,이종구,정진태,430
11409,서울,2005-07-24,한,암,,56,김춘근,남웅종,473
11410,서울,2005-07-24,일,암,,51,박진호,이재원,479
11411,서울,2005-07-24,한,암,,55,박덕준,서승린,402
11412,서울,2005-07-24,한,암,,51,배휴준,지성한,475
11413,서울,2005-07-24,한,암,,51,김양선,정이남,436
11414,서울,2005-07-24,한,암,,54,지용철,이수길,481
11415,서울,2005-07-24,인,암,,54,서범석,문금주,507
11416,서울,2005-07-24,한,암,,54,황의성,신건호,462
11417,서울,2005-08-06,한,수,,55,윤치운,오금자,462
11418,서울,2005-08-06,일,수,,55,최영주,신항철,490
11419,서울,2005-08-06,한,수,,52,신우철,김덕애,448
11420,서울,2005-08-06,한,수,,55,김학수,박남성,415
11421,서울,2005-08-06,뉴,수,,54,김명국,박양호,453
11422,서울,2005-08-06,한,거,,54,박종곤,김정배,445
11423,서울,2005-08-06,한,수,,53,김점오,박남성,461
11424,서울,2005-08-06,한,수,,53,이용준,김명식,496
11425,서울,2005-08-06,한,수,,56,윤치운,제주축협,460
11426,서울,2005-08-06,미,수,,52,하재흥,이종철,493
11427,서울,2005-08-06,한,수,,55,김택수,김양호,493
11428,서울,2005-08-06,한,암,,53,김일성,일진코스메틱,496
11429,서울,2005-08-06,한,암,,52,지용훈,조용학,442
11430,서울,2005-08-06,미,거,,55,김춘근,김한영,502
11431,서울,2005-08-06,뉴,거,,56,박덕준,서승린,438
11432,서울,2005-08-06,한,거,,52,김일성,김용래,504
11433,서울,2005-08-06,한,거,,55,김명국,이태식,457
11434,서울,2005-08-06,한,거,,55,박원덕,박정웅,438
11435,서울,2005-08-06,미,거,,57,김택수,김창식,461
11436,서울,2005-08-06,한,수,,52,최영주,박선주,449
11437,서울,2005-08-06,한,수,,55,하재흥,김영수,440
11438,서울,2005-08-06,한,수,,53,이희영,송숙자,427
11439,서울,2005-08-06,한,수,,54,강승영,오호극,462
11440,서울,2005-08-06,한,수,,55,김점오,김창희,479
11441,서울,2005-08-06,한,수,,48,지용철,이수길,499
11442,서울,2005-08-06,한,수,,53,박흥진,김도윤,422
11443,서울,2005-08-06,한,수,,55,김충근,이광수,510
11444,서울,2005-08-06,한,수,,54,이용준,김명식,506
11445,서울,2005-08-06,미,수,,55,이종구,박정록,544
11446,서울,2005-08-06,일,수,,55,박진호,함운일,438
11447,서울,2005-08-06,한,수,,52,고옥봉,오일랑,476
11448,서울,2005-08-06,인,수,,52,이광복,임기준,422
11449,서울,2005-08-06,한,수,,52,김춘근,이연택,474
11450,서울,2005-08-06,한,수,,53,서정하,김방철,490
11451,서울,2005-08-06,한,수,,53,김순근,이재만,445
11452,서울,2005-08-06,한,수,,55,김윤섭,심상춘,468
11453,서울,2005-08-06,미,수,,54,김택수,장철환,459
11454,서울,2005-08-06,한,수,,53,김일성,강태은,458
11455,서울,2005-08-06,한,암,,53,강승영,신상길,442
11456,서울,2005-08-06,한,암,,54,정지은,노환영,433
11457,서울,2005-08-06,한,암,,54,박윤규,현대영,428
11458,서울,2005-08-06,한,암,,54,최혜식,이종원,426
11459,서울,2005-08-06,한,암,,51,이희영,이상용,415
11460,서울,2005-08-06,한,암,,51,박윤규,장석린외1인(신치구),446
11461,서울,2005-08-06,한,암,,52,강명준,배일성,420
11462,서울,2005-08-06,한,암,,53,김춘근,이선종,481
11463,서울,2005-08-06,한,암,,51,지용철,김우창,410
11464,서울,2005-08-06,한,암,,53,유재길,진교원,447
11465,서울,2005-08-06,한,암,,51,이희영,노승구,401
11466,서울,2005-08-06,한,암,,51,김명국,풀무원건강식품(주),483
11467,서울,2005-08-06,미,암,,52,김일성,일진코스메틱,482
11468,서울,2005-08-06,일,암,,55,최혜식,조진환,459
11469,서울,2005-08-06,미,암,,54,김문갑,김서운,464
11470,서울,2005-08-06,일,암,,53,서범석,문금주,510
11471,서울,2005-08-06,한,암,,53,김대근,노병석,434
11472,서울,2005-08-06,한,암,,53,배휴준,이영숙,427
11473,서울,2005-08-06,한,암,,55,하재흥,김문환a,467
11474,서울,2005-08-06,한,암,,56,곽영효,양수화,452
11475,서울,2005-08-06,한,암,,52,임봉춘,이주형,464
11476,서울,2005-08-06,한,암,,55,박윤규,권오학,454
11477,서울,2005-08-06,한,암,,48,김재복,김병묵,491
11478,서울,2005-08-06,한,암,,48,최상식,장현종,443
11479,서울,2005-08-06,한,암,,53,박종곤,박재범,419
11480,서울,2005-08-06,한,암,,51,임형규,신동호,464
11481,서울,2005-08-06,한,암,,49,고옥봉,정병조,457
11482,서울,2005-08-06,한,암,,53,이광복,최관식,516
11483,서울,2005-08-06,한,암,,54,임봉춘,정규상,451
11484,서울,2005-08-06,한,암,,53,김윤섭,심상춘,447
11485,서울,2005-08-06,한,암,,53,황의성,신건호,457
11486,서울,2005-08-06,호,거,,53,김춘근,이선종,420
11487,서울,2005-08-06,영,거,,49,김윤섭,김채겸,449
11488,서울,2005-08-06,한,거,,55,지용훈,조용학,453
11489,서울,2005-08-06,한,거,,54,고옥봉,정병조,477
11490,서울,2005-08-06,한,암,,50,김점오,김덕환,459
11491,서울,2005-08-06,한,거,,57,김윤섭,진교원,449
11492,서울,2005-08-06,한,암,,54,김병용,박흥길,453
11493,서울,2005-08-06,한,암,,51,임봉춘,이주형,475
11494,서울,2005-08-06,한,암,,56,하재흥,이수홍,445
11495,서울,2005-08-06,한,암,,53,김대근,김정규,445
11496,서울,2005-08-06,한,암,,53,고옥봉,오일랑,405
11497,서울,2005-08-06,한,암,,54,박진호,김우창,482
11498,서울,2005-08-06,한,암,,51,지용훈,이민문,430
11499,서울,2005-08-06,한,암,,53,고옥봉,정병조,457
11500,서울,2005-08-06,한,거,,55,최혜식,박정열,451
11501,서울,2005-08-06,한,거,,54,김명국,김진철,485
11502,서울,2005-08-06,한,수,,48,김순근,지대섭,481
11503,서울,2005-08-06,한,거,,56,김양선,이항진,432
11504,서울,2005-08-06,한,암,,54,유재길,박종률,479
11505,서울,2005-08-06,미,암,,53,김순근,원흥순,460
11506,서울,2005-08-06,한,암,,48,이광복,최건호,445
11507,서울,2005-08-06,한,암,,54,박흥진,이용대,455
11508,서울,2005-08-06,한,암,,54,유재길,박종률,440
11509,서울,2005-08-06,일,암,,53,최영주,장석린외1인(신치구),443
11510,서울,2005-08-06,한,암,,55,김병용,박흥길,459
11511,서울,2005-08-06,한,암,,55,임봉춘,정규상,0
11512,서울,2005-08-06,한,암,,53,최혜식,박정열,497
11513,서울,2005-08-06,미,암,,55,김대근,최상섭,429
11514,서울,2005-08-06,한,수,,55,김춘근,이선종,491
11515,서울,2005-08-06,한,수,,53,안해양,김휘남,482
11516,서울,2005-08-06,한,암,,54,양재철,임관호,393
11517,서울,2005-08-06,일,암,,49,김춘근,남웅종,448
11518,서울,2005-08-06,미,암,,52,한일영,대한사료,485
11519,서울,2005-08-06,한,암,,53,강명준,김광영,414
11520,서울,2005-08-06,한,암,,55,최영주,김노식,463
11521,서울,2005-08-06,한,암,,53,양재철,한광희,446
11522,서울,2005-08-06,한,암,,51,고옥봉,김각경,437
11523,서울,2005-08-06,한,암,,54,고옥봉,이기선,477
11524,서울,2005-08-06,한,암,,53,박덕준,나정웅,466
11525,서울,2005-08-06,한,암,,53,고옥봉,장홍주,448
11526,서울,2005-08-06,한,암,,52,정지은,이부용,442
11527,서울,2005-08-06,한,암,,52,최혜식,은희만,455
11528,서울,2005-08-06,한,암,,52,김일성,일진코스메틱,438
11529,서울,2005-08-07,한,암,,55,윤치운,김용원,444
11530,서울,2005-08-07,한,암,,50,서범석,송숙자,435
11531,서울,2005-08-07,호,암,,54,정지은,권광세,480
11532,서울,2005-08-07,한,암,,54,배휴준,지성한,476
11533,서울,2005-08-07,한,암,,53,김재복,김한영,402
11534,서울,2005-08-07,한,암,,49,신우철,김병현,454
11535,서울,2005-08-07,미,암,,51,정지은,청호컴넷(주),434
11536,서울,2005-08-07,한,암,,54,김양선,정세능,448
11537,서울,2005-08-07,미,암,,53,김문갑,이재욱,456
11538,서울,2005-08-07,한,암,,51,박흥진,송용식,403
11539,서울,2005-08-07,한,암,,53,김학수,김완배,459
11540,서울,2005-08-07,한,암,,51,김재복,조규학,408
11541,서울,2005-08-07,한,암,,54,김대근,노병석,428
11542,서울,2005-08-07,한,암,,51,지용훈,이민문,443
11543,서울,2005-08-07,한,암,,51,강명준,양길순,458
11544,서울,2005-08-07,한,암,,51,이희영,박환창,415
11545,서울,2005-08-07,한,암,,51,박흥진,김도윤,422
11546,서울,2005-08-07,한,암,,54,김명국,김진철,421
11547,서울,2005-08-07,한,암,,52,정지은,홍범기,453
11548,서울,2005-08-07,한,암,,54,이인호,서익수,450
11549,서울,2005-08-07,한,암,,53,김명국,김진철,444
11550,서울,2005-08-07,한,암,,53,박덕준,최원곤,0
11551,서울,2005-08-07,한,암,,54,김재복,전기섭,447
11552,서울,2005-08-07,한,암,,54,박원덕,이종석,436
11553,서울,2005-08-07,한,거,,56,최영주,박선주,425
11554,서울,2005-08-07,한,거,,48,김윤섭,김연호,454
11555,서울,2005-08-07,미,거,,50,박진호,함병만,499
11556,서울,2005-08-07,한,암,,54,하재흥,김영수,448
11557,서울,2005-08-07,한,암,,54,박윤규,이필승,440
11558,서울,2005-08-07,미,암,,54,이종구,유수택,442
11559,서울,2005-08-07,한,암,,51,김명국,장석영,445
11560,서울,2005-08-07,미,거,,52,이종구,정진태,475
11561,서울,2005-08-07,한,거,,53,박대흥,정일권,444
11562,서울,2005-08-07,한,암,,55,안해양,윤여운,433
11563,서울,2005-08-07,한,암,,54,김병용,송근철,434
11564,서울,2005-08-07,한,암,,52,최영주,변영남,401
11565,서울,2005-08-07,한,암,,53,김일성,조승민,427
11566,서울,2005-08-07,한,암,,48,이광복,이동언,400
11567,서울,2005-08-07,한,수,,54,박천서,박엽래,483
11568,서울,2005-08-07,한,수,,56.5,이인호,오만준,489
11569,서울,2005-08-07,한,수,,54,김점오,박영철,480
11570,서울,2005-08-07,한,암,,48,배휴준,지성한,475
11571,서울,2005-08-07,한,암,,51,김택수,조동식,429
11572,서울,2005-08-07,한,암,,52,윤치운,오상철,447
11573,서울,2005-08-07,한,암,,50,이희영,곽영필,438
11574,서울,2005-08-07,한,암,,50,안해양,이상홍,456
11575,서울,2005-08-07,한,암,,49,이광복,장춘희,435
11576,서울,2005-08-07,한,암,,55,유재길,허병하,441
11577,서울,2005-08-07,한,암,,54,이광복,신항식,455
11578,서울,2005-08-07,한,암,,55,이종구,박정록,476
11579,서울,2005-08-07,한,암,,52,김양선,김종철,427
11580,서울,2005-08-07,한,암,,54,황의성,박상선,420
11581,서울,2005-08-07,한,암,,51,지용훈,남기태,489
11582,서울,2005-08-07,한,암,,54,양재철,김기성,409
11583,서울,2005-08-07,한,수,,53,지용철,이수길,424
11584,서울,2005-08-07,한,수,,55,안해양,윤여운,487
11585,서울,2005-08-07,한,수,,55,이용준,신영식,540
11586,서울,2005-08-07,한,수,,55,김문갑,김서운,430
11587,서울,2005-08-07,한,수,,51,최상식,장현종,489
11588,서울,2005-08-07,미,수,,56,이용준,김명식,548
11589,서울,2005-08-07,한,수,,51,김명국,이태식,489
11590,서울,2005-08-07,한,수,,56,김충근,이광수,436
11591,서울,2005-08-07,한,수,,55,유재길,권영탁,457
11592,서울,2005-08-07,한,수,,50,지용철,이근우,427
11593,서울,2005-08-07,한,수,,58.5,양재철,윤임구,470
11594,서울,2005-08-07,미,수,,55,김문갑,어울림네트웍스,495
11595,서울,2005-08-07,한,수,,55,박덕준,이재호,479
11596,서울,2005-08-07,한,수,,52,곽영효,김기용,486
11597,서울,2005-08-07,한,수,,52,정지은,에쓰푸드홀딩스(주),456
11598,서울,2005-08-07,한,수,,52.5,최영주,박요선,444
11599,서울,2005-08-07,한,암,,54,박덕준,김영철,443
11600,서울,2005-08-07,한,암,,52,이종구,이영웅,421
11601,서울,2005-08-07,한,거,,54,김대근,유병옥,471
11602,서울,2005-08-07,한,거,,48,박흥진,김도윤,448
11603,서울,2005-08-07,일,암,,54,김순근,최상경,483
11604,서울,2005-08-07,한,암,,54,이용준,김종욱,466
11605,서울,2005-08-07,한,수,,52,최상식,장현종,464
11606,서울,2005-08-07,한,수,,57,하재흥,신동열,486
11607,서울,2005-08-07,미,수,,57,김문갑,정덕용,499
11608,서울,2005-08-07,한,수,,57,김학수,정이남,437
11609,서울,2005-08-07,한,수,,57,최상식,장재형,456
11610,서울,2005-08-07,미,거,,50,지용철,안대종,448
11611,서울,2005-08-07,뉴,거,,50,박덕준,김영철,446
11612,서울,2005-08-07,한,거,,54,김명국,김진철,436
11613,서울,2005-08-07,미,암,,53,이종구,유수택,470
11614,서울,2005-08-07,호,암,,53,김점오,박준구,396
11615,서울,2005-08-07,한,암,,54,임봉춘,박상선,455
11616,서울,2005-08-07,한,암,,52,정지은,이부용,457
11617,서울,2005-08-07,한,거,,53,박천서,천병득,481
11618,서울,2005-08-07,한,거,,57,박원덕,이정원,412
11619,서울,2005-08-07,한,거,,52,강승영,정이남,435
11620,서울,2005-08-07,뉴,거,,58,박윤규,이수홍,445
11621,서울,2005-08-07,미,거,,59.5,강승영,이승택,492
11622,서울,2005-08-07,한,거,,52,박대흥,최애식,477
11623,서울,2005-08-07,미,거,,52.5,강승영,지대섭,454
11624,서울,2005-08-07,한,거,,56,임봉춘,박종률,484
11625,서울,2005-08-07,미,거,,53,김양선,이항진,446
11626,서울,2005-08-07,한,거,,54,박흥진,이용대,491
11627,서울,2005-08-07,한,거,,52,김점오,김창희,474
11628,서울,2005-08-07,한,거,,54,박천서,박엽래,462
11629,서울,2005-08-07,한,거,,51,박대흥,남승현,471
11630,서울,2005-08-07,한,수,,55,지용훈,김영진,482
11631,서울,2005-08-07,한,수,,54,강명준,변영남,470
11632,서울,2005-08-07,한,수,,57,최영주,김광영,437
11633,서울,2005-08-07,한,수,,54.5,곽영효,권광세,463
11634,서울,2005-08-07,미,수,,52,지용훈,조용학,494
11635,서울,2005-08-07,한,수,,50,이희영,김진태,450
11636,서울,2005-08-07,한,수,,55,김대근,유병옥,496
11637,서울,2005-08-07,한,수,,54,강승영,강남환,435
11638,서울,2005-08-07,한,수,,57,신우철,선우패션,488
11639,서울,2005-08-07,한,수,,56,김충근,이광수,492
11640,서울,2005-08-07,한,암,,54,김순근,최상경,401
11641,서울,2005-08-07,한,수,,54,신우철,안영환,454
11642,서울,2005-08-07,한,수,,57,김순근,제주축산개발,460
11643,서울,2005-08-07,한,수,,52,박윤규,박상헌,427
11644,서울,2005-08-07,한,수,,51,배휴준,박정록,479
11645,서울,2005-08-07,한,수,,57,김양선,정세능,478
11646,서울,2005-08-07,한,수,,55,최영주,신항철,470
11647,서울,2005-08-13,한,수,,55,강명준,김광영,449
11648,서울,2005-08-13,한,수,,54,하재흥,김경민,482
11649,서울,2005-08-13,한,수,,55,신우철,김현래,491
11650,서울,2005-08-13,한,수,,53,김춘근,김용성,412
11651,서울,2005-08-13,한,수,,53,지용훈,이선호,493
11652,서울,2005-08-13,한,수,,55,김점오,박흥길,497
11653,서울,2005-08-13,한,수,,55,박덕준,김영철,438
11654,서울,2005-08-13,한,수,,53,김윤섭,이용익,423
11655,서울,2005-08-13,한,수,,56,김춘근,신준희,493
11656,서울,2005-08-13,한,수,,55,임봉춘,이주형,435
11657,서울,2005-08-13,미,수,,53,한일영,홍영대,501
11658,서울,2005-08-13,한,수,,53,지용훈,남기태,476
11659,서울,2005-08-13,한,수,,52,고옥봉,이기선,451
11660,서울,2005-08-13,한,수,,55,안해양,이상홍,502
11661,서울,2005-08-13,한,수,,53,박흥진,유준환,445
11662,서울,2005-08-13,한,수,,55,안해양,최동천,502
11663,서울,2005-08-13,한,수,,53,지용철,황의영,448
11664,서울,2005-08-13,한,수,,50,임봉춘,박상선,454
11665,서울,2005-08-13,한,수,,52,이희영,노승구,449
11666,서울,2005-08-13,한,수,,55,신우철,진교원,473
11667,서울,2005-08-13,한,수,,55,박원덕,이정원,476
11668,서울,2005-08-13,한,수,,55,김춘근,권익현,435
11669,서울,2005-08-13,한,수,,55,김문갑,이재욱,440
11670,서울,2005-08-13,한,수,,53,유재길,이필승,470
11671,서울,2005-08-13,미,수,,51,하재흥,이중연,498
11672,서울,2005-08-13,한,수,,51,윤치운,이기인,445
11673,서울,2005-08-13,한,수,,53.5,하재흥,이유환,476
11674,서울,2005-08-13,한,수,,52,고옥봉,김용원,419
11675,서울,2005-08-13,한,수,,55,김택수,정영채,486
11676,서울,2005-08-13,한,수,,55,정지은,홍범기,409
11677,서울,2005-08-13,한,수,,55,김대근,한일사료,434
11678,서울,2005-08-13,한,수,,55,강명준,김길중,420
11679,서울,2005-08-13,한,수,,52,임형규,정수남,458
11680,서울,2005-08-13,한,수,,55,이종구,서정훈,428
11681,서울,2005-08-13,호,수,,54,이인호,김방철,516
11682,서울,2005-08-13,한,수,,55,강명준,김광영,459
11683,서울,2005-08-13,한,수,,51,박진호,함운일,439
11684,서울,2005-08-13,한,수,,51,지용철,황의영,432
11685,서울,2005-08-13,한,수,,55,김택수,권오학,429
11686,서울,2005-08-13,한,수,,55,이광복,유길상,463
11687,서울,2005-08-13,한,수,,55,김춘근,안승찬,470
11688,서울,2005-08-13,한,거,,55,박흥진,최효순,449
11689,서울,2005-08-13,한,수,,55,안해양,유수택,499
11690,서울,2005-08-13,한,수,,54,김학수,김정근,440
11691,서울,2005-08-13,한,수,,55,김일성,강태은,495
11692,서울,2005-08-13,한,수,,55,김양선,구자선,429
11693,서울,2005-08-13,한,수,,54,유재길,허병하,440
11694,서울,2005-08-13,한,수,,53,김일성,조승민,458
11695,서울,2005-08-13,일,거,,55,박천서,지원철,450
11696,서울,2005-08-13,뉴,암,,54,서범석,문금주,488
11697,서울,2005-08-13,미,암,,54,이종구,정진태,460
11698,서울,2005-08-13,한,거,,54,고옥봉,정병조,493
11699,서울,2005-08-13,한,수,,54,강승영,한선호,431
11700,서울,2005-08-13,한,수,,54,안해양,윤영기,472
11701,서울,2005-08-13,한,수,,55,박덕준,허헌회,510
11702,서울,2005-08-13,한,수,,55,이희영,민영길,464
11703,서울,2005-08-13,뉴,거,,56,김재복,양길순,435
11704,서울,2005-08-13,한,암,,50,김충근,이재호,480
11705,서울,2005-08-13,한,암,,54,김양선,이항진,405
11706,서울,2005-08-13,일,암,,54,김춘근,신준희,439
11707,서울,2005-08-13,한,암,,52,강승영,정이남,449
11708,서울,2005-08-13,한,암,,54,김일성,류근상,465
11709,서울,2005-08-13,미,암,,54,최혜식,은희만,480
11710,서울,2005-08-13,한,암,,54,박원덕,이효선,431
11711,서울,2005-08-13,한,암,,53,강명준,이광수a,486
11712,서울,2005-08-13,미,수,,55.5,이종구,이영웅,461
11713,서울,2005-08-13,한,암,,53,김학수,전기섭,436
11714,서울,2005-08-13,한,암,,49,최영주,이영욱a,437
11715,서울,2005-08-13,미,암,,52,박대흥,정일권,464
11716,서울,2005-08-13,미,암,,51,김재복,전기섭,489
11717,서울,2005-08-13,한,암,,54,유재길,조병해,434
11718,서울,2005-08-13,호,암,,53,최상식,장재형,412
11719,서울,2005-08-13,한,암,,48,김재복,조규학,416
11720,서울,2005-08-13,한,암,,51,임봉춘,박태훈,435
11721,서울,2005-08-13,한,암,,54,박흥진,장경환,459
11722,서울,2005-08-13,한,암,,51,임봉춘,권태우,446
11723,서울,2005-08-13,미,암,,57,박원덕,이효선,452
11724,서울,2005-08-13,한,암,,54,신우철,박정열,462
11725,서울,2005-08-13,미,암,,48,김순근,이윤화,471
11726,서울,2005-08-13,한,암,,53,박흥진,장경환,452
11727,서울,2005-08-13,한,암,,54,황의성,이영서,429
11728,서울,2005-08-13,한,암,,54,김대근,김정규,432
11729,서울,2005-08-13,한,암,,54,최상식,조동식,381
11730,서울,2005-08-13,한,암,,54,최혜식,조진환,453
11731,서울,2005-08-13,한,거,,52,박천서,유미개발,485
11732,서울,2005-08-13,한,거,,53,김점오,김창희,434
11733,서울,2005-08-13,한,거,,55.5,신우철,김우식,505
11734,서울,2005-08-13,한,거,,51,김일성,강태은,486
11735,서울,2005-08-13,한,거,,55,김대근,노병석,408
11736,서울,2005-08-13,뉴,거,,52,박진호,명인환,533
11737,서울,2005-08-13,한,거,,54,유재길,월곡목장영농조합,429
11738,서울,2005-08-13,한,거,,54,고옥봉,이기선,450
11739,서울,2005-08-13,뉴,암,,53,서범석,문금주,465
11740,서울,2005-08-13,미,암,,53,박원덕,방승부,429
11741,서울,2005-08-13,뉴,암,,54,박원덕,이효선,440
11742,서울,2005-08-13,호,거,,54,지용훈,조용학,486
11743,서울,2005-08-13,한,거,,50,김윤섭,진교원,470
11744,서울,2005-08-13,한,거,,55,하재흥,이중연,520
11745,서울,2005-08-13,한,거,,55,박천서,박엽래,460
11746,서울,2005-08-13,뉴,거,,54,김명국,이태식,431
11747,서울,2005-08-13,한,거,,55,김명국,코스틸,466
11748,서울,2005-08-13,뉴,거,,54,임봉춘,서정훈,434
11749,서울,2005-08-13,일,거,,54,하재흥,김웅세,440
11750,서울,2005-08-13,호,거,,54,박덕준,나정웅,491
11751,서울,2005-08-13,뉴,거,,54,이종구,박정록,481
11752,서울,2005-08-13,한,거,,58,김대근,김정규,486
11753,서울,2005-08-13,미,거,,52,박대흥,김용정,489
11754,서울,2005-08-13,한,거,,53,박희철,경규환,463
11755,서울,2005-08-13,한,수,,53,안해양,최동천,432
11756,서울,2005-08-13,한,수,,55,김점오,김덕환,465
11757,서울,2005-08-13,한,수,,55,김택수,김양호,463
11758,서울,2005-08-13,한,수,,55,임봉춘,지원철,445
11759,서울,2005-08-14,한,암,,55,김일성,조승민,433
11760,서울,2005-08-14,한,암,,51,지용철,김우창,464
11761,서울,2005-08-14,미,암,,53,김문갑,이재욱,440
11762,서울,2005-08-14,한,수,,52,정지은,청호컴넷(주),469
11763,서울,2005-08-14,한,암,,54,박덕준,백운창,403
11764,서울,2005-08-14,한,암,,57,박희철,김방철,418
11765,서울,2005-08-14,미,암,,54,서범석,문금주,493
11766,서울,2005-08-14,한,거,,52,김대근,유병옥,446
11767,서울,2005-08-14,한,거,,53,박흥진,이용대,416
11768,서울,2005-08-14,한,수,,50,박진호,명인환,497
11769,서울,2005-08-14,한,암,,51,지용훈,이문철,460
11770,서울,2005-08-14,한,암,,55,윤치운,오상철,427
11771,서울,2005-08-14,한,암,,52,박흥진,유준환,464
11772,서울,2005-08-14,한,암,,54,박대흥,최춘섭,456
11773,서울,2005-08-14,한,암,,54,김학수,박재범,411
11774,서울,2005-08-14,한,암,,54,박천서,천병득,459
11775,서울,2005-08-14,한,암,,54,배휴준,인원식,474
11776,서울,2005-08-14,한,암,,51,박희철,김완배,435
11777,서울,2005-08-14,한,암,,54,박종곤,박재범,470
11778,서울,2005-08-14,한,암,,54,박진호,정동진,467
11779,서울,2005-08-14,한,암,,54,황의성,범양해운,518
11780,서울,2005-08-14,한,수,,53,배휴준,이영숙,488
11781,서울,2005-08-14,한,수,,55,윤치운,윤문수,483
11782,서울,2005-08-14,미,암,,55,이종구,정진태,403
11783,서울,2005-08-14,한,암,,54,서범석,신준수,495
11784,서울,2005-08-14,한,수,,54,강승영,오호극,421
11785,서울,2005-08-14,한,암,,53,강승영,허영희,518
11786,서울,2005-08-14,한,암,,53,박흥진,제주축협,460
11787,서울,2005-08-14,한,암,,54,이희영,이상용,437
11788,서울,2005-08-14,한,암,,54,최혜식,박경만,413
11789,서울,2005-08-14,한,암,,53,박대흥,남승현,413
11790,서울,2005-08-14,한,암,,54,정지은,월곡목장영농조합,445
11791,서울,2005-08-14,한,암,,55,강명준,김길중,419
11792,서울,2005-08-14,한,암,,55,김택수,김봉조,466
11793,서울,2005-08-14,한,암,,54,박대흥,강충모,470
11794,서울,2005-08-14,한,암,,54,김문갑,정덕용,457
11795,서울,2005-08-14,한,암,,55,유재길,송근철,446
11796,서울,2005-08-14,한,암,,54,박진호,명인환,489
11797,서울,2005-08-14,한,암,,51,김점오,박영철,474
11798,서울,2005-08-14,한,암,,56,박덕준,서승린,448
11799,서울,2005-08-14,한,암,,52,지용훈,이선호,452
11800,서울,2005-08-14,미,암,,54,김점오,박영철,483
11801,서울,2005-08-14,한,암,,51,김재복,홍성운,432
11802,서울,2005-08-14,한,암,,54,박희철,조원희,437
11803,서울,2005-08-14,한,암,,54,박덕준,서승린,437
11804,서울,2005-08-14,한,암,,49,박희철,경규환,428
11805,서울,2005-08-14,한,암,,53,곽영효,강대기,444
11806,서울,2005-08-14,한,암,,54,박진호,김우창,495
11807,서울,2005-08-14,한,암,,54,양재철,박현종,461
11808,서울,2005-08-14,한,암,,48,유재길,허병하,418
11809,서울,2005-08-14,뉴,암,,54,김순근,서운석,470
11810,서울,2005-08-14,한,암,,54,김명국,박환창,428
11811,서울,2005-08-14,한,암,,54,이희영,이종원,497
11812,서울,2005-08-14,한,암,,54,김재복,우동희,509
11813,서울,2005-08-14,한,암,,53,지용철,김우창,423
11814,서울,2005-08-14,한,암,,56,임봉춘,이주형,493
11815,서울,2005-08-14,한,거,,53,유재길,권영탁,454
11816,서울,2005-08-14,한,거,,55,김대근,최상섭,448
11817,서울,2005-08-14,미,거,,56,양재철,박현종,0
11818,서울,2005-08-14,한,거,,57,유재길,이동재,467
11819,서울,2005-08-14,한,거,,49,고옥봉,전좌식,513
11820,서울,2005-08-14,미,암,,50,곽영효,허영희,478
11821,서울,2005-08-14,한,암,,55,김순근,권영술,424
11822,서울,2005-08-14,한,거,,55,박윤규,장석린외1인(신치구),494
11823,서울,2005-08-14,한,암,,54,하재흥,김경민,434
11824,서울,2005-08-14,뉴,거,,56,지용철,구필모,491
11825,서울,2005-08-14,한,거,,53,신우철,신항식,473
11826,서울,2005-08-14,한,거,,48,고옥봉,전좌식,478
11827,서울,2005-08-14,뉴,거,,54,김학수,박흥길,461
11828,서울,2005-08-14,한,거,,56,최영주,장석린외1인(신치구),474
11829,서울,2005-08-14,한,거,,55,신우철,이재진,487
11830,서울,2005-08-14,한,거,,54,고옥봉,오일랑,491
11831,서울,2005-08-14,한,거,,52,김명국,월곡목장영농조합,424
11832,서울,2005-08-14,한,거,,57,최영주,신영균,446
11833,서울,2005-08-14,한,거,,55,김윤섭,한광세,461
11834,서울,2005-08-14,미,거,,55,박윤규,신길우,443
11835,서울,2005-08-14,한,거,,54,김명국,이재효,417
11836,서울,2005-08-14,뉴,거,,51,이광복,서순배,429
11837,서울,2005-08-14,호,수,,54,곽영효,허영희,474
11838,서울,2005-08-14,미,수,,55,하재흥,이종철,499
11839,서울,2005-08-14,미,수,,55,양재철,김종화,454
11840,서울,2005-08-14,한,수,,55,유재길,허건호,401
11841,서울,2005-08-14,한,수,,50,임형규,서상주,455
11842,서울,2005-08-14,한,수,,55,김일성,류근상,472
11843,서울,2005-08-14,한,수,,55,양재철,박현종,450
11844,서울,2005-08-14,한,수,,52,박종곤,김진엽,464
11845,서울,2005-08-14,한,수,,50,김윤섭,김채겸,475
11846,서울,2005-08-14,미,수,,53,정지은,지대섭,482
11847,서울,2005-08-14,한,수,,55,곽영효,강용식,441
11848,서울,2005-08-14,한,수,,55,박덕준,허헌회,463
11849,서울,2005-08-14,한,수,,52,박희철,김수경,444
11850,서울,2005-08-14,한,수,,52,서범석,문금주,459
11851,서울,2005-08-14,한,수,,57,한일영,심재식,478
11852,서울,2005-08-14,미,수,,55,이광복,서순배,496
11853,서울,2005-08-14,한,수,,54,한일영,홍영대,488
11854,서울,2005-08-14,한,수,,55,신우철,김현래,517
11855,서울,2005-08-14,한,수,,55,김일성,임상윤,465
11856,서울,2005-08-14,한,수,,54,정지은,홍범기,432
11857,서울,2005-08-14,미,수,,53,김문갑,이재욱,463
11858,서울,2005-08-14,한,수,,51,김택수,정영채,449
11859,서울,2005-08-14,한,수,,55,김대근,최상섭,455
11860,서울,2005-08-14,한,암,,51,김대근,노병석,450
11861,서울,2005-08-14,미,거,,57,김명국,오호극,512
11862,서울,2005-08-14,한,수,,53,최혜식,이종원,473
11863,서울,2005-08-14,한,수,,55,지용철,강성보,461
11864,서울,2005-08-14,한,수,,55,최영주,신항철,432
11865,서울,2005-08-14,한,암,,54,김충근,허건호,456
11866,서울,2005-08-14,한,암,,54,이용준,안영환,463
11867,서울,2005-08-14,한,수,,55,안해양,김휘남,487
11868,서울,2005-08-14,한,수,,55,이용준,김종욱,477
11869,서울,2005-08-14,한,수,,53,강명준,이광수a,470
11870,서울,2005-08-20,한,수,,54,박덕준,장수영,443
11871,서울,2005-08-20,한,수,,52,박윤규,박상헌,428
11872,서울,2005-08-20,한,수,,52,이희영,오호극,457
11873,서울,2005-08-20,한,수,,57,김순근,제주축산개발,460
11874,서울,2005-08-20,한,수,,53,김윤섭,박태훈,421
11875,서울,2005-08-20,한,수,,56,최영주,최상태,451
11876,서울,2005-08-20,한,수,,51,박진호,표순배,440
11877,서울,2005-08-20,한,수,,55,박윤규,김신태,482
11878,서울,2005-08-20,한,수,,53,이종구,최수군,477
11879,서울,2005-08-20,미,수,,54,이희영,노승구,427
11880,서울,2005-08-20,한,수,,55,이종구,백종헌,452
11881,서울,2005-08-20,한,수,,55,박희철,조병해,456
11882,서울,2005-08-20,한,수,,53,박대흥,남승현,521
11883,서울,2005-08-20,미,수,,55,김점오,박환창,483
11884,서울,2005-08-20,한,수,,51,박흥진,김도윤,490
11885,서울,2005-08-20,한,수,,55,임형규,최동천,471
11886,서울,2005-08-20,한,수,,58,양재철,장철환,500
11887,서울,2005-08-20,한,수,,52,김순근,제주축산개발,397
11888,서울,2005-08-20,한,수,,56,이희영,정규상,460
11889,서울,2005-08-20,한,수,,52,박대흥,정일권,482
11890,서울,2005-08-20,한,수,,57,김병용,정몽규,472
11891,서울,2005-08-20,미,수,,54,지용훈,이선호,462
11892,서울,2005-08-20,한,수,,51,지용철,황의영,464
11893,서울,2005-08-20,한,암,,51,김순근,맹원재,451
11894,서울,2005-08-20,한,수,,53,김명국,이재효,423
11895,서울,2005-08-20,한,암,,52,윤치운,안응수,462
11896,서울,2005-08-20,한,암,,56,임봉춘,윤일균,438
11897,서울,2005-08-20,한,수,,55,김병용,정몽규,466
11898,서울,2005-08-20,한,암,,53,이인호,장용석,474
11899,서울,2005-08-20,한,암,,49,황의성,조병용,456
11900,서울,2005-08-20,호,암,,52,윤치운,민영길,463
11901,서울,2005-08-20,한,암,,55,유재길,박용훈,472
11902,서울,2005-08-20,한,암,,53,서범석,임기준,475
11903,서울,2005-08-20,한,암,,53,박윤규,권오학,427
11904,서울,2005-08-20,한,암,,54,최영주,최상태,422
11905,서울,2005-08-20,한,암,,52,서정하,천병득,419
11906,서울,2005-08-20,한,수,,54,강승영,강남환,465
11907,서울,2005-08-20,한,수,,53,하재흥,김병현,456
11908,서울,2005-08-20,한,수,,56,신우철,이수근,453
11909,서울,2005-08-20,한,수,,54,박희철,오경의,451
11910,서울,2005-08-20,한,거,,53,이왕언,박정열,457
11911,서울,2005-08-20,한,거,,55,양재철,박현종,428
11912,서울,2005-08-20,한,암,,48,서정하,구자선,446
11913,서울,2005-08-20,미,암,,54,김택수,조병용,420
11914,서울,2005-08-20,한,암,,54,박천서,박엽래,466
11915,서울,2005-08-20,한,암,,52,고옥봉,박요선,483
11916,서울,2005-08-20,한,암,,53,김점오,김창희,400
11917,서울,2005-08-20,한,거,,54,신우철,우근민,513
11918,서울,2005-08-20,한,암,,48,박흥진,장경환,482
11919,서울,2005-08-20,한,암,,55,박덕준,백운창,448
11920,서울,2005-08-20,한,거,,56,김명국,김진철,473
11921,서울,2005-08-20,미,거,,51,김양선,홍평우,494
11922,서울,2005-08-20,호,거,,54,박천서,천병득,510
11923,서울,2005-08-20,미,거,,52,김학수,박남성,513
11924,서울,2005-08-20,미,수,,56,이왕언,신건호,497
11925,서울,2005-08-20,한,수,,52,유재길,진교원,458
11926,서울,2005-08-20,한,수,,55,김택수,김창식,404
11927,서울,2005-08-20,한,수,,55,김문갑,김서운,420
11928,서울,2005-08-20,한,수,,52,고옥봉,윤해영,479
11929,서울,2005-08-20,한,수,,56,곽영효,이종무,480
11930,서울,2005-08-20,한,수,,54,김충근,이광수,489
11931,서울,2005-08-20,한,수,,57,윤치운,유영주,434
11932,서울,2005-08-20,한,수,,54,박천서,박엽래,473
11933,서울,2005-08-20,한,수,,55,이광복,최건호,532
11934,서울,2005-08-20,한,암,,54,최혜식,배석두,424
11935,서울,2005-08-20,한,수,,55,박흥진,이효선,439
11936,서울,2005-08-20,미,수,,51,하재흥,이종철,502
11937,서울,2005-08-20,한,수,,57,이광복,대일화학,518
11938,서울,2005-08-20,한,수,,55,김일성,조승민,487
11939,서울,2005-08-20,한,수,,53,김일성,조승민,477
11940,서울,2005-08-20,한,수,,53,강명준,이광수a,451
11941,서울,2005-08-20,미,수,,56,지용철,곽태훈,428
11942,서울,2005-08-20,한,수,,57,김윤섭,김채겸,467
11943,서울,2005-08-20,한,암,,53,박희철,김완배,492
11944,서울,2005-08-20,한,암,,51,강명준,김광영,445
11945,서울,2005-08-20,뉴,암,,52,서범석,서순배,438
11946,서울,2005-08-20,한,암,,56,김학수,전기섭,465
11947,서울,2005-08-20,한,암,,52,김택수,이희연,448
11948,서울,2005-08-20,한,암,,51,정지은,최여경,423
11949,서울,2005-08-20,한,암,,54,최상식,박기흥,481
11950,서울,2005-08-20,한,암,,54,안해양,김휘남,488
11951,서울,2005-08-20,한,암,,52,박흥진,최동천,472
11952,서울,2005-08-20,한,암,,55,배휴준,박승만,463
11953,서울,2005-08-20,한,암,,52,이희영,곽영필,489
11954,서울,2005-08-20,한,암,,49,이인호,신성철,417
11955,서울,2005-08-20,한,암,,54,김양선,정이남,435
11956,서울,2005-08-20,한,암,,54,이왕언,신건호,452
11957,서울,2005-08-20,한,암,,52,이희영,김연호,408
11958,서울,2005-08-20,한,암,,53,김대근,최상섭,424
11959,서울,2005-08-20,인,암,,54,김춘근,신준희,496
11960,서울,2005-08-20,한,암,,53,김윤섭,윤세영,453
11961,서울,2005-08-20,미,암,,54,이종구,정진태,426
11962,서울,2005-08-20,한,암,,52,박종곤,링크폴로,462
11963,서울,2005-08-20,뉴,암,,53,이광복,서순배,433
11964,서울,2005-08-20,한,암,,55,박종곤,김진엽,406
11965,서울,2005-08-20,한,암,,53,김순근,맹원재,458
11966,서울,2005-08-20,한,암,,53,고옥봉,김완배,426
11967,서울,2005-08-20,한,암,,53,고옥봉,전좌식,475
11968,서울,2005-08-20,한,암,,54,신우철,김경민,504
11969,서울,2005-08-20,한,암,,52,유재길,허병하,481
11970,서울,2005-08-20,한,암,,54,최혜식,배석두,393
11971,서울,2005-08-20,한,암,,48,서정하,구자선,482
11972,서울,2005-08-20,한,암,,53,김춘근,오일랑,463
11973,서울,2005-08-20,호,거,,52,최혜식,박용훈,523
11974,서울,2005-08-20,한,거,,53,박윤규,신길우,432
11975,서울,2005-08-20,미,거,,57,곽영효,전덕순,480
11976,서울,2005-08-20,뉴,거,,53,박덕준,나정웅,470
11977,서울,2005-08-20,한,거,,55,안해양,최동천,440
11978,서울,2005-08-20,일,거,,54,이종구,최인재,466
11979,서울,2005-08-20,한,거,,55,박대흥,남승현,504
11980,서울,2005-08-20,한,암,,52,유재길,박용훈,435
11981,서울,2005-08-20,한,암,,51,강명준,이광수a,494
11982,서울,2005-08-20,미,암,,53,김문갑,박용오,420
11983,서울,2005-08-20,한,암,,54,박덕준,나정웅,432
11984,서울,2005-08-20,뉴,암,,53,서범석,문금주,440
11985,서울,2005-08-20,한,거,,55,김대근,노병석,511
11986,서울,2005-08-20,한,암,,54,유재길,조병해,403
11987,서울,2005-08-20,한,암,,53,박흥진,김성두,425
11988,서울,2005-08-20,한,암,,54,양재철,임관호,437
11989,서울,2005-08-20,한,암,,53,고옥봉,이기선,461
11990,서울,2005-08-20,일,암,,51,박진호,이재원,485
11991,서울,2005-08-20,뉴,암,,53,최상식,장재형,417
11992,서울,2005-08-20,미,암,,54,박원덕,이정원,420
11993,서울,2005-08-20,한,암,,55,박희철,조원희,457
11994,서울,2005-08-20,한,암,,57,김춘근,이연택,448
11995,서울,2005-08-20,한,암,,52,이희영,김진태,437
11996,서울,2005-08-20,한,암,,56,지용훈,남기태,479
11997,서울,2005-08-20,일,수,,61,박희철,유정희,484
11998,서울,2005-08-20,한,수,,53,이광복,이동기,462
11999,서울,2005-08-20,한,수,,57,이종구,최인재,416
12000,서울,2005-08-20,한,암,,51,정지은,이영철,431
12001,서울,2005-08-20,한,암,,53,김점오,박종호,497
12002,서울,2005-08-21,한,암,,55,김양선,홍평우,419
12003,서울,2005-08-21,한,암,,52,임형규,신동호,428
12004,서울,2005-08-21,한,암,,54,이종구,최인재,426
12005,서울,2005-08-21,한,암,,54,박희철,김창희,442
12006,서울,2005-08-21,일,암,,54,김순근,최상경,482
12007,서울,2005-08-21,한,암,,54,박종곤,김진엽,402
12008,서울,2005-08-21,미,암,,51,양재철,이석태,447
12009,서울,2005-08-21,호,암,,54,지용철,이근우,442
12010,서울,2005-08-21,한,암,,55,김윤섭,심상춘,454
12011,서울,2005-08-21,한,암,,48,윤치운,남귀현,434
12012,서울,2005-08-21,한,암,,52,박천서,김충수,468
12013,서울,2005-08-21,뉴,암,,51,김순근,최상경,407
12014,서울,2005-08-21,한,암,,51,강명준,권태우,437
12015,서울,2005-08-21,한,거,,53,곽영효,강용식,459
12016,서울,2005-08-21,한,거,,53,박대흥,최애식,437
12017,서울,2005-08-21,미,거,,57,박원덕,김방철,505
12018,서울,2005-08-21,한,암,,54,지용훈,조용학,469
12019,서울,2005-08-21,한,암,,54,박대흥,오준석,446
12020,서울,2005-08-21,한,거,,53,김대근,유병옥,428
12021,서울,2005-08-21,한,암,,55,유재길,진교원,435
12022,서울,2005-08-21,한,수,,55,김재복,박희주,408
12023,서울,2005-08-21,미,암,,54,이종구,유수택,441
12024,서울,2005-08-21,한,암,,55,김재복,박재율,457
12025,서울,2005-08-21,한,거,,55,박윤규,이수홍,464
12026,서울,2005-08-21,한,수,,56.5,김일성,조승민,435
12027,서울,2005-08-21,한,거,,52,이희영,정규상,413
12028,서울,2005-08-21,한,거,,55,박원덕,이효선,460
12029,서울,2005-08-21,한,수,,49,신우철,안영환,478
12030,서울,2005-08-21,한,수,,55.5,박종곤,곽영진,453
12031,서울,2005-08-21,한,수,,55,하재흥,이유환,451
12032,서울,2005-08-21,한,수,,55,최상식,장재형,445
12033,서울,2005-08-21,한,수,,53,곽영효,허영희,0
12034,서울,2005-08-21,한,수,,54,하재흥,이수홍,422
12035,서울,2005-08-21,한,수,,55,박진호,함운일,468
12036,서울,2005-08-21,한,거,,51,김점오,박환창,460
12037,서울,2005-08-21,한,암,,54,김명국,장석영,439
12038,서울,2005-08-21,한,암,,50,김충근,정화섭,466
12039,서울,2005-08-21,한,암,,54,안해양,김봉섭,539
12040,서울,2005-08-21,한,암,,51,김명국,이태식,485
12041,서울,2005-08-21,한,암,,51,임형규,이기선,403
12042,서울,2005-08-21,한,암,,53,고옥봉,장홍주,475
12043,서울,2005-08-21,한,암,,50,김춘근,남웅종,454
12044,서울,2005-08-21,한,암,,52,지용훈,이문철,440
12045,서울,2005-08-21,한,암,,53,고옥봉,이태인,443
12046,서울,2005-08-21,한,암,,50,박종곤,이충구,437
12047,서울,2005-08-21,미,수,,53,김문갑,김서운,467
12048,서울,2005-08-21,한,수,,53,안해양,김휘남,446
12049,서울,2005-08-21,한,수,,53,최혜식,박동규,496
12050,서울,2005-08-21,한,수,,53,지용철,이근우,491
12051,서울,2005-08-21,한,수,,52,지용훈,이선호,439
12052,서울,2005-08-21,한,암,,54,김일성,류근상,496
12053,서울,2005-08-21,인,암,,54,서범석,문금주,498
12054,서울,2005-08-21,한,암,,53,김문갑,김성두,438
12055,서울,2005-08-21,한,암,,51,박천서,정일권,431
12056,서울,2005-08-21,한,암,,55,김학수,전기섭,420
12057,서울,2005-08-21,한,암,,54,이왕언,서민석,409
12058,서울,2005-08-21,뉴,암,,54,서범석,문금주,465
12059,서울,2005-08-21,한,암,,53,이광복,최건호,428
12060,서울,2005-08-21,한,암,,48,김양선,차영희,471
12061,서울,2005-08-21,한,암,,51,김양선,김종철,466
12062,서울,2005-08-21,한,암,,53,박윤규,이필승,419
12063,서울,2005-08-21,한,수,,54,양재철,윤임구,459
12064,서울,2005-08-21,한,수,,55,배휴준,박승만,468
12065,서울,2005-08-21,한,수,,48,강승영,권영원,466
12066,서울,2005-08-21,한,수,,56,김점오,박남성,479
12067,서울,2005-08-21,한,수,,51,정지은,이부용,470
12068,서울,2005-08-21,한,수,,55,최혜식,은희만,437
12069,서울,2005-08-21,한,수,,55.5,박원덕,이종석,437
12070,서울,2005-08-21,한,수,,51,김일성,강태은,480
12071,서울,2005-08-21,한,수,,53,김대근,한일사료,474
12072,서울,2005-08-21,한,수,,54,김점오,이송,476
12073,서울,2005-08-21,한,수,,55,이인호,김방철,478
12074,서울,2005-08-21,한,수,,57,지용철,우쾌제,487
12075,서울,2005-08-21,한,수,,51,하재흥,신동열,441
12076,서울,2005-08-21,한,수,,55,지용철,이근우,420
12077,서울,2005-08-21,한,수,,53,최혜식,조진환,460
12078,서울,2005-08-21,한,수,,53,배휴준,김진철,478
12079,서울,2005-08-21,한,암,,54,임봉춘,박상선,455
12080,서울,2005-08-21,한,수,,55,윤치운,유영주,453
12081,서울,2005-08-21,한,암,,55,박천서,천병득,453
12082,서울,2005-08-21,한,암,,54,김춘근,이보원,439
12083,서울,2005-08-21,미,수,,55,김택수,오호극,438
12084,서울,2005-08-21,한,수,,54,신우철,안영환,435
12085,서울,2005-08-21,한,수,,53,이광복,최명균,427
12086,서울,2005-08-21,한,수,,54,김일성,일진코스메틱,455
12087,서울,2005-08-21,한,수,,57,박덕준,문창완,496
12088,서울,2005-08-21,한,암,,53,최혜식,박동규,460
12089,서울,2005-08-21,뉴,암,,54,서범석,서순배,446
12090,서울,2005-08-21,한,암,,49,임형규,황수웅,476
12091,서울,2005-08-21,한,거,,55,김대근,김완배,448
12092,서울,2005-08-21,한,거,,53,이용준,김명식,441
12093,서울,2005-08-21,미,거,,57,김윤섭,한광세,445
12094,서울,2005-08-21,한,거,,54,김순근,이윤화,472
12095,서울,2005-08-21,한,거,,56,김학수,김완배,404
12096,서울,2005-08-21,한,거,,52,박덕준,백운창,444
12097,서울,2005-08-21,한,거,,55,이광복,이필승,433
12098,서울,2005-08-21,한,거,,55,이희영,김용상,462
12099,서울,2005-08-21,한,거,,55,박원덕,최윤호,429
12100,서울,2005-08-21,뉴,거,,54,서정하,구자선,440
12101,서울,2005-08-21,한,거,,52,이용준,김명식,443
12102,서울,2005-08-21,뉴,거,,55,김재복,정이남,436
12103,서울,2005-08-21,한,거,,55,김춘근,월곡목장영농조합,464
12104,서울,2005-08-21,뉴,거,,54,김윤섭,김채겸,457
12105,서울,2005-08-21,한,거,,56,최영주,신항철,452
12106,서울,2005-08-21,일,수,,55,최영주,신항철,476
12107,서울,2005-08-21,한,수,,57,이종구,최수군,465
12108,서울,2005-08-21,한,수,,53,김춘근,이장한,456
12109,서울,2005-08-21,한,수,,52,강승영,한선호,426
12110,서울,2005-08-21,한,수,,51,김윤섭,김채겸,477
12111,서울,2005-08-21,한,수,,52,지용훈,조용학,493
12112,서울,2005-08-21,한,수,,55,김병용,송근철,426
12113,서울,2005-08-21,한,거,,54,김재복,김한영,465
12114,서울,2005-08-21,한,수,,55,이용준,임기준,448
12115,서울,2005-08-21,한,수,,55,박희철,조원희,435
12116,서울,2005-08-21,한,수,,55,최상식,장재형,454
12117,서울,2005-08-21,한,수,,56,이왕언,최창걸,495
12118,서울,2005-08-21,한,수,,52,김학수,이용익,473
12119,서울,2005-08-21,한,암,,53,강승영,권영원,437
12120,서울,2005-08-21,한,암,,49,신우철,김우식,433
12121,서울,2005-08-21,한,암,,54,임봉춘,장세창,477
12122,서울,2005-08-21,한,암,,55,김재복,박희주,462
12123,서울,2005-08-21,한,암,,54,김춘근,이보원,426
12124,서울,2005-08-21,한,암,,54,이종구,최인재,435
12125,서울,2005-08-21,호,암,,53,정지은,이영철,502
12126,서울,2005-08-21,한,암,,51,안해양,윤훈현,445
12127,서울,2005-08-27,한,거,,55,이왕언,박성구,484
12128,서울,2005-08-27,한,수,,57,지용철,강성보,449
12129,서울,2005-08-27,한,암,,54,김양선,전기섭,482
12130,서울,2005-08-27,미,암,,52,강승영,오호극,442
12131,서울,2005-08-27,한,수,,52,김재복,김종한,465
12132,서울,2005-08-27,한,수,,57,한일영,함운일,454
12133,서울,2005-08-27,한,수,,57.5,김양선,구자선,453
12134,서울,2005-08-27,한,수,,55,최영주,반승일,425
12135,서울,2005-08-27,한,수,,53,김점오,박종호,464
12136,서울,2005-08-27,미,수,,53,최혜식,이종원,442
12137,서울,2005-08-27,한,수,,55,윤치운,유영주,493
12138,서울,2005-08-27,한,수,,55,지용훈,이선호,467
12139,서울,2005-08-27,한,수,,55,박윤규,박상헌,437
12140,서울,2005-08-27,한,수,,51,윤치운,이기인,441
12141,서울,2005-08-27,한,수,,51,김일성,조승민,483
12142,서울,2005-08-27,한,수,,56,최상식,임우근,492
12143,서울,2005-08-27,일,수,,54,박진호,명인환,509
12144,서울,2005-08-27,한,수,,52,김병용,박흥길,446
12145,서울,2005-08-27,한,수,,54,양재철,임관호,480
12146,서울,2005-08-27,한,수,,55,김대근,최상섭,503
12147,서울,2005-08-27,한,수,,55,하재흥,김영수,438
12148,서울,2005-08-27,한,수,,55,김충근,이광수,504
12149,서울,2005-08-27,한,수,,56,김충근,이광수,431
12150,서울,2005-08-27,한,수,,50,김춘근,김상태,429
12151,서울,2005-08-27,미,수,,53,박대흥,정일권,512
12152,서울,2005-08-27,한,수,,57,서범석,신준수,452
12153,서울,2005-08-27,한,수,,52,박희철,김수경,442
12154,서울,2005-08-27,한,수,,55,강명준,김길중,461
12155,서울,2005-08-27,한,수,,57.5,신우철,김현래,483
12156,서울,2005-08-27,미,수,,57,양재철,임관호,485
12157,서울,2005-08-27,한,수,,55,이인호,오만준,448
12158,서울,2005-08-27,한,수,,52,유재길,허병하,453
12159,서울,2005-08-27,한,수,,55,김문갑,이재욱,436
12160,서울,2005-08-27,한,수,,54,하재흥,이유환,531
12161,서울,2005-08-27,미,수,,53,서범석,서순배,446
12162,서울,2005-08-27,한,수,,50,임형규,서상주,456
12163,서울,2005-08-27,한,수,,53,지용철,황의영,484
12164,서울,2005-08-27,한,거,,52,임형규,박정록,438
12165,서울,2005-08-27,한,거,,56,박흥진,김도윤,483
12166,서울,2005-08-27,한,거,,57,최영주,신영균,443
12167,서울,2005-08-27,뉴,거,,57,박덕준,백운창,472
12168,서울,2005-08-27,뉴,거,,56,하재흥,신동열,452
12169,서울,2005-08-27,뉴,거,,56,서범석,박남성,470
12170,서울,2005-08-27,미,거,,53,김택수,김양호,511
12171,서울,2005-08-27,한,거,,54,최영주,박선주,421
12172,서울,2005-08-27,한,거,,52,박대흥,최애식,470
12173,서울,2005-08-27,한,거,,52,박흥진,이용대,424
12174,서울,2005-08-27,한,거,,53,곽영효,양수화,415
12175,서울,2005-08-27,한,거,,53,김일성,일진코스메틱,477
12176,서울,2005-08-27,뉴,거,,56,박윤규,이수홍,453
12177,서울,2005-08-27,한,거,,53,안해양,최동천,470
12178,서울,2005-08-27,한,거,,55,안해양,윤여운,466
12179,서울,2005-08-27,뉴,거,,57,강명준,이광수a,437
12180,서울,2005-08-27,뉴,거,,57,이종구,서정훈,462
12181,서울,2005-08-27,미,암,,52,박흥진,유준환,447
12182,서울,2005-08-27,한,암,,52,김택수,김봉조,466
12183,서울,2005-08-27,한,암,,53,하재흥,신동열,527
12184,서울,2005-08-27,미,암,,53,김문갑,어울림네트웍스,446
12185,서울,2005-08-27,한,암,,51,김점오,김창희,490
12186,서울,2005-08-27,한,암,,52,이왕언,이영서,475
12187,서울,2005-08-27,한,암,,55,이종구,이영웅,425
12188,서울,2005-08-27,한,암,,51,이용준,김진철,432
12189,서울,2005-08-27,한,암,,52,임봉춘,이주형,474
12190,서울,2005-08-27,미,암,,50,김문갑,김서운,460
12191,서울,2005-08-27,한,암,,53,김택수,김양호,438
12192,서울,2005-08-27,한,암,,54,이종구,김기영,448
12193,서울,2005-08-27,한,암,,51,정지은,최여경,482
12194,서울,2005-08-27,한,암,,53,김문갑,김성두,425
12195,서울,2005-08-27,일,암,,53,김명국,박양호,388
12196,서울,2005-08-27,한,암,,54,김윤섭,김채겸,461
12197,서울,2005-08-27,한,암,,48,김재복,전기섭,428
12198,서울,2005-08-27,한,암,,53,최영주,변영남,527
12199,서울,2005-08-27,일,암,,53,정지은,노환영,465
12200,서울,2005-08-27,한,암,,54,안해양,윤여운,441
12201,서울,2005-08-27,한,암,,51,최영주,신항철,479
12202,서울,2005-08-27,한,암,,51,김윤섭,김준일,421
12203,서울,2005-08-27,한,암,,53,김양선,김종철,471
12204,서울,2005-08-27,한,암,,54,박흥진,이용대,445
12205,서울,2005-08-27,한,암,,53,신우철,김덕애,416
12206,서울,2005-08-27,한,암,,52,고옥봉,정병조,439
12207,서울,2005-08-27,한,암,,51,배휴준,지성한,471
12208,서울,2005-08-27,한,암,,52,서정하,변영남,441
12209,서울,2005-08-27,한,암,,50,김양선,김종철,435
12210,서울,2005-08-27,한,암,,50,곽영효,강용식,485
12211,서울,2005-08-27,한,암,,50,강명준,김광영,424
12212,서울,2005-08-27,미,암,,53,김학수,구자선,429
12213,서울,2005-08-27,한,암,,53,박원덕,최윤호,438
12214,서울,2005-08-27,한,암,,53,이용준,안영환,463
12215,서울,2005-08-27,일,암,,50,신우철,박치문,446
12216,서울,2005-08-27,일,암,,53,최혜식,권영탁,455
12217,서울,2005-08-27,한,암,,54,양재철,한광희,411
12218,서울,2005-08-27,한,암,,51,이광복,최건호,449
12219,서울,2005-08-27,한,암,,53,박흥진,김길중,434
12220,서울,2005-08-27,일,암,,53,유재길,허병하,437
12221,서울,2005-08-27,한,암,,54,박희철,조원희,436
12222,서울,2005-08-27,일,암,,53,김춘근,이보원,433
12223,서울,2005-08-27,한,수,,55,지용훈,조용학,456
12224,서울,2005-08-27,한,수,,53,유재길,진교원,453
12225,서울,2005-08-27,일,암,,53,이인호,민영길,467
12226,서울,2005-08-27,한,암,,51,서범석,송숙자,425
12227,서울,2005-08-27,한,암,,53,박원덕,이정원,427
12228,서울,2005-08-27,미,암,,53,김윤섭,심상춘,496
12229,서울,2005-08-27,한,암,,54,최혜식,지원철,438
12230,서울,2005-08-27,한,수,,55,신우철,박용훈,480
12231,서울,2005-08-27,한,수,,55,최영주,반승일,450
12232,서울,2005-08-27,한,수,,54,이희영,정규상,419
12233,서울,2005-08-27,미,암,,53,김점오,박영철,404
12234,서울,2005-08-27,한,암,,52,고옥봉,박성구,462
12235,서울,2005-08-27,미,암,,53,김문갑,이재욱,441
12236,서울,2005-08-27,한,암,,54,신우철,안영환,476
12237,서울,2005-08-27,미,거,,54,김재복,김종한,500
12238,서울,2005-08-28,한,거,,55,박천서,윤훈현,490
12239,서울,2005-08-28,한,수,,52,임형규,정수남,470
12240,서울,2005-08-28,한,수,,55,곽영효,강신호,466
12241,서울,2005-08-28,한,수,,53,윤치운,김성두,475
12242,서울,2005-08-28,한,암,,54,배휴준,지성한,473
12243,서울,2005-08-28,한,거,,55,고옥봉,전좌식,426
12244,서울,2005-08-28,한,거,,56,김양선,이항진,435
12245,서울,2005-08-28,뉴,거,,54,서정하,김창식,446
12246,서울,2005-08-28,한,거,,53,지용철,콤텍시스템,480
12247,서울,2005-08-28,한,거,,52,안해양,김휘남,479
12248,서울,2005-08-28,한,거,,57,박대흥,김용정,513
12249,서울,2005-08-28,한,거,,55,고옥봉,김길중,464
12250,서울,2005-08-28,미,거,,53,김양선,오해석,501
12251,서울,2005-08-28,뉴,수,,55.5,김순근,김상태,487
12252,서울,2005-08-28,한,수,,57,이인호,서익수,468
12253,서울,2005-08-28,한,수,,57,고옥봉,전좌식,446
12254,서울,2005-08-28,한,수,,53,유재길,김양호,453
12255,서울,2005-08-28,미,수,,55.5,이용준,김명식,490
12256,서울,2005-08-28,한,수,,55,강명준,최효순,429
12257,서울,2005-08-28,한,수,,55,윤치운,안응수,479
12258,서울,2005-08-28,한,수,,55,김춘근,이선종,489
12259,서울,2005-08-28,한,수,,54,김재복,박희주,443
12260,서울,2005-08-28,미,수,,55,김윤섭,한광세,0
12261,서울,2005-08-28,한,수,,53,김일성,조승민,510
12262,서울,2005-08-28,한,수,,55,지용철,강성보,519
12263,서울,2005-08-28,미,수,,54,김양선,구자선,523
12264,서울,2005-08-28,한,수,,55,하재흥,신동열,503
12265,서울,2005-08-28,미,수,,56,김문갑,박용오,458
12266,서울,2005-08-28,한,수,,51,지용철,강성보,475
12267,서울,2005-08-28,한,수,,53,김학수,박남성,470
12268,서울,2005-08-28,한,수,,53,이광복,최건호,411
12269,서울,2005-08-28,호,수,,58,김학수,박환창,485
12270,서울,2005-08-28,미,수,,55.5,박대흥,정일권,490
12271,서울,2005-08-28,미,수,,57.5,이용준,임기준,496
12272,서울,2005-08-28,한,수,,57,하재흥,신동열,483
12273,서울,2005-08-28,한,수,,52,김재복,우동희,455
12274,서울,2005-08-28,한,수,,55,최상식,최춘섭,464
12275,서울,2005-08-28,한,수,,53,박희철,서정훈,440
12276,서울,2005-08-28,한,수,,56,김점오,유순목,454
12277,서울,2005-08-28,한,수,,55,김윤섭,심상춘,474
12278,서울,2005-08-28,한,수,,55,지용훈,이선호,491
12279,서울,2005-08-28,한,수,,55,유재길,진교원,461
12280,서울,2005-08-28,한,수,,54,윤치운,유영주,475
12281,서울,2005-08-28,한,수,,54,지용철,곽태훈,484
12282,서울,2005-08-28,한,수,,53,안해양,최동천,463
12283,서울,2005-08-28,한,수,,59,곽영효,이종무,506
12284,서울,2005-08-28,한,수,,52,박진호,정동진,466
12285,서울,2005-08-28,한,수,,57,한일영,심재식,431
12286,서울,2005-08-28,한,수,,50,배휴준,이영숙,468
12287,서울,2005-08-28,한,수,,50,신우철,최관식,431
12288,서울,2005-08-28,한,수,,55,이희영,정규상,453
12289,서울,2005-08-28,한,수,,55,김점오,박영철,454
12290,서울,2005-08-28,한,수,,55,박덕준,허헌회,450
12291,서울,2005-08-28,뉴,암,,53,서범석,최상경,480
12292,서울,2005-08-28,한,암,,54,김양선,서운석,437
12293,서울,2005-08-28,한,거,,55,박흥진,김도윤,491
12294,서울,2005-08-28,한,암,,55,하재흥,김문환a,464
12295,서울,2005-08-28,한,수,,54,박덕준,백운창,475
12296,서울,2005-08-28,한,수,,55,박진호,이재원,466
12297,서울,2005-08-28,한,수,,53,최혜식,박정열,443
12298,서울,2005-08-28,한,수,,54,배휴준,지성한,449
12299,서울,2005-08-28,한,수,,50,김춘근,김주성,436
12300,서울,2005-08-28,한,수,,53,김명국,이태식,475
12301,서울,2005-08-28,한,암,,51,박천서,천병득,436
12302,서울,2005-08-28,한,암,,54,고옥봉,장홍주,451
12303,서울,2005-08-28,한,암,,52,정지은,홍범기,450
12304,서울,2005-08-28,한,암,,53,김병용,정몽규,458
12305,서울,2005-08-28,한,수,,55,강명준,이광수a,436
12306,서울,2005-08-28,한,수,,52,신우철,선우패션,479
12307,서울,2005-08-28,한,암,,51,이희영,박환창,445
12308,서울,2005-08-28,한,암,,54,박종곤,박재범,441
12309,서울,2005-08-28,한,암,,56.5,김택수,조동식,460
12310,서울,2005-08-28,한,암,,54,김대근,김진구,435
12311,서울,2005-08-28,한,암,,52,박희철,경규환,480
12312,서울,2005-08-28,한,거,,56,황의성,권오학,451
12313,서울,2005-08-28,한,거,,53,이희영,김용상,440
12314,서울,2005-08-28,한,암,,53,신우철,선우패션,423
12315,서울,2005-08-28,한,암,,54,정지은,지대섭,473
12316,서울,2005-08-28,한,암,,54,박대흥,남승현,444
12317,서울,2005-08-28,한,암,,54,곽영효,권광세,458
12318,서울,2005-08-28,한,암,,54,박종곤,박재범,463
12319,서울,2005-08-28,한,암,,52,박흥진,유준환,487
12320,서울,2005-08-28,한,수,,54,김재복,전기섭,441
12321,서울,2005-08-28,한,암,,50,박진호,명인환,471
12322,서울,2005-08-28,한,암,,54,서범석,장철환,500
12323,서울,2005-08-28,일,암,,54,김순근,최상경,458
12324,서울,2005-08-28,한,암,,49,임봉춘,권태우,441
12325,서울,2005-08-28,한,암,,51,최상식,장재형,453
12326,서울,2005-08-28,한,암,,52,지용훈,이문철,463
12327,서울,2005-08-28,한,암,,54,박윤규,이필승,467
12328,서울,2005-08-28,한,암,,54,김명국,박양호,430
12329,서울,2005-08-28,한,암,,51,박종곤,곽영진,409
12330,서울,2005-08-28,한,암,,53,강명준,변영남,469
12331,서울,2005-08-28,한,암,,55,유재길,이동재,468
12332,서울,2005-08-28,한,암,,51,김병용,송근철,436
12333,서울,2005-08-28,한,암,,52,박종곤,방형린,458
12334,서울,2005-08-28,한,암,,54,하재흥,김영수,445
12335,서울,2005-08-28,한,암,,53,이용준,강상우,453
12336,서울,2005-08-28,한,암,,53,김순근,김성부,497
12337,서울,2005-08-28,일,암,,54,김문갑,정덕용,459
12338,서울,2005-08-28,한,암,,54,김충근,이광수,449
12339,서울,2005-08-28,한,암,,54,지용훈,남기태,499
12340,서울,2005-08-28,한,암,,53,임봉춘,박상선,479
12341,서울,2005-08-28,한,암,,54,김순근,최상경,401
12342,서울,2005-08-28,한,암,,54,고옥봉,윤해영,419
12343,서울,2005-08-28,일,암,,54,김택수,김양호,483
12344,서울,2005-08-28,한,암,,51,서범석,장철환,463
12345,서울,2005-08-28,한,암,,55,이용준,임기준,451
12346,서울,2005-08-28,한,암,,54,안해양,윤영기,475
12347,서울,2005-08-28,한,암,,53,김춘근,이보원,470
12348,서울,2005-08-28,한,암,,54,양재철,김기성,408
12349,서울,2005-08-28,한,암,,54,박윤규,이수홍,443
12350,서울,2005-08-28,한,암,,52,박덕준,서승린,406
12351,서울,2005-08-28,한,거,,53.5,김명국,이태식,481
12352,서울,2005-08-28,한,거,,54,임봉춘,이선종,454
12353,서울,2005-08-28,한,거,,52,임형규,정수남,428
12354,서울,2005-08-28,한,암,,52,최상식,조동식,451
12355,서울,2005-08-28,한,암,,53,김점오,김덕환,407
12356,서울,2005-08-28,뉴,거,,54,최상식,장재형,433
12357,서울,2005-08-28,미,거,,53,지용철,안대종,452
12358,서울,2005-08-28,한,거,,53,박대흥,최애식,483
12359,서울,2005-08-28,뉴,거,,54,박원덕,이정원,434
12360,서울,2005-08-28,뉴,거,,55,하재흥,이상오,459
12361,서울,2005-09-03,미,수,,53,정지은,이경우,466
12362,서울,2005-09-03,한,거,,52,김일성,강태은,477
12363,서울,2005-09-03,한,거,,56,김윤섭,김연호,449
12364,서울,2005-09-03,한,거,,49,정지은,박찬준,483
12365,서울,2005-09-03,한,암,,54,이광복,장춘희,428
12366,서울,2005-09-03,한,암,,48,박덕준,나정웅,471
12367,서울,2005-09-03,한,암,,51,김순근,김상태,443
12368,서울,2005-09-03,한,거,,51,박원덕,박정웅,428
12369,서울,2005-09-03,미,거,,53,강승영,지대섭,457
12370,서울,2005-09-03,영,거,,53,김윤섭,김채겸,450
12371,서울,2005-09-03,한,거,,51,정지은,권광세,505
12372,서울,2005-09-03,일,거,,52,하재흥,김웅세,434
12373,서울,2005-09-03,한,거,,57,김점오,김창희,465
12374,서울,2005-09-03,한,거,,55,양재철,박현종,426
12375,서울,2005-09-03,뉴,거,,54,박윤규,이수홍,452
12376,서울,2005-09-03,한,거,,53,곽영효,강용식,453
12377,서울,2005-09-03,미,거,,55,김춘근,김한영,497
12378,서울,2005-09-03,한,거,,57,최영주,신항철,455
12379,서울,2005-09-03,호,거,,51.5,김춘근,이선종,420
12380,서울,2005-09-03,미,거,,53,김문갑,이재욱,455
12381,서울,2005-09-03,한,수,,58.5,지용훈,남기태,473
12382,서울,2005-09-03,한,수,,57,김학수,정이남,434
12383,서울,2005-09-03,한,수,,53,김택수,김양호,484
12384,서울,2005-09-03,한,수,,55,김대근,유병옥,495
12385,서울,2005-09-03,미,수,,53,이인호,이종원,487
12386,서울,2005-09-03,미,수,,54,김택수,이희연,458
12387,서울,2005-09-03,한,수,,53,지용철,곽태훈,448
12388,서울,2005-09-03,한,수,,53.5,김순근,지대섭,483
12389,서울,2005-09-03,일,수,,55,박진호,함운일,435
12390,서울,2005-09-03,미,수,,55,이종구,박정록,541
12391,서울,2005-09-03,미,수,,53,서정하,김창식,461
12392,서울,2005-09-03,미,수,,53,지용훈,조용학,491
12393,서울,2005-09-03,일,수,,55,최영주,신항철,471
12394,서울,2005-09-03,한,수,,53,이종구,백종헌,452
12395,서울,2005-09-03,한,수,,52,지용철,황의영,454
12396,서울,2005-09-03,한,수,,53,박진호,정동진,521
12397,서울,2005-09-03,한,수,,54,곽영효,김기용,480
12398,서울,2005-09-03,한,수,,53,지용철,이근우,488
12399,서울,2005-09-03,미,수,,51,하재흥,이종철,498
12400,서울,2005-09-03,미,수,,56.5,김택수,장철환,459
12401,서울,2005-09-03,한,수,,54,정지은,홍범기,435
12402,서울,2005-09-03,미,수,,55,김택수,김양호,484
12403,서울,2005-09-03,미,수,,53,한일영,홍영대,497
12404,서울,2005-09-03,한,수,,55,이용준,신영식,527
12405,서울,2005-09-03,미,수,,53,이광복,서순배,487
12406,서울,2005-09-03,한,수,,51,지용철,이수길,484
12407,서울,2005-09-03,한,수,,55,박종곤,박재범,519
12408,서울,2005-09-03,미,수,,57,곽영효,양수화,477
12409,서울,2005-09-03,뉴,수,,52,정지은,김지훈,448
12410,서울,2005-09-03,한,수,,52,강승영,강남환,466
12411,서울,2005-09-03,한,수,,55,김점오,박흥길,493
12412,서울,2005-09-03,한,수,,54,김점오,박영철,471
12413,서울,2005-09-03,한,수,,53,박종곤,김진엽,447
12414,서울,2005-09-03,한,거,,55,김명국,코스틸,452
12415,서울,2005-09-03,뉴,거,,52,박덕준,서승린,446
12416,서울,2005-09-03,한,거,,50,유재길,권영탁,461
12417,서울,2005-09-03,한,암,,51,박진호,김우창,479
12418,서울,2005-09-03,한,암,,53,김윤섭,김채겸,422
12419,서울,2005-09-03,한,거,,52,김명국,이태식,452
12420,서울,2005-09-03,한,거,,53,김대근,최상섭,449
12421,서울,2005-09-03,한,암,,54,박원덕,이종석,439
12422,서울,2005-09-03,한,암,,52,고옥봉,정병조,456
12423,서울,2005-09-03,한,암,,51,김명국,풀무원건강식품(주),475
12424,서울,2005-09-03,인,수,,55,이광복,임기준,420
12425,서울,2005-09-03,한,수,,53,지용철,이수길,418
12426,서울,2005-09-03,미,거,,60,김문갑,김익영,484
12427,서울,2005-09-03,한,수,,52,김충근,이광수,479
12428,서울,2005-09-03,한,수,,55,지용철,우쾌제,492
12429,서울,2005-09-03,한,암,,54,지용철,이수길,477
12430,서울,2005-09-03,한,거,,55,하재흥,이중연,518
12431,서울,2005-09-03,미,암,,53,양재철,김종화,490
12432,서울,2005-09-03,미,수,,53,이희영,이상용,447
12433,서울,2005-09-03,한,수,,55,이종구,서정훈,429
12434,서울,2005-09-03,한,암,,54,김일성,일진코스메틱,443
12435,서울,2005-09-03,한,암,,54,김양선,김종철,408
12436,서울,2005-09-03,한,암,,54,최혜식,이종원,433
12437,서울,2005-09-03,한,거,,52,김일성,김용래,506
12438,서울,2005-09-03,뉴,거,,57,지용철,구필모,484
12439,서울,2005-09-03,미,암,,53,김점오,박영철,444
12440,서울,2005-09-03,한,암,,51,이희영,박환창,414
12441,서울,2005-09-03,한,암,,52,최상식,신홍균,415
12442,서울,2005-09-03,한,암,,49,곽영효,양수화,481
12443,서울,2005-09-03,한,암,,54,김학수,김완배,453
12444,서울,2005-09-03,미,수,,53,김양선,김종철,472
12445,서울,2005-09-03,일,암,,52,최혜식,조진환,456
12446,서울,2005-09-03,한,암,,54,이용준,김종욱,464
12447,서울,2005-09-03,한,암,,54,김재복,전기섭,444
12448,서울,2005-09-03,한,암,,54,안해양,김휘남,487
12449,서울,2005-09-03,한,암,,55,박종곤,김정배,426
12450,서울,2005-09-03,한,암,,54,이광복,신항식,455
12451,서울,2005-09-03,한,암,,53,윤치운,오금자,451
12452,서울,2005-09-03,한,암,,53,임봉춘,정규상,449
12453,서울,2005-09-03,한,암,,55,안해양,윤여운,433
12454,서울,2005-09-03,한,암,,51,박흥진,장경환,459
12455,서울,2005-09-03,한,암,,53,강명준,양길순,457
12456,서울,2005-09-03,미,암,,52,박천서,김희라,486
12457,서울,2005-09-03,한,암,,54,김대근,노병석,430
12458,서울,2005-09-03,미,암,,49,이종구,정진태,393
12459,서울,2005-09-03,한,암,,48,박희철,김경민,459
12460,서울,2005-09-03,한,암,,54,양재철,임관호,396
12461,서울,2005-09-03,한,암,,51,박윤규,이필승,432
12462,서울,2005-09-03,미,암,,53,김문갑,이재욱,457
12463,서울,2005-09-03,일,암,,54,김춘근,신준희,438
12464,서울,2005-09-03,한,암,,55,고옥봉,이기선,473
12465,서울,2005-09-03,한,암,,51,박흥진,송용식,403
12466,서울,2005-09-03,미,암,,52,서범석,문금주,491
12467,서울,2005-09-03,한,암,,51,임봉춘,박상선,453
12468,서울,2005-09-03,한,암,,53,강승영,신상길,440
12469,서울,2005-09-03,한,암,,54,김명국,김진철,412
12470,서울,2005-09-03,한,암,,54,이인호,서익수,442
12471,서울,2005-09-03,한,암,,54,김재복,조규학,400
12472,서울,2005-09-03,한,암,,49,김학수,김병묵,413
12473,서울,2005-09-03,한,암,,52,최상식,박기흥,483
12474,서울,2005-09-03,한,암,,54,박덕준,백운창,400
12475,서울,2005-09-03,한,암,,54,김재복,홍성운,419
12476,서울,2005-09-03,호,암,,53,김택수,김교준,422
12477,서울,2005-09-03,한,암,,54,박희철,조원희,447
12478,서울,2005-09-03,한,암,,52,임형규,신동호,428
12479,서울,2005-09-03,한,암,,54,유재길,박종률,436
12480,서울,2005-09-03,한,암,,53,지용철,김우창,402
12481,서울,2005-09-03,뉴,암,,52,박원덕,이일구,431
12482,서울,2005-09-03,한,암,,51,이희영,이상용,423
12483,서울,2005-09-03,한,암,,52,박대흥,김희라,445
12484,서울,2005-09-03,한,암,,53,지용철,김우창,458
12485,서울,2005-09-03,한,암,,53,김점오,박영철,466
12486,서울,2005-09-03,한,거,,52,박대흥,남승현,463
12487,서울,2005-09-03,한,거,,51,지용훈,조용학,449
12488,서울,2005-09-03,한,거,,51,박희철,경규환,461
12489,서울,2005-09-03,한,거,,55,고옥봉,정병조,470
12490,서울,2005-09-04,한,수,,53,박덕준,허헌회,498
12491,서울,2005-09-04,한,수,,55,이희영,민영길,468
12492,서울,2005-09-04,한,암,,54,최상식,임우근,424
12493,서울,2005-09-04,한,암,,54,김윤섭,김연호,478
12494,서울,2005-09-04,한,암,,53,김재복,김한영,400
12495,서울,2005-09-04,미,암,,53,이종구,유수택,460
12496,서울,2005-09-04,한,암,,55,김대근,노병석,448
12497,서울,2005-09-04,한,암,,50,김춘근,이선종,427
12498,서울,2005-09-04,미,암,,51,김순근,원흥순,459
12499,서울,2005-09-04,한,수,,53,김춘근,김용성,406
12500,서울,2005-09-04,한,수,,53,고옥봉,오일랑,485
12501,서울,2005-09-04,미,수,,58.5,김문갑,정덕용,487
12502,서울,2005-09-04,한,수,,53,박원덕,김성두,436
12503,서울,2005-09-04,일,암,,52,김점오,유근수,482
12504,서울,2005-09-04,한,암,,55,이광복,이동언,456
12505,서울,2005-09-04,한,수,,54,배휴준,박정록,478
12506,서울,2005-09-04,한,수,,52,하재흥,김경민,484
12507,서울,2005-09-04,한,암,,53,최혜식,이종원,445
12508,서울,2005-09-04,한,거,,54,박희철,서정훈,486
12509,서울,2005-09-04,한,거,,52,고옥봉,이기선,450
12510,서울,2005-09-04,미,거,,52,이종구,정진태,479
12511,서울,2005-09-04,한,암,,54,박윤규,장석린외1인(신치구),454
12512,서울,2005-09-04,한,암,,53,임봉춘,정규상,449
12513,서울,2005-09-04,한,암,,50,박종곤,박재범,404
12514,서울,2005-09-04,일,암,,51,박천서,최애식,450
12515,서울,2005-09-04,한,암,,54,이왕언,박상선,412
12516,서울,2005-09-04,한,암,,56,박진호,김우창,483
12517,서울,2005-09-04,한,암,,56,김춘근,남웅종,471
12518,서울,2005-09-04,한,암,,54,최혜식,박경만,404
12519,서울,2005-09-04,한,암,,51,박흥진,김도윤,421
12520,서울,2005-09-04,뉴,암,,53,서범석,문금주,481
12521,서울,2005-09-04,한,수,,55,서범석,이재만,437
12522,서울,2005-09-04,한,수,,53,이용준,김명식,481
12523,서울,2005-09-04,일,암,,50,신우철,이수근,454
12524,서울,2005-09-04,미,암,,53,이용준,정효현,473
12525,서울,2005-09-04,일,암,,53,김학수,김도윤,420
12526,서울,2005-09-04,한,암,,53,하재흥,이용대,465
12527,서울,2005-09-04,한,암,,54,최영주,이영욱a,423
12528,서울,2005-09-04,미,암,,51,김점오,박영철,0
12529,서울,2005-09-04,한,암,,56,최영주,김노식,468
12530,서울,2005-09-04,한,암,,53,지용훈,조용학,439
12531,서울,2005-09-04,한,암,,52,박윤규,권오학,451
12532,서울,2005-09-04,미,암,,51,김재복,전기섭,481
12533,서울,2005-09-04,일,암,,53,유재길,진교원,412
12534,서울,2005-09-04,한,암,,53,최혜식,은희만,455
12535,서울,2005-09-04,한,암,,50,최영주,이영욱a,437
12536,서울,2005-09-04,미,암,,52,김양선,이항진,466
12537,서울,2005-09-04,한,암,,52,임봉춘,윤일균,435
12538,서울,2005-09-04,한,암,,52,강명준,김광영,414
12539,서울,2005-09-04,뉴,암,,54,서범석,문금주,454
12540,서울,2005-09-04,미,암,,53,김문갑,박흥길,438
12541,서울,2005-09-04,한,암,,53,황의성,김각경,436
12542,서울,2005-09-04,한,암,,53,박종곤,박재범,461
12543,서울,2005-09-04,한,암,,54,하재흥,김경민,427
12544,서울,2005-09-04,한,암,,51,지용훈,이민문,422
12545,서울,2005-09-04,한,암,,52,김일성,조승민,432
12546,서울,2005-09-04,한,암,,55,정지은,이부용,433
12547,서울,2005-09-04,한,암,,54,김양선,정세능,443
12548,서울,2005-09-04,일,암,,51,최영주,장석린외1인(신치구),437
12549,서울,2005-09-04,한,암,,54,최혜식,조진환,447
12550,서울,2005-09-04,한,암,,54,김대근,노병석,430
12551,서울,2005-09-04,한,암,,51,박덕준,김영철,443
12552,서울,2005-09-04,한,암,,54,고옥봉,오일랑,403
12553,서울,2005-09-04,한,암,,52,이왕언,신건호,447
12554,서울,2005-09-04,한,암,,51,최상식,장현종,445
12555,서울,2005-09-04,한,암,,51,유재길,송근철,449
12556,서울,2005-09-04,한,암,,53,신우철,이수근,460
12557,서울,2005-09-04,한,암,,53,신우철,박정열,468
12558,서울,2005-09-04,한,암,,52,임봉춘,윤일균,489
12559,서울,2005-09-04,뉴,암,,54,김춘근,신준희,460
12560,서울,2005-09-04,한,암,,55,박희철,김방철,416
12561,서울,2005-09-04,한,거,,52,박대흥,강충모,479
12562,서울,2005-09-04,뉴,거,,54,박덕준,김영철,453
12563,서울,2005-09-04,미,거,,51,이용준,김용원,479
12564,서울,2005-09-04,한,암,,48,신우철,김병현,449
12565,서울,2005-09-04,한,암,,52,김병용,송근철,436
12566,서울,2005-09-04,한,암,,54.5,하재흥,이수홍,444
12567,서울,2005-09-04,일,암,,53,서범석,문금주,509
12568,서울,2005-09-04,한,암,,54,양재철,임관호,428
12569,서울,2005-09-04,한,암,,54,김윤섭,김채겸,437
12570,서울,2005-09-04,한,암,,51,임형규,신동호,469
12571,서울,2005-09-04,한,암,,51,배휴준,지성한,468
12572,서울,2005-09-04,한,암,,54,이희영,노승구,396
12573,서울,2005-09-04,미,암,,52,김양선,박성구,463
12574,서울,2005-09-04,한,암,,52,김점오,김덕환,456
12575,서울,2005-09-04,미,거,,52,배휴준,지성한,440
12576,서울,2005-09-04,한,거,,55,박천서,한일사료,448
12577,서울,2005-09-04,호,거,,53,지용훈,조용학,487
12578,서울,2005-09-04,미,거,,52,정지은,권광세,457
12579,서울,2005-09-04,한,거,,52,박흥진,최효순,450
12580,서울,2005-09-04,한,거,,57,김윤섭,진교원,447
12581,서울,2005-09-04,한,거,,56,임봉춘,박종률,484
12582,서울,2005-09-04,한,수,,53.5,지용훈,남기태,438
12583,서울,2005-09-04,한,수,,54,박윤규,박상헌,429
12584,서울,2005-09-04,한,수,,53.5,하재흥,이유환,465
12585,서울,2005-09-04,한,수,,52,김택수,허영희,452
12586,서울,2005-09-04,한,수,,56,하재흥,이종철,451
12587,서울,2005-09-04,미,수,,53,박대흥,남승현,488
12588,서울,2005-09-04,일,거,,51,박천서,박형인,453
12589,서울,2005-09-04,한,거,,57,김명국,김진철,473
12590,서울,2005-09-04,호,거,,53,박덕준,나정웅,490
12591,서울,2005-09-04,한,거,,57,강승영,정이남,438
12592,서울,2005-09-04,한,거,,55,김점오,김창희,432
12593,서울,2005-09-04,한,수,,53,김일성,김용래,493
12594,서울,2005-09-04,한,수,,55,강명준,이광수a,452
12595,서울,2005-09-04,미,수,,56.5,김문갑,어울림네트웍스,483
12596,서울,2005-09-04,한,수,,55,양재철,박현종,449
12597,서울,2005-09-04,한,수,,54,최상식,장현종,464
12598,서울,2005-09-04,한,수,,54,강승영,강남환,434
12599,서울,2005-09-04,한,수,,55,지용철,황의영,460
12600,서울,2005-09-04,미,수,,51,하재흥,이중연,490
12601,서울,2005-09-04,한,수,,52,김일성,류근상,485
12602,서울,2005-09-04,한,수,,57,김병용,김명자,483
12603,서울,2005-09-04,한,수,,54,최상식,장현종,468
12604,서울,2005-09-04,일,수,,53,김대근,김정규,390
12605,서울,2005-09-04,한,수,,53,김양선,구자선,500
12606,서울,2005-09-04,한,수,,53,박진호,이재원,466
12607,서울,2005-09-04,한,수,,57,강승영,한선호,426
12608,서울,2005-09-04,한,수,,55,김춘근,남웅종,442
12609,서울,2005-09-04,미,수,,55,지용철,곽태훈,426
12610,서울,2005-09-04,한,수,,57,한일영,심재식,475
12611,서울,2005-09-04,한,수,,55,김윤섭,김준일,466
12612,서울,2005-09-04,한,수,,55,김대근,한일사료,436
12613,서울,2005-09-04,한,수,,55,김춘근,안승찬,465
12614,서울,2005-09-04,한,수,,57,김양선,정세능,472
12615,서울,2005-09-04,한,수,,55,안해양,이상홍,503
12616,서울,2005-09-04,한,수,,55,신우철,김현래,486
12617,서울,2005-09-04,한,수,,55,김점오,김창희,466
12618,서울,2005-09-04,한,수,,55,지용철,구필모,474
12619,서울,2005-09-04,한,수,,55,안해양,윤여운,487
12620,서울,2005-09-04,미,수,,57,이용준,김명식,538
12621,서울,2005-09-04,한,수,,52,박대흥,김희라,467
12622,서울,2005-09-04,한,수,,53,박희철,장석린외1인(신치구),457
12623,서울,2005-09-04,뉴,거,,52,박덕준,허헌회,452
12624,서울,2005-09-04,한,수,,54,이용준,김명식,500
12625,서울,2005-09-04,한,암,,54,박대흥,청호컴넷(주),463
12626,서울,2005-09-10,일,암,,51,지용철,곽태훈,447
12627,서울,2005-09-10,한,암,,53,임봉춘,장용석,469
12628,서울,2005-09-10,한,암,,54,김충근,이광수,450
12629,서울,2005-09-10,한,암,,54,이용준,안영환,462
12630,서울,2005-09-10,한,암,,52,박덕준,나정웅,422
12631,서울,2005-09-10,한,암,,54,고옥봉,전좌식,470
12632,서울,2005-09-10,한,수,,51,지용훈,이선호,444
12633,서울,2005-09-10,한,수,,55,김택수,허영희,415
12634,서울,2005-09-10,한,수,,54,양재철,윤임구,461
12635,서울,2005-09-10,한,수,,53,지용훈,이선호,490
12636,서울,2005-09-10,한,암,,52,신우철,김우식,424
12637,서울,2005-09-10,한,암,,54,최상식,조동식,380
12638,서울,2005-09-10,한,암,,52,유재길,허병하,440
12639,서울,2005-09-10,한,암,,54,김명국,박양호,454
12640,서울,2005-09-10,한,암,,53,윤치운,오상철,439
12641,서울,2005-09-10,한,암,,52,김대근,김정규,431
12642,서울,2005-09-10,한,암,,54,박윤규,이필승,435
12643,서울,2005-09-10,한,암,,52,유재길,박용훈,440
12644,서울,2005-09-10,한,암,,52,박천서,박엽래,465
12645,서울,2005-09-10,한,암,,55,강명준,김길중,426
12646,서울,2005-09-10,한,암,,53,강승영,정이남,449
12647,서울,2005-09-10,미,암,,53,박흥진,유준환,430
12648,서울,2005-09-10,미,암,,53,박대흥,강충모,458
12649,서울,2005-09-10,한,암,,48,김재복,조규학,415
12650,서울,2005-09-10,한,암,,54,박덕준,서승린,428
12651,서울,2005-09-10,한,암,,51,김병용,박흥길,454
12652,서울,2005-09-10,한,암,,55.5,이광복,최관식,506
12653,서울,2005-09-10,한,암,,54,김재복,우동희,504
12654,서울,2005-09-10,한,암,,51,박진호,김우창,457
12655,서울,2005-09-10,한,암,,54,최상식,박기흥,474
12656,서울,2005-09-10,한,거,,51,고옥봉,전좌식,500
12657,서울,2005-09-10,한,거,,55,곽영효,전영채,446
12658,서울,2005-09-10,인,암,,54,서범석,문금주,482
12659,서울,2005-09-10,한,암,,53,이희영,민영길,400
12660,서울,2005-09-10,한,수,,55,박희철,조병해,456
12661,서울,2005-09-10,한,수,,53,박진호,이재원,456
12662,서울,2005-09-10,한,거,,55,김윤섭,한광세,465
12663,서울,2005-09-10,호,암,,52,박대흥,남승현,442
12664,서울,2005-09-10,한,암,,54,고옥봉,이태인,441
12665,서울,2005-09-10,뉴,거,,54,김학수,박흥길,465
12666,서울,2005-09-10,한,암,,53,김학수,박성구,427
12667,서울,2005-09-10,한,암,,54,김춘근,이보원,424
12668,서울,2005-09-10,한,암,,52,안해양,김봉섭,533
12669,서울,2005-09-10,한,암,,54,지용훈,이문철,451
12670,서울,2005-09-10,한,암,,54,김일성,류근상,460
12671,서울,2005-09-10,한,암,,54,이왕언,신건호,535
12672,서울,2005-09-10,한,암,,53,곽영효,강대기,438
12673,서울,2005-09-10,한,거,,54,박대흥,남승현,509
12674,서울,2005-09-10,한,암,,54,이종구,최인재,441
12675,서울,2005-09-10,한,암,,55,이종구,백종헌,456
12676,서울,2005-09-10,한,수,,54,유재길,허병하,436
12677,서울,2005-09-10,한,암,,55,이용준,임기준,447
12678,서울,2005-09-10,한,암,,53,서범석,송숙자,425
12679,서울,2005-09-10,일,암,,53,김문갑,정덕용,461
12680,서울,2005-09-10,한,암,,51,강명준,이광수a,489
12681,서울,2005-09-10,한,암,,53,강승영,허영희,502
12682,서울,2005-09-10,호,암,,53,최상식,장재형,404
12683,서울,2005-09-10,한,암,,49,배휴준,지성한,470
12684,서울,2005-09-10,한,수,,54,김윤섭,김채겸,473
12685,서울,2005-09-10,미,암,,50,박원덕,최윤호,421
12686,서울,2005-09-10,한,암,,53,김문갑,정덕용,449
12687,서울,2005-09-10,한,암,,51,김학수,전기섭,433
12688,서울,2005-09-10,한,암,,51,서정하,구자선,472
12689,서울,2005-09-10,한,암,,53,정지은,이부용,453
12690,서울,2005-09-10,한,암,,52,임봉춘,이주형,460
12691,서울,2005-09-10,미,암,,53,김문갑,이재욱,435
12692,서울,2005-09-10,미,암,,54,이종구,정진태,457
12693,서울,2005-09-10,한,암,,51,정지은,최여경,421
12694,서울,2005-09-10,미,암,,51,정지은,청호컴넷(주),432
12695,서울,2005-09-10,뉴,암,,53,이광복,서순배,426
12696,서울,2005-09-10,한,수,,56,김택수,김양호,470
12697,서울,2005-09-10,한,수,,55,김일성,임상윤,464
12698,서울,2005-09-10,한,수,,55,강명준,김광영,450
12699,서울,2005-09-10,한,수,,53,지용철,황의영,450
12700,서울,2005-09-10,한,수,,53,김학수,이용익,482
12701,서울,2005-09-10,한,수,,53,황의성,김용원,409
12702,서울,2005-09-10,한,수,,54,김병용,정몽규,460
12703,서울,2005-09-10,한,수,,52,임형규,서상주,459
12704,서울,2005-09-10,한,수,,55,하재흥,신동열,498
12705,서울,2005-09-10,한,수,,57,최상식,장재형,461
12706,서울,2005-09-10,한,수,,53,이용준,김명식,465
12707,서울,2005-09-10,한,수,,55,김학수,박남성,419
12708,서울,2005-09-10,한,수,,51,박진호,표순배,459
12709,서울,2005-09-10,한,수,,51,지용철,황의영,489
12710,서울,2005-09-10,한,수,,55,이용준,김종욱,458
12711,서울,2005-09-10,한,수,,55,김점오,이송,473
12712,서울,2005-09-10,한,수,,53,박희철,서정훈,464
12713,서울,2005-09-10,한,수,,53,하재흥,김병현,456
12714,서울,2005-09-10,한,수,,55.5,이종구,최수군,463
12715,서울,2005-09-10,한,수,,55,박흥진,이효선,438
12716,서울,2005-09-10,한,수,,52,정지은,홍범기,414
12717,서울,2005-09-10,한,수,,55,박덕준,허헌회,455
12718,서울,2005-09-10,한,암,,54,고옥봉,김완배,418
12719,서울,2005-09-10,한,암,,52,김윤섭,심상춘,440
12720,서울,2005-09-10,한,암,,54,김순근,김순주,440
12721,서울,2005-09-10,한,거,,54,김명국,김진철,433
12722,서울,2005-09-10,미,암,,54,박원덕,이정원,414
12723,서울,2005-09-10,한,암,,53,김학수,전기섭,413
12724,서울,2005-09-10,한,암,,53,양재철,김기성,400
12725,서울,2005-09-10,한,암,,54,정지은,노환영,434
12726,서울,2005-09-10,미,암,,53,곽영효,허영희,474
12727,서울,2005-09-10,뉴,암,,52,서범석,문금주,434
12728,서울,2005-09-10,한,암,,52,윤치운,오상철,418
12729,서울,2005-09-10,한,암,,54,이용준,김진철,424
12730,서울,2005-09-10,일,암,,53,이왕언,박정웅,446
12731,서울,2005-09-10,한,거,,54,김재복,김한영,460
12732,서울,2005-09-10,한,거,,58,최영주,장석린외1인(신치구),471
12733,서울,2005-09-10,한,거,,52,고옥봉,전좌식,473
12734,서울,2005-09-10,한,거,,54,박원덕,최윤호,427
12735,서울,2005-09-10,뉴,거,,55,임봉춘,서정훈,448
12736,서울,2005-09-10,뉴,거,,56,김재복,양길순,432
12737,서울,2005-09-10,한,거,,52,안해양,최동천,438
12738,서울,2005-09-10,미,거,,52,양재철,김종화,439
12739,서울,2005-09-10,한,수,,55,김문갑,김서운,426
12740,서울,2005-09-10,한,수,,55,안해양,김휘남,488
12741,서울,2005-09-10,호,거,,53,박천서,천병득,450
12742,서울,2005-09-10,한,거,,53,김점오,김창희,518
12743,서울,2005-09-10,한,거,,52,박덕준,백운창,441
12744,서울,2005-09-10,한,거,,54,유재길,월곡목장영농조합,432
12745,서울,2005-09-10,한,거,,53,이용준,김명식,446
12746,서울,2005-09-10,일,거,,52,이종구,최인재,470
12747,서울,2005-09-10,한,거,,53,박대흥,정일권,449
12748,서울,2005-09-10,한,거,,54,김일성,일진코스메틱,489
12749,서울,2005-09-10,한,수,,48,김명국,이재효,423
12750,서울,2005-09-10,한,수,,55,유재길,권영탁,454
12751,서울,2005-09-10,한,수,,55,김윤섭,심상춘,475
12752,서울,2005-09-10,한,수,,55,윤치운,윤문수,484
12753,서울,2005-09-10,한,수,,53,박덕준,서승린,478
12754,서울,2005-09-10,한,수,,52,임형규,정수남,449
12755,서울,2005-09-10,한,수,,55,강승영,오호극,404
12756,서울,2005-09-10,한,수,,51,김춘근,이장한,457
12757,서울,2005-09-10,한,수,,55,박희철,조병해,433
12758,서울,2005-09-10,한,수,,54,강명준,김길중,417
12759,서울,2005-09-10,한,수,,56,김일성,강태은,457
12760,서울,2005-09-11,한,암,,54,최혜식,배석두,392
12761,서울,2005-09-11,한,암,,54,김명국,박환창,418
12762,서울,2005-09-11,한,암,,54,박종곤,김진엽,404
12763,서울,2005-09-11,한,암,,53,하재흥,이상오,489
12764,서울,2005-09-11,미,암,,53,양재철,이석태,446
12765,서울,2005-09-11,호,암,,54,지용철,이근우,449
12766,서울,2005-09-11,뉴,암,,54,서범석,서순배,446
12767,서울,2005-09-11,한,암,,55,이인호,장용석,472
12768,서울,2005-09-11,한,암,,52,강명준,배일성,421
12769,서울,2005-09-11,한,암,,54,김일성,일진코스메틱,490
12770,서울,2005-09-11,한,수,,55,신우철,김현래,503
12771,서울,2005-09-11,한,수,,55,박원덕,이정원,479
12772,서울,2005-09-11,한,수,,50,배휴준,김진철,471
12773,서울,2005-09-11,미,수,,53,정지은,지대섭,476
12774,서울,2005-09-11,한,수,,54,유재길,진교원,446
12775,서울,2005-09-11,한,수,,54,최혜식,이종원,467
12776,서울,2005-09-11,한,수,,55,안해양,최동천,497
12777,서울,2005-09-11,한,수,,53,이광복,서순배,471
12778,서울,2005-09-11,한,수,,53,김점오,박남성,467
12779,서울,2005-09-11,한,수,,53,안해양,최동천,443
12780,서울,2005-09-11,한,수,,53,박덕준,백운창,447
12781,서울,2005-09-11,한,수,,55,이광복,대일화학,520
12782,서울,2005-09-11,한,수,,55,이종구,최인재,419
12783,서울,2005-09-11,한,수,,53,박대흥,남승현,463
12784,서울,2005-09-11,한,수,,53,이희영,송숙자,425
12785,서울,2005-09-11,한,수,,51,신우철,안영환,448
12786,서울,2005-09-11,한,수,,55,최영주,신항철,431
12787,서울,2005-09-11,한,수,,54,강승영,한선호,428
12788,서울,2005-09-11,한,수,,55,김점오,박남성,468
12789,서울,2005-09-11,한,수,,56.5,곽영효,권광세,457
12790,서울,2005-09-11,한,수,,56,이용준,신영식,498
12791,서울,2005-09-11,한,수,,53,유재길,이필승,469
12792,서울,2005-09-11,한,수,,53,강명준,변영남,486
12793,서울,2005-09-11,한,수,,52.5,박진호,함운일,464
12794,서울,2005-09-11,한,수,,54,박대흥,정일권,473
12795,서울,2005-09-11,한,수,,52,안해양,윤영기,470
12796,서울,2005-09-11,미,수,,53,김택수,오호극,442
12797,서울,2005-09-11,한,수,,53,박대흥,지대섭,466
12798,서울,2005-09-11,한,수,,52,강명준,김광영,450
12799,서울,2005-09-11,한,수,,55,김춘근,권익현,435
12800,서울,2005-09-11,뉴,수,,53,김명국,박양호,451
12801,서울,2005-09-11,한,수,,52,정지은,이부용,467
12802,서울,2005-09-11,일,수,,53,유재길,허병하,470
12803,서울,2005-09-11,한,수,,57,서범석,신준수,460
12804,서울,2005-09-11,한,수,,55,배휴준,지성한,449
12805,서울,2005-09-11,한,암,,53,안해양,이상홍,450
12806,서울,2005-09-11,한,수,,52,김학수,김정근,433
12807,서울,2005-09-11,한,수,,54,김문갑,어울림네트웍스,489
12808,서울,2005-09-11,한,수,,53,최혜식,조진환,455
12809,서울,2005-09-11,한,수,,53,강승영,오호극,465
12810,서울,2005-09-11,미,암,,55,최혜식,은희만,477
12811,서울,2005-09-11,한,암,,52,박종곤,이충구,434
12812,서울,2005-09-11,한,암,,54,김양선,정이남,436
12813,서울,2005-09-11,한,암,,54,유재길,조병해,403
12814,서울,2005-09-11,한,암,,53,김춘근,남웅종,460
12815,서울,2005-09-11,한,암,,53,김양선,김종철,424
12816,서울,2005-09-11,미,암,,55,김택수,김진철,447
12817,서울,2005-09-11,한,암,,53,양재철,한광희,448
12818,서울,2005-09-11,한,거,,56,신우철,김우식,497
12819,서울,2005-09-11,한,거,,52,박천서,천병득,468
12820,서울,2005-09-11,한,거,,53,박천서,박엽래,461
12821,서울,2005-09-11,한,거,,54,박천서,박엽래,459
12822,서울,2005-09-11,한,거,,53,김명국,월곡목장영농조합,422
12823,서울,2005-09-11,한,거,,53,신우철,이재진,485
12824,서울,2005-09-11,한,수,,53,박희철,조병해,486
12825,서울,2005-09-11,한,거,,52,김대근,유병옥,425
12826,서울,2005-09-11,한,거,,55,김명국,이재효,417
12827,서울,2005-09-11,한,수,,55,박희철,조원희,440
12828,서울,2005-09-11,한,수,,54,지용철,안대종,474
12829,서울,2005-09-11,한,수,,55,임봉춘,이주형,444
12830,서울,2005-09-11,한,수,,55,곽영효,강용식,0
12831,서울,2005-09-11,한,수,,52,김일성,조승민,476
12832,서울,2005-09-11,한,수,,55,김춘근,이연택,470
12833,서울,2005-09-11,한,수,,55,안해양,유수택,503
12834,서울,2005-09-11,한,수,,57.5,박희철,조원희,462
12835,서울,2005-09-11,한,암,,53,지용훈,남기태,483
12836,서울,2005-09-11,한,암,,53,김춘근,이선종,486
12837,서울,2005-09-11,미,암,,54,김점오,박영철,485
12838,서울,2005-09-11,한,암,,54,윤치운,윤문수,478
12839,서울,2005-09-11,한,암,,50,박천서,천병득,459
12840,서울,2005-09-11,인,암,,52,김춘근,신준희,496
12841,서울,2005-09-11,한,암,,51,윤치운,오상철,448
12842,서울,2005-09-11,한,암,,53,김춘근,오일랑,456
12843,서울,2005-09-11,한,암,,53,한일영,대한사료,447
12844,서울,2005-09-11,한,암,,53,서범석,임기준,479
12845,서울,2005-09-11,한,암,,52,임형규,서상주,466
12846,서울,2005-09-11,한,암,,51,김명국,김진철,442
12847,서울,2005-09-11,한,암,,53,최영주,박요선,466
12848,서울,2005-09-11,한,암,,52,양재철,박현종,459
12849,서울,2005-09-11,한,암,,54,김일성,류근상,490
12850,서울,2005-09-11,한,암,,53,윤치운,김용원,440
12851,서울,2005-09-11,한,암,,55,박흥진,최동천,480
12852,서울,2005-09-11,한,암,,52,김순근,맹원재,460
12853,서울,2005-09-11,미,암,,52,황의성,윤일균,475
12854,서울,2005-09-11,한,암,,54,하재흥,김문환a,471
12855,서울,2005-09-11,한,암,,52,지용훈,이선호,457
12856,서울,2005-09-11,미,암,,53,김양선,박남성,432
12857,서울,2005-09-11,한,암,,54,박진호,정동진,458
12858,서울,2005-09-11,호,암,,55,정지은,권광세,479
12859,서울,2005-09-11,한,암,,51,지용철,구필모,446
12860,서울,2005-09-11,한,암,,54,박희철,김창희,443
12861,서울,2005-09-11,미,암,,55,김택수,김양호,464
12862,서울,2005-09-11,일,암,,55,서범석,서순배,444
12863,서울,2005-09-11,미,암,,55,안해양,김휘남,458
12864,서울,2005-09-11,한,암,,54,이종구,최인재,434
12865,서울,2005-09-11,한,암,,53,김병용,박흥길,460
12866,서울,2005-09-11,인,암,,51,이광복,서순배,428
12867,서울,2005-09-11,미,암,,54,이종구,유수택,451
12868,서울,2005-09-11,한,거,,54,이희영,정규상,418
12869,서울,2005-09-11,한,거,,53,이용준,김명식,433
12870,서울,2005-09-11,한,암,,54,신우철,김경민,500
12871,서울,2005-09-11,한,거,,57,김대근,김정규,478
12872,서울,2005-09-11,한,거,,55,김대근,노병석,511
12873,서울,2005-09-11,미,암,,55,박원덕,이효선,449
12874,서울,2005-09-11,한,암,,51,박흥진,장경환,449
12875,서울,2005-09-11,한,수,,52,김택수,권오학,423
12876,서울,2005-09-11,한,수,,54,김일성,강태은,511
12877,서울,2005-09-11,한,수,,53,지용훈,남기태,471
12878,서울,2005-09-11,한,수,,58.5,양재철,윤임구,461
12879,서울,2005-09-11,미,수,,54,이희영,노승구,438
12880,서울,2005-09-11,한,수,,55,김양선,구자선,420
12881,서울,2005-09-11,한,수,,55,윤치운,오금자,459
12882,서울,2005-09-11,한,암,,53,박윤규,이필승,420
12883,서울,2005-09-11,미,암,,55,김대근,최상섭,422
12884,서울,2005-09-11,한,암,,53,김점오,김창희,400
12885,서울,2005-09-11,한,암,,54,최혜식,배석두,427
12886,서울,2005-09-11,한,암,,51,배휴준,이영숙,426
12887,서울,2005-09-11,미,암,,53,김문갑,박흥길,453
12888,서울,2005-09-11,한,암,,52,서범석,신준수,487
12889,서울,2005-09-11,한,암,,54,김순근,맹원재,446
12890,서울,2005-09-11,미,암,,53,김문갑,김서운,462
12891,서울,2005-09-11,한,암,,52,박덕준,서승린,410
12892,서울,2005-09-11,한,암,,53,하재흥,조남대,472
12893,서울,2005-09-11,한,암,,51,김순근,최상경,400
12894,서울,2005-09-11,일,암,,50,배휴준,이상홍,410
12895,서울,2005-09-11,미,수,,57,김문갑,어울림네트웍스,451
12896,서울,2005-09-11,미,암,,54,김택수,조병용,428
12897,서울,2005-09-24,미,암,,53,박흥진,유준환,467
12898,서울,2005-09-24,미,암,,53,박흥진,유준환,442
12899,서울,2005-09-24,한,거,,53,임봉춘,박종률,487
12900,서울,2005-09-24,일,암,,53,김춘근,이보원,436
12901,서울,2005-09-24,한,암,,53,하재흥,김영수,453
12902,서울,2005-09-24,한,암,,54,고옥봉,장홍주,433
12903,서울,2005-09-24,한,암,,54,안해양,윤여운,447
12904,서울,2005-09-24,한,암,,49,박천서,정일권,423
12905,서울,2005-09-24,한,암,,53,박희철,조원희,449
12906,서울,2005-09-24,한,암,,52,김택수,김봉조,463
12907,서울,2005-09-24,한,암,,48,최영주,권영원,444
12908,서울,2005-09-24,일,암,,53,정지은,노환영,478
12909,서울,2005-09-24,한,수,,54,이희영,정규상,425
12910,서울,2005-09-24,한,수,,52,김순근,제주축산개발,396
12911,서울,2005-09-24,미,수,,55,양재철,김종화,457
12912,서울,2005-09-24,미,거,,53,김택수,김양호,514
12913,서울,2005-09-24,뉴,거,,52.5,박덕준,나정웅,473
12914,서울,2005-09-24,뉴,거,,57,이종구,서정훈,471
12915,서울,2005-09-24,미,거,,54,김명국,오호극,520
12916,서울,2005-09-24,미,거,,51.5,김학수,박남성,517
12917,서울,2005-09-24,뉴,거,,56,최혜식,박태훈,474
12918,서울,2005-09-24,뉴,거,,56,하재흥,신동열,459
12919,서울,2005-09-24,한,거,,54,박희철,서정훈,488
12920,서울,2005-09-24,미,거,,51,김택수,김창식,450
12921,서울,2005-09-24,미,거,,50,김양선,홍평우,497
12922,서울,2005-09-24,한,거,,56,김양선,이항진,439
12923,서울,2005-09-24,한,거,,57,박희철,경규환,458
12924,서울,2005-09-24,한,거,,51,박천서,천병득,445
12925,서울,2005-09-24,한,거,,57,김명국,김진철,473
12926,서울,2005-09-24,한,거,,53,고옥봉,정병조,490
12927,서울,2005-09-24,한,거,,54,박흥진,김도윤,493
12928,서울,2005-09-24,한,거,,56,김명국,김용상,485
12929,서울,2005-09-24,뉴,거,,56,박윤규,이수홍,461
12930,서울,2005-09-24,한,거,,57,최영주,신항철,455
12931,서울,2005-09-24,한,거,,55,김춘근,월곡목장영농조합,0
12932,서울,2005-09-24,한,거,,54,이희영,김용상,442
12933,서울,2005-09-24,한,암,,52,임형규,황수웅,472
12934,서울,2005-09-24,미,암,,52,김일성,일진코스메틱,483
12935,서울,2005-09-24,뉴,암,,54,서범석,문금주,457
12936,서울,2005-09-24,한,암,,48,이광복,이동언,410
12937,서울,2005-09-24,한,암,,52,김춘근,이보원,440
12938,서울,2005-09-24,한,암,,48,박희철,김방철,420
12939,서울,2005-09-24,한,암,,54,김문갑,김성두,461
12940,서울,2005-09-24,미,암,,50,김학수,전기섭,464
12941,서울,2005-09-24,한,암,,53,이종구,최인재,496
12942,서울,2005-09-24,한,암,,52,김대근,김진구,442
12943,서울,2005-09-24,한,암,,50,박종곤,방형린,454
12944,서울,2005-09-24,일,암,,48,김순근,이재만,420
12945,서울,2005-09-24,한,암,,55,고옥봉,정병조,434
12946,서울,2005-09-24,한,암,,55,곽영효,강용식,498
12947,서울,2005-09-24,한,암,,55,강명준,변영남,468
12948,서울,2005-09-24,미,암,,52,김학수,구자선,430
12949,서울,2005-09-24,한,암,,51,이종구,김기영,451
12950,서울,2005-09-24,일,암,,50,신우철,박치문,451
12951,서울,2005-09-24,미,암,,53,이용준,정효현,473
12952,서울,2005-09-24,한,암,,54,박희철,조원희,440
12953,서울,2005-09-24,한,암,,51,이광복,이필승,438
12954,서울,2005-09-24,일,암,,52,하재흥,엄삼탁,434
12955,서울,2005-09-24,미,암,,53,김점오,박영철,411
12956,서울,2005-09-24,일,암,,53,김명국,박양호,390
12957,서울,2005-09-24,한,암,,54,이희영,이상용,432
12958,서울,2005-09-24,한,암,,54,최상식,임우근,416
12959,서울,2005-09-24,한,암,,49,김재복,박희주,473
12960,서울,2005-09-24,미,암,,51,이종구,유수택,455
12961,서울,2005-09-24,한,암,,52,이광복,최건호,424
12962,서울,2005-09-24,미,암,,53,김문갑,이재욱,439
12963,서울,2005-09-24,한,암,,54,박윤규,이필승,470
12964,서울,2005-09-24,한,수,,49,강승영,한선호,428
12965,서울,2005-09-24,한,수,,56,하재흥,이종철,457
12966,서울,2005-09-24,뉴,거,,54,박원덕,이정원,440
12967,서울,2005-09-24,한,거,,53,박대흥,청호컴넷(주),477
12968,서울,2005-09-24,한,암,,52,지용훈,조용학,471
12969,서울,2005-09-24,한,암,,48,이광복,최건호,459
12970,서울,2005-09-24,한,수,,53,강명준,이수홍,440
12971,서울,2005-09-24,한,수,,55,김대근,최상섭,478
12972,서울,2005-09-24,미,암,,53,김문갑,어울림네트웍스,452
12973,서울,2005-09-24,한,암,,54,김충근,허건호,456
12974,서울,2005-09-24,한,암,,54,김윤섭,김채겸,490
12975,서울,2005-09-24,한,암,,54,최영주,신항철,475
12976,서울,2005-09-24,한,수,,54,고옥봉,전좌식,442
12977,서울,2005-09-24,한,수,,51,김명국,이태식,477
12978,서울,2005-09-24,한,수,,54,강승영,강남환,459
12979,서울,2005-09-24,한,수,,53,김점오,김덕환,427
12980,서울,2005-09-24,한,거,,55,이왕언,박성구,486
12981,서울,2005-09-24,한,거,,54,고옥봉,전좌식,421
12982,서울,2005-09-24,한,암,,54,김명국,박양호,427
12983,서울,2005-09-24,뉴,수,,54,김학수,박성구,467
12984,서울,2005-09-24,한,암,,53,강명준,최효순,477
12985,서울,2005-09-24,한,암,,52,지용철,김우창,425
12986,서울,2005-09-24,한,수,,52,신우철,안영환,474
12987,서울,2005-09-24,한,수,,55,박원덕,이종석,446
12988,서울,2005-09-24,한,수,,57,이인호,서익수,469
12989,서울,2005-09-24,미,수,,56,지용훈,이선호,471
12990,서울,2005-09-24,미,수,,50,하재흥,이종철,507
12991,서울,2005-09-24,일,수,,60,박희철,유정희,486
12992,서울,2005-09-24,한,수,,51,지용철,이근우,433
12993,서울,2005-09-24,한,수,,54,지용철,강성보,512
12994,서울,2005-09-24,미,수,,55,김윤섭,한광세,466
12995,서울,2005-09-24,한,수,,53,이광복,유길상,470
12996,서울,2005-09-24,한,수,,55,김순근,이재만,0
12997,서울,2005-09-24,한,수,,53,임형규,정수남,469
12998,서울,2005-09-24,한,수,,53,박종곤,링크폴로,455
12999,서울,2005-09-24,한,수,,52,지용훈,이민문,491
13000,서울,2005-09-24,한,수,,57,강명준,이광수a,455
13001,서울,2005-09-24,한,수,,53,이인호,김방철,482
13002,서울,2005-09-24,한,수,,55,박윤규,김신태,488
13003,서울,2005-09-24,한,수,,53,김학수,박성구,453
13004,서울,2005-09-24,한,수,,53,신우철,이수근,457
13005,서울,2005-09-24,한,수,,55,강명준,최효순,434
13006,서울,2005-09-24,한,수,,53,박윤규,노길수,481
13007,서울,2005-09-24,한,수,,53,김일성,강태은,493
13008,서울,2005-09-24,한,수,,52,강명준,이광수a,438
13009,서울,2005-09-24,한,수,,53,이용준,신영식,499
13010,서울,2005-09-24,한,수,,53,곽영효,허영희,482
13011,서울,2005-09-24,미,수,,55,박희철,오경의,488
13012,서울,2005-09-24,한,수,,51,배휴준,이영숙,477
13013,서울,2005-09-24,한,수,,50,안해양,최동천,474
13014,서울,2005-09-24,한,수,,55,김점오,유순목,459
13015,서울,2005-09-24,한,수,,54,최혜식,박동규,499
13016,서울,2005-09-24,미,수,,56,하재흥,이종철,512
13017,서울,2005-09-24,한,수,,57,한일영,심재식,432
13018,서울,2005-09-24,한,수,,51,이광복,최명균,434
13019,서울,2005-09-24,한,수,,53,신우철,선우패션,479
13020,서울,2005-09-24,한,수,,55,김점오,박영철,461
13021,서울,2005-09-24,한,암,,54,박원덕,이효선,434
13022,서울,2005-09-24,한,암,,50,고옥봉,오일랑,410
13023,서울,2005-09-24,한,암,,54,유재길,조병해,449
13024,서울,2005-09-24,한,거,,55,박천서,한일사료,443
13025,서울,2005-09-24,한,암,,51,임형규,이기선,410
13026,서울,2005-09-24,한,암,,55,정지은,홍범기,451
13027,서울,2005-09-24,한,암,,54,고옥봉,박요선,485
13028,서울,2005-09-24,한,암,,55,서정하,변영남,438
13029,서울,2005-09-24,한,암,,55,박희철,경규환,486
13030,서울,2005-09-24,미,암,,54,박천서,김희라,483
13031,서울,2005-09-24,한,암,,55,배휴준,박승만,476
13032,서울,2005-09-24,한,암,,50,김재복,박재율,466
13033,서울,2005-09-24,한,암,,53,정지은,에쓰푸드홀딩스(주),481
13034,서울,2005-09-24,일,암,,53,유재길,허병하,452
13035,서울,2005-09-24,한,암,,54,고옥봉,이기선,452
13036,서울,2005-09-24,호,거,,54,박천서,천병득,515
13037,서울,2005-09-24,한,거,,54,임봉춘,이선종,458
13038,서울,2005-09-24,뉴,거,,54,김명국,이태식,435
13039,서울,2005-09-24,한,거,,53,박윤규,방영섭,448
13040,서울,2005-09-25,한,수,,55,윤치운,유영주,452
13041,서울,2005-09-25,한,수,,54,신우철,선우패션,489
13042,서울,2005-09-25,미,수,,53,이종구,이영웅,460
13043,서울,2005-09-25,한,수,,53.5,박흥진,유준환,448
13044,서울,2005-09-25,뉴,수,,55.5,김순근,김상태,489
13045,서울,2005-09-25,한,수,,53,강명준,유무성,478
13046,서울,2005-09-25,미,수,,53,지용훈,조용학,0
13047,서울,2005-09-25,한,수,,52,김재복,전기섭,448
13048,서울,2005-09-25,한,수,,53,임형규,최동천,479
13049,서울,2005-09-25,한,수,,55,지용훈,조용학,463
13050,서울,2005-09-25,한,거,,55,황의성,권오학,458
13051,서울,2005-09-25,한,수,,56,박흥진,김도윤,418
13052,서울,2005-09-25,미,거,,57,김윤섭,한광세,453
13053,서울,2005-09-25,한,암,,50,신우철,선우패션,425
13054,서울,2005-09-25,한,수,,52,박희철,오경의,454
13055,서울,2005-09-25,한,수,,48,강승영,권영원,459
13056,서울,2005-09-25,미,수,,56,양재철,임관호,479
13057,서울,2005-09-25,한,수,,56,김충근,이광수,433
13058,서울,2005-09-25,한,수,,52,정지은,에쓰푸드홀딩스(주),459
13059,서울,2005-09-25,한,수,,52,지용철,황의영,435
13060,서울,2005-09-25,한,수,,55,김택수,김창식,403
13061,서울,2005-09-25,한,수,,53,하재흥,이유환,538
13062,서울,2005-09-25,한,수,,55,강명준,김길중,457
13063,서울,2005-09-25,한,수,,57,김양선,구자선,450
13064,서울,2005-09-25,한,수,,50,하재흥,신동열,446
13065,서울,2005-09-25,한,수,,52.5,신우철,최관식,494
13066,서울,2005-09-25,한,수,,57,하재흥,신동열,490
13067,서울,2005-09-25,한,수,,56,김춘근,신준희,495
13068,서울,2005-09-25,한,수,,50,배휴준,박승만,469
13069,서울,2005-09-25,한,수,,52,최영주,반승일,427
13070,서울,2005-09-25,한,수,,55,김춘근,이선종,494
13071,서울,2005-09-25,일,수,,52,이광복,유길상,495
13072,서울,2005-09-25,한,수,,52,유재길,허병하,458
13073,서울,2005-09-25,한,수,,50,박진호,명인환,495
13074,서울,2005-09-25,미,수,,57.5,이용준,임기준,504
13075,서울,2005-09-25,한,수,,55.5,이왕언,최창걸,490
13076,서울,2005-09-25,한,수,,55,박덕준,허헌회,448
13077,서울,2005-09-25,한,수,,56,하재흥,김경민,480
13078,서울,2005-09-25,한,수,,55,하재흥,김경민,493
13079,서울,2005-09-25,한,수,,54,김택수,정영채,465
13080,서울,2005-09-25,한,수,,50,신우철,최관식,430
13081,서울,2005-09-25,한,수,,54,박윤규,박상헌,443
13082,서울,2005-09-25,한,수,,52.5,유재길,진교원,458
13083,서울,2005-09-25,한,수,,53,이광복,최건호,540
13084,서울,2005-09-25,한,수,,55.5,정지은,이경우,455
13085,서울,2005-09-25,한,수,,53,배휴준,이영숙,464
13086,서울,2005-09-25,한,암,,52,지용훈,이문철,449
13087,서울,2005-09-25,한,암,,55,이인호,장용석,476
13088,서울,2005-09-25,한,암,,52,박윤규,김주학,461
13089,서울,2005-09-25,미,암,,54,이종구,정진태,432
13090,서울,2005-09-25,한,암,,53,김학수,김병묵,489
13091,서울,2005-09-25,한,거,,53,이희영,김용상,462
13092,서울,2005-09-25,한,거,,53,지용철,콤텍시스템,474
13093,서울,2005-09-25,뉴,거,,51,박진호,명인환,526
13094,서울,2005-09-25,뉴,거,,55,서범석,박남성,475
13095,서울,2005-09-25,한,거,,55,곽영효,양수화,424
13096,서울,2005-09-25,미,거,,57,박원덕,김방철,511
13097,서울,2005-09-25,한,거,,54,최영주,신영균,444
13098,서울,2005-09-25,한,거,,53,박대흥,최애식,441
13099,서울,2005-09-25,뉴,거,,55,강명준,이광수a,446
13100,서울,2005-09-25,미,거,,50,김재복,김종한,494
13101,서울,2005-09-25,뉴,거,,55,김재복,정이남,435
13102,서울,2005-09-25,한,암,,55,유재길,이동재,466
13103,서울,2005-09-25,미,거,,52,박천서,정일권,491
13104,서울,2005-09-25,한,거,,55,박원덕,이효선,471
13105,서울,2005-09-25,뉴,거,,52,이종구,박정록,476
13106,서울,2005-09-25,뉴,거,,54,하재흥,이상오,464
13107,서울,2005-09-25,미,거,,53,김양선,이항진,458
13108,서울,2005-09-25,미,수,,54,김재복,김한영,499
13109,서울,2005-09-25,한,수,,53,박희철,김병현,512
13110,서울,2005-09-25,일,암,,51,박진호,이재원,496
13111,서울,2005-09-25,한,암,,53,배휴준,인원식,468
13112,서울,2005-09-25,한,암,,54.5,정지은,노환영,466
13113,서울,2005-09-25,일,암,,53,김문갑,정덕용,458
13114,서울,2005-09-25,한,암,,52,김택수,김양호,430
13115,서울,2005-09-25,뉴,암,,56,김순근,서운석,473
13116,서울,2005-09-25,한,암,,56.5,김춘근,이연택,448
13117,서울,2005-09-25,미,암,,54,양재철,임관호,458
13118,서울,2005-09-25,미,암,,54,양재철,임관호,494
13119,서울,2005-09-25,인,암,,54,서범석,문금주,481
13120,서울,2005-09-25,한,암,,53,김양선,김종철,493
13121,서울,2005-09-25,한,암,,54,김양선,서운석,429
13122,서울,2005-09-25,한,암,,53,지용철,김우창,404
13123,서울,2005-09-25,한,암,,49,최영주,변영남,407
13124,서울,2005-09-25,뉴,암,,54,서범석,문금주,469
13125,서울,2005-09-25,한,암,,53,윤치운,한광세,482
13126,서울,2005-09-25,일,암,,52,박천서,최애식,447
13127,서울,2005-09-25,한,암,,54,신우철,안영환,486
13128,서울,2005-09-25,한,암,,53,강승영,권영원,438
13129,서울,2005-09-25,한,암,,54,박대흥,남승현,447
13130,서울,2005-09-25,한,암,,54,임봉춘,장세창,480
13131,서울,2005-09-25,한,암,,51,박희철,김완배,443
13132,서울,2005-09-25,한,암,,48,이광복,최건호,444
13133,서울,2005-09-25,한,암,,51,이희영,박환창,449
13134,서울,2005-09-25,한,암,,53,유재길,진교원,447
13135,서울,2005-09-25,한,암,,53,박윤규,장석영,490
13136,서울,2005-09-25,한,암,,53,김춘근,이보원,473
13137,서울,2005-09-25,한,암,,53,박대흥,최춘섭,455
13138,서울,2005-09-25,한,암,,48,김양선,김종철,443
13139,서울,2005-09-25,한,암,,52,박종곤,링크폴로,460
13140,서울,2005-09-25,한,암,,53,배휴준,김진철,400
13141,서울,2005-09-25,한,암,,52,박흥진,이용대,444
13142,서울,2005-09-25,한,암,,51,김점오,김창희,492
13143,서울,2005-09-25,한,수,,54.5,신우철,이수근,455
13144,서울,2005-09-25,한,수,,57,김순근,제주축산개발,464
13145,서울,2005-09-25,한,암,,52,박진호,김우창,481
13146,서울,2005-09-25,한,암,,52,최혜식,박정열,488
13147,서울,2005-09-25,한,암,,54,박흥진,유준환,472
13148,서울,2005-09-25,한,거,,52,신우철,신항식,472
13149,서울,2005-09-25,미,거,,55,김재복,김한영,464
13150,서울,2005-09-25,미,거,,52,김양선,오해석,504
13151,서울,2005-09-25,한,수,,55,최상식,장재형,453
13152,서울,2005-09-25,한,암,,48,이희영,곽영필,454
13153,서울,2005-09-25,한,암,,49,안해양,윤영기,469
13154,서울,2005-09-25,한,암,,52,김문갑,어울림네트웍스,460
13155,서울,2005-09-25,한,암,,53,안해양,최동천,449
13156,서울,2005-09-25,한,암,,53,김문갑,김성두,430
13157,서울,2005-09-25,한,암,,51,박덕준,서승린,453
13158,서울,2005-09-25,일,암,,55,이인호,민영길,468
13159,서울,2005-09-25,한,거,,55,박천서,윤훈현,483
13160,서울,2005-09-25,한,거,,51,강명준,양길순,464
13161,서울,2005-09-25,한,암,,48,박희철,경규환,426
13162,서울,2005-09-25,한,암,,50,박천서,천병득,454
13163,서울,2005-09-25,한,암,,55,김대근,한일사료,449
13164,서울,2005-09-25,한,암,,48,임봉춘,권태우,446
13165,서울,2005-09-25,일,수,,55,최영주,신항철,478
13166,서울,2005-09-25,한,수,,55,박종곤,박재범,514
13167,서울,2005-09-25,한,수,,56.5,이인호,권영술,476
13168,서울,2005-09-25,한,암,,52,신우철,박정열,457
13169,서울,2005-09-25,한,암,,54,임봉춘,박상선,462
13170,서울,2005-09-25,한,암,,51,정지은,이영철,432
13171,서울,2005-09-25,한,암,,51.5,고옥봉,정병조,446
13172,서울,2005-09-25,한,암,,48,김충근,정화섭,464
13173,서울,2005-09-25,한,암,,54.5,최혜식,박정열,425
13174,서울,2005-09-25,한,암,,53,박윤규,김종식,472
13175,서울,2005-09-25,한,암,,50,박진호,명인환,476
13176,서울,2005-09-25,한,암,,53,김점오,김창희,479
13177,서울,2005-09-25,한,암,,51,김순근,권영술,431
13178,서울,2005-09-25,한,암,,53,이왕언,이영서,477
13179,서울,2005-09-25,일,암,,54,김택수,김양호,481
13180,서울,2005-10-01,일,거,,53,하재흥,김웅세,438
13181,서울,2005-10-01,한,거,,55,고옥봉,정병조,472
13182,서울,2005-10-01,한,암,,48,김택수,이희연,438
13183,서울,2005-10-01,한,암,,53,김일성,조승민,445
13184,서울,2005-10-01,미,암,,53,김문갑,김서운,454
13185,서울,2005-10-01,일,암,,53,유재길,진교원,410
13186,서울,2005-10-01,한,암,,54,박원덕,이종석,435
13187,서울,2005-10-01,한,암,,55,김윤섭,심상춘,468
13188,서울,2005-10-01,일,암,,53,최혜식,박종률,445
13189,서울,2005-10-01,미,암,,53,김학수,김봉섭,475
13190,서울,2005-10-01,미,암,,53,이왕언,박정웅,433
13191,서울,2005-10-01,한,암,,53,박종곤,제주축산개발,423
13192,서울,2005-10-01,한,암,,54,박진호,정수남,502
13193,서울,2005-10-01,한,암,,51,강명준,권태우,420
13194,서울,2005-10-01,한,암,,54,김명국,장석영,437
13195,서울,2005-10-01,미,암,,53,김문갑,박용오,414
13196,서울,2005-10-01,한,암,,53,서범석,송숙자,428
13197,서울,2005-10-01,한,암,,54,김윤섭,김채겸,468
13198,서울,2005-10-01,한,암,,54,정지은,지대섭,481
13199,서울,2005-10-01,한,암,,52,정지은,이부용,430
13200,서울,2005-10-01,일,암,,51,서범석,문금주,505
13201,서울,2005-10-01,뉴,암,,53,서범석,문금주,482
13202,서울,2005-10-01,뉴,암,,53,김춘근,신준희,460
13203,서울,2005-10-01,한,암,,53,박흥진,김성두,431
13204,서울,2005-10-01,한,암,,53,이희영,노승구,400
13205,서울,2005-10-01,한,암,,53,박윤규,장석영,433
13206,서울,2005-10-01,한,암,,53,이왕언,박정웅,463
13207,서울,2005-10-01,한,암,,54,고옥봉,곽영필,480
13208,서울,2005-10-01,한,암,,51,김순근,김상태,441
13209,서울,2005-10-01,한,암,,51,지용훈,이민문,430
13210,서울,2005-10-01,한,암,,48,유재길,허병하,426
13211,서울,2005-10-01,한,암,,56,김대근,노병석,437
13212,서울,2005-10-01,한,암,,55,황의성,김각경,442
13213,서울,2005-10-01,일,암,,52,김점오,유근수,488
13214,서울,2005-10-01,한,암,,51,강명준,김광영,426
13215,서울,2005-10-01,한,암,,48,이희영,곽영필,490
13216,서울,2005-10-01,한,암,,50,김점오,박영철,463
13217,서울,2005-10-01,한,암,,54,이인호,신성철,500
13218,서울,2005-10-01,한,수,,55,김점오,김창희,468
13219,서울,2005-10-01,한,수,,57,황의성,김용원,423
13220,서울,2005-10-01,한,암,,52,지용훈,이문철,471
13221,서울,2005-10-01,한,암,,53,박원덕,최윤호,442
13222,서울,2005-10-01,한,암,,54,양재철,임관호,428
13223,서울,2005-10-01,한,암,,54,이종구,최인재,434
13224,서울,2005-10-01,한,수,,53,김충근,이광수,489
13225,서울,2005-10-01,한,암,,51,임형규,신동호,474
13226,서울,2005-10-01,한,거,,54,곽영효,강용식,452
13227,서울,2005-10-01,한,암,,54,김학수,김완배,449
13228,서울,2005-10-01,한,암,,54,곽영효,양수화,484
13229,서울,2005-10-01,한,암,,51,김문갑,김성두,440
13230,서울,2005-10-01,일,암,,52,김춘근,신준희,435
13231,서울,2005-10-01,한,암,,51,박흥진,제주축협,468
13232,서울,2005-10-01,한,암,,50,유재길,진교원,447
13233,서울,2005-10-01,한,암,,48,박천서,천병득,423
13234,서울,2005-10-01,일,암,,51,최영주,장석린외1인(신치구),432
13235,서울,2005-10-01,한,암,,51,박흥진,유준환,493
13236,서울,2005-10-01,한,수,,57,윤치운,유영주,0
13237,서울,2005-10-01,한,수,,51,이종구,백종헌,461
13238,서울,2005-10-01,한,암,,54,박흥진,장경환,456
13239,서울,2005-10-01,한,거,,55,박흥진,최효순,455
13240,서울,2005-10-01,한,수,,55,박원덕,안덕기,461
13241,서울,2005-10-01,한,수,,57,이희영,오호극,455
13242,서울,2005-10-01,한,수,,55,이희영,민영길,472
13243,서울,2005-10-01,한,수,,57,지용철,강성보,456
13244,서울,2005-10-01,한,수,,53,이광복,최건호,413
13245,서울,2005-10-01,한,수,,54,박흥진,김도윤,490
13246,서울,2005-10-01,한,수,,52,박진호,함운일,444
13247,서울,2005-10-01,뉴,수,,52,정지은,김지훈,446
13248,서울,2005-10-01,한,암,,54,양재철,한광희,402
13249,서울,2005-10-01,일,수,,53,박진호,명인환,500
13250,서울,2005-10-01,한,수,,55,신우철,김현래,484
13251,서울,2005-10-01,한,수,,55,곽영효,이종무,488
13252,서울,2005-10-01,한,수,,55,지용철,곽태훈,455
13253,서울,2005-10-01,한,수,,55,박덕준,허헌회,496
13254,서울,2005-10-01,한,수,,57,임봉춘,김창준,463
13255,서울,2005-10-01,한,수,,54,강승영,강남환,439
13256,서울,2005-10-01,한,수,,55,김춘근,안승찬,470
13257,서울,2005-10-01,한,수,,55,박진호,이재원,471
13258,서울,2005-10-01,한,수,,53,김학수,박남성,446
13259,서울,2005-10-01,한,수,,52,최상식,박기흥,426
13260,서울,2005-10-01,한,수,,55,박희철,조병해,458
13261,서울,2005-10-01,한,수,,53,윤치운,유영주,471
13262,서울,2005-10-01,한,수,,54,유재길,이필승,482
13263,서울,2005-10-01,한,수,,57,김윤섭,김채겸,476
13264,서울,2005-10-01,미,수,,54,김택수,이희연,460
13265,서울,2005-10-01,한,수,,57,유재길,진교원,472
13266,서울,2005-10-01,한,수,,52,하재흥,이중연,414
13267,서울,2005-10-01,한,수,,53,박희철,장석린외1인(신치구),456
13268,서울,2005-10-01,한,수,,55,양재철,장철환,500
13269,서울,2005-10-01,한,수,,56,하재흥,이유환,467
13270,서울,2005-10-01,한,수,,50,이광복,이용익,466
13271,서울,2005-10-01,한,수,,55,지용철,이수길,430
13272,서울,2005-10-01,한,수,,55,최상식,장재형,441
13273,서울,2005-10-01,한,수,,54,이종구,최인재,429
13274,서울,2005-10-01,한,수,,55,박대흥,남승현,524
13275,서울,2005-10-01,한,수,,53,김일성,조승민,477
13276,서울,2005-10-01,한,수,,54,정지은,홍범기,431
13277,서울,2005-10-01,한,수,,50,임형규,서상주,461
13278,서울,2005-10-01,한,수,,53,김춘근,김주성,445
13279,서울,2005-10-01,뉴,거,,56,박윤규,이수홍,460
13280,서울,2005-10-01,한,거,,57,김대근,최상섭,457
13281,서울,2005-10-01,뉴,거,,58,지용철,구필모,496
13282,서울,2005-10-01,한,암,,51,임봉춘,박상선,453
13283,서울,2005-10-01,한,거,,52,박흥진,이용대,497
13284,서울,2005-10-01,한,거,,56,김대근,김완배,455
13285,서울,2005-10-01,한,거,,55,최혜식,은희만,430
13286,서울,2005-10-01,미,거,,51,배휴준,지성한,441
13287,서울,2005-10-01,한,거,,51,유재길,권영탁,471
13288,서울,2005-10-01,한,거,,53,박대흥,최애식,456
13289,서울,2005-10-01,한,암,,51,김학수,박재범,413
13290,서울,2005-10-01,한,암,,56,김병용,정몽규,458
13291,서울,2005-10-01,한,거,,55,김명국,코스틸,452
13292,서울,2005-10-01,미,암,,53,이종구,유수택,464
13293,서울,2005-10-01,한,암,,52,안해양,윤여운,446
13294,서울,2005-10-01,한,거,,55,지용훈,조용학,450
13295,서울,2005-10-01,한,거,,51,박흥진,김도윤,458
13296,서울,2005-10-01,한,암,,54,박덕준,백운창,396
13297,서울,2005-10-01,한,암,,54,김양선,정세능,440
13298,서울,2005-10-01,한,암,,54,이용준,김종욱,465
13299,서울,2005-10-01,한,암,,55,고옥봉,이기선,477
13300,서울,2005-10-01,한,암,,48,김순근,서운석,480
13301,서울,2005-10-01,한,암,,52,김재복,조규학,402
13302,서울,2005-10-02,일,거,,52,박천서,지원철,451
13303,서울,2005-10-02,한,거,,55,고옥봉,이기선,452
13304,서울,2005-10-02,한,거,,50,박종곤,김정배,446
13305,서울,2005-10-02,한,거,,51,박대흥,최애식,480
13306,서울,2005-10-02,한,거,,54,곽영효,강용식,0
13307,서울,2005-10-02,한,거,,55,박대흥,남승현,479
13308,서울,2005-10-02,미,거,,51,지용철,안대종,457
13309,서울,2005-10-02,미,거,,55,김춘근,김한영,498
13310,서울,2005-10-02,한,거,,56,최영주,신항철,450
13311,서울,2005-10-02,뉴,거,,51,이광복,서순배,425
13312,서울,2005-10-02,한,암,,51,고옥봉,정병조,459
13313,서울,2005-10-02,한,암,,48,윤치운,오금자,458
13314,서울,2005-10-02,한,암,,53,김학수,전기섭,480
13315,서울,2005-10-02,한,암,,52,김재복,전기섭,443
13316,서울,2005-10-02,한,암,,53,박희철,김완배,513
13317,서울,2005-10-02,한,암,,52,하재흥,이용대,463
13318,서울,2005-10-02,한,암,,52,이종구,이영웅,430
13319,서울,2005-10-02,한,암,,53,김명국,이태식,445
13320,서울,2005-10-02,한,암,,53,이희영,박환창,414
13321,서울,2005-10-02,한,암,,54,김명국,김진철,417
13322,서울,2005-10-02,한,암,,51,김양선,김종철,408
13323,서울,2005-10-02,일,암,,51,김순근,최상경,486
13324,서울,2005-10-02,한,암,,50,최영주,이영욱a,431
13325,서울,2005-10-02,한,암,,54,김충근,이광수,449
13326,서울,2005-10-02,한,암,,54,김양선,전기섭,473
13327,서울,2005-10-02,한,암,,51,김양선,정이남,431
13328,서울,2005-10-02,한,암,,55,유재길,박종률,484
13329,서울,2005-10-02,미,암,,51,정지은,청호컴넷(주),441
13330,서울,2005-10-02,한,암,,49,임봉춘,정규상,447
13331,서울,2005-10-02,한,암,,51,이광복,이동언,463
13332,서울,2005-10-02,한,암,,56,임봉춘,이주형,497
13333,서울,2005-10-02,한,암,,49,서범석,장철환,457
13334,서울,2005-10-02,한,암,,51,유재길,허병하,493
13335,서울,2005-10-02,한,암,,52,이왕언,신건호,456
13336,서울,2005-10-02,한,암,,53,박흥진,김길중,435
13337,서울,2005-10-02,한,암,,53,최혜식,박종률,457
13338,서울,2005-10-02,한,암,,52,최상식,조동식,448
13339,서울,2005-10-02,한,암,,52,곽영효,강용식,454
13340,서울,2005-10-02,한,암,,54,김일성,일진코스메틱,449
13341,서울,2005-10-02,한,암,,54,이종구,최인재,433
13342,서울,2005-10-02,한,암,,54,박흥진,김도윤,415
13343,서울,2005-10-02,한,암,,51,서정하,천병득,418
13344,서울,2005-10-02,한,암,,54,양재철,김기성,406
13345,서울,2005-10-02,한,수,,53,박원덕,김성두,433
13346,서울,2005-10-02,한,암,,53,이종구,최인재,437
13347,서울,2005-10-02,한,암,,48,양재철,박현종,464
13348,서울,2005-10-02,일,암,,53,최혜식,권영탁,433
13349,서울,2005-10-02,한,암,,51,지용훈,남기태,498
13350,서울,2005-10-02,한,암,,52,최상식,장재형,452
13351,서울,2005-10-02,한,암,,52,박윤규,권오학,457
13352,서울,2005-10-02,미,수,,56.5,이용준,김명식,543
13353,서울,2005-10-02,한,암,,52,유재길,박종률,436
13354,서울,2005-10-02,한,암,,53,박천서,김충수,469
13355,서울,2005-10-02,한,암,,51,박종곤,이충구,429
13356,서울,2005-10-02,한,거,,55,박대흥,남승현,465
13357,서울,2005-10-02,한,암,,51,배휴준,지성한,470
13358,서울,2005-10-02,한,암,,51,최상식,장현종,450
13359,서울,2005-10-02,한,암,,54,이왕언,박상선,415
13360,서울,2005-10-02,한,암,,50,박윤규,장석린외1인(신치구),455
13361,서울,2005-10-02,한,암,,54,이인호,서익수,439
13362,서울,2005-10-02,한,암,,53,지용훈,조용학,443
13363,서울,2005-10-02,한,거,,52,박천서,유미개발,476
13364,서울,2005-10-02,한,거,,51,김점오,박환창,473
13365,서울,2005-10-02,한,수,,54,강명준,김광영,444
13366,서울,2005-10-02,한,수,,52,고옥봉,이기선,443
13367,서울,2005-10-02,한,수,,52,최혜식,박정열,440
13368,서울,2005-10-02,한,수,,51,지용철,곽태훈,491
13369,서울,2005-10-02,한,수,,54,이용준,김명식,500
13370,서울,2005-10-02,한,수,,57,강승영,한선호,424
13371,서울,2005-10-02,한,수,,56,김일성,조승민,446
13372,서울,2005-10-02,일,수,,55,박진호,함운일,435
13373,서울,2005-10-02,한,수,,48,김춘근,김상태,418
13374,서울,2005-10-02,미,수,,52,김학수,박재범,494
13375,서울,2005-10-02,한,수,,50,김순근,이윤화,425
13376,서울,2005-10-02,한,수,,54,지용철,이근우,499
13377,서울,2005-10-02,호,수,,58,김학수,박환창,473
13378,서울,2005-10-02,한,수,,52,신우철,안영환,433
13379,서울,2005-10-02,한,수,,54,김일성,일진코스메틱,470
13380,서울,2005-10-02,한,수,,53,곽영효,강신호,469
13381,서울,2005-10-02,미,수,,53,서정하,김창식,458
13382,서울,2005-10-02,한,수,,52,이용준,임기준,452
13383,서울,2005-10-02,한,수,,53.5,지용훈,남기태,435
13384,서울,2005-10-02,한,수,,57,최혜식,박상선,465
13385,서울,2005-10-02,미,수,,55,김택수,김양호,486
13386,서울,2005-10-02,미,수,,50,이희영,이상용,443
13387,서울,2005-10-02,미,수,,53,김문갑,이재욱,465
13388,서울,2005-10-02,한,수,,55,박덕준,장수영,436
13389,서울,2005-10-02,한,수,,52,김재복,우동희,457
13390,서울,2005-10-02,일,수,,53,김대근,김정규,398
13391,서울,2005-10-02,한,수,,52,최상식,장현종,445
13392,서울,2005-10-02,한,수,,54,지용훈,이선호,443
13393,서울,2005-10-02,미,수,,53,김양선,박남성,476
13394,서울,2005-10-02,한,수,,57,김학수,정이남,431
13395,서울,2005-10-02,한,수,,53,김윤섭,이용익,432
13396,서울,2005-10-02,한,수,,53,이광복,김수경,493
13397,서울,2005-10-02,한,수,,53,박덕준,장수영,447
13398,서울,2005-10-02,미,수,,53,김양선,이항진,479
13399,서울,2005-10-02,한,수,,52,박희철,김수경,452
13400,서울,2005-10-02,한,수,,53,안해양,이상홍,510
13401,서울,2005-10-02,한,수,,54,양재철,박현종,451
13402,서울,2005-10-02,한,수,,55,김충근,이광수,500
13403,서울,2005-10-02,한,수,,55,김윤섭,심상춘,480
13404,서울,2005-10-02,한,수,,57,지용철,우쾌제,493
13405,서울,2005-10-02,한,수,,57,김병용,송근철,430
13406,서울,2005-10-02,한,수,,52,이종구,서정훈,426
13407,서울,2005-10-02,한,수,,52,정지은,이부용,468
13408,서울,2005-10-02,한,수,,51,지용훈,조용학,494
13409,서울,2005-10-02,인,수,,55,이광복,임기준,424
13410,서울,2005-10-02,한,수,,53,김양선,구자선,507
13411,서울,2005-10-02,한,거,,55,고옥봉,오일랑,495
13412,서울,2005-10-02,한,거,,53,김명국,이태식,458
13413,서울,2005-10-02,한,거,,55,지용훈,남기태,446
13414,서울,2005-10-02,미,수,,53,서범석,서순배,447
13415,서울,2005-10-02,한,수,,54,김재복,박희주,410
13416,서울,2005-10-02,한,수,,57,박덕준,문창완,507
13417,서울,2005-10-02,한,수,,53,안해양,김휘남,454
13418,서울,2005-10-02,한,수,,50,박진호,이재원,468
13419,서울,2005-10-02,미,거,,53,김문갑,김서운,476
13420,서울,2005-10-02,한,거,,55,하재흥,이중연,507
13421,서울,2005-10-02,한,거,,53,김대근,노병석,418
13422,서울,2005-10-02,한,거,,52,김대근,유병옥,448
13423,서울,2005-10-02,한,거,,54,김점오,김창희,429
13424,서울,2005-10-02,한,거,,55,안해양,윤여운,478
13425,서울,2005-10-02,미,거,,52,이종구,정진태,488
13426,서울,2005-10-02,미,거,,56,강승영,이승택,502
13427,서울,2005-10-02,한,거,,54,김대근,노병석,508
13428,서울,2005-10-02,일,거,,52,박천서,박형인,460
13429,서울,2005-10-02,뉴,거,,57,박원덕,이정원,477
13430,서울,2005-10-08,한,암,,53,최혜식,배석두,398
13431,서울,2005-10-08,한,암,,53,임형규,서상주,460
13432,서울,2005-10-08,미,암,,55,김대근,최상섭,429
13433,서울,2005-10-08,한,암,,55,하재흥,이수홍,448
13434,서울,2005-10-08,한,암,,51,김대근,김정규,432
13435,서울,2005-10-08,미,암,,54,양재철,임관호,487
13436,서울,2005-10-08,한,암,,55,김학수,김병묵,420
13437,서울,2005-10-08,한,암,,54,박흥진,장경환,439
13438,서울,2005-10-08,한,암,,53,김일성,조승민,435
13439,서울,2005-10-08,한,암,,50,강명준,이광수a,487
13440,서울,2005-10-08,한,암,,53,박윤규,이필승,423
13441,서울,2005-10-08,한,암,,52,임형규,신동호,435
13442,서울,2005-10-08,한,암,,52,김문갑,정덕용,454
13443,서울,2005-10-08,미,암,,54,박원덕,이정원,423
13444,서울,2005-10-08,한,암,,54,고옥봉,김완배,423
13445,서울,2005-10-08,한,암,,48,서정하,구자선,473
13446,서울,2005-10-08,한,암,,50,윤치운,남귀현,443
13447,서울,2005-10-08,한,암,,52,최혜식,박동규,480
13448,서울,2005-10-08,한,암,,51,박대흥,김희라,441
13449,서울,2005-10-08,한,암,,49,안해양,김봉섭,539
13450,서울,2005-10-08,한,암,,55,박흥진,최동천,486
13451,서울,2005-10-08,한,암,,54,유재길,박용훈,437
13452,서울,2005-10-08,미,암,,54,이종구,정진태,459
13453,서울,2005-10-08,한,암,,54,유재길,송근철,448
13454,서울,2005-10-08,한,암,,53,윤치운,오상철,439
13455,서울,2005-10-08,한,암,,54,하재흥,김경민,421
13456,서울,2005-10-08,한,암,,53,서정하,김광영,422
13457,서울,2005-10-08,한,암,,55,하재흥,이상오,491
13458,서울,2005-10-08,한,암,,54,지용철,김우창,426
13459,서울,2005-10-08,한,암,,55,김점오,박종호,503
13460,서울,2005-10-08,미,암,,51,이종구,유수택,447
13461,서울,2005-10-08,호,암,,50,정지은,이종휘,418
13462,서울,2005-10-08,한,암,,52,김문갑,어울림네트웍스,452
13463,서울,2005-10-08,한,암,,55,박덕준,최원곤,478
13464,서울,2005-10-08,한,암,,55,이종구,백종헌,462
13465,서울,2005-10-08,한,수,,54,강승영,한선호,431
13466,서울,2005-10-08,한,수,,52,박천서,유미개발,486
13467,서울,2005-10-08,한,수,,55.5,지용철,황의영,460
13468,서울,2005-10-08,한,암,,53,김학수,박성구,421
13469,서울,2005-10-08,한,수,,53,김점오,박종호,468
13470,서울,2005-10-08,한,수,,55,김윤섭,한광세,508
13471,서울,2005-10-08,한,암,,53,신우철,이수근,458
13472,서울,2005-10-08,한,암,,51,박윤규,현대영,425
13473,서울,2005-10-08,한,암,,54,박덕준,서승린,424
13474,서울,2005-10-08,한,암,,54,김충근,이광수,449
13475,서울,2005-10-08,한,암,,51,강명준,김광영,416
13476,서울,2005-10-08,호,암,,54,지용철,이근우,446
13477,서울,2005-10-08,한,거,,53,이용준,김명식,459
13478,서울,2005-10-08,한,암,,50,배휴준,인원식,412
13479,서울,2005-10-08,뉴,암,,52,서범석,문금주,0
13480,서울,2005-10-08,한,암,,54,최혜식,박경만,409
13481,서울,2005-10-08,한,수,,54,이종구,최수군,458
13482,서울,2005-10-08,한,암,,53,임봉춘,박상선,485
13483,서울,2005-10-08,한,거,,54,김명국,김진철,427
13484,서울,2005-10-08,한,암,,53,김춘근,이선종,427
13485,서울,2005-10-08,한,암,,53,이용준,안영환,480
13486,서울,2005-10-08,한,암,,53,김재복,김한영,417
13487,서울,2005-10-08,한,암,,53,하재흥,조남대,474
13488,서울,2005-10-08,한,수,,55,안해양,유수택,503
13489,서울,2005-10-08,한,수,,53,박종곤,김진엽,456
13490,서울,2005-10-08,한,수,,53,유재길,이필승,488
13491,서울,2005-10-08,한,수,,53,김윤섭,박태훈,436
13492,서울,2005-10-08,미,암,,53,박흥진,유준환,445
13493,서울,2005-10-08,미,암,,53,김점오,박영철,404
13494,서울,2005-10-08,한,수,,53,박대흥,정일권,476
13495,서울,2005-10-08,한,수,,57,윤치운,유영주,438
13496,서울,2005-10-08,한,수,,55,김춘근,이연택,465
13497,서울,2005-10-08,미,수,,57,김택수,장철환,460
13498,서울,2005-10-08,미,수,,53,김양선,박남성,484
13499,서울,2005-10-08,한,암,,52,지용철,이수길,480
13500,서울,2005-10-08,호,암,,53,박대흥,남승현,436
13501,서울,2005-10-08,한,수,,53,강명준,김광영,449
13502,서울,2005-10-08,한,수,,57,김양선,정세능,472
13503,서울,2005-10-08,한,수,,52,최상식,장현종,0
13504,서울,2005-10-08,한,수,,57,신우철,김현래,492
13505,서울,2005-10-08,미,수,,53,정지은,이경우,476
13506,서울,2005-10-08,한,수,,57,김택수,김양호,461
13507,서울,2005-10-08,한,수,,55,김대근,최상섭,505
13508,서울,2005-10-08,한,수,,53,지용훈,남기태,471
13509,서울,2005-10-08,한,수,,52,박희철,서정훈,449
13510,서울,2005-10-08,한,수,,52,최영주,신항철,440
13511,서울,2005-10-08,한,수,,53,지용훈,이선호,489
13512,서울,2005-10-08,한,수,,52,김택수,권오학,428
13513,서울,2005-10-08,한,수,,55,이용준,김종욱,465
13514,서울,2005-10-08,한,수,,53,이용준,김명식,426
13515,서울,2005-10-08,한,수,,53,김대근,한일사료,483
13516,서울,2005-10-08,한,수,,53,박진호,이재원,452
13517,서울,2005-10-08,한,수,,53,최혜식,이종원,470
13518,서울,2005-10-08,미,수,,52,하재흥,이종철,494
13519,서울,2005-10-08,한,수,,54,최상식,장현종,465
13520,서울,2005-10-08,한,수,,55,지용철,황의영,448
13521,서울,2005-10-08,한,수,,55,하재흥,신동열,506
13522,서울,2005-10-08,미,수,,53,박대흥,정일권,523
13523,서울,2005-10-08,미,수,,58,김문갑,정덕용,495
13524,서울,2005-10-08,한,수,,52,박천서,박엽래,472
13525,서울,2005-10-08,한,수,,57,김병용,김명자,484
13526,서울,2005-10-08,한,수,,54,배휴준,지성한,457
13527,서울,2005-10-08,한,수,,55,지용훈,이선호,467
13528,서울,2005-10-08,한,수,,53,박희철,오경의,440
13529,서울,2005-10-08,한,암,,50,임봉춘,장세창,475
13530,서울,2005-10-08,일,암,,53,김학수,김도윤,436
13531,서울,2005-10-08,미,거,,58,박원덕,최윤호,450
13532,서울,2005-10-08,미,거,,56.5,김학수,박남성,450
13533,서울,2005-10-08,한,거,,57,고옥봉,김길중,472
13534,서울,2005-10-08,한,거,,57,김명국,이재효,422
13535,서울,2005-10-08,한,거,,55,김명국,월곡목장영농조합,423
13536,서울,2005-10-08,미,거,,53,이종구,최수군,459
13537,서울,2005-10-08,한,암,,53,박원덕,이효선,472
13538,서울,2005-10-08,한,거,,53,김점오,김창희,465
13539,서울,2005-10-08,한,거,,55,박원덕,최윤호,429
13540,서울,2005-10-08,호,거,,52,김춘근,이선종,425
13541,서울,2005-10-08,뉴,거,,53,박덕준,서승린,441
13542,서울,2005-10-08,호,암,,50,김택수,김교준,421
13543,서울,2005-10-08,한,암,,53,김대근,최상섭,425
13544,서울,2005-10-08,한,암,,53,최혜식,지원철,439
13545,서울,2005-10-08,한,암,,54,이왕언,신건호,531
13546,서울,2005-10-08,호,거,,53.5,최혜식,박용훈,535
13547,서울,2005-10-08,미,암,,54,김춘근,김한영,433
13548,서울,2005-10-09,미,암,,53,김학수,김봉섭,464
13549,서울,2005-10-09,미,암,,50,김순근,원흥순,473
13550,서울,2005-10-09,한,거,,52,김일성,강태은,483
13551,서울,2005-10-09,한,암,,54,서범석,장철환,490
13552,서울,2005-10-09,한,수,,56,임형규,서상주,460
13553,서울,2005-10-09,한,수,,52,정지은,홍범기,420
13554,서울,2005-10-09,한,수,,57,지용훈,이선호,498
13555,서울,2005-10-09,한,수,,55,김대근,한일사료,442
13556,서울,2005-10-09,한,수,,53.5,이왕언,김방철,498
13557,서울,2005-10-09,한,수,,52,정지은,청호컴넷(주),0
13558,서울,2005-10-09,한,암,,54,최영주,이영욱a,421
13559,서울,2005-10-09,일,암,,53,박덕준,허헌회,422
13560,서울,2005-10-09,미,암,,53,박흥진,유준환,435
13561,서울,2005-10-09,미,수,,53,박대흥,남승현,497
13562,서울,2005-10-09,한,수,,57,김점오,박남성,482
13563,서울,2005-10-09,한,수,,56,강승영,강남환,465
13564,서울,2005-10-09,한,수,,54,강명준,변영남,497
13565,서울,2005-10-09,한,수,,52,강승영,강남환,474
13566,서울,2005-10-09,한,수,,55,박흥진,이효선,437
13567,서울,2005-10-09,일,수,,53,유재길,허병하,482
13568,서울,2005-10-09,한,수,,55,황의성,윤해영,462
13569,서울,2005-10-09,한,수,,55,김춘근,이선종,493
13570,서울,2005-10-09,한,수,,55,김윤섭,김준일,451
13571,서울,2005-10-09,한,수,,53,김문갑,어울림네트웍스,462
13572,서울,2005-10-09,한,수,,53,이희영,송숙자,426
13573,서울,2005-10-09,한,수,,55,박윤규,박상헌,434
13574,서울,2005-10-09,한,수,,53,김춘근,김용성,398
13575,서울,2005-10-09,미,수,,53,이광복,서순배,480
13576,서울,2005-10-09,한,수,,55,윤치운,오금자,464
13577,서울,2005-10-09,한,수,,55,윤치운,윤문수,487
13578,서울,2005-10-09,한,수,,50,임봉춘,박상선,457
13579,서울,2005-10-09,한,수,,56,김충근,이광수,432
13580,서울,2005-10-09,한,수,,54,양재철,윤임구,462
13581,서울,2005-10-09,일,수,,53,곽영효,전덕순,512
13582,서울,2005-10-09,한,수,,55,이희영,정규상,461
13583,서울,2005-10-09,미,수,,53,김양선,김종철,473
13584,서울,2005-10-09,한,수,,55,박덕준,김영철,0
13585,서울,2005-10-09,한,수,,53,김일성,조승민,499
13586,서울,2005-10-09,한,수,,53,안해양,최동천,497
13587,서울,2005-10-09,한,수,,57,신우철,진교원,479
13588,서울,2005-10-09,호,수,,54,곽영효,허영희,478
13589,서울,2005-10-09,한,수,,52,이광복,대일화학,526
13590,서울,2005-10-09,한,수,,51,박진호,정동진,472
13591,서울,2005-10-09,한,수,,54,신우철,김현래,508
13592,서울,2005-10-09,한,수,,55,이광복,서순배,471
13593,서울,2005-10-09,한,수,,52,박희철,서정훈,464
13594,서울,2005-10-09,한,거,,56,김명국,이태식,487
13595,서울,2005-10-09,한,거,,53,이용준,김명식,435
13596,서울,2005-10-09,한,거,,54,김대근,유병옥,473
13597,서울,2005-10-09,뉴,거,,53,최상식,장재형,445
13598,서울,2005-10-09,한,거,,53,박대흥,최애식,471
13599,서울,2005-10-09,한,거,,53,박대흥,최애식,422
13600,서울,2005-10-09,한,거,,55,박대흥,강충모,475
13601,서울,2005-10-09,미,거,,52,김문갑,이재욱,451
13602,서울,2005-10-09,한,거,,53,곽영효,허영희,460
13603,서울,2005-10-09,한,거,,55,최혜식,박정열,451
13604,서울,2005-10-09,한,거,,55,신우철,이재진,475
13605,서울,2005-10-09,미,암,,53,서범석,최건호,429
13606,서울,2005-10-09,한,암,,53,김춘근,남웅종,463
13607,서울,2005-10-09,한,암,,54,김춘근,이보원,422
13608,서울,2005-10-09,한,암,,51,박덕준,나정웅,470
13609,서울,2005-10-09,한,암,,53,김대근,노병석,427
13610,서울,2005-10-09,한,암,,52,임봉춘,윤일균,438
13611,서울,2005-10-09,뉴,거,,56,김재복,양길순,440
13612,서울,2005-10-09,한,거,,52,박천서,천병득,450
13613,서울,2005-10-09,한,암,,53,지용철,김우창,467
13614,서울,2005-10-09,한,암,,54,양재철,한광희,445
13615,서울,2005-10-09,한,암,,54,양재철,임관호,393
13616,서울,2005-10-09,한,암,,54,김병용,송근철,433
13617,서울,2005-10-09,한,암,,53,박흥진,장경환,455
13618,서울,2005-10-09,한,암,,53,이용준,강상우,456
13619,서울,2005-10-09,한,암,,53,박윤규,권오학,421
13620,서울,2005-10-09,한,암,,51,정지은,최여경,420
13621,서울,2005-10-09,한,암,,54,강명준,이광수a,486
13622,서울,2005-10-09,한,암,,53,김점오,김덕환,463
13623,서울,2005-10-09,한,암,,51,배휴준,지성한,479
13624,서울,2005-10-09,한,암,,53,강명준,양길순,460
13625,서울,2005-10-09,한,암,,53,최혜식,은희만,462
13626,서울,2005-10-09,한,암,,52,김양선,김종철,424
13627,서울,2005-10-09,한,암,,50,임봉춘,이주형,457
13628,서울,2005-10-09,한,암,,51,박희철,김경민,463
13629,서울,2005-10-09,한,암,,54,김대근,장용석,471
13630,서울,2005-10-09,한,암,,53,강승영,정이남,435
13631,서울,2005-10-09,한,암,,54,김학수,전기섭,413
13632,서울,2005-10-09,한,암,,54,김순근,맹원재,439
13633,서울,2005-10-09,한,암,,52,김일성,류근상,466
13634,서울,2005-10-09,인,암,,50,김춘근,신준희,497
13635,서울,2005-10-09,호,암,,51,윤치운,민영길,460
13636,서울,2005-10-09,미,암,,53,양재철,김종화,477
13637,서울,2005-10-09,한,암,,53,강승영,허영희,512
13638,서울,2005-10-09,한,암,,51,배휴준,지성한,470
13639,서울,2005-10-09,한,암,,54,곽영효,조진환,462
13640,서울,2005-10-09,한,암,,53,김윤섭,윤세영,449
13641,서울,2005-10-09,한,암,,51,지용훈,이선호,458
13642,서울,2005-10-09,한,암,,54,김윤섭,김채겸,420
13643,서울,2005-10-09,한,암,,51,지용훈,이민문,443
13644,서울,2005-10-09,한,암,,51,최상식,장재형,476
13645,서울,2005-10-09,한,암,,54,박진호,정동진,455
13646,서울,2005-10-09,한,암,,54,최상식,신홍균,418
13647,서울,2005-10-09,한,암,,53,서범석,신준수,480
13648,서울,2005-10-09,한,암,,54,신우철,김병현,448
13649,서울,2005-10-09,한,암,,54,하재흥,김문환a,470
13650,서울,2005-10-09,한,수,,48,김윤섭,김채겸,483
13651,서울,2005-10-09,한,수,,55,박희철,조병해,431
13652,서울,2005-10-09,한,암,,54,유재길,조병해,397
13653,서울,2005-10-09,한,암,,50,이광복,장춘희,422
13654,서울,2005-10-09,미,암,,51,박원덕,최윤호,431
13655,서울,2005-10-09,한,암,,52,김대근,노병석,451
13656,서울,2005-10-09,한,암,,53,최영주,김노식,471
13657,서울,2005-10-09,한,암,,54,김재복,홍성운,422
13658,서울,2005-10-09,뉴,거,,52,김학수,박흥길,0
13659,서울,2005-10-09,한,암,,51,이희영,이상용,433
13660,서울,2005-10-09,한,암,,54,김명국,박환창,416
13661,서울,2005-10-09,미,암,,49,김택수,조병용,433
13662,서울,2005-10-09,한,암,,54,최혜식,배석두,422
13663,서울,2005-10-09,뉴,거,,55,임봉춘,서정훈,452
13664,서울,2005-10-09,한,수,,55,최상식,최춘섭,463
13665,서울,2005-10-09,한,거,,55,박윤규,장석린외1인(신치구),504
13666,서울,2005-10-09,한,거,,57,김윤섭,진교원,446
13667,서울,2005-10-09,한,거,,55,김윤섭,한광세,462
13668,서울,2005-10-09,한,수,,54,강승영,정이남,0
13669,서울,2005-10-15,한,수,,54,강승영,오호극,466
13670,서울,2005-10-15,한,수,,52,강명준,김광영,455
13671,서울,2005-10-15,한,수,,54,곽영효,김기용,475
13672,서울,2005-10-15,한,수,,52,하재흥,이종철,462
13673,서울,2005-10-15,뉴,수,,55,김명국,박양호,462
13674,서울,2005-10-15,미,수,,55,양재철,임관호,480
13675,서울,2005-10-15,한,수,,52,이종구,김기영,521
13676,서울,2005-10-15,한,수,,53,박덕준,서승린,470
13677,서울,2005-10-15,한,수,,51,김택수,정영채,0
13678,서울,2005-10-15,한,수,,55,김충근,이광수,480
13679,서울,2005-10-15,한,수,,53,김학수,이용익,486
13680,서울,2005-10-15,뉴,거,,54,김윤섭,김채겸,478
13681,서울,2005-10-15,한,거,,48,김윤섭,김연호,452
13682,서울,2005-10-15,한,거,,53,박천서,박엽래,461
13683,서울,2005-10-15,한,거,,56.5,신우철,김우식,498
13684,서울,2005-10-15,한,거,,50,안해양,최동천,466
13685,서울,2005-10-15,한,암,,52,김일성,일진코스메틱,494
13686,서울,2005-10-15,한,거,,53,박희철,서정훈,490
13687,서울,2005-10-15,한,거,,55,안해양,최동천,444
13688,서울,2005-10-15,한,거,,53,박대흥,정일권,453
13689,서울,2005-10-15,뉴,거,,54,박원덕,이정원,440
13690,서울,2005-10-15,뉴,거,,54,김명국,이태식,425
13691,서울,2005-10-15,한,거,,54,양재철,박현종,436
13692,서울,2005-10-15,한,거,,53,임봉춘,이정숙,481
13693,서울,2005-10-15,한,거,,53,김점오,김창희,532
13694,서울,2005-10-15,한,거,,54,김명국,김진철,471
13695,서울,2005-10-15,한,암,,54,이용준,안영환,470
13696,서울,2005-10-15,한,암,,54,박종곤,김진엽,409
13697,서울,2005-10-15,한,거,,57,김대근,김정규,482
13698,서울,2005-10-15,미,암,,50,이종구,정진태,393
13699,서울,2005-10-15,한,암,,48,이희영,곽영필,442
13700,서울,2005-10-15,한,거,,55,박대흥,남승현,501
13701,서울,2005-10-15,한,암,,51,김학수,전기섭,424
13702,서울,2005-10-15,한,수,,52,김병용,정몽규,455
13703,서울,2005-10-15,한,수,,53,박희철,조병해,475
13704,서울,2005-10-15,미,거,,52,정지은,권광세,464
13705,서울,2005-10-15,한,수,,50,배휴준,김진철,477
13706,서울,2005-10-15,한,수,,48,최영주,박선주,462
13707,서울,2005-10-15,한,수,,52,지용훈,이선호,443
13708,서울,2005-10-15,한,수,,52,김점오,박남성,469
13709,서울,2005-10-15,한,수,,53,김일성,류근상,485
13710,서울,2005-10-15,한,수,,52,곽영효,권광세,496
13711,서울,2005-10-15,미,수,,57,지용철,곽태훈,440
13712,서울,2005-10-15,한,수,,51,하재흥,신동열,445
13713,서울,2005-10-15,한,수,,48,윤치운,이기인,431
13714,서울,2005-10-15,한,수,,57,하재흥,신동열,486
13715,서울,2005-10-15,한,수,,52,배휴준,이영숙,473
13716,서울,2005-10-15,한,수,,52,안해양,이상홍,504
13717,서울,2005-10-15,한,수,,53,김일성,임상윤,482
13718,서울,2005-10-15,일,수,,52,최영주,신항철,485
13719,서울,2005-10-15,한,수,,55,김춘근,권익현,437
13720,서울,2005-10-15,한,수,,53,이용준,김명식,451
13721,서울,2005-10-15,한,수,,51,김일성,김용래,487
13722,서울,2005-10-15,한,수,,57,김순근,제주축산개발,457
13723,서울,2005-10-15,미,수,,55,양재철,김종화,446
13724,서울,2005-10-15,한,수,,52,김택수,허영희,417
13725,서울,2005-10-15,한,수,,52,안해양,김휘남,482
13726,서울,2005-10-15,한,암,,54,박희철,김창희,448
13727,서울,2005-10-15,한,암,,50,고옥봉,오일랑,406
13728,서울,2005-10-15,한,암,,48,이광복,최건호,449
13729,서울,2005-10-15,한,수,,53,유재길,허병하,452
13730,서울,2005-10-15,한,수,,53,김춘근,이장한,457
13731,서울,2005-10-15,한,수,,51,지용철,이근우,437
13732,서울,2005-10-15,한,암,,52,김춘근,이선종,486
13733,서울,2005-10-15,한,암,,51,곽영효,권광세,448
13734,서울,2005-10-15,미,수,,53,한일영,홍영대,500
13735,서울,2005-10-15,일,암,,53,박천서,최애식,442
13736,서울,2005-10-15,한,암,,53,양재철,한광세,503
13737,서울,2005-10-15,호,암,,53,정지은,이영철,514
13738,서울,2005-10-15,한,암,,51,이희영,박환창,445
13739,서울,2005-10-15,한,암,,48,김재복,전기섭,428
13740,서울,2005-10-15,한,암,,53,박윤규,김종식,463
13741,서울,2005-10-15,한,수,,55,김학수,박남성,421
13742,서울,2005-10-15,한,암,,51,박진호,김우창,483
13743,서울,2005-10-15,한,수,,52,김순근,제주축산개발,400
13744,서울,2005-10-15,뉴,거,,57,강명준,이광수a,442
13745,서울,2005-10-15,호,암,,53,최상식,장재형,404
13746,서울,2005-10-15,뉴,거,,54,서정하,김창식,440
13747,서울,2005-10-15,미,거,,53,박천서,정일권,0
13748,서울,2005-10-15,한,수,,52,황의성,김각경,418
13749,서울,2005-10-15,한,암,,52,양재철,송하경,453
13750,서울,2005-10-15,한,암,,50,임형규,황수웅,420
13751,서울,2005-10-15,한,암,,51,지용훈,이문철,448
13752,서울,2005-10-15,한,암,,51.5,박덕준,서승린,410
13753,서울,2005-10-15,한,암,,52,최혜식,박정열,422
13754,서울,2005-10-15,한,암,,54,강명준,최효순,491
13755,서울,2005-10-15,뉴,암,,53,서범석,최상경,479
13756,서울,2005-10-15,한,암,,50,배휴준,박승만,472
13757,서울,2005-10-15,한,암,,53,김점오,김창희,397
13758,서울,2005-10-15,일,암,,54,김순근,최상경,456
13759,서울,2005-10-15,한,암,,52,김일성,류근상,494
13760,서울,2005-10-15,한,암,,51,신우철,김경민,509
13761,서울,2005-10-15,한,암,,52,최상식,장현종,437
13762,서울,2005-10-15,한,암,,52,임봉춘,윤일균,472
13763,서울,2005-10-15,한,암,,54,김명국,풀무원건강식품(주),471
13764,서울,2005-10-15,한,암,,48,이광복,신항식,459
13765,서울,2005-10-15,한,암,,54,김순근,김순주,436
13766,서울,2005-10-15,한,암,,55,윤치운,김각경,446
13767,서울,2005-10-15,한,암,,52,박희철,조원희,445
13768,서울,2005-10-15,미,암,,52,서범석,문금주,0
13769,서울,2005-10-15,한,암,,53,정지은,노환영,440
13770,서울,2005-10-15,한,암,,53,최혜식,이종원,448
13771,서울,2005-10-15,한,암,,52,강승영,정이남,464
13772,서울,2005-10-15,미,암,,55,이인호,링크폴로,518
13773,서울,2005-10-15,뉴,암,,50,이광복,서순배,428
13774,서울,2005-10-15,한,암,,50,박흥진,유준환,463
13775,서울,2005-10-15,한,암,,53,박종곤,박재범,405
13776,서울,2005-10-15,한,암,,51,박윤규,이필승,436
13777,서울,2005-10-15,한,암,,55,이인호,장용석,472
13778,서울,2005-10-15,한,암,,53,김학수,김병묵,484
13779,서울,2005-10-15,한,암,,53,이희영,민영길,388
13780,서울,2005-10-15,한,암,,51,박윤규,이필승,430
13781,서울,2005-10-15,한,암,,54,김양선,이항진,418
13782,서울,2005-10-15,한,암,,52,정지은,홍범기,450
13783,서울,2005-10-15,한,암,,53,김명국,김진철,445
13784,서울,2005-10-15,한,암,,50,박희철,김방철,414
13785,서울,2005-10-15,일,암,,52,최혜식,조진환,462
13786,서울,2005-10-15,미,암,,49,강승영,오호극,455
13787,서울,2005-10-15,한,암,,55.5,이광복,최관식,506
13788,서울,2005-10-15,한,암,,53,강명준,김길중,426
13789,서울,2005-10-15,한,수,,50,안해양,김휘남,516
13790,서울,2005-10-16,일,암,,52,하재흥,엄삼탁,439
13791,서울,2005-10-16,한,암,,54,하재흥,김영수,451
13792,서울,2005-10-16,한,암,,48,김양선,김종철,465
13793,서울,2005-10-16,한,암,,51,박윤규,허영희,437
13794,서울,2005-10-16,한,암,,54,박윤규,이수홍,0
13795,서울,2005-10-16,한,암,,55,임봉춘,이정숙,518
13796,서울,2005-10-16,한,수,,55,곽영효,양수화,483
13797,서울,2005-10-16,한,수,,54,지용철,황의영,462
13798,서울,2005-10-16,한,수,,58,지용훈,남기태,470
13799,서울,2005-10-16,한,암,,49,서범석,송숙자,420
13800,서울,2005-10-16,한,암,,55,김명국,김경민,474
13801,서울,2005-10-16,미,암,,51,김양선,이항진,465
13802,서울,2005-10-16,미,암,,53,김점오,박영철,467
13803,서울,2005-10-16,한,거,,55,강승영,정이남,442
13804,서울,2005-10-16,한,거,,52,임형규,정수남,433
13805,서울,2005-10-16,한,거,,54,임봉춘,이선종,453
13806,서울,2005-10-16,뉴,암,,52,박원덕,이일구,429
13807,서울,2005-10-16,미,수,,53,이광복,서순배,497
13808,서울,2005-10-16,한,수,,57,서범석,신준수,446
13809,서울,2005-10-16,한,암,,52,김춘근,남웅종,459
13810,서울,2005-10-16,한,암,,53,김춘근,오일랑,463
13811,서울,2005-10-16,한,암,,53,김양선,김종철,471
13812,서울,2005-10-16,한,거,,56,양재철,김종화,483
13813,서울,2005-10-16,한,거,,54,김재복,김한영,461
13814,서울,2005-10-16,한,수,,55,박희철,조원희,455
13815,서울,2005-10-16,한,암,,50,김병용,박흥길,449
13816,서울,2005-10-16,한,암,,52,한일영,대한사료,447
13817,서울,2005-10-16,한,암,,54,이희영,이상용,428
13818,서울,2005-10-16,미,암,,53,김양선,박남성,437
13819,서울,2005-10-16,한,암,,53,박덕준,백운창,456
13820,서울,2005-10-16,한,암,,51,박진호,김우창,469
13821,서울,2005-10-16,한,암,,48,신우철,김우식,436
13822,서울,2005-10-16,미,암,,55,안해양,김휘남,454
13823,서울,2005-10-16,한,암,,54,이왕언,신건호,449
13824,서울,2005-10-16,한,암,,51,김명국,장석영,437
13825,서울,2005-10-16,한,암,,52,강명준,배일성,413
13826,서울,2005-10-16,미,암,,50,이종구,유수택,501
13827,서울,2005-10-16,뉴,암,,51,박원덕,이효선,448
13828,서울,2005-10-16,일,암,,53,최혜식,권영탁,469
13829,서울,2005-10-16,미,암,,54,박원덕,이효선,453
13830,서울,2005-10-16,미,암,,53,김문갑,이재욱,418
13831,서울,2005-10-16,한,암,,54,임봉춘,박상선,459
13832,서울,2005-10-16,한,암,,53,김점오,김덕환,411
13833,서울,2005-10-16,한,암,,50,김충근,정화섭,457
13834,서울,2005-10-16,한,암,,53,이희영,김진태,445
13835,서울,2005-10-16,미,암,,55,최혜식,은희만,475
13836,서울,2005-10-16,일,암,,53,이왕언,박정웅,407
13837,서울,2005-10-16,뉴,암,,52,서범석,서순배,444
13838,서울,2005-10-16,한,암,,54,김윤섭,김연호,479
13839,서울,2005-10-16,한,수,,53,이용준,김명식,490
13840,서울,2005-10-16,한,수,,55,양재철,임관호,464
13841,서울,2005-10-16,한,수,,53,최영주,박요선,460
13842,서울,2005-10-16,한,수,,55,안해양,윤영기,477
13843,서울,2005-10-16,미,수,,57,박대흥,정일권,488
13844,서울,2005-10-16,한,수,,52,이인호,오만준,446
13845,서울,2005-10-16,한,수,,55,지용훈,김영진,482
13846,서울,2005-10-16,한,수,,52,박천서,한일사료,483
13847,서울,2005-10-16,한,수,,55,김양선,구자선,422
13848,서울,2005-10-16,뉴,거,,56,이종구,서정훈,482
13849,서울,2005-10-16,한,거,,52,임봉춘,박종률,490
13850,서울,2005-10-16,한,거,,55,이왕언,신건호,468
13851,서울,2005-10-16,호,거,,52,지용훈,조용학,491
13852,서울,2005-10-16,호,거,,52,박덕준,나정웅,492
13853,서울,2005-10-16,한,거,,57,유재길,이동재,486
13854,서울,2005-10-16,한,거,,55,박윤규,이수홍,479
13855,서울,2005-10-16,뉴,거,,51,이종구,박정록,470
13856,서울,2005-10-16,한,거,,57,김학수,김완배,402
13857,서울,2005-10-16,한,거,,52,박천서,김충수,410
13858,서울,2005-10-16,호,거,,56,박천서,천병득,449
13859,서울,2005-10-16,한,거,,54,박천서,박엽래,467
13860,서울,2005-10-16,뉴,거,,54,하재흥,신동열,461
13861,서울,2005-10-16,한,거,,55,박흥진,김도윤,490
13862,서울,2005-10-16,미,거,,52,양재철,김종화,448
13863,서울,2005-10-16,한,거,,53,박대흥,남승현,470
13864,서울,2005-10-16,아일,거,,54,이인호,오만준,480
13865,서울,2005-10-16,한,거,,55,김문갑,김서운,421
13866,서울,2005-10-16,한,암,,54,박흥진,이용대,444
13867,서울,2005-10-16,한,암,,48,김윤섭,김준일,414
13868,서울,2005-10-16,뉴,암,,50,서범석,서순배,435
13869,서울,2005-10-16,호,암,,54,정지은,권광세,483
13870,서울,2005-10-16,미,암,,48,김점오,박영철,487
13871,서울,2005-10-16,한,암,,55,김병용,박흥길,463
13872,서울,2005-10-16,한,거,,53,박희철,경규환,449
13873,서울,2005-10-16,한,수,,56,하재흥,이수홍,420
13874,서울,2005-10-16,한,암,,51,박윤규,이필승,467
13875,서울,2005-10-16,한,수,,55,박원덕,안덕기,451
13876,서울,2005-10-16,일,수,,53,서정하,은희만,443
13877,서울,2005-10-16,한,수,,53,윤치운,오상철,518
13878,서울,2005-10-16,한,수,,54,김순근,지대섭,480
13879,서울,2005-10-16,한,수,,53,이왕언,최창걸,460
13880,서울,2005-10-16,한,수,,58,곽영효,권광세,462
13881,서울,2005-10-16,일,수,,52,김명국,이태식,413
13882,서울,2005-10-16,한,거,,54,박대흥,김용정,517
13883,서울,2005-10-16,한,암,,53,서범석,임기준,475
13884,서울,2005-10-16,미,암,,56.5,김택수,김진철,448
13885,서울,2005-10-16,한,수,,52,안해양,윤여운,478
13886,서울,2005-10-16,미,수,,53,정지은,주경혜,485
13887,서울,2005-10-16,한,수,,53,김윤섭,김채겸,488
13888,서울,2005-10-16,한,수,,55,지용철,구필모,469
13889,서울,2005-10-16,미,수,,53,이종구,최수군,473
13890,서울,2005-10-16,한,수,,55,이용준,신영식,516
13891,서울,2005-10-16,한,수,,53,박흥진,김도윤,416
13892,서울,2005-10-16,한,수,,51,지용철,황의영,488
13893,서울,2005-10-16,한,수,,52,김병용,박흥길,435
13894,서울,2005-10-16,한,수,,54,한일영,심재식,479
13895,서울,2005-10-16,한,수,,52,박덕준,백운창,474
13896,서울,2005-10-16,한,수,,53,박덕준,백운창,449
13897,서울,2005-10-16,미,수,,53,이희영,노승구,436
13898,서울,2005-10-16,한,수,,48,김춘근,남웅종,446
13899,서울,2005-10-16,한,수,,56,유재길,허병하,441
13900,서울,2005-10-16,한,수,,53,박대흥,지대섭,464
13901,서울,2005-10-16,한,수,,55,지용훈,조용학,461
13902,서울,2005-10-16,한,수,,52,신우철,박용훈,489
13903,서울,2005-10-16,한,수,,53,안해양,최동천,453
13904,서울,2005-10-16,한,수,,53,윤치운,김성두,490
13905,서울,2005-10-16,한,수,,58,박희철,조원희,460
13906,서울,2005-10-16,한,수,,55,최혜식,박동규,498
13907,서울,2005-10-16,한,수,,51,신우철,안영환,452
13908,서울,2005-10-16,한,수,,53,박대흥,남승현,476
13909,서울,2005-10-22,한,거,,53,박윤규,방영섭,450
13910,서울,2005-10-22,한,수,,55,박원덕,이정원,483
13911,서울,2005-10-22,한,거,,53,김양선,이항진,439
13912,서울,2005-10-22,한,거,,55,곽영효,양수화,431
13913,서울,2005-10-22,한,암,,54,윤치운,윤문수,484
13914,서울,2005-10-22,한,거,,53,곽영효,전영채,455
13915,서울,2005-10-22,한,거,,52,박덕준,백운창,450
13916,서울,2005-10-22,한,암,,51,정지은,이영철,433
13917,서울,2005-10-22,한,암,,53,강승영,권영원,437
13918,서울,2005-10-22,한,수,,51,박진호,함운일,448
13919,서울,2005-10-22,한,수,,57,지용철,황의영,440
13920,서울,2005-10-22,한,수,,55,김춘근,신준희,496
13921,서울,2005-10-22,한,수,,54,박대흥,남승현,530
13922,서울,2005-10-22,한,수,,52,이종구,서정훈,430
13923,서울,2005-10-22,한,수,,53,유재길,진교원,456
13924,서울,2005-10-22,한,수,,57,최상식,장재형,453
13925,서울,2005-10-22,한,수,,55,김윤섭,심상춘,476
13926,서울,2005-10-22,한,수,,53,김순근,이윤화,429
13927,서울,2005-10-22,미,수,,53,정지은,지대섭,484
13928,서울,2005-10-22,한,수,,53,박덕준,허헌회,445
13929,서울,2005-10-22,한,수,,53,박희철,오경의,450
13930,서울,2005-10-22,한,수,,52,박종곤,곽영진,467
13931,서울,2005-10-22,한,수,,55,박덕준,허헌회,456
13932,서울,2005-10-22,한,수,,53,이용준,신영식,485
13933,서울,2005-10-22,한,수,,53,김일성,강태은,502
13934,서울,2005-10-22,한,수,,52,박천서,임영일,464
13935,서울,2005-10-22,한,수,,53,서정하,김창식,528
13936,서울,2005-10-22,한,수,,56,박원덕,이종석,441
13937,서울,2005-10-22,한,수,,53,하재흥,김병현,456
13938,서울,2005-10-22,한,암,,51,이광복,최건호,449
13939,서울,2005-10-22,한,수,,56,윤치운,유영주,488
13940,서울,2005-10-22,한,암,,51,고옥봉,정병조,445
13941,서울,2005-10-22,한,거,,54,최혜식,박태훈,437
13942,서울,2005-10-22,한,수,,53,지용훈,이민문,489
13943,서울,2005-10-22,한,수,,57,이용준,김명식,449
13944,서울,2005-10-22,한,수,,55,박윤규,박상헌,448
13945,서울,2005-10-22,한,수,,52,배휴준,박정록,478
13946,서울,2005-10-22,한,수,,49,김재복,전기섭,450
13947,서울,2005-10-22,한,수,,54,최영주,반승일,455
13948,서울,2005-10-22,한,수,,50,신우철,최관식,438
13949,서울,2005-10-22,한,수,,53,지용철,황의영,461
13950,서울,2005-10-22,한,수,,53,지용철,강성보,502
13951,서울,2005-10-22,한,수,,54,이종구,최인재,425
13952,서울,2005-10-22,한,수,,52,김택수,장철환,381
13953,서울,2005-10-22,미,수,,53,서범석,서순배,458
13954,서울,2005-10-22,한,수,,57,김병용,정몽규,481
13955,서울,2005-10-22,한,수,,55,양재철,박현종,451
13956,서울,2005-10-22,한,수,,57,김점오,유순목,467
13957,서울,2005-10-22,한,수,,55,김대근,유병옥,495
13958,서울,2005-10-22,한,수,,57,지용철,강성보,455
13959,서울,2005-10-22,한,수,,51,지용철,정수남,501
13960,서울,2005-10-22,미,암,,53,김문갑,박흥길,454
13961,서울,2005-10-22,한,수,,57,김학수,정이남,423
13962,서울,2005-10-22,한,수,,53,김일성,조승민,420
13963,서울,2005-10-22,미,암,,53,김문갑,이재욱,432
13964,서울,2005-10-22,한,암,,55,곽영효,강용식,489
13965,서울,2005-10-22,한,암,,50,임봉춘,이주형,479
13966,서울,2005-10-22,한,거,,58,김명국,김용상,488
13967,서울,2005-10-22,한,암,,54,김윤섭,김채겸,452
13968,서울,2005-10-22,한,암,,52,김택수,김봉조,464
13969,서울,2005-10-22,한,암,,55,박희철,경규환,480
13970,서울,2005-10-22,한,암,,52,이광복,최건호,430
13971,서울,2005-10-22,한,수,,52,곽영효,윤종웅,497
13972,서울,2005-10-22,일,암,,50,신우철,박치문,454
13973,서울,2005-10-22,한,암,,55,임형규,황수웅,478
13974,서울,2005-10-22,한,암,,48,김양선,홍평우,421
13975,서울,2005-10-22,한,암,,54,박희철,조원희,449
13976,서울,2005-10-22,한,암,,51,임봉춘,장세창,473
13977,서울,2005-10-22,한,암,,55,김순근,권영술,425
13978,서울,2005-10-22,한,암,,51,최영주,변영남,393
13979,서울,2005-10-22,미,암,,53,이종구,유수택,459
13980,서울,2005-10-22,한,암,,54,박흥진,장경환,447
13981,서울,2005-10-22,한,암,,54,안해양,윤영기,470
13982,서울,2005-10-22,한,암,,51,박대흥,김희라,438
13983,서울,2005-10-22,한,암,,55,김재복,조규학,396
13984,서울,2005-10-22,한,암,,50,이왕언,이영서,487
13985,서울,2005-10-22,한,암,,50,최영주,권영원,446
13986,서울,2005-10-22,일,암,,53,김명국,박양호,387
13987,서울,2005-10-22,한,암,,52,임형규,신동호,428
13988,서울,2005-10-22,한,암,,51,신우철,안영환,483
13989,서울,2005-10-22,미,암,,53,김학수,구자선,430
13990,서울,2005-10-22,한,암,,53,김춘근,권익현,455
13991,서울,2005-10-22,한,암,,51,박흥진,제주축협,460
13992,서울,2005-10-22,한,수,,56.5,강승영,한선호,423
13993,서울,2005-10-22,한,수,,53,김학수,박성구,460
13994,서울,2005-10-22,한,암,,54,김충근,허건호,458
13995,서울,2005-10-22,한,수,,55,유재길,허건호,423
13996,서울,2005-10-22,한,암,,54,김명국,박양호,419
13997,서울,2005-10-22,한,암,,53,유재길,허병하,457
13998,서울,2005-10-22,일,암,,53,유재길,허병하,463
13999,서울,2005-10-22,한,암,,53,김택수,김양호,440
14000,서울,2005-10-22,일,암,,53,이왕언,박정웅,457
14001,서울,2005-10-22,한,암,,54,박원덕,이효선,432
14002,서울,2005-10-22,한,암,,50,안해양,최동천,455
14003,서울,2005-10-22,한,암,,51,강승영,송숙자,460
14004,서울,2005-10-22,한,암,,53,윤치운,장현종,485
14005,서울,2005-10-22,한,암,,52,박종곤,방형린,454
14006,서울,2005-10-22,한,암,,54,박대흥,청호컴넷(주),470
14007,서울,2005-10-22,한,암,,55,안해양,윤여운,430
14008,서울,2005-10-22,한,암,,55,임봉춘,정규상,446
14009,서울,2005-10-22,한,암,,55,하재흥,김문환a,470
14010,서울,2005-10-22,한,암,,54,김학수,김완배,443
14011,서울,2005-10-22,한,암,,51,김대근,김진구,440
14012,서울,2005-10-22,한,암,,53,김점오,김창희,477
14013,서울,2005-10-22,한,암,,54,지용훈,이민문,427
14014,서울,2005-10-22,한,암,,54,김재복,우동희,497
14015,서울,2005-10-22,한,암,,52,지용훈,이문철,456
14016,서울,2005-10-22,한,암,,53,김점오,김창희,455
14017,서울,2005-10-22,한,암,,53,유재길,진교원,448
14018,서울,2005-10-22,한,암,,54,최상식,조동식,379
14019,서울,2005-10-22,일,암,,53,김춘근,이보원,433
14020,서울,2005-10-22,한,암,,54,임봉춘,박상선,452
14021,서울,2005-10-22,한,암,,50,박희철,경규환,430
14022,서울,2005-10-22,한,암,,51,김재복,김병묵,491
14023,서울,2005-10-22,한,수,,53,김일성,강태은,483
14024,서울,2005-10-23,한,거,,52,이희영,김용상,445
14025,서울,2005-10-23,한,암,,54,고옥봉,장홍주,435
14026,서울,2005-10-23,한,암,,51,김순근,최상경,408
14027,서울,2005-10-23,한,암,,54,박대흥,남승현,448
14028,서울,2005-10-23,한,암,,54,박진호,명인환,488
14029,서울,2005-10-23,한,거,,57,박흥진,김도윤,495
14030,서울,2005-10-23,한,거,,52,김대근,노병석,506
14031,서울,2005-10-23,한,거,,53,고옥봉,전좌식,485
14032,서울,2005-10-23,한,거,,55,김대근,노병석,420
14033,서울,2005-10-23,한,거,,55,고옥봉,정병조,497
14034,서울,2005-10-23,한,거,,53,고옥봉,전좌식,424
14035,서울,2005-10-23,한,수,,57.5,김양선,구자선,451
14036,서울,2005-10-23,한,수,,49,이종구,백종헌,462
14037,서울,2005-10-23,한,수,,50,배휴준,박승만,470
14038,서울,2005-10-23,한,수,,52.5,이희영,노승구,448
14039,서울,2005-10-23,한,수,,53,박종곤,링크폴로,454
14040,서울,2005-10-23,한,수,,52,박대흥,김희라,470
14041,서울,2005-10-23,한,수,,52,최영주,반승일,431
14042,서울,2005-10-23,한,수,,55,박종곤,박재범,530
14043,서울,2005-10-23,한,수,,55,안해양,최동천,467
14044,서울,2005-10-23,한,수,,57,최영주,김광영,439
14045,서울,2005-10-23,한,수,,53,유재길,진교원,474
14046,서울,2005-10-23,한,수,,55.5,최상식,임우근,494
14047,서울,2005-10-23,한,수,,51,이광복,최명균,435
14048,서울,2005-10-23,한,수,,54,이용준,김명식,502
14049,서울,2005-10-23,한,수,,54,강승영,강남환,462
14050,서울,2005-10-23,한,수,,53,강명준,이광수a,457
14051,서울,2005-10-23,한,수,,56,김점오,이송,481
14052,서울,2005-10-23,한,수,,53,안해양,윤여운,440
14053,서울,2005-10-23,한,수,,56,이희영,정규상,438
14054,서울,2005-10-23,한,수,,55.5,하재흥,이유환,463
14055,서울,2005-10-23,한,수,,55,윤치운,유영주,453
14056,서울,2005-10-23,한,수,,57,임봉춘,김창준,457
14057,서울,2005-10-23,한,암,,51,강명준,권태우,416
14058,서울,2005-10-23,한,암,,51,임봉춘,박태훈,439
14059,서울,2005-10-23,한,암,,52,이종구,이영웅,434
14060,서울,2005-10-23,미,암,,56,박천서,김희라,484
14061,서울,2005-10-23,한,암,,54,박흥진,김성두,429
14062,서울,2005-10-23,한,수,,55,하재흥,김정배,470
14063,서울,2005-10-23,한,수,,55,임형규,최동천,478
14064,서울,2005-10-23,한,거,,57,최영주,신영균,450
14065,서울,2005-10-23,한,수,,52,정지은,에쓰푸드홀딩스(주),453
14066,서울,2005-10-23,한,수,,55,최영주,신항철,481
14067,서울,2005-10-23,한,수,,53,김명국,이태식,479
14068,서울,2005-10-23,한,수,,52,강명준,이광수a,442
14069,서울,2005-10-23,한,수,,53,이광복,유길상,476
14070,서울,2005-10-23,한,수,,56,이인호,권영술,486
14071,서울,2005-10-23,한,수,,53,한일영,홍영대,493
14072,서울,2005-10-23,한,수,,51,강승영,권영원,463
14073,서울,2005-10-23,한,수,,55,유재길,권영탁,463
14074,서울,2005-10-23,한,수,,52,임형규,정수남,449
14075,서울,2005-10-23,한,수,,52,박천서,지원철,481
14076,서울,2005-10-23,한,수,,53,박희철,장석린외1인(신치구),466
14077,서울,2005-10-23,한,암,,54,박덕준,나정웅,421
14078,서울,2005-10-23,한,암,,52,유재길,허병하,450
14079,서울,2005-10-23,한,거,,54,유재길,월곡목장영농조합,455
14080,서울,2005-10-23,한,수,,53,박희철,김병현,503
14081,서울,2005-10-23,한,암,,49,임봉춘,권태우,446
14082,서울,2005-10-23,한,암,,52,김윤섭,심상춘,432
14083,서울,2005-10-23,한,암,,54,김순근,김상태,425
14084,서울,2005-10-23,한,거,,52,박흥진,이용대,477
14085,서울,2005-10-23,한,수,,55,하재흥,이유환,459
14086,서울,2005-10-23,한,암,,51,김양선,전기섭,469
14087,서울,2005-10-23,한,수,,53,이인호,김방철,487
14088,서울,2005-10-23,한,암,,54,김대근,김정규,445
14089,서울,2005-10-23,한,암,,54,이종구,최인재,489
14090,서울,2005-10-23,한,암,,54,이광복,이필승,436
14091,서울,2005-10-23,한,암,,52,곽영효,강대기,438
14092,서울,2005-10-23,한,암,,53,김순근,김성부,497
14093,서울,2005-10-23,한,암,,54,지용훈,조용학,450
14094,서울,2005-10-23,한,암,,54,박희철,김완배,522
14095,서울,2005-10-23,한,암,,53,김춘근,이보원,458
14096,서울,2005-10-23,한,암,,53,서범석,문금주,474
14097,서울,2005-10-23,한,암,,54,유재길,조병해,458
14098,서울,2005-10-23,미,암,,55,김문갑,김서운,448
14099,서울,2005-10-23,한,암,,51,고옥봉,전좌식,478
14100,서울,2005-10-23,한,암,,51,이종구,김기영,455
14101,서울,2005-10-23,한,수,,55,최상식,장재형,439
14102,서울,2005-10-23,한,암,,54,안해양,윤여운,441
14103,서울,2005-10-23,뉴,암,,55,서범석,문금주,455
14104,서울,2005-10-23,한,암,,54,신우철,박정열,485
14105,서울,2005-10-23,한,암,,55,김대근,한일사료,450
14106,서울,2005-10-23,한,암,,54,김문갑,어울림네트웍스,450
14107,서울,2005-10-23,일,암,,53,김춘근,남웅종,441
14108,서울,2005-10-23,한,암,,52,윤치운,오상철,442
14109,서울,2005-10-23,한,암,,54,하재흥,신동열,527
14110,서울,2005-10-23,한,암,,52,박종곤,김진엽,402
14111,서울,2005-10-23,한,암,,48,김순근,서운석,479
14112,서울,2005-10-23,한,암,,54,최상식,박기흥,471
14113,서울,2005-10-23,한,암,,53,박원덕,이정원,437
14114,서울,2005-10-23,한,암,,52,김학수,전기섭,440
14115,서울,2005-10-23,한,암,,51,임형규,이기선,420
14116,서울,2005-10-23,뉴,암,,54,서범석,문금주,473
14117,서울,2005-10-23,한,암,,54,지용철,김우창,401
14118,서울,2005-10-23,한,암,,54,양재철,김기성,417
14119,서울,2005-10-23,한,암,,53,정지은,에쓰푸드홀딩스(주),469
14120,서울,2005-10-23,한,암,,50,윤치운,한광세,480
14121,서울,2005-10-23,한,암,,51,배휴준,지성한,470
14122,서울,2005-10-23,한,암,,54,신우철,선우패션,441
14123,서울,2005-10-23,한,암,,54,이용준,임기준,451
14124,서울,2005-10-23,미,암,,54,김일성,일진코스메틱,475
14125,서울,2005-10-23,뉴,암,,54,최상식,장재형,437
14126,서울,2005-10-23,한,암,,54,김문갑,김성두,438
14127,서울,2005-10-23,한,암,,54,박원덕,최윤호,433
14128,서울,2005-10-23,한,암,,56,김춘근,이보원,441
14129,서울,2005-10-23,한,암,,53,김재복,박희주,460
14130,서울,2005-10-23,한,수,,52,신우철,선우패션,481
14131,서울,2005-10-23,한,거,,56,박원덕,이효선,474
14132,서울,2005-10-23,한,거,,55,박천서,윤훈현,481
14133,서울,2005-10-23,한,거,,56,박천서,한일사료,456
14134,서울,2005-10-23,한,거,,55.5,이왕언,박성구,500
14135,서울,2005-10-23,한,거,,55,지용철,콤텍시스템,467
14136,서울,2005-10-23,한,거,,55,최혜식,은희만,431
14137,서울,2005-10-23,한,거,,51,박흥진,김도윤,459
14138,서울,2005-10-23,한,거,,58,최영주,장석린외1인(신치구),484
14139,서울,2005-10-23,한,거,,52,박원덕,박정웅,428
14140,서울,2005-10-23,한,거,,54,이희영,김용상,476
14141,서울,2005-10-29,뉴,거,,52,박천서,박태훈,467
14142,서울,2005-10-29,일,암,,54,이인호,민영길,470
14143,서울,2005-10-29,한,암,,54,서범석,송숙자,423
14144,서울,2005-10-29,한,암,,48,김재복,조규학,426
14145,서울,2005-10-29,일,암,,51,지용철,곽태훈,461
14146,서울,2005-10-29,미,암,,53,김윤섭,한광세,474
14147,서울,2005-10-29,한,암,,52,박덕준,나정웅,469
14148,서울,2005-10-29,한,암,,51,박흥진,김도윤,411
14149,서울,2005-10-29,뉴,거,,55,하재흥,이상오,474
14150,서울,2005-10-29,뉴,거,,56,박윤규,이수홍,462
14151,서울,2005-10-29,한,수,,53,고옥봉,오일랑,472
14152,서울,2005-10-29,한,암,,51,김명국,장석영,438
14153,서울,2005-10-29,한,암,,54,고옥봉,이기선,453
14154,서울,2005-10-29,미,암,,53,김문갑,박흥길,433
14155,서울,2005-10-29,한,암,,52,최영주,이영욱a,441
14156,서울,2005-10-29,일,암,,53,정지은,노환영,476
14157,서울,2005-10-29,한,암,,54,이인호,신성철,483
14158,서울,2005-10-29,한,암,,55,고옥봉,정병조,429
14159,서울,2005-10-29,한,암,,49,정지은,최여경,480
14160,서울,2005-10-29,한,암,,53,김명국,이태식,431
14161,서울,2005-10-29,한,암,,51,김양선,차영희,474
14162,서울,2005-10-29,한,암,,55,윤치운,오상철,410
14163,서울,2005-10-29,한,암,,54,최상식,임우근,411
14164,서울,2005-10-29,한,암,,53,김재복,박재율,464
14165,서울,2005-10-29,한,암,,51,박원덕,이종석,480
14166,서울,2005-10-29,한,암,,51,김점오,김창희,483
14167,서울,2005-10-29,한,암,,50,박흥진,김길중,426
14168,서울,2005-10-29,한,암,,54,임봉춘,박상선,459
14169,서울,2005-10-29,한,암,,55,임봉춘,이정숙,517
14170,서울,2005-10-29,한,암,,51,이희영,박환창,412
14171,서울,2005-10-29,한,암,,51,박희철,김완배,438
14172,서울,2005-10-29,일,암,,48,김춘근,신준희,442
14173,서울,2005-10-29,한,암,,55,임봉춘,이주형,499
14174,서울,2005-10-29,인,암,,51,이광복,임기준,421
14175,서울,2005-10-29,미,암,,53,박흥진,유준환,447
14176,서울,2005-10-29,한,암,,50,김순근,이윤화,455
14177,서울,2005-10-29,한,암,,52,박희철,김방철,409
14178,서울,2005-10-29,한,암,,52,지용훈,이민문,445
14179,서울,2005-10-29,한,암,,51,김학수,전기섭,486
14180,서울,2005-10-29,한,암,,48,이광복,이동언,404
14181,서울,2005-10-29,일,암,,53,서범석,임기준,452
14182,서울,2005-10-29,한,암,,52,강명준,변영남,462
14183,서울,2005-10-29,일,암,,53,이왕언,최창걸,441
14184,서울,2005-10-29,미,암,,53,이종구,최수군,470
14185,서울,2005-10-29,한,암,,53,이종구,최인재,441
14186,서울,2005-10-29,한,암,,54,이희영,이종원,497
14187,서울,2005-10-29,한,수,,51,신우철,안영환,487
14188,서울,2005-10-29,한,거,,51,정지은,권광세,508
14189,서울,2005-10-29,한,거,,51,고옥봉,전좌식,512
14190,서울,2005-10-29,뉴,거,,53,박덕준,김영철,468
14191,서울,2005-10-29,호,거,,55,박천서,천병득,522
14192,서울,2005-10-29,미,거,,52,지용철,안대종,458
14193,서울,2005-10-29,미,거,,51,박천서,정일권,498
14194,서울,2005-10-29,한,거,,52,박흥진,최효순,453
14195,서울,2005-10-29,한,거,,54,이용준,김명식,441
14196,서울,2005-10-29,미,거,,52,김재복,김종한,499
14197,서울,2005-10-29,뉴,수,,55.5,김순근,김상태,496
14198,서울,2005-10-29,미,거,,55,김점오,박환창,482
14199,서울,2005-10-29,한,거,,55,양재철,박현종,433
14200,서울,2005-10-29,미,거,,53,김춘근,김한영,495
14201,서울,2005-10-29,한,거,,54,박희철,경규환,451
14202,서울,2005-10-29,한,거,,57,유재길,이동재,487
14203,서울,2005-10-29,한,거,,54,하재흥,이중연,517
14204,서울,2005-10-29,한,거,,52,안해양,윤여운,477
14205,서울,2005-10-29,한,거,,52,박천서,천병득,472
14206,서울,2005-10-29,한,거,,56,박대흥,최애식,451
14207,서울,2005-10-29,미,거,,52,김양선,이항진,464
14208,서울,2005-10-29,미,거,,54,김명국,오호극,519
14209,서울,2005-10-29,일,암,,53,서범석,민병초,443
14210,서울,2005-10-29,뉴,암,,54,김춘근,신준희,455
14211,서울,2005-10-29,한,암,,51,김양선,서운석,428
14212,서울,2005-10-29,한,암,,51,박천서,천병득,487
14213,서울,2005-10-29,뉴,거,,55,박덕준,백운창,479
14214,서울,2005-10-29,한,거,,57,임봉춘,이선종,458
14215,서울,2005-10-29,미,거,,56,강승영,이승택,507
14216,서울,2005-10-29,뉴,거,,51,박진호,명인환,539
14217,서울,2005-10-29,뉴,거,,56,서범석,박남성,479
14218,서울,2005-10-29,한,거,,57,최영주,신항철,461
14219,서울,2005-10-29,한,수,,55,고옥봉,전좌식,441
14220,서울,2005-10-29,일,수,,53,곽영효,전덕순,512
14221,서울,2005-10-29,한,수,,53,김춘근,김주성,446
14222,서울,2005-10-29,미,수,,53,서정하,김창식,458
14223,서울,2005-10-29,미,수,,53,김양선,이항진,476
14224,서울,2005-10-29,한,수,,55,황의성,윤해영,467
14225,서울,2005-10-29,한,수,,57,한일영,심재식,438
14226,서울,2005-10-29,한,수,,53,곽영효,허영희,487
14227,서울,2005-10-29,한,수,,55,김춘근,이선종,492
14228,서울,2005-10-29,한,수,,52,하재흥,이유환,477
14229,서울,2005-10-29,미,수,,52,이종구,이영웅,467
14230,서울,2005-10-29,한,수,,53,이왕언,최창걸,510
14231,서울,2005-10-29,미,수,,56,하재흥,이종철,520
14232,서울,2005-10-29,미,수,,53,박대흥,남승현,501
14233,서울,2005-10-29,한,수,,55,지용철,우쾌제,496
14234,서울,2005-10-29,한,수,,53,강명준,이수홍,455
14235,서울,2005-10-29,한,수,,55,서범석,신준수,462
14236,서울,2005-10-29,미,수,,53,김재복,김한영,502
14237,서울,2005-10-29,한,수,,51,지용철,이근우,503
14238,서울,2005-10-29,미,수,,54,지용훈,조용학,500
14239,서울,2005-10-29,미,수,,53,김윤섭,한광세,461
14240,서울,2005-10-29,한,수,,55,김대근,최상섭,453
14241,서울,2005-10-29,한,수,,57,김병용,송근철,430
14242,서울,2005-10-29,한,수,,55,박원덕,안덕기,461
14243,서울,2005-10-29,한,수,,53,안해양,김휘남,460
14244,서울,2005-10-29,한,수,,55,하재흥,신동열,511
14245,서울,2005-10-29,한,수,,56,이희영,정규상,469
14246,서울,2005-10-29,한,수,,53,김점오,김덕환,435
14247,서울,2005-10-29,한,수,,57,한일영,함운일,474
14248,서울,2005-10-29,한,암,,54,최혜식,박경만,409
14249,서울,2005-10-29,한,수,,55,김재복,박희주,406
14250,서울,2005-10-29,미,수,,57.5,이용준,임기준,501
14251,서울,2005-10-29,한,수,,51,김춘근,김상태,418
14252,서울,2005-10-29,한,수,,54,정지은,홍범기,443
14253,서울,2005-10-29,한,수,,58.5,양재철,윤임구,472
14254,서울,2005-10-29,한,수,,53,박원덕,김성두,428
14255,서울,2005-10-29,한,거,,52,김명국,코스틸,452
14256,서울,2005-10-29,한,수,,53,김명국,이재효,433
14257,서울,2005-10-29,한,수,,53,지용철,이수길,435
14258,서울,2005-10-29,한,수,,51,박진호,함운일,482
14259,서울,2005-10-29,일,수,,53,김양선,서운석,476
14260,서울,2005-10-29,한,수,,53,김점오,김창희,472
14261,서울,2005-10-29,한,수,,55,신우철,김현래,488
14262,서울,2005-10-29,한,수,,55,윤치운,안응수,490
14263,서울,2005-10-30,뉴,암,,53,서범석,문금주,444
14264,서울,2005-10-30,한,암,,54,박원덕,이종석,430
14265,서울,2005-10-30,한,암,,52,이희영,김연호,415
14266,서울,2005-10-30,한,암,,54,이왕언,박상선,424
14267,서울,2005-10-30,한,암,,51,최상식,박기흥,484
14268,서울,2005-10-30,한,암,,53,이왕언,신건호,455
14269,서울,2005-10-30,한,암,,53,곽영효,강용식,462
14270,서울,2005-10-30,한,암,,52,이종구,최인재,433
14271,서울,2005-10-30,한,암,,53,박덕준,서승린,448
14272,서울,2005-10-30,일,암,,54,김문갑,정덕용,458
14273,서울,2005-10-30,한,암,,52,김충근,이재호,479
14274,서울,2005-10-30,한,암,,53,고옥봉,박요선,489
14275,서울,2005-10-30,한,암,,53,김춘근,이연택,448
14276,서울,2005-10-30,한,암,,51,지용훈,조용학,474
14277,서울,2005-10-30,한,암,,51,임형규,신동호,484
14278,서울,2005-10-30,한,암,,51,이희영,곽영필,492
14279,서울,2005-10-30,한,암,,51,박천서,천병득,462
14280,서울,2005-10-30,한,암,,51,박윤규,장석린외1인(신치구),451
14281,서울,2005-10-30,한,암,,52,윤치운,오금자,455
14282,서울,2005-10-30,한,암,,51,서정하,구자선,454
14283,서울,2005-10-30,한,암,,49,황의성,김각경,443
14284,서울,2005-10-30,한,암,,53,박윤규,장석영,430
14285,서울,2005-10-30,한,암,,54,양재철,임관호,437
14286,서울,2005-10-30,한,암,,54,최영주,최상태,428
14287,서울,2005-10-30,한,암,,53,고옥봉,이태인,457
14288,서울,2005-10-30,한,암,,51,유재길,허병하,434
14289,서울,2005-10-30,미,암,,54,박대흥,강충모,457
14290,서울,2005-10-30,일,암,,54,배휴준,이상홍,424
14291,서울,2005-10-30,한,암,,54,양재철,박현종,468
14292,서울,2005-10-30,한,암,,53,박종곤,제주축산개발,422
14293,서울,2005-10-30,한,암,,54,이희영,노승구,402
14294,서울,2005-10-30,일,암,,54,김택수,김양호,486
14295,서울,2005-10-30,한,암,,54,이용준,김종욱,473
14296,서울,2005-10-30,한,암,,52,이용준,김진철,447
14297,서울,2005-10-30,한,수,,53,윤치운,김성두,482
14298,서울,2005-10-30,한,수,,49,강승영,한선호,432
14299,서울,2005-10-30,일,암,,54,김순근,최상경,479
14300,서울,2005-10-30,한,암,,52,최혜식,박종률,474
14301,서울,2005-10-30,미,암,,54,서범석,최건호,432
14302,서울,2005-10-30,한,암,,51,최상식,장현종,447
14303,서울,2005-10-30,한,암,,50,배휴준,김진철,402
14304,서울,2005-10-30,한,암,,54,김윤섭,김채겸,493
14305,서울,2005-10-30,한,암,,53,박원덕,박성구,436
14306,서울,2005-10-30,뉴,암,,53,김명국,김진철,432
14307,서울,2005-10-30,호,암,,52,박대흥,남승현,436
14308,서울,2005-10-30,한,암,,53,지용훈,이문철,470
14309,서울,2005-10-30,한,암,,51,김양선,정이남,427
14310,서울,2005-10-30,한,암,,51,김양선,김종철,402
14311,서울,2005-10-30,한,암,,48,김택수,이희연,444
14312,서울,2005-10-30,한,암,,49,정지은,이부용,432
14313,서울,2005-10-30,한,암,,55,김학수,박재범,419
14314,서울,2005-10-30,한,거,,53,김명국,이태식,452
14315,서울,2005-10-30,한,거,,54,신우철,우근민,507
14316,서울,2005-10-30,한,거,,53,유재길,권영탁,476
14317,서울,2005-10-30,한,암,,52,강명준,이광수a,489
14318,서울,2005-10-30,한,암,,50,박천서,천병득,423
14319,서울,2005-10-30,한,암,,50,김양선,김종철,445
14320,서울,2005-10-30,한,수,,52,하재흥,이중연,410
14321,서울,2005-10-30,한,수,,52,박흥진,유준환,457
14322,서울,2005-10-30,한,수,,55,강명준,김길중,431
14323,서울,2005-10-30,미,수,,54,지용훈,이선호,469
14324,서울,2005-10-30,한,수,,52,윤치운,유영주,474
14325,서울,2005-10-30,한,수,,52,김점오,박영철,464
14326,서울,2005-10-30,미,거,,51,김학수,박남성,520
14327,서울,2005-10-30,한,수,,52,박대흥,강충모,457
14328,서울,2005-10-30,한,수,,52,강명준,김광영,447
14329,서울,2005-10-30,한,수,,55,박희철,조병해,456
14330,서울,2005-10-30,한,수,,51,김일성,임상윤,465
14331,서울,2005-10-30,한,수,,51,지용철,이수길,491
14332,서울,2005-10-30,한,수,,53,최상식,최춘섭,499
14333,서울,2005-10-30,한,수,,53,신우철,이수근,459
14334,서울,2005-10-30,한,수,,55,지용훈,조용학,494
14335,서울,2005-10-30,한,수,,50,박종곤,김진엽,460
14336,서울,2005-10-30,한,수,,51,이희영,오호극,460
14337,서울,2005-10-30,미,수,,55,김문갑,이재욱,516
14338,서울,2005-10-30,한,수,,52,강명준,김길중,460
14339,서울,2005-10-30,뉴,수,,54,김학수,박성구,466
14340,서울,2005-10-30,한,수,,53,최혜식,박종률,475
14341,서울,2005-10-30,한,수,,55,곽영효,이종무,491
14342,서울,2005-10-30,미,수,,50,하재흥,이종철,515
14343,서울,2005-10-30,한,수,,52,김택수,김양호,496
14344,서울,2005-10-30,일,수,,59,박희철,유정희,488
14345,서울,2005-10-30,한,수,,55,박덕준,허헌회,496
14346,서울,2005-10-30,한,수,,55,최혜식,박동규,485
14347,서울,2005-10-30,한,수,,52,김재복,우동희,455
14348,서울,2005-10-30,한,수,,54,강승영,강남환,447
14349,서울,2005-10-30,한,수,,53,임형규,정수남,483
14350,서울,2005-10-30,한,수,,54,정지은,이경우,465
14351,서울,2005-10-30,한,수,,55,김춘근,안승찬,471
14352,서울,2005-10-30,한,수,,50,황의성,김각경,425
14353,서울,2005-10-30,한,수,,53,박희철,서정훈,465
14354,서울,2005-10-30,한,수,,55,안해양,이상홍,505
14355,서울,2005-10-30,한,수,,55,이희영,민영길,473
14356,서울,2005-10-30,한,수,,53,김충근,이광수,507
14357,서울,2005-10-30,미,거,,56,곽영효,전덕순,0
14358,서울,2005-10-30,뉴,거,,52,박덕준,나정웅,477
14359,서울,2005-10-30,한,거,,54,김점오,김창희,468
14360,서울,2005-10-30,한,거,,56,김대근,노병석,523
14361,서울,2005-10-30,미,거,,59,박대흥,정일권,467
14362,서울,2005-10-30,한,거,,52,신우철,신항식,481
14363,서울,2005-10-30,한,거,,53,황의성,권오학,461
14364,서울,2005-10-30,뉴,거,,55,김재복,정이남,443
14365,서울,2005-10-30,한,거,,55,박대흥,청호컴넷(주),476
14366,서울,2005-10-30,미,암,,51,김학수,전기섭,463
14367,서울,2005-10-30,인,암,,54,서범석,문금주,484
14368,서울,2005-10-30,미,암,,54,양재철,임관호,453
14369,서울,2005-10-30,한,암,,54,임봉춘,이선종,474
14370,서울,2005-10-30,한,암,,53,하재흥,이상오,487
14371,서울,2005-10-30,한,암,,52,곽영효,양수화,487
14372,서울,2005-10-30,한,암,,54,이인호,서익수,449
14373,서울,2005-10-30,한,거,,53,최혜식,박정열,450
14374,서울,2005-10-30,한,거,,54,박천서,천병득,446
14375,서울,2005-10-30,일,거,,52,박천서,지원철,464
14376,서울,2005-10-30,미,거,,55,박원덕,이효선,463
14377,서울,2005-10-30,한,암,,54,정지은,지대섭,474
14378,서울,2005-10-30,한,암,,54,김대근,장용석,465
14379,서울,2005-10-30,한,암,,51,박종곤,링크폴로,451
14380,서울,2005-10-30,미,암,,54,김문갑,어울림네트웍스,437
14381,서울,2005-11-05,한,거,,53,박윤규,장석린외1인(신치구),509
14382,서울,2005-11-05,한,암,,48,서정하,구자선,482
14383,서울,2005-11-05,한,암,,51,윤치운,오상철,443
14384,서울,2005-11-05,한,암,,54,이왕언,신건호,536
14385,서울,2005-11-05,일,암,,53,최혜식,박종률,459
14386,서울,2005-11-05,한,암,,55,지용훈,이선호,459
14387,서울,2005-11-05,한,암,,53,김명국,박양호,452
14388,서울,2005-11-05,한,암,,53,하재흥,이용대,466
14389,서울,2005-11-05,일,암,,53,신우철,이수근,479
14390,서울,2005-11-05,한,암,,54,김충근,이광수,450
14391,서울,2005-11-05,한,암,,51,박희철,김경민,468
14392,서울,2005-11-05,한,암,,53,이용준,강상우,452
14393,서울,2005-11-05,한,암,,50,김일성,조승민,447
14394,서울,2005-11-05,일,암,,55,최혜식,조진환,473
14395,서울,2005-11-05,한,암,,48,유재길,박종률,482
14396,서울,2005-11-05,일,암,,53,박덕준,허헌회,423
14397,서울,2005-11-05,한,암,,53,박윤규,장석영,478
14398,서울,2005-11-05,미,암,,52,김재복,김한영,484
14399,서울,2005-11-05,한,암,,57,김춘근,남웅종,0
14400,서울,2005-11-05,한,암,,51,정지은,노환영,437
14401,서울,2005-11-05,한,암,,49,임봉춘,정규상,448
14402,서울,2005-11-05,한,암,,53,박윤규,이필승,417
14403,서울,2005-11-05,한,암,,54,양재철,임관호,402
14404,서울,2005-11-05,한,암,,53,강승영,정이남,437
14405,서울,2005-11-05,한,암,,54,이희영,이상용,427
14406,서울,2005-11-05,한,암,,54,김일성,일진코스메틱,452
14407,서울,2005-11-05,한,암,,54,이희영,이상용,422
14408,서울,2005-11-05,한,암,,54,고옥봉,오일랑,472
14409,서울,2005-11-05,한,암,,54,김명국,김진철,417
14410,서울,2005-11-05,미,암,,53,김점오,박영철,407
14411,서울,2005-11-05,한,암,,54,황의성,윤해영,427
14412,서울,2005-11-05,한,암,,54,김양선,정세능,442
14413,서울,2005-11-05,일,암,,55,김점오,유근수,486
14414,서울,2005-11-05,한,수,,54,안해양,김휘남,524
14415,서울,2005-11-05,한,암,,53,임봉춘,박상선,480
14416,서울,2005-11-05,한,암,,53,강승영,허영희,509
14417,서울,2005-11-05,한,거,,53,안해양,최동천,468
14418,서울,2005-11-05,한,거,,53,곽영효,허영희,458
14419,서울,2005-11-05,미,암,,53,김문갑,김익영,407
14420,서울,2005-11-05,한,수,,56,지용철,이근우,436
14421,서울,2005-11-05,한,암,,53,김대근,최상섭,429
14422,서울,2005-11-05,한,암,,54,최영주,이영욱a,419
14423,서울,2005-11-05,한,암,,55,임봉춘,이주형,464
14424,서울,2005-11-05,한,암,,53,박대흥,강충모,456
14425,서울,2005-11-05,한,암,,55,지용철,김우창,472
14426,서울,2005-11-05,한,암,,56,한일영,대한사료,447
14427,서울,2005-11-05,한,수,,55,이용준,임기준,464
14428,서울,2005-11-05,한,수,,54,이용준,김종욱,474
14429,서울,2005-11-05,한,수,,53,최상식,최춘섭,452
14430,서울,2005-11-05,한,수,,53,임봉춘,박상선,460
14431,서울,2005-11-05,한,암,,53,김춘근,이선종,424
14432,서울,2005-11-05,미,암,,50,박종곤,박재범,418
14433,서울,2005-11-05,한,수,,53,김대근,최상섭,474
14434,서울,2005-11-05,일,암,,54,최영주,장석린외1인(신치구),436
14435,서울,2005-11-05,일,암,,54,서범석,문금주,501
14436,서울,2005-11-05,한,암,,54,김병용,박흥길,456
14437,서울,2005-11-05,한,암,,53,이희영,민영길,395
14438,서울,2005-11-05,한,수,,54,고옥봉,이기선,445
14439,서울,2005-11-05,한,수,,50,박윤규,윤훈현,455
14440,서울,2005-11-05,한,수,,53,김일성,조승민,472
14441,서울,2005-11-05,한,수,,55,박덕준,장수영,440
14442,서울,2005-11-05,한,수,,54,김택수,조동식,457
14443,서울,2005-11-05,한,수,,54,김순근,제주축산개발,458
14444,서울,2005-11-05,한,수,,53,지용훈,이선호,497
14445,서울,2005-11-05,한,수,,54,박천서,박엽래,471
14446,서울,2005-11-05,한,수,,54,유재길,이필승,487
14447,서울,2005-11-05,한,수,,56.5,강명준,변영남,503
14448,서울,2005-11-05,한,수,,54,곽영효,강신호,477
14449,서울,2005-11-05,한,수,,53,박흥진,이효선,438
14450,서울,2005-11-05,한,수,,58,강명준,유무성,468
14451,서울,2005-11-05,한,수,,52,박진호,명인환,496
14452,서울,2005-11-05,한,수,,55,김춘근,이연택,473
14453,서울,2005-11-05,한,수,,50,임형규,서상주,458
14454,서울,2005-11-05,한,수,,54,박덕준,장수영,450
14455,서울,2005-11-05,한,수,,53,김대근,한일사료,490
14456,서울,2005-11-05,한,수,,52,이인호,오만준,443
14457,서울,2005-11-05,한,수,,51,지용철,곽태훈,490
14458,서울,2005-11-05,한,수,,53,김학수,박남성,453
14459,서울,2005-11-05,일,수,,53,지용훈,이선호,425
14460,서울,2005-11-05,한,수,,57,하재흥,신동열,482
14461,서울,2005-11-05,한,수,,51,이광복,최건호,417
14462,서울,2005-11-05,한,수,,55,윤치운,오금자,470
14463,서울,2005-11-05,한,수,,52,임형규,서상주,462
14464,서울,2005-11-05,한,수,,53,이희영,송숙자,427
14465,서울,2005-11-05,한,수,,53,김명국,박양호,494
14466,서울,2005-11-05,한,수,,53,박진호,명인환,474
14467,서울,2005-11-05,한,수,,52,정지은,이부용,472
14468,서울,2005-11-05,한,수,,53,김춘근,김용성,405
14469,서울,2005-11-05,일,수,,53,김대근,김정규,404
14470,서울,2005-11-05,한,수,,53,지용훈,남기태,439
14471,서울,2005-11-05,한,수,,52,배휴준,지성한,462
14472,서울,2005-11-05,아일,거,,53,이인호,오만준,482
14473,서울,2005-11-05,한,거,,50,김점오,박환창,484
14474,서울,2005-11-05,한,거,,55,임봉춘,지원철,433
14475,서울,2005-11-05,미,거,,53,이종구,최수군,472
14476,서울,2005-11-05,한,거,,54.5,박대흥,남승현,468
14477,서울,2005-11-05,한,거,,55,김일성,김용래,521
14478,서울,2005-11-05,한,거,,54,박대흥,남승현,474
14479,서울,2005-11-05,한,거,,55,김대근,유병옥,456
14480,서울,2005-11-05,한,수,,57,윤치운,유영주,441
14481,서울,2005-11-05,한,수,,55,이종구,서정훈,432
14482,서울,2005-11-05,한,수,,53,이종구,최수군,490
14483,서울,2005-11-05,한,수,,54.5,최혜식,조진환,471
14484,서울,2005-11-05,한,수,,52,신우철,최관식,503
14485,서울,2005-11-05,한,수,,56,서범석,문금주,454
14486,서울,2005-11-05,한,암,,57,박덕준,최원곤,464
14487,서울,2005-11-05,한,암,,55,최상식,조동식,483
14488,서울,2005-11-05,한,암,,53,지용훈,남기태,494
14489,서울,2005-11-05,한,암,,49,이광복,이동언,468
14490,서울,2005-11-05,미,암,,53,김학수,김봉섭,467
14491,서울,2005-11-05,한,암,,54,김순근,맹원재,438
14492,서울,2005-11-05,한,암,,50,김병용,정몽규,459
14493,서울,2005-11-05,뉴,암,,57,김순근,서운석,472
14494,서울,2005-11-05,한,거,,54.5,김명국,이태식,492
14495,서울,2005-11-05,한,거,,54,박대흥,최애식,475
14496,서울,2005-11-05,한,거,,55,고옥봉,오일랑,493
14497,서울,2005-11-05,일,암,,51,최혜식,박형인,462
14498,서울,2005-11-05,한,암,,54,유재길,박용훈,443
14499,서울,2005-11-05,한,거,,54,곽영효,강용식,458
14500,서울,2005-11-05,한,거,,51,박종곤,김정배,446
14501,서울,2005-11-06,한,수,,56,하재흥,이종철,464
14502,서울,2005-11-06,한,수,,53,지용훈,남기태,479
14503,서울,2005-11-06,한,거,,55,김점오,김창희,435
14504,서울,2005-11-06,한,거,,55,김명국,월곡목장영농조합,421
14505,서울,2005-11-06,한,암,,54,유재길,박종률,441
14506,서울,2005-11-06,한,암,,54,이용준,안영환,466
14507,서울,2005-11-06,미,수,,55,김택수,김양호,497
14508,서울,2005-11-06,미,수,,53,김양선,김종철,478
14509,서울,2005-11-06,한,수,,53,박희철,서정훈,456
14510,서울,2005-11-06,한,수,,57,김택수,김양호,473
14511,서울,2005-11-06,한,수,,55.5,김일성,강태은,467
14512,서울,2005-11-06,한,수,,55,강명준,김광영,448
14513,서울,2005-11-06,한,수,,53,최상식,장재형,442
14514,서울,2005-11-06,한,수,,57,임봉춘,김창준,453
14515,서울,2005-11-06,한,수,,55,김춘근,권익현,440
14516,서울,2005-11-06,호,수,,54,박대흥,남승현,517
14517,서울,2005-11-06,한,수,,54,이종구,최수군,472
14518,서울,2005-11-06,미,수,,52,김택수,장철환,474
14519,서울,2005-11-06,한,수,,53,최상식,장현종,468
14520,서울,2005-11-06,한,수,,57,유재길,진교원,474
14521,서울,2005-11-06,한,수,,53,김양선,구자선,511
14522,서울,2005-11-06,한,수,,55,김대근,최상섭,498
14523,서울,2005-11-06,한,수,,55,양재철,임관호,460
14524,서울,2005-11-06,한,암,,53,김재복,김한영,423
14525,서울,2005-11-06,미,수,,55,곽영효,양수화,0
14526,서울,2005-11-06,한,수,,54,곽영효,김기용,478
14527,서울,2005-11-06,한,수,,55,양재철,윤임구,477
14528,서울,2005-11-06,한,수,,55,김일성,조승민,445
14529,서울,2005-11-06,일,수,,53,안해양,정일권,537
14530,서울,2005-11-06,한,수,,57,하재흥,김경민,490
14531,서울,2005-11-06,미,수,,55,박대흥,정일권,487
14532,서울,2005-11-06,한,수,,53,김점오,박종호,476
14533,서울,2005-11-06,한,수,,52,황의성,김각경,414
14534,서울,2005-11-06,일,수,,55,박진호,함운일,447
14535,서울,2005-11-06,한,수,,53,이광복,김수경,508
14536,서울,2005-11-06,한,수,,54,강승영,한선호,427
14537,서울,2005-11-06,한,수,,57,박덕준,문창완,515
14538,서울,2005-11-06,미,수,,52,하재흥,이종철,499
14539,서울,2005-11-06,인,수,,53,이광복,임기준,425
14540,서울,2005-11-06,한,거,,54.5,지용훈,조용학,457
14541,서울,2005-11-06,뉴,거,,54,서정하,구자선,456
14542,서울,2005-11-06,한,거,,58,최영주,신항철,462
14543,서울,2005-11-06,호,거,,54,최혜식,박용훈,530
14544,서울,2005-11-06,한,거,,54,김윤섭,김연호,446
14545,서울,2005-11-06,한,거,,53,김명국,김진철,430
14546,서울,2005-11-06,한,거,,55,박원덕,최윤호,432
14547,서울,2005-11-06,한,거,,57,임봉춘,이정숙,477
14548,서울,2005-11-06,한,수,,55,윤치운,윤문수,490
14549,서울,2005-11-06,미,거,,56,김학수,박남성,450
14550,서울,2005-11-06,미,거,,58,김문갑,김익영,483
14551,서울,2005-11-06,한,수,,53,최상식,최춘섭,459
14552,서울,2005-11-06,한,수,,56,김택수,정영채,470
14553,서울,2005-11-06,한,수,,54,김순근,제주축산개발,405
14554,서울,2005-11-06,한,수,,55,지용철,곽태훈,459
14555,서울,2005-11-06,한,수,,55,안해양,최동천,504
14556,서울,2005-11-06,한,암,,52,박윤규,권오학,455
14557,서울,2005-11-06,한,암,,52,박천서,김충수,460
14558,서울,2005-11-06,한,암,,54,지용훈,이문철,440
14559,서울,2005-11-06,한,암,,54,김명국,박환창,416
14560,서울,2005-11-06,한,암,,54,김문갑,어울림네트웍스,450
14561,서울,2005-11-06,한,암,,51,박흥진,장경환,453
14562,서울,2005-11-06,미,거,,51,지용철,안대종,488
14563,서울,2005-11-06,한,거,,56,임봉춘,박종률,488
14564,서울,2005-11-06,한,암,,54,김재복,홍성운,405
14565,서울,2005-11-06,한,암,,55,안해양,윤여운,428
14566,서울,2005-11-06,한,암,,52,이종구,백종헌,472
14567,서울,2005-11-06,한,암,,51,이광복,장춘희,420
14568,서울,2005-11-06,한,암,,52,강명준,김광영,420
14569,서울,2005-11-06,한,암,,51,정지은,최여경,419
14570,서울,2005-11-06,한,암,,54,김학수,전기섭,418
14571,서울,2005-11-06,한,암,,54,김대근,김정규,434
14572,서울,2005-11-06,호,암,,53,정지은,이영철,504
14573,서울,2005-11-06,한,거,,52,임형규,정수남,427
14574,서울,2005-11-06,한,거,,52,임봉춘,박태훈,445
14575,서울,2005-11-06,한,거,,53,신우철,이재진,489
14576,서울,2005-11-06,한,암,,53,박윤규,권오학,421
14577,서울,2005-11-06,미,암,,54,박원덕,이정원,426
14578,서울,2005-11-06,미,암,,55,김대근,최상섭,433
14579,서울,2005-11-06,한,암,,53,신우철,이수근,467
14580,서울,2005-11-06,한,암,,53,김명국,풀무원건강식품(주),436
14581,서울,2005-11-06,한,암,,54,박진호,정수남,508
14582,서울,2005-11-06,한,암,,53,박흥진,장경환,441
14583,서울,2005-11-06,한,암,,54,최혜식,배석두,404
14584,서울,2005-11-06,미,암,,51,정지은,청호컴넷(주),432
14585,서울,2005-11-06,일,암,,51,김순근,최상경,458
14586,서울,2005-11-06,미,암,,54,이종구,정진태,466
14587,서울,2005-11-06,한,암,,54,박흥진,이용대,441
14588,서울,2005-11-06,한,암,,53,김학수,박성구,415
14589,서울,2005-11-06,뉴,암,,54,서범석,서순배,445
14590,서울,2005-11-06,한,암,,52,김점오,김덕환,467
14591,서울,2005-11-06,한,암,,53,박종곤,박재범,457
14592,서울,2005-11-06,한,암,,52,최혜식,지원철,450
14593,서울,2005-11-06,한,암,,54,이왕언,서민석,412
14594,서울,2005-11-06,한,암,,54,박희철,김창희,446
14595,서울,2005-11-06,호,암,,53,윤치운,민영길,458
14596,서울,2005-11-06,한,암,,54,박덕준,서승린,411
14597,서울,2005-11-06,한,암,,54,박진호,김우창,485
14598,서울,2005-11-06,뉴,거,,58,김춘근,이선종,488
14599,서울,2005-11-06,한,거,,55,고옥봉,정병조,469
14600,서울,2005-11-06,미,암,,54,박원덕,최윤호,431
14601,서울,2005-11-06,한,거,,51,박천서,유미개발,481
14602,서울,2005-11-06,뉴,수,,54,정지은,김지훈,448
14603,서울,2005-11-06,미,수,,55,김택수,이희연,477
14604,서울,2005-11-06,일,수,,53,유재길,허병하,474
14605,서울,2005-11-06,한,거,,57,김대근,김완배,452
14606,서울,2005-11-06,한,거,,59,박대흥,남승현,505
14607,서울,2005-11-06,한,암,,54,이종구,최인재,425
14608,서울,2005-11-06,한,수,,58,강명준,이광수a,450
14609,서울,2005-11-06,한,수,,56,하재흥,이유환,541
14610,서울,2005-11-06,미,암,,51,김택수,조병용,436
14611,서울,2005-11-06,한,암,,56,강명준,양길순,463
14612,서울,2005-11-06,한,암,,53,배휴준,이영숙,436
14613,서울,2005-11-06,한,암,,50,유재길,허병하,493
14614,서울,2005-11-06,한,암,,54,고옥봉,곽영필,472
14615,서울,2005-11-06,한,암,,54,김춘근,이보원,418
14616,서울,2005-11-12,한,암,,50,임봉춘,장세창,485
14617,서울,2005-11-12,한,암,,53,서정하,김광영,429
14618,서울,2005-11-12,미,암,,51,이종구,정진태,389
14619,서울,2005-11-12,뉴,암,,53,서범석,문금주,485
14620,서울,2005-11-12,한,암,,52,최영주,이영욱a,437
14621,서울,2005-11-12,한,암,,52,박희철,김방철,410
14622,서울,2005-11-12,한,암,,50,지용철,김우창,427
14623,서울,2005-11-12,한,암,,52,지용훈,이민문,441
14624,서울,2005-11-12,호,암,,53,정지은,권광세,482
14625,서울,2005-11-12,뉴,암,,52,박원덕,이효선,453
14626,서울,2005-11-12,일,암,,53,최혜식,권영탁,442
14627,서울,2005-11-12,한,암,,53,안해양,강홍수,424
14628,서울,2005-11-12,한,암,,55,강명준,김길중,431
14629,서울,2005-11-12,한,암,,52,김재복,조규학,391
14630,서울,2005-11-12,한,거,,54,김명국,이재효,423
14631,서울,2005-11-12,미,수,,51,이광복,서순배,495
14632,서울,2005-11-12,한,암,,53,김춘근,이선종,476
14633,서울,2005-11-12,한,암,,52,하재흥,김문환a,461
14634,서울,2005-11-12,한,암,,52,이광복,최건호,428
14635,서울,2005-11-12,한,거,,49,임봉춘,이선종,459
14636,서울,2005-11-12,아일,거,,53,이인호,오만준,511
14637,서울,2005-11-12,한,거,,52,배휴준,박정록,433
14638,서울,2005-11-12,뉴,거,,55,김재복,양길순,443
14639,서울,2005-11-12,한,거,,52,박천서,박엽래,464
14640,서울,2005-11-12,한,암,,55,김대근,한일사료,453
14641,서울,2005-11-12,한,암,,53,양재철,한광세,516
14642,서울,2005-11-12,한,암,,55,최영주,김노식,480
14643,서울,2005-11-12,한,암,,55,최혜식,박정열,426
14644,서울,2005-11-12,한,암,,48,이광복,최건호,444
14645,서울,2005-11-12,한,암,,54,박희철,경규환,469
14646,서울,2005-11-12,한,암,,55,김대근,노병석,457
14647,서울,2005-11-12,미,암,,52,김점오,박영철,488
14648,서울,2005-11-12,미,암,,54.5,안해양,김휘남,461
14649,서울,2005-11-12,한,암,,51,하재흥,김영수,459
14650,서울,2005-11-12,한,암,,54,강승영,신상길,439
14651,서울,2005-11-12,한,암,,54,이왕언,신건호,477
14652,서울,2005-11-12,한,암,,51,김병용,송근철,428
14653,서울,2005-11-12,한,암,,50,임봉춘,이주형,478
14654,서울,2005-11-12,한,암,,53,김양선,구자선,474
14655,서울,2005-11-12,한,암,,51,이희영,박환창,0
14656,서울,2005-11-12,한,암,,52,유재길,이동재,475
14657,서울,2005-11-12,한,암,,52,신우철,김덕애,425
14658,서울,2005-11-12,한,암,,54,고옥봉,김완배,417
14659,서울,2005-11-12,한,암,,51,김학수,전기섭,424
14660,서울,2005-11-12,미,암,,52,김양선,박성구,476
14661,서울,2005-11-12,한,암,,51,김충근,정화섭,448
14662,서울,2005-11-12,한,암,,50,박흥진,유준환,460
14663,서울,2005-11-12,한,암,,51,김재복,김병묵,493
14664,서울,2005-11-12,한,암,,54,최상식,조동식,451
14665,서울,2005-11-12,한,암,,54,김명국,김진철,442
14666,서울,2005-11-12,한,암,,53,배휴준,지성한,465
14667,서울,2005-11-12,한,수,,52,정지은,에쓰푸드홀딩스(주),452
14668,서울,2005-11-12,한,수,,53,최상식,임우근,442
14669,서울,2005-11-12,한,수,,55,박원덕,안덕기,455
14670,서울,2005-11-12,일,수,,53,김명국,이태식,425
14671,서울,2005-11-12,미,거,,51,배휴준,지성한,450
14672,서울,2005-11-12,호,거,,57,박천서,천병득,448
14673,서울,2005-11-12,한,거,,52,이용준,김명식,467
14674,서울,2005-11-12,한,거,,54,박천서,임영일,428
14675,서울,2005-11-12,뉴,거,,55,지용철,구필모,497
14676,서울,2005-11-12,일,거,,52,박천서,박형인,468
14677,서울,2005-11-12,호,거,,52,지용훈,조용학,501
14678,서울,2005-11-12,뉴,거,,56,서범석,박남성,479
14679,서울,2005-11-12,한,거,,57,김윤섭,진교원,452
14680,서울,2005-11-12,한,거,,55,이왕언,신건호,477
14681,서울,2005-11-12,호,거,,51,박덕준,나정웅,494
14682,서울,2005-11-12,미,거,,51,이종구,정진태,495
14683,서울,2005-11-12,한,거,,52,안해양,최동천,445
14684,서울,2005-11-12,미,거,,50,박대흥,김용정,497
14685,서울,2005-11-12,뉴,거,,57,강명준,이광수a,453
14686,서울,2005-11-12,한,거,,53,최영주,신영균,450
14687,서울,2005-11-12,미,수,,53,김양선,박남성,487
14688,서울,2005-11-12,한,수,,51,김일성,김용래,487
14689,서울,2005-11-12,한,수,,53,지용철,황의영,456
14690,서울,2005-11-12,한,암,,53,지용훈,김영진,456
14691,서울,2005-11-12,한,암,,54,박덕준,나정웅,421
14692,서울,2005-11-12,한,암,,52,고옥봉,오일랑,411
14693,서울,2005-11-12,한,암,,52,김윤섭,김준일,408
14694,서울,2005-11-12,한,암,,53,김윤섭,심상춘,484
14695,서울,2005-11-12,일,암,,53,유재길,진교원,421
14696,서울,2005-11-12,한,암,,48,김재복,전기섭,421
14697,서울,2005-11-12,한,암,,54,신우철,김경민,504
14698,서울,2005-11-12,한,거,,55,김윤섭,한광세,471
14699,서울,2005-11-12,미,거,,53,양재철,김종화,456
14700,서울,2005-11-12,한,암,,49,김택수,김봉조,470
14701,서울,2005-11-12,미,암,,49,강승영,오호극,442
14702,서울,2005-11-12,한,암,,56.5,김윤섭,심상춘,465
14703,서울,2005-11-12,아일,거,,54,이인호,오만준,490
14704,서울,2005-11-12,미,거,,52,김양선,오해석,517
14705,서울,2005-11-12,한,암,,51.5,박덕준,서승린,418
14706,서울,2005-11-12,한,암,,50,임형규,황수웅,424
14707,서울,2005-11-12,한,수,,53,김일성,임상윤,492
14708,서울,2005-11-12,한,수,,48,윤치운,이기인,432
14709,서울,2005-11-12,호,수,,58,김학수,박환창,476
14710,서울,2005-11-12,한,암,,54,박흥진,장경환,448
14711,서울,2005-11-12,한,수,,53,김명국,이태식,476
14712,서울,2005-11-12,한,수,,55,김문갑,이재욱,440
14713,서울,2005-11-12,미,수,,53,정지은,이경우,483
14714,서울,2005-11-12,한,수,,53,김순근,김순주,438
14715,서울,2005-11-12,한,수,,51,이광복,이동기,457
14716,서울,2005-11-12,미,수,,56,양재철,임관호,493
14717,서울,2005-11-12,한,수,,53,신우철,김현래,507
14718,서울,2005-11-12,미,수,,56,이용준,김명식,560
14719,서울,2005-11-12,한,수,,54,박대흥,남승현,522
14720,서울,2005-11-12,한,수,,55,지용훈,조용학,462
14721,서울,2005-11-12,한,수,,55,하재흥,김정배,472
14722,서울,2005-11-12,호,수,,54,곽영효,허영희,478
14723,서울,2005-11-12,한,수,,52,박덕준,백운창,480
14724,서울,2005-11-12,한,수,,55,지용철,구필모,480
14725,서울,2005-11-12,한,수,,55,김춘근,이선종,489
14726,서울,2005-11-12,미,수,,53,서정하,김창식,490
14727,서울,2005-11-12,한,수,,55,윤치운,유영주,459
14728,서울,2005-11-12,한,수,,53,김춘근,이장한,452
14729,서울,2005-11-12,한,수,,50,이종구,백종헌,469
14730,서울,2005-11-12,미,수,,53,김양선,박남성,488
14731,서울,2005-11-12,한,수,,53,강승영,오호극,467
14732,서울,2005-11-12,한,수,,53,김순근,이윤화,429
14733,서울,2005-11-12,한,수,,55,박종곤,박재범,528
14734,서울,2005-11-12,한,수,,55,안해양,유수택,512
14735,서울,2005-11-12,한,수,,53,이희영,민영길,469
14736,서울,2005-11-12,미,수,,51,김문갑,이재욱,459
14737,서울,2005-11-12,한,수,,53,지용철,황의영,462
14738,서울,2005-11-13,한,거,,55,곽영효,양수화,428
14739,서울,2005-11-13,한,거,,54,박대흥,정일권,461
14740,서울,2005-11-13,한,거,,54,박대흥,강충모,474
14741,서울,2005-11-13,뉴,거,,54,박원덕,이정원,444
14742,서울,2005-11-13,한,수,,53,김윤섭,이용익,438
14743,서울,2005-11-13,한,수,,55,황의성,박희주,460
14744,서울,2005-11-13,한,수,,53,김문갑,어울림네트웍스,470
14745,서울,2005-11-13,한,수,,52,정지은,홍범기,428
14746,서울,2005-11-13,한,수,,51,윤치운,오상철,518
14747,서울,2005-11-13,한,암,,54,박원덕,이효선,429
14748,서울,2005-11-13,한,암,,57,김대근,노병석,443
14749,서울,2005-11-13,한,거,,55,김문갑,김서운,433
14750,서울,2005-11-13,한,거,,53,김대근,유병옥,467
14751,서울,2005-11-13,한,거,,51,박흥진,이용대,481
14752,서울,2005-11-13,한,거,,51,김일성,강태은,484
14753,서울,2005-11-13,한,암,,48,강명준,김광영,428
14754,서울,2005-11-13,한,수,,53,이광복,대일화학,535
14755,서울,2005-11-13,한,수,,50,박천서,유미개발,497
14756,서울,2005-11-13,한,수,,55,김윤섭,한광세,508
14757,서울,2005-11-13,한,암,,53,최혜식,이종원,437
14758,서울,2005-11-13,한,수,,52,박천서,지원철,489
14759,서울,2005-11-13,한,수,,55,강승영,권영원,420
14760,서울,2005-11-13,한,수,,55,박희철,조병해,456
14761,서울,2005-11-13,미,수,,53,이희영,노승구,440
14762,서울,2005-11-13,미,수,,55,이종구,박정록,566
14763,서울,2005-11-13,한,수,,57.5,지용훈,이선호,499
14764,서울,2005-11-13,한,수,,50,박진호,정동진,482
14765,서울,2005-11-13,한,수,,56,하재흥,김경민,483
14766,서울,2005-11-13,한,수,,55,박희철,조원희,445
14767,서울,2005-11-13,한,수,,53,박윤규,노길수,475
14768,서울,2005-11-13,한,수,,53,김일성,조승민,506
14769,서울,2005-11-13,한,수,,53,김학수,이용익,479
14770,서울,2005-11-13,한,수,,52,최혜식,박정열,447
14771,서울,2005-11-13,한,수,,55,박원덕,이정원,481
14772,서울,2005-11-13,한,거,,55,김대근,노병석,423
14773,서울,2005-11-13,일,암,,53,이왕언,박정웅,415
14774,서울,2005-11-13,한,수,,55,이광복,서순배,481
14775,서울,2005-11-13,한,수,,52,최상식,장현종,452
14776,서울,2005-11-13,한,수,,55,김충근,이광수,495
14777,서울,2005-11-13,한,수,,53,유재길,이필승,498
14778,서울,2005-11-13,일,수,,55,최영주,신항철,494
14779,서울,2005-11-13,한,수,,55,김윤섭,김준일,465
14780,서울,2005-11-13,한,수,,53,지용철,남기태,474
14781,서울,2005-11-13,한,수,,53,박진호,이재원,486
14782,서울,2005-11-13,한,수,,58,신우철,김현래,496
14783,서울,2005-11-13,한,수,,53,이왕언,최창걸,469
14784,서울,2005-11-13,한,암,,51,유재길,조병해,399
14785,서울,2005-11-13,미,암,,54,김춘근,김한영,432
14786,서울,2005-11-13,호,암,,52,지용철,이근우,443
14787,서울,2005-11-13,한,암,,54,곽영효,강용식,487
14788,서울,2005-11-13,한,암,,53,김춘근,오일랑,470
14789,서울,2005-11-13,미,암,,53,김학수,김봉섭,478
14790,서울,2005-11-13,뉴,암,,50,서범석,서순배,440
14791,서울,2005-11-13,한,암,,54,이인호,서익수,445
14792,서울,2005-11-13,미,암,,53,박흥진,유준환,448
14793,서울,2005-11-13,한,수,,58,김춘근,신준희,506
14794,서울,2005-11-13,한,암,,54,박윤규,허영희,431
14795,서울,2005-11-13,인,암,,54,서범석,문금주,492
14796,서울,2005-11-13,한,수,,53,유재길,허병하,457
14797,서울,2005-11-13,한,암,,52,박희철,조원희,440
14798,서울,2005-11-13,한,수,,51,김윤섭,김채겸,489
14799,서울,2005-11-13,뉴,암,,51,서범석,문금주,455
14800,서울,2005-11-13,한,암,,52,김점오,박영철,467
14801,서울,2005-11-13,한,수,,53,김택수,권오학,446
14802,서울,2005-11-13,한,암,,53,김문갑,김성두,440
14803,서울,2005-11-13,한,암,,54,양재철,김기성,416
14804,서울,2005-11-13,한,암,,54,강명준,이광수a,494
14805,서울,2005-11-13,뉴,암,,48,이광복,서순배,425
14806,서울,2005-11-13,한,거,,53,김점오,김창희,537
14807,서울,2005-11-13,미,암,,50,김순근,원흥순,459
14808,서울,2005-11-13,인,암,,50,김춘근,신준희,494
14809,서울,2005-11-13,한,암,,48,신우철,김병현,443
14810,서울,2005-11-13,한,암,,52,임봉춘,윤일균,437
14811,서울,2005-11-13,한,암,,56,박대흥,최춘섭,466
14812,서울,2005-11-13,한,암,,52,임봉춘,권태우,446
14813,서울,2005-11-13,한,암,,53,배휴준,인원식,474
14814,서울,2005-11-13,미,암,,53,김양선,홍평우,457
14815,서울,2005-11-13,일,암,,53,최혜식,권영탁,461
14816,서울,2005-11-13,뉴,암,,53,김순근,최상경,405
14817,서울,2005-11-13,한,암,,49,강명준,배일성,408
14818,서울,2005-11-13,미,암,,49,김양선,박남성,442
14819,서울,2005-11-13,미,암,,54,양재철,임관호,490
14820,서울,2005-11-13,한,암,,51,배휴준,박승만,472
14821,서울,2005-11-13,미,암,,53,김문갑,이재욱,423
14822,서울,2005-11-13,미,암,,51,이종구,유수택,500
14823,서울,2005-11-13,뉴,암,,52,박원덕,이일구,425
14824,서울,2005-11-13,일,암,,53,하재흥,엄삼탁,432
14825,서울,2005-11-13,한,암,,54,서정하,천병득,405
14826,서울,2005-11-13,한,암,,54,윤치운,윤문수,492
14827,서울,2005-11-13,일,암,,54,박진호,이재원,494
14828,서울,2005-11-13,한,암,,49,유재길,송근철,457
14829,서울,2005-11-13,미,암,,53,김점오,박영철,468
14830,서울,2005-11-13,한,암,,54,유재길,조병해,464
14831,서울,2005-11-13,미,암,,51,김문갑,이재욱,442
14832,서울,2005-11-13,뉴,암,,54,서범석,문금주,472
14833,서울,2005-11-13,미,암,,53,양재철,김종화,478
14834,서울,2005-11-13,일,암,,51,지용철,곽태훈,468
14835,서울,2005-11-13,한,암,,54,최상식,조동식,391
14836,서울,2005-11-13,한,암,,51,임봉춘,박태훈,441
14837,서울,2005-11-13,한,수,,52,최영주,박요선,462
14838,서울,2005-11-13,한,수,,54,김재복,김휘남,492
14839,서울,2005-11-13,한,수,,55,김학수,박남성,426
14840,서울,2005-11-13,한,수,,54,지용철,황의영,467
14841,서울,2005-11-13,한,수,,53,김점오,박남성,467
14842,서울,2005-11-13,미,거,,57,김문갑,어울림네트웍스,442
14843,서울,2005-11-13,호,거,,55,박천서,천병득,439
14844,서울,2005-11-13,한,거,,54,이광복,이필승,443
14845,서울,2005-11-13,미,거,,52,김문갑,이재욱,456
14846,서울,2005-11-13,뉴,거,,54,김명국,이태식,425
14847,서울,2005-11-13,한,거,,57,강승영,정이남,436
14848,서울,2005-11-19,한,암,,54,박희철,조원희,445
14849,서울,2005-11-19,한,거,,57,유재길,이동재,484
14850,서울,2005-11-19,한,수,,52,신우철,선우패션,481
14851,서울,2005-11-19,한,수,,56,유재길,허병하,450
14852,서울,2005-11-19,한,수,,53,안해양,최동천,468
14853,서울,2005-11-19,한,암,,54,고옥봉,장홍주,442
14854,서울,2005-11-19,한,암,,51,박진호,김우창,485
14855,서울,2005-11-19,한,수,,57,김학수,정이남,428
14856,서울,2005-11-19,한,거,,55.5,김대근,최상섭,467
14857,서울,2005-11-19,한,거,,55,박흥진,최효순,449
14858,서울,2005-11-19,한,암,,52,강명준,변영남,457
14859,서울,2005-11-19,호,암,,53,김춘근,권익현,440
14860,서울,2005-11-19,한,암,,51,임봉춘,박상선,459
14861,서울,2005-11-19,한,수,,55,최영주,반승일,440
14862,서울,2005-11-19,한,암,,53,이종구,최인재,495
14863,서울,2005-11-19,한,암,,53,박원덕,최윤호,439
14864,서울,2005-11-19,한,암,,53,김점오,김창희,400
14865,서울,2005-11-19,한,암,,50,김학수,김병묵,494
14866,서울,2005-11-19,한,암,,50,안해양,최동천,461
14867,서울,2005-11-19,한,암,,53,정지은,에쓰푸드홀딩스(주),464
14868,서울,2005-11-19,한,암,,51,박흥진,제주축협,444
14869,서울,2005-11-19,한,암,,53,서범석,문금주,473
14870,서울,2005-11-19,한,암,,54,김윤섭,김연호,479
14871,서울,2005-11-19,한,암,,52,유재길,허병하,457
14872,서울,2005-11-19,한,암,,53,김학수,전기섭,438
14873,서울,2005-11-19,한,암,,54,김순근,권영술,432
14874,서울,2005-11-19,한,암,,53,김대근,김정규,440
14875,서울,2005-11-19,호,암,,50,정지은,이종휘,432
14876,서울,2005-11-19,한,암,,54,지용철,이수길,490
14877,서울,2005-11-19,한,암,,54,강승영,권영원,431
14878,서울,2005-11-19,한,암,,54,박대흥,남승현,439
14879,서울,2005-11-19,한,암,,54,안해양,윤여운,442
14880,서울,2005-11-19,한,암,,51,정지은,이영철,434
14881,서울,2005-11-19,한,암,,53,김문갑,정덕용,443
14882,서울,2005-11-19,한,암,,51,양재철,박현종,467
14883,서울,2005-11-19,한,암,,53,이종구,이영웅,436
14884,서울,2005-11-19,일,암,,54,김순근,최상경,473
14885,서울,2005-11-19,한,암,,52,이종구,김기영,466
14886,서울,2005-11-19,한,암,,52,임형규,신동호,435
14887,서울,2005-11-19,한,암,,54,김문갑,어울림네트웍스,448
14888,서울,2005-11-19,한,암,,53,김문갑,김성두,449
14889,서울,2005-11-19,한,암,,54,이용준,임기준,458
14890,서울,2005-11-19,한,암,,50,하재흥,신동열,511
14891,서울,2005-11-19,뉴,암,,53,서범석,문금주,440
14892,서울,2005-11-19,미,암,,54,이종구,정진태,430
14893,서울,2005-11-19,한,암,,51,박윤규,이필승,462
14894,서울,2005-11-19,한,암,,51,신우철,안영환,485
14895,서울,2005-11-19,뉴,암,,53,김명국,김진철,437
14896,서울,2005-11-19,한,암,,55,지용훈,조용학,449
14897,서울,2005-11-19,한,암,,51,박흥진,김도윤,410
14898,서울,2005-11-19,한,암,,53,박진호,명인환,484
14899,서울,2005-11-19,일,암,,54,김택수,김양호,476
14900,서울,2005-11-19,한,암,,54,최혜식,배석두,417
14901,서울,2005-11-19,한,암,,49,임형규,김영수,429
14902,서울,2005-11-19,한,암,,51,임봉춘,박상선,459
14903,서울,2005-11-19,한,암,,54,최상식,신홍균,409
14904,서울,2005-11-19,한,암,,55,이인호,장용석,464
14905,서울,2005-11-19,한,암,,50,임봉춘,장세창,474
14906,서울,2005-11-19,한,암,,54,김양선,정이남,426
14907,서울,2005-11-19,한,암,,54,최영주,변영남,380
14908,서울,2005-11-19,한,암,,54,김명국,박양호,429
14909,서울,2005-11-19,한,암,,55,김춘근,남웅종,465
14910,서울,2005-11-19,한,암,,52,김윤섭,윤세영,447
14911,서울,2005-11-19,한,암,,48,박천서,천병득,432
14912,서울,2005-11-19,한,암,,55,임봉춘,이정숙,511
14913,서울,2005-11-19,한,거,,55,최영주,박선주,435
14914,서울,2005-11-19,한,거,,55,고옥봉,정병조,491
14915,서울,2005-11-19,한,거,,56,이왕언,박성구,508
14916,서울,2005-11-19,한,거,,56,김대근,김정규,494
14917,서울,2005-11-19,한,거,,56,김양선,이항진,446
14918,서울,2005-11-19,한,거,,55,최혜식,은희만,433
14919,서울,2005-11-19,뉴,거,,54,김윤섭,김채겸,479
14920,서울,2005-11-19,한,거,,54,김재복,김한영,469
14921,서울,2005-11-19,한,거,,53,지용철,콤텍시스템,475
14922,서울,2005-11-19,한,거,,52,이희영,김용상,443
14923,서울,2005-11-19,호,암,,53,박대흥,남승현,436
14924,서울,2005-11-19,한,거,,58,박원덕,이효선,479
14925,서울,2005-11-19,일,거,,55,강명준,김광영,519
14926,서울,2005-11-19,한,거,,55,최혜식,박정열,451
14927,서울,2005-11-19,한,수,,55,박덕준,허헌회,496
14928,서울,2005-11-19,한,수,,52,강명준,김광영,469
14929,서울,2005-11-19,한,수,,53,윤치운,김성두,491
14930,서울,2005-11-19,한,수,,55,황의성,윤해영,468
14931,서울,2005-11-19,한,수,,56,박원덕,이종석,443
14932,서울,2005-11-19,한,수,,55,지용훈,이선호,470
14933,서울,2005-11-19,한,수,,56,강승영,강남환,460
14934,서울,2005-11-19,한,수,,57,최혜식,박상선,468
14935,서울,2005-11-19,한,수,,54,김병용,정몽규,459
14936,서울,2005-11-19,한,수,,57,이용준,김명식,455
14937,서울,2005-11-19,한,수,,53,김춘근,김주성,456
14938,서울,2005-11-19,한,수,,54,박희철,조병해,436
14939,서울,2005-11-19,한,수,,53,하재흥,김병현,446
14940,서울,2005-11-19,한,수,,55,김대근,한일사료,444
14941,서울,2005-11-19,한,수,,53,김일성,류근상,481
14942,서울,2005-11-19,한,수,,56,이희영,정규상,442
14943,서울,2005-11-19,한,수,,57,최상식,장재형,462
14944,서울,2005-11-19,한,수,,53,박진호,이재원,474
14945,서울,2005-11-19,한,수,,57,이종구,최인재,431
14946,서울,2005-11-19,한,수,,51,지용철,황의영,493
14947,서울,2005-11-19,한,수,,55,최영주,신항철,484
14948,서울,2005-11-19,한,수,,55,김양선,구자선,428
14949,서울,2005-11-19,한,수,,55,김택수,이희연,0
14950,서울,2005-11-19,한,수,,55,김양선,구자선,455
14951,서울,2005-11-19,한,수,,54,이광복,유길상,475
14952,서울,2005-11-19,한,수,,53,안해양,윤여운,443
14953,서울,2005-11-19,한,수,,50,임봉춘,이영욱,462
14954,서울,2005-11-19,한,수,,57,김양선,정세능,477
14955,서울,2005-11-19,한,수,,56.5,김점오,유순목,467
14956,서울,2005-11-19,한,수,,55,강승영,강남환,464
14957,서울,2005-11-19,한,수,,55,하재흥,이유환,464
14958,서울,2005-11-19,한,수,,53,박희철,오경의,452
14959,서울,2005-11-19,한,수,,53,서정하,김창식,535
14960,서울,2005-11-19,미,수,,55,김문갑,이재욱,0
14961,서울,2005-11-19,한,수,,53,이용준,신영식,491
14962,서울,2005-11-19,한,수,,53,박희철,장석린외1인(신치구),455
14963,서울,2005-11-19,한,수,,55,지용철,황의영,462
14964,서울,2005-11-19,한,수,,56,최혜식,이종원,484
14965,서울,2005-11-19,한,암,,53,박종곤,방형린,458
14966,서울,2005-11-19,한,수,,55,박덕준,허헌회,439
14967,서울,2005-11-19,한,수,,51,배휴준,박승만,483
14968,서울,2005-11-19,한,수,,53,이광복,이용대,468
14969,서울,2005-11-19,한,암,,53,임봉춘,장용석,481
14970,서울,2005-11-19,한,암,,53,김춘근,이보원,463
14971,서울,2005-11-19,한,수,,53,이왕언,김방철,462
14972,서울,2005-11-19,한,수,,53,배휴준,이영숙,483
14973,서울,2005-11-20,한,암,,51,김학수,김완배,450
14974,서울,2005-11-20,한,암,,50,이왕언,이영서,492
14975,서울,2005-11-20,뉴,거,,57,최혜식,박상선,487
14976,서울,2005-11-20,뉴,거,,55,김재복,정이남,445
14977,서울,2005-11-20,한,암,,52,김명국,장석영,441
14978,서울,2005-11-20,한,암,,54,양재철,임관호,389
14979,서울,2005-11-20,한,암,,56,양재철,한광희,447
14980,서울,2005-11-20,한,암,,50,정지은,최여경,486
14981,서울,2005-11-20,뉴,거,,51,이종구,박정록,480
14982,서울,2005-11-20,한,거,,54,박천서,한일사료,455
14983,서울,2005-11-20,한,거,,55,박흥진,김도윤,498
14984,서울,2005-11-20,한,암,,53,이종구,최인재,443
14985,서울,2005-11-20,한,암,,51,김순근,김상태,420
14986,서울,2005-11-20,한,암,,52,임형규,황수웅,482
14987,서울,2005-11-20,한,암,,52,김대근,노병석,423
14988,서울,2005-11-20,한,암,,53,박희철,김완배,526
14989,서울,2005-11-20,한,암,,54,박종곤,박재범,461
14990,서울,2005-11-20,한,암,,56,하재흥,이수홍,451
14991,서울,2005-11-20,한,암,,55,서범석,임기준,482
14992,서울,2005-11-20,일,암,,53,김명국,박양호,389
14993,서울,2005-11-20,한,암,,52,김명국,풀무원건강식품(주),462
14994,서울,2005-11-20,한,암,,54,서범석,장철환,499
14995,서울,2005-11-20,한,암,,54,최상식,박기흥,470
14996,서울,2005-11-20,한,암,,54,이인호,신성철,426
14997,서울,2005-11-20,한,암,,49,박천서,정일권,418
14998,서울,2005-11-20,한,암,,51,배휴준,지성한,486
14999,서울,2005-11-20,한,암,,51,이광복,최건호,505
15000,서울,2005-11-20,미,암,,51,김문갑,박용오,422
15001,서울,2005-11-20,한,암,,56.5,김윤섭,권광세,410
15002,서울,2005-11-20,한,암,,51,김양선,김종철,395
15003,서울,2005-11-20,한,암,,54,박윤규,이필승,428
15004,서울,2005-11-20,한,암,,51,안해양,윤영기,482
15005,서울,2005-11-20,한,암,,54,김택수,이희연,447
15006,서울,2005-11-20,한,암,,56,최혜식,은희만,458
15007,서울,2005-11-20,한,암,,49,이광복,신항식,473
15008,서울,2005-11-20,한,암,,54,최혜식,이종원,435
15009,서울,2005-11-20,일,암,,53,이왕언,박정웅,453
15010,서울,2005-11-20,한,암,,53,김양선,김종철,484
15011,서울,2005-11-20,호,암,,53,정지은,이영철,497
15012,서울,2005-11-20,한,암,,54,김문갑,김익영,418
15013,서울,2005-11-20,한,암,,53,박윤규,김종식,455
15014,서울,2005-11-20,한,수,,50,안해양,최동천,454
15015,서울,2005-11-20,한,암,,51,이희영,박환창,413
15016,서울,2005-11-20,한,암,,54,이희영,이종원,504
15017,서울,2005-11-20,한,암,,51,박종곤,김진엽,415
15018,서울,2005-11-20,한,암,,55,박덕준,백운창,453
15019,서울,2005-11-20,한,암,,51,김양선,김종철,461
15020,서울,2005-11-20,한,수,,53,김학수,박성구,467
15021,서울,2005-11-20,한,수,,50,박종곤,곽영진,447
15022,서울,2005-11-20,한,암,,50,김순근,이윤화,447
15023,서울,2005-11-20,한,암,,51,이광복,최건호,441
15024,서울,2005-11-20,한,수,,55,하재흥,신동열,512
15025,서울,2005-11-20,한,암,,53,이왕언,박정웅,476
15026,서울,2005-11-20,일,수,,53,김양선,서운석,482
15027,서울,2005-11-20,한,암,,54,김양선,전기섭,466
15028,서울,2005-11-20,한,암,,56,고옥봉,정병조,453
15029,서울,2005-11-20,한,암,,54,박희철,김경민,465
15030,서울,2005-11-20,한,암,,52,서범석,신준수,476
15031,서울,2005-11-20,한,암,,54,임봉춘,윤일균,466
15032,서울,2005-11-20,한,암,,56,김춘근,이보원,438
15033,서울,2005-11-20,한,암,,56,이광복,최관식,504
15034,서울,2005-11-20,일,수,,53,강명준,이광수a,441
15035,서울,2005-11-20,한,수,,53,이용준,김명식,488
15036,서울,2005-11-20,한,수,,50,곽영효,권광세,497
15037,서울,2005-11-20,한,수,,53,김일성,강태은,0
15038,서울,2005-11-20,한,수,,53,박진호,이재원,468
15039,서울,2005-11-20,한,수,,53,이용준,김명식,467
15040,서울,2005-11-20,미,수,,53,서범석,서순배,458
15041,서울,2005-11-20,한,수,,52,곽영효,윤종웅,496
15042,서울,2005-11-20,한,수,,50,박희철,조병해,466
15043,서울,2005-11-20,한,암,,53,윤치운,김각경,441
15044,서울,2005-11-20,한,암,,52,윤치운,오상철,449
15045,서울,2005-11-20,한,수,,53,박대흥,지대섭,471
15046,서울,2005-11-20,한,수,,55,한일영,심재식,477
15047,서울,2005-11-20,한,수,,55,이용준,신영식,512
15048,서울,2005-11-20,미,수,,57,김문갑,어울림네트웍스,482
15049,서울,2005-11-20,한,수,,50,신우철,최관식,434
15050,서울,2005-11-20,한,수,,51,이광복,최명균,435
15051,서울,2005-11-20,한,수,,50,배휴준,김진철,485
15052,서울,2005-11-20,한,수,,54,이인호,김방철,484
15053,서울,2005-11-20,한,수,,51,지용철,정수남,518
15054,서울,2005-11-20,한,수,,51,신우철,안영환,461
15055,서울,2005-11-20,한,수,,53,김윤섭,박태훈,447
15056,서울,2005-11-20,미,수,,53,정지은,지대섭,486
15057,서울,2005-11-20,한,수,,55,신우철,진교원,480
15058,서울,2005-11-20,한,수,,51,김재복,전기섭,451
15059,서울,2005-11-20,한,수,,54,지용철,강성보,509
15060,서울,2005-11-20,한,수,,53,양재철,박현종,454
15061,서울,2005-11-20,한,수,,55,김택수,장철환,382
15062,서울,2005-11-20,미,수,,51,이종구,이영웅,471
15063,서울,2005-11-20,미,거,,52,박천서,정일권,500
15064,서울,2005-11-20,한,거,,51,박희철,경규환,462
15065,서울,2005-11-20,한,거,,53,박대흥,최애식,455
15066,서울,2005-11-20,뉴,거,,54,서정하,김창식,441
15067,서울,2005-11-20,한,거,,54,이희영,김용상,476
15068,서울,2005-11-20,미,거,,52,지용철,안대종,463
15069,서울,2005-11-20,미,거,,55,박원덕,이효선,468
15070,서울,2005-11-20,한,거,,55,박윤규,이수홍,475
15071,서울,2005-11-20,뉴,거,,51,박덕준,허헌회,455
15072,서울,2005-11-20,한,거,,55,박윤규,이수홍,518
15073,서울,2005-11-20,일,수,,53,서정하,은희만,452
15074,서울,2005-11-20,한,수,,52,강명준,변영남,525
15075,서울,2005-11-20,뉴,수,,54,김학수,박성구,463
15076,서울,2005-11-20,미,수,,55,김택수,김양호,495
15077,서울,2005-11-20,한,수,,55,이인호,권영술,493
15078,서울,2005-11-20,한,암,,54,김충근,허건호,464
15079,서울,2005-11-20,한,암,,52,김일성,조승민,435
15080,서울,2005-11-20,한,암,,55,하재흥,이상오,493
15081,서울,2005-11-20,한,암,,55,유재길,진교원,463
15082,서울,2005-11-20,한,암,,54.5,최상식,장재형,449
15083,서울,2005-11-20,한,암,,53,지용훈,이문철,458
15084,서울,2005-11-20,미,암,,53,최혜식,은희만,480
15085,서울,2005-11-20,한,암,,53,강승영,정이남,455
15086,서울,2005-11-20,한,암,,48,박천서,박엽래,469
15087,서울,2005-11-20,미,암,,53,김택수,김양호,465
15088,서울,2005-11-20,한,암,,53,김윤섭,김연호,475
15089,서울,2005-11-20,미,암,,53,김문갑,이재욱,446
15090,서울,2005-11-20,한,암,,51,김대근,김진구,448
15091,서울,2005-11-20,일,암,,50,신우철,박치문,447
15092,서울,2005-11-20,한,암,,51,김문갑,김성두,464
15093,서울,2005-11-20,한,암,,53,김택수,이희연,447
15094,서울,2005-11-20,한,암,,49,황의성,김각경,440
15095,서울,2005-11-20,한,암,,53,김점오,김창희,451
15096,서울,2005-11-20,한,암,,51,이광복,이필승,428
15097,서울,2005-11-20,한,암,,53,유재길,허병하,455
15098,서울,2005-11-26,한,수,,53,김명국,박양호,497
15099,서울,2005-11-26,한,수,,51,신우철,이수근,435
15100,서울,2005-11-26,미,수,,53,이희영,이상용,457
15101,서울,2005-11-26,호,수,,53,하재흥,이상오,539
15102,서울,2005-11-26,한,수,,53,윤치운,김성두,487
15103,서울,2005-11-26,한,수,,52,신우철,박용훈,480
15104,서울,2005-11-26,한,수,,53,지용철,황의영,490
15105,서울,2005-11-26,일,수,,50,김순근,권영술,503
15106,서울,2005-11-26,일,수,,50,곽영효,전덕순,519
15107,서울,2005-11-26,한,수,,54,박희철,김병현,512
15108,서울,2005-11-26,한,수,,54,김병용,우동희,456
15109,서울,2005-11-26,한,수,,51,임형규,정수남,484
15110,서울,2005-11-26,한,수,,53,김점오,김덕환,441
15111,서울,2005-11-26,한,암,,51,박종곤,박재범,394
15112,서울,2005-11-26,한,거,,52,안해양,윤여운,483
15113,서울,2005-11-26,호,거,,51,김춘근,이선종,433
15114,서울,2005-11-26,미,수,,54,지용훈,조용학,496
15115,서울,2005-11-26,미,수,,55,지용훈,이선호,476
15116,서울,2005-11-26,한,수,,53,이용준,김명식,426
15117,서울,2005-11-26,한,암,,49,김점오,김창희,489
15118,서울,2005-11-26,한,암,,53,강명준,김양호,485
15119,서울,2005-11-26,한,수,,51,김명국,이재효,428
15120,서울,2005-11-26,한,수,,52,유재길,허건호,425
15121,서울,2005-11-26,한,암,,54,김병용,송근철,440
15122,서울,2005-11-26,한,수,,54,윤치운,유영주,465
15123,서울,2005-11-26,한,수,,52,김순근,이재만,458
15124,서울,2005-11-26,한,수,,55,최영주,신항철,449
15125,서울,2005-11-26,한,수,,53,하재흥,이유환,479
15126,서울,2005-11-26,미,수,,58,지용철,곽태훈,445
15127,서울,2005-11-26,한,수,,55,박원덕,이정원,481
15128,서울,2005-11-26,한,수,,51,김순근,지대섭,493
15129,서울,2005-11-26,일,수,,59.5,박희철,유정희,485
15130,서울,2005-11-26,한,수,,50,안해양,김휘남,485
15131,서울,2005-11-26,한,수,,53,신우철,김현래,488
15132,서울,2005-11-26,한,수,,55,임봉춘,이주형,441
15133,서울,2005-11-26,한,수,,53,김충근,이광수,511
15134,서울,2005-11-26,한,수,,49,황의성,김각경,428
15135,서울,2005-11-26,한,수,,54,김춘근,안승찬,470
15136,서울,2005-11-26,한,수,,55,유재길,권영탁,466
15137,서울,2005-11-26,한,수,,52,박희철,서정훈,462
15138,서울,2005-11-26,한,수,,51,이광복,서순배,512
15139,서울,2005-11-26,한,수,,55,박원덕,이일구,445
15140,서울,2005-11-26,한,수,,53,최혜식,박종률,474
15141,서울,2005-11-26,한,수,,50,김순근,이윤화,420
15142,서울,2005-11-26,한,수,,55,박윤규,박상헌,444
15143,서울,2005-11-26,한,수,,57,강명준,이광수a,456
15144,서울,2005-11-26,미,수,,57,김문갑,박용오,469
15145,서울,2005-11-26,미,수,,51,하재흥,이종철,500
15146,서울,2005-11-26,미,수,,56,하재흥,이종철,515
15147,서울,2005-11-26,한,수,,55,김점오,박영철,465
15148,서울,2005-11-26,한,수,,54,신우철,김현래,491
15149,서울,2005-11-26,한,수,,55,지용훈,조용학,504
15150,서울,2005-11-26,한,수,,53,임봉춘,박성구,0
15151,서울,2005-11-26,한,거,,54,박천서,윤훈현,490
15152,서울,2005-11-26,한,거,,54,이용준,김명식,445
15153,서울,2005-11-26,한,거,,52,임봉춘,박종률,489
15154,서울,2005-11-26,한,거,,55,신우철,이재진,490
15155,서울,2005-11-26,호,거,,56,박천서,천병득,521
15156,서울,2005-11-26,미,거,,51,강승영,지대섭,459
15157,서울,2005-11-26,뉴,거,,55,박윤규,이수홍,468
15158,서울,2005-11-26,한,거,,52,김순근,월곡목장영농조합,454
15159,서울,2005-11-26,한,거,,51,유재길,월곡목장영농조합,450
15160,서울,2005-11-26,뉴,거,,51,박덕준,서승린,445
15161,서울,2005-11-26,한,거,,51,박원덕,박정웅,433
15162,서울,2005-11-26,한,거,,53,최영주,신영균,450
15163,서울,2005-11-26,한,거,,55,최영주,신항철,451
15164,서울,2005-11-26,한,거,,52,박천서,김충수,407
15165,서울,2005-11-26,한,거,,54,박대흥,남승현,468
15166,서울,2005-11-26,한,거,,55,김명국,코스틸,453
15167,서울,2005-11-26,아일,거,,53,이인호,오만준,484
15168,서울,2005-11-26,한,수,,50,안해양,윤영기,496
15169,서울,2005-11-26,한,수,,53,신우철,신항식,519
15170,서울,2005-11-26,일,암,,54,이인호,민영길,475
15171,서울,2005-11-26,미,거,,51,서정하,김창식,480
15172,서울,2005-11-26,한,거,,55,박원덕,최윤호,436
15173,서울,2005-11-26,한,수,,55,김윤섭,심상춘,484
15174,서울,2005-11-26,한,수,,53,지용철,구필모,484
15175,서울,2005-11-26,미,수,,54,박희철,오경의,487
15176,서울,2005-11-26,한,수,,54,김일성,강태은,495
15177,서울,2005-11-26,한,수,,52,이종구,서정훈,440
15178,서울,2005-11-26,한,암,,52,지용훈,이선호,460
15179,서울,2005-11-26,한,암,,51,박흥진,김성두,425
15180,서울,2005-11-26,한,암,,54,이희영,이상용,421
15181,서울,2005-11-26,한,암,,54,박진호,김우창,468
15182,서울,2005-11-26,한,암,,53,강승영,권영원,474
15183,서울,2005-11-26,한,암,,53,박원덕,이효선,476
15184,서울,2005-11-26,한,암,,50,안해양,김봉섭,554
15185,서울,2005-11-26,한,암,,53,신우철,선우패션,433
15186,서울,2005-11-26,미,암,,53,이종구,유수택,467
15187,서울,2005-11-26,한,암,,50,김양선,김종철,445
15188,서울,2005-11-26,한,거,,53,박희철,김수경,445
15189,서울,2005-11-26,한,거,,50,신우철,신항식,481
15190,서울,2005-11-26,미,거,,52,김재복,김종한,499
15191,서울,2005-11-26,한,거,,52,김일성,일진코스메틱,507
15192,서울,2005-11-26,미,거,,52,김학수,박남성,526
15193,서울,2005-11-26,일,암,,53,이왕언,최창걸,436
15194,서울,2005-11-26,한,암,,53,김문갑,이재욱,425
15195,서울,2005-11-26,일,암,,53,정지은,노환영,481
15196,서울,2005-11-26,한,암,,54,김병용,우동희,487
15197,서울,2005-11-26,한,암,,52,최영주,장석린외1인(신치구),450
15198,서울,2005-11-26,미,암,,53,박대흥,강충모,467
15199,서울,2005-11-26,미,암,,51,김학수,전기섭,458
15200,서울,2005-11-26,한,암,,51,최상식,박기흥,484
15201,서울,2005-11-26,한,암,,54,고옥봉,이기선,451
15202,서울,2005-11-26,한,암,,53,박원덕,이종석,432
15203,서울,2005-11-26,한,암,,53,박종곤,김정배,458
15204,서울,2005-11-26,한,암,,52,정지은,이부용,437
15205,서울,2005-11-26,미,암,,52,김문갑,어울림네트웍스,443
15206,서울,2005-11-26,한,암,,54,최상식,임우근,408
15207,서울,2005-11-26,한,거,,53,김학수,김봉섭,440
15208,서울,2005-11-26,한,수,,55,최상식,장재형,451
15209,서울,2005-11-26,한,암,,54,김양선,이항진,396
15210,서울,2005-11-26,한,암,,54,이용준,김종욱,468
15211,서울,2005-11-26,미,거,,54,김명국,오호극,519
15212,서울,2005-11-26,한,수,,53,지용철,이근우,443
15213,서울,2005-11-26,한,거,,53,곽영효,전영채,460
15214,서울,2005-11-26,한,암,,53,고옥봉,이태인,460
15215,서울,2005-11-26,한,수,,55,박덕준,허헌회,462
15216,서울,2005-11-26,한,암,,54,이왕언,박상선,423
15217,서울,2005-11-26,한,암,,54,김명국,박양호,437
15218,서울,2005-11-26,한,암,,54,정지은,지대섭,466
15219,서울,2005-11-26,인,암,,51,이광복,임기준,418
15220,서울,2005-11-26,한,암,,51,김순근,김순주,433
15221,서울,2005-11-26,한,암,,49,김학수,전기섭,487
15222,서울,2005-11-26,한,암,,53,김점오,유근수,429
15223,서울,2005-11-26,한,암,,52,고옥봉,정병조,430
15224,서울,2005-11-27,한,암,,53,이희영,이종원,446
15225,서울,2005-11-27,미,암,,53,김문갑,박흥길,430
15226,서울,2005-11-27,미,거,,55,박원덕,김방철,0
15227,서울,2005-11-27,한,암,,51,신우철,박정열,466
15228,서울,2005-11-27,한,암,,51,김점오,박종호,505
15229,서울,2005-11-27,한,암,,53,이희영,김진태,442
15230,서울,2005-11-27,한,거,,54,임봉춘,이정숙,482
15231,서울,2005-11-27,뉴,거,,56,임봉춘,서정훈,447
15232,서울,2005-11-27,한,거,,55,박흥진,김도윤,487
15233,서울,2005-11-27,한,거,,51,박덕준,백운창,453
15234,서울,2005-11-27,한,암,,54,최혜식,박경만,408
15235,서울,2005-11-27,한,암,,54,김대근,장용석,471
15236,서울,2005-11-27,한,암,,54,이희영,이상용,423
15237,서울,2005-11-27,한,암,,51,최영주,신항철,470
15238,서울,2005-11-27,한,암,,53,박덕준,서승린,445
15239,서울,2005-11-27,한,암,,52,윤치운,오금자,455
15240,서울,2005-11-27,한,암,,53,임봉춘,이주형,501
15241,서울,2005-11-27,한,암,,52,양재철,송하경,460
15242,서울,2005-11-27,한,암,,53,박원덕,박성구,421
15243,서울,2005-11-27,한,암,,53,지용훈,남기태,492
15244,서울,2005-11-27,한,암,,50,양재철,박현종,473
15245,서울,2005-11-27,한,암,,54,김학수,박재범,423
15246,서울,2005-11-27,한,암,,51,배휴준,김진철,407
15247,서울,2005-11-27,미,암,,53,서범석,최건호,430
15248,서울,2005-11-27,한,암,,54,황의성,윤해영,417
15249,서울,2005-11-27,한,암,,54,황의성,박희주,462
15250,서울,2005-11-27,한,암,,54,김윤섭,김채겸,447
15251,서울,2005-11-27,한,암,,53,박종곤,제주축산개발,428
15252,서울,2005-11-27,일,암,,53,김춘근,이보원,442
15253,서울,2005-11-27,일,암,,53,서정하,김진태,468
15254,서울,2005-11-27,한,암,,52,곽영효,강대기,444
15255,서울,2005-11-27,한,암,,52,최상식,장현종,448
15256,서울,2005-11-27,한,암,,54,박대흥,청호컴넷(주),460
15257,서울,2005-11-27,한,암,,54,양재철,임관호,438
15258,서울,2005-11-27,한,암,,51,김순근,최상경,408
15259,서울,2005-11-27,한,거,,53,박윤규,장석린외1인(신치구),511
15260,서울,2005-11-27,뉴,거,,54,하재흥,이상오,471
15261,서울,2005-11-27,한,수,,51,강명준,이광수a,456
15262,서울,2005-11-27,미,거,,52.5,김양선,이항진,468
15263,서울,2005-11-27,한,거,,53,김점오,김창희,473
15264,서울,2005-11-27,한,수,,55,윤치운,오금자,470
15265,서울,2005-11-27,한,수,,56,김윤섭,김채겸,481
15266,서울,2005-11-27,일,암,,53,김문갑,정덕용,451
15267,서울,2005-11-27,일,암,,51,김문갑,정덕용,460
15268,서울,2005-11-27,미,암,,53,박흥진,유준환,429
15269,서울,2005-11-27,한,거,,51,고옥봉,전좌식,506
15270,서울,2005-11-27,한,수,,50,안해양,김휘남,456
15271,서울,2005-11-27,미,암,,53,김윤섭,한광세,473
15272,서울,2005-11-27,한,암,,51,임형규,신동호,481
15273,서울,2005-11-27,일,암,,50,배휴준,황수웅,418
15274,서울,2005-11-27,한,수,,57,지용철,강성보,458
15275,서울,2005-11-27,미,수,,53,서정하,김창식,467
15276,서울,2005-11-27,한,암,,51,강명준,이광수a,481
15277,서울,2005-11-27,미,암,,54,박원덕,이효선,449
15278,서울,2005-11-27,한,암,,50,박희철,김방철,409
15279,서울,2005-11-27,일,암,,52,서범석,임기준,442
15280,서울,2005-11-27,한,암,,51,이종구,최인재,432
15281,서울,2005-11-27,한,암,,54,박덕준,나정웅,418
15282,서울,2005-11-27,한,암,,51,황의성,박희주,466
15283,서울,2005-11-27,한,암,,53,김문갑,정덕용,459
15284,서울,2005-11-27,한,암,,53,박윤규,장석영,421
15285,서울,2005-11-27,한,수,,54,김춘근,이선종,490
15286,서울,2005-11-27,한,수,,54,하재흥,신동열,477
15287,서울,2005-11-27,한,수,,52,강명준,김길중,460
15288,서울,2005-11-27,한,수,,53,강명준,김길중,0
15289,서울,2005-11-27,미,수,,51,이희영,오호극,452
15290,서울,2005-11-27,한,수,,54,최영주,김광영,434
15291,서울,2005-11-27,한,수,,56,강승영,한선호,436
15292,서울,2005-11-27,한,수,,53,박흥진,유준환,463
15293,서울,2005-11-27,한,수,,57,강명준,김양호,472
15294,서울,2005-11-27,한,수,,53,박진호,함운일,490
15295,서울,2005-11-27,한,암,,53,윤치운,장현종,481
15296,서울,2005-11-27,일,암,,50,유재길,허병하,460
15297,서울,2005-11-27,한,암,,54,정지은,최여경,430
15298,서울,2005-11-27,한,암,,52,지용훈,조용학,471
15299,서울,2005-11-27,한,암,,52,고옥봉,박요선,491
15300,서울,2005-11-27,한,암,,52,지용훈,이문철,433
15301,서울,2005-11-27,한,수,,51,김일성,일진코스메틱,462
15302,서울,2005-11-27,한,수,,52,신우철,안영환,489
15303,서울,2005-11-27,한,수,,56,김충근,이광수,480
15304,서울,2005-11-27,한,수,,55,김점오,박남성,476
15305,서울,2005-11-27,한,수,,55,한일영,박상헌,448
15306,서울,2005-11-27,한,수,,51,박진호,명인환,478
15307,서울,2005-11-27,한,수,,54,이희영,오호극,457
15308,서울,2005-11-27,한,수,,55,강명준,김길중,427
15309,서울,2005-11-27,한,수,,53,김점오,김창희,471
15310,서울,2005-11-27,한,수,,54,양재철,임관호,463
15311,서울,2005-11-27,한,수,,52,최상식,장현종,479
15312,서울,2005-11-27,한,수,,57,김병용,김명자,491
15313,서울,2005-11-27,한,수,,55.5,하재흥,이수홍,428
15314,서울,2005-11-27,한,수,,51,김일성,임상윤,466
15315,서울,2005-11-27,한,수,,54,이용준,김명식,495
15316,서울,2005-11-27,일,수,,54,강명준,강홍수,0
15317,서울,2005-11-27,한,수,,54,정지은,이경우,467
15318,서울,2005-11-27,미,수,,53,강명준,이희연,469
15319,서울,2005-11-27,한,수,,57,정지은,홍범기,434
15320,서울,2005-11-27,한,수,,55,강명준,김양호,505
15321,서울,2005-11-27,한,수,,53.5,신우철,이수근,475
15322,서울,2005-11-27,한,수,,58.5,지용훈,남기태,473
15323,서울,2005-11-27,한,거,,53,박대흥,김용정,517
15324,서울,2005-11-27,미,거,,52,김춘근,김한영,500
15325,서울,2005-11-27,한,거,,57,김대근,노병석,524
15326,서울,2005-11-27,미,거,,55.5,강승영,이승택,499
15327,서울,2005-11-27,한,거,,56,최영주,장석린외1인(신치구),481
15328,서울,2005-11-27,뉴,거,,51,박천서,박태훈,460
15329,서울,2005-11-27,뉴,거,,51,박진호,명인환,540
15330,서울,2005-11-27,일,거,,50,박천서,지원철,465
15331,서울,2005-11-27,한,거,,54,박천서,임영일,431
15332,서울,2005-11-27,한,거,,57,고옥봉,김길중,482
15333,서울,2005-11-27,아일,거,,54,이인호,오만준,492
15334,서울,2005-11-27,뉴,거,,54,최상식,장재형,453
15335,서울,2005-11-27,뉴,거,,55,하재흥,신동열,461
15336,서울,2005-11-27,한,수,,53,지용철,이수길,440
15337,서울,2005-11-27,한,수,,55,이희영,민영길,475
15338,서울,2005-11-27,한,거,,57,김명국,김용상,489
15339,서울,2005-11-27,한,거,,54,신우철,우근민,487
15340,서울,2005-11-27,미,수,,54,김양선,이항진,492
15341,서울,2005-11-27,한,수,,53,이왕언,최창걸,513
15342,서울,2005-11-27,미,수,,58,이용준,임기준,506
15343,서울,2005-11-27,미,수,,55,박대흥,남승현,497
15344,서울,2005-11-27,한,수,,52,박희철,장석린외1인(신치구),465
15345,서울,2005-11-27,한,암,,53,최혜식,박종률,468
15346,서울,2005-11-27,한,암,,54,박흥진,변영남,538
15347,서울,2005-11-27,한,암,,54,김충근,이광수,450
15348,서울,2005-11-27,한,암,,53,하재흥,조남대,478
15349,서울,2005-12-03,한,수,,55,박희철,오경의,454
15350,서울,2005-12-03,한,수,,55,박원덕,안덕기,470
15351,서울,2005-12-03,한,수,,55,김대근,최상섭,497
15352,서울,2005-12-03,한,수,,53,이왕언,최창걸,468
15353,서울,2005-12-03,한,수,,51,김춘근,김상태,416
15354,서울,2005-12-03,한,수,,53,박대흥,강충모,470
15355,서울,2005-12-03,미,거,,54,박윤규,신길우,453
15356,서울,2005-12-03,뉴,거,,51,이종구,박정록,473
15357,서울,2005-12-03,한,거,,57,최영주,신항철,459
15358,서울,2005-12-03,한,거,,54,김점오,김창희,436
15359,서울,2005-12-03,한,거,,55,지용훈,조용학,453
15360,서울,2005-12-03,한,거,,56,박대흥,청호컴넷(주),481
15361,서울,2005-12-03,호,거,,51,박덕준,나정웅,498
15362,서울,2005-12-03,한,수,,54,이종구,최인재,421
15363,서울,2005-12-03,뉴,거,,56,지용철,구필모,505
15364,서울,2005-12-03,한,거,,51,김윤섭,김연호,458
15365,서울,2005-12-03,한,거,,52,배휴준,박정록,436
15366,서울,2005-12-03,한,거,,54,고옥봉,전좌식,412
15367,서울,2005-12-03,한,거,,53,곽영효,허영희,463
15368,서울,2005-12-03,한,암,,52,박흥진,장경환,443
15369,서울,2005-12-03,한,암,,52,이종구,백종헌,478
15370,서울,2005-12-03,한,암,,52,김일성,류근상,472
15371,서울,2005-12-03,한,암,,52,정지은,이부용,448
15372,서울,2005-12-03,한,암,,51,곽영효,강용식,467
15373,서울,2005-12-03,한,암,,53,박흥진,김길중,426
15374,서울,2005-12-03,일,암,,53,하재흥,엄삼탁,435
15375,서울,2005-12-03,한,암,,54,이왕언,서민석,407
15376,서울,2005-12-03,일,암,,56,최혜식,조진환,467
15377,서울,2005-12-03,한,암,,52,강명준,양길순,463
15378,서울,2005-12-03,한,거,,55,지용훈,남기태,460
15379,서울,2005-12-03,한,수,,54,곽영효,김기용,474
15380,서울,2005-12-03,한,수,,55.5,유재길,이필승,506
15381,서울,2005-12-03,한,수,,55,박천서,박엽래,465
15382,서울,2005-12-03,미,수,,52,김점오,박환창,485
15383,서울,2005-12-03,미,수,,51,김양선,김종철,520
15384,서울,2005-12-03,한,암,,54,강명준,권태우,407
15385,서울,2005-12-03,한,수,,50,양재철,박현종,444
15386,서울,2005-12-03,한,수,,53,임형규,최동천,484
15387,서울,2005-12-03,한,수,,55,윤치운,윤문수,492
15388,서울,2005-12-03,한,수,,55,서정하,정영채,476
15389,서울,2005-12-03,미,수,,52,김재복,김한영,496
15390,서울,2005-12-03,한,수,,54,안해양,최동천,511
15391,서울,2005-12-03,한,수,,51,임형규,서상주,468
15392,서울,2005-12-03,한,수,,53,박원덕,김성두,434
15393,서울,2005-12-03,한,수,,53,지용철,곽태훈,459
15394,서울,2005-12-03,한,수,,55,김문갑,이재욱,431
15395,서울,2005-12-03,한,수,,54,박대흥,남승현,529
15396,서울,2005-12-03,한,수,,54,이종구,최수군,466
15397,서울,2005-12-03,한,수,,54,최상식,임우근,507
15398,서울,2005-12-03,한,수,,53,고옥봉,오일랑,473
15399,서울,2005-12-03,한,수,,50,임형규,서상주,464
15400,서울,2005-12-03,한,수,,53,지용훈,조용학,456
15401,서울,2005-12-03,한,수,,53,박덕준,백운창,447
15402,서울,2005-12-03,한,수,,56,한일영,심재식,438
15403,서울,2005-12-03,한,수,,54,배휴준,지성한,462
15404,서울,2005-12-03,한,수,,55,유재길,진교원,484
15405,서울,2005-12-03,한,수,,55,김춘근,이연택,482
15406,서울,2005-12-03,한,수,,53,최상식,장현종,483
15407,서울,2005-12-03,한,수,,56,윤치운,유영주,489
15408,서울,2005-12-03,한,수,,50,하재흥,이중연,420
15409,서울,2005-12-03,한,암,,52,박덕준,나정웅,485
15410,서울,2005-12-03,한,암,,51,지용훈,이문철,465
15411,서울,2005-12-03,한,암,,49,박천서,박엽래,458
15412,서울,2005-12-03,한,암,,53,김양선,구자선,468
15413,서울,2005-12-03,미,암,,53,김문갑,이재욱,453
15414,서울,2005-12-03,한,거,,54,박종곤,김정배,440
15415,서울,2005-12-03,한,암,,53,김명국,이태식,426
15416,서울,2005-12-03,한,암,,52,곽영효,양수화,443
15417,서울,2005-12-03,한,수,,55,곽영효,이종무,495
15418,서울,2005-12-03,한,암,,53,박윤규,이필승,414
15419,서울,2005-12-03,한,암,,53,이희영,민영길,404
15420,서울,2005-12-03,일,암,,53,신우철,이수근,465
15421,서울,2005-12-03,한,암,,51,임봉춘,박상선,456
15422,서울,2005-12-03,한,암,,55,임봉춘,이정숙,519
15423,서울,2005-12-03,한,암,,51,강승영,신상길,435
15424,서울,2005-12-03,한,암,,52,안해양,윤여운,438
15425,서울,2005-12-03,한,수,,56,김일성,강태은,472
15426,서울,2005-12-03,한,수,,53,김점오,박종호,472
15427,서울,2005-12-03,한,암,,54,이용준,안영환,465
15428,서울,2005-12-03,한,암,,52,이희영,박환창,443
15429,서울,2005-12-03,한,거,,57,유재길,이동재,484
15430,서울,2005-12-03,일,암,,53,김명국,박양호,392
15431,서울,2005-12-03,한,거,,53,김대근,유병옥,458
15432,서울,2005-12-03,한,거,,54,김명국,김진철,430
15433,서울,2005-12-03,한,거,,55,김명국,이태식,462
15434,서울,2005-12-03,미,거,,53,김양선,오해석,517
15435,서울,2005-12-03,한,수,,51,박윤규,윤훈현,450
15436,서울,2005-12-03,한,암,,51,곽영효,양수화,485
15437,서울,2005-12-03,한,암,,51,한일영,대한사료,444
15438,서울,2005-12-03,한,암,,53,김명국,풀무원건강식품(주),430
15439,서울,2005-12-03,한,암,,53,박윤규,장석영,484
15440,서울,2005-12-03,일,암,,53,최혜식,박종률,454
15441,서울,2005-12-03,한,암,,53,김대근,최상섭,430
15442,서울,2005-12-03,한,암,,54,이종구,최인재,422
15443,서울,2005-12-03,한,암,,52,박원덕,이종석,482
15444,서울,2005-12-03,일,암,,55,최영주,장석린외1인(신치구),440
15445,서울,2005-12-03,뉴,암,,56,서범석,문금주,482
15446,서울,2005-12-03,한,암,,54,강명준,이광수a,489
15447,서울,2005-12-03,한,암,,52,이용준,김진철,440
15448,서울,2005-12-03,미,암,,53,김점오,박영철,409
15449,서울,2005-12-03,미,암,,53,이왕언,박정웅,431
15450,서울,2005-12-03,미,암,,56,김점오,박영철,481
15451,서울,2005-12-03,호,암,,55,윤치운,민영길,453
15452,서울,2005-12-03,미,암,,54,박천서,김희라,490
15453,서울,2005-12-03,한,암,,51,양재철,김기성,411
15454,서울,2005-12-03,한,암,,52,박희철,조원희,441
15455,서울,2005-12-03,한,암,,50,유재길,진교원,453
15456,서울,2005-12-03,한,암,,54,김학수,전기섭,416
15457,서울,2005-12-03,한,암,,52,지용훈,이민문,445
15458,서울,2005-12-03,한,암,,51,배휴준,이영숙,432
15459,서울,2005-12-03,한,암,,50,김춘근,이선종,423
15460,서울,2005-12-03,한,암,,51,이용준,강상우,456
15461,서울,2005-12-03,한,암,,48,신우철,김우식,430
15462,서울,2005-12-03,뉴,암,,57,김춘근,신준희,450
15463,서울,2005-12-03,한,암,,51,김병용,박흥길,449
15464,서울,2005-12-03,호,암,,53,정지은,권광세,482
15465,서울,2005-12-03,한,암,,53,박덕준,최원곤,463
15466,서울,2005-12-03,한,암,,52,김일성,일진코스메틱,453
15467,서울,2005-12-03,한,암,,54,김명국,김진철,422
15468,서울,2005-12-03,한,암,,53,김대근,김정규,427
15469,서울,2005-12-03,미,암,,53,김재복,김한영,483
15470,서울,2005-12-03,한,수,,53,박흥진,이효선,443
15471,서울,2005-12-03,한,수,,56,하재흥,김경민,493
15472,서울,2005-12-04,미,암,,55,김문갑,김서운,445
15473,서울,2005-12-04,한,암,,54,신우철,박정열,474
15474,서울,2005-12-04,한,암,,51,정지은,노환영,440
15475,서울,2005-12-04,한,암,,53,김대근,노병석,458
15476,서울,2005-12-04,미,암,,53,김문갑,박흥길,444
15477,서울,2005-12-04,한,암,,51,서정하,조동식,457
15478,서울,2005-12-04,호,암,,53,하재흥,강용식,474
15479,서울,2005-12-04,한,암,,56,지용훈,남기태,490
15480,서울,2005-12-04,한,암,,53,윤치운,한광세,487
15481,서울,2005-12-04,한,암,,54,김충근,이광수,451
15482,서울,2005-12-04,한,암,,50,임봉춘,이주형,467
15483,서울,2005-12-04,미,암,,55,김학수,김봉섭,479
15484,서울,2005-12-04,뉴,거,,57,김춘근,이선종,490
15485,서울,2005-12-04,한,거,,50,김일성,강태은,479
15486,서울,2005-12-04,한,거,,56,김대근,김완배,460
15487,서울,2005-12-04,한,수,,54,김대근,한일사료,480
15488,서울,2005-12-04,한,암,,55,최상식,장현종,428
15489,서울,2005-12-04,한,수,,54,김양선,구자선,505
15490,서울,2005-12-04,한,암,,53,박대흥,강충모,458
15491,서울,2005-12-04,한,암,,52,임형규,홍성운,392
15492,서울,2005-12-04,미,암,,54,김순근,원흥순,456
15493,서울,2005-12-04,한,암,,51,박흥진,장경환,436
15494,서울,2005-12-04,한,암,,50,최영주,권영원,450
15495,서울,2005-12-04,한,수,,58,곽영효,이종무,515
15496,서울,2005-12-04,한,수,,51,지용훈,이문철,462
15497,서울,2005-12-04,한,거,,55,김문갑,김서운,432
15498,서울,2005-12-04,미,수,,51,이종구,이영웅,469
15499,서울,2005-12-04,한,암,,54,이희영,곽영필,496
15500,서울,2005-12-04,미,암,,52,안해양,김휘남,468
15501,서울,2005-12-04,한,암,,53,최혜식,이재진,470
15502,서울,2005-12-04,한,암,,54,강승영,허영희,508
15503,서울,2005-12-04,한,암,,54,김윤섭,김채겸,458
15504,서울,2005-12-04,한,암,,51,이광복,장춘희,424
15505,서울,2005-12-04,한,암,,52,이왕언,범양해운,485
15506,서울,2005-12-04,뉴,암,,56,최상식,장재형,442
15507,서울,2005-12-04,한,암,,51,김양선,차영희,462
15508,서울,2005-12-04,한,암,,54,유재길,박종률,444
15509,서울,2005-12-04,한,암,,53,박희철,김창희,450
15510,서울,2005-12-04,한,암,,51,최영주,최상태,418
15511,서울,2005-12-04,한,암,,53,박종곤,박재범,456
15512,서울,2005-12-04,한,암,,49,김일성,조승민,441
15513,서울,2005-12-04,한,암,,48,김병용,조규학,418
15514,서울,2005-12-04,미,암,,50,박흥진,유준환,437
15515,서울,2005-12-04,한,암,,55,김춘근,오일랑,470
15516,서울,2005-12-04,한,암,,51,김대근,유병옥,490
15517,서울,2005-12-04,한,암,,54,박진호,정수남,508
15518,서울,2005-12-04,미,암,,55,김대근,최상섭,431
15519,서울,2005-12-04,뉴,암,,54,서범석,서순배,437
15520,서울,2005-12-04,일,암,,54,김춘근,신준희,435
15521,서울,2005-12-04,일,암,,53,최혜식,박형인,452
15522,서울,2005-12-04,한,암,,54,정지은,원흥순,431
15523,서울,2005-12-04,한,암,,54,박흥진,이용대,440
15524,서울,2005-12-04,한,암,,53,박희철,경규환,468
15525,서울,2005-12-04,미,암,,55,박대흥,정일권,457
15526,서울,2005-12-04,미,암,,53,이희영,오호극,454
15527,서울,2005-12-04,한,암,,51,강명준,김광영,411
15528,서울,2005-12-04,미,암,,51,이종구,유수택,511
15529,서울,2005-12-04,한,암,,55,박진호,정동진,466
15530,서울,2005-12-04,한,암,,50,고옥봉,오일랑,407
15531,서울,2005-12-04,뉴,암,,55,서범석,서순배,450
15532,서울,2005-12-04,미,암,,53,박원덕,최윤호,430
15533,서울,2005-12-04,한,수,,54,김학수,박남성,460
15534,서울,2005-12-04,한,수,,53,임봉춘,박상선,455
15535,서울,2005-12-04,미,수,,53,김양선,김종철,478
15536,서울,2005-12-04,한,수,,53,이왕언,김방철,477
15537,서울,2005-12-04,미,수,,53,정지은,이경우,481
15538,서울,2005-12-04,한,수,,55,김춘근,권익현,447
15539,서울,2005-12-04,한,수,,53,최상식,최춘섭,494
15540,서울,2005-12-04,한,거,,55.5,박대흥,남승현,473
15541,서울,2005-12-04,한,암,,54,최혜식,배석두,402
15542,서울,2005-12-04,한,거,,53,지용철,콤텍시스템,473
15543,서울,2005-12-04,한,거,,50,안해양,최동천,476
15544,서울,2005-12-04,한,거,,53,박윤규,방영섭,452
15545,서울,2005-12-04,한,거,,55,임봉춘,지원철,437
15546,서울,2005-12-04,한,거,,52,박천서,천병득,439
15547,서울,2005-12-04,한,수,,55,이용준,김종욱,475
15548,서울,2005-12-04,한,수,,55,윤치운,유영주,456
15549,서울,2005-12-04,미,거,,54,지용철,안대종,494
15550,서울,2005-12-04,한,암,,54,임봉춘,정규상,447
15551,서울,2005-12-04,한,거,,55,김명국,월곡목장영농조합,427
15552,서울,2005-12-04,한,거,,55,양재철,박현종,440
15553,서울,2005-12-04,한,거,,54,임봉춘,이선종,464
15554,서울,2005-12-04,뉴,거,,52,박덕준,나정웅,478
15555,서울,2005-12-04,미,거,,56,김학수,박남성,453
15556,서울,2005-12-04,호,거,,54,최혜식,박용훈,530
15557,서울,2005-12-04,영,거,,53,김윤섭,김채겸,460
15558,서울,2005-12-04,한,거,,52,곽영효,강용식,459
15559,서울,2005-12-04,한,거,,52,박천서,천병득,480
15560,서울,2005-12-04,미,거,,53,양재철,김종화,454
15561,서울,2005-12-04,미,암,,50,박종곤,박재범,426
15562,서울,2005-12-04,한,암,,54,김명국,박환창,412
15563,서울,2005-12-04,뉴,거,,50,정지은,청호컴넷(주),524
15564,서울,2005-12-04,한,거,,56.5,김명국,이태식,495
15565,서울,2005-12-04,한,암,,50,박흥진,장경환,451
15566,서울,2005-12-04,한,암,,52,김점오,김덕환,468
15567,서울,2005-12-04,한,암,,51,하재흥,김영수,461
15568,서울,2005-12-04,한,암,,49,이광복,이동언,473
15569,서울,2005-12-04,한,수,,55,강승영,한선호,427
15570,서울,2005-12-04,한,수,,54,김일성,임상윤,484
15571,서울,2005-12-04,한,수,,55,김대근,유병옥,497
15572,서울,2005-12-04,한,수,,55,양재철,윤임구,474
15573,서울,2005-12-04,한,수,,55,이종구,최인재,480
15574,서울,2005-12-04,한,수,,54,김춘근,이장한,447
15575,서울,2005-12-04,한,수,,54,김일성,조승민,476
15576,서울,2005-12-04,한,수,,57,김순근,제주축산개발,466
15577,서울,2005-12-04,한,거,,57,김윤섭,박치문,450
15578,서울,2005-12-04,한,거,,55,임봉춘,박태훈,444
15579,서울,2005-12-04,호,수,,53,김점오,김덕환,438
15580,서울,2005-12-04,한,수,,52,박희철,조병해,454
15581,서울,2005-12-04,미,수,,53,박흥진,유준환,512
15582,서울,2005-12-04,한,수,,53,이광복,이용익,461
15583,서울,2005-12-04,한,수,,53,지용훈,남기태,478
15584,서울,2005-12-04,한,수,,54,지용훈,남기태,440
15585,서울,2005-12-04,한,수,,54,강명준,이수홍,464
15586,서울,2005-12-04,한,수,,53,이희영,민영길,470
15587,서울,2005-12-04,미,수,,50,하재흥,이종철,521
15588,서울,2005-12-04,한,수,,54,지용훈,이선호,497
15589,서울,2005-12-04,한,수,,52.5,지용철,황의영,475
15590,서울,2005-12-04,한,수,,50,배휴준,이영숙,488
15591,서울,2005-12-04,한,수,,54,유재길,이필승,485
15592,서울,2005-12-04,미,수,,54,박대흥,정일권,488
15593,서울,2005-12-04,한,수,,54,김명국,이태식,483
15594,서울,2005-12-04,한,수,,51,지용철,곽태훈,493
15595,서울,2005-12-04,한,수,,54,김순근,제주축산개발,411
15596,서울,2005-12-04,한,수,,52,강명준,변영남,527
15597,서울,2005-12-04,한,수,,55,이용준,임기준,462
15598,서울,2005-12-04,한,수,,57,강명준,변영남,508
15599,서울,2005-12-04,한,수,,55,이희영,정규상,460
15600,서울,2005-12-10,한,수,,53,이왕언,박정웅,440
15601,서울,2005-12-10,한,수,,54,박덕준,백운창,453
15602,서울,2005-12-10,일,암,,54,김순근,최상경,453
15603,서울,2005-12-10,뉴,거,,53,서범석,박남성,485
15604,서울,2005-12-10,한,암,,51,김양선,김종철,424
15605,서울,2005-12-10,한,암,,54,고옥봉,김완배,416
15606,서울,2005-12-10,미,암,,50,이종구,정진태,389
15607,서울,2005-12-10,한,수,,54,최상식,장현종,471
15608,서울,2005-12-10,한,수,,54.5,김점오,유순목,466
15609,서울,2005-12-10,한,수,,55,하재흥,김정배,482
15610,서울,2005-12-10,한,수,,50,최상식,최춘섭,454
15611,서울,2005-12-10,한,수,,53,황의성,김각경,425
15612,서울,2005-12-10,한,수,,54,강승영,강남환,467
15613,서울,2005-12-10,한,암,,54,박대흥,최춘섭,467
15614,서울,2005-12-10,일,수,,51,지용훈,이선호,432
15615,서울,2005-12-10,한,수,,57.5,김충근,이광수,504
15616,서울,2005-12-10,한,수,,52,정지은,에쓰푸드홀딩스(주),464
15617,서울,2005-12-10,한,암,,52,신우철,김덕애,424
15618,서울,2005-12-10,한,암,,54,이희영,박환창,417
15619,서울,2005-12-10,한,암,,54,이희영,이종원,503
15620,서울,2005-12-10,한,거,,53,박천서,유미개발,491
15621,서울,2005-12-10,미,수,,53,이광복,서순배,504
15622,서울,2005-12-10,한,수,,53,박희철,장석린외1인(신치구),460
15623,서울,2005-12-10,미,암,,54,박원덕,이정원,436
15624,서울,2005-12-10,한,암,,53,최혜식,이종원,439
15625,서울,2005-12-10,호,암,,50,정지은,이영철,499
15626,서울,2005-12-10,한,거,,50,박원덕,박정웅,435
15627,서울,2005-12-10,미,암,,54,양재철,임관호,503
15628,서울,2005-12-10,한,암,,52,박흥진,유준환,448
15629,서울,2005-12-10,한,암,,52,임봉춘,이선종,482
15630,서울,2005-12-10,한,암,,53,최혜식,박정열,430
15631,서울,2005-12-10,한,암,,54,이인호,서익수,438
15632,서울,2005-12-10,인,암,,54,서범석,문금주,486
15633,서울,2005-12-10,한,암,,52,윤치운,오상철,448
15634,서울,2005-12-10,한,암,,53,김양선,김종철,478
15635,서울,2005-12-10,한,암,,54,강승영,권영원,436
15636,서울,2005-12-10,한,암,,54,이왕언,신건호,485
15637,서울,2005-12-10,한,암,,54,김춘근,이보원,424
15638,서울,2005-12-10,한,암,,52,김학수,전기섭,422
15639,서울,2005-12-10,한,암,,52,배휴준,지성한,462
15640,서울,2005-12-10,한,암,,51,서정하,장철환,458
15641,서울,2005-12-10,한,암,,50,김문갑,어울림네트웍스,454
15642,서울,2005-12-10,한,암,,51,윤치운,오상철,450
15643,서울,2005-12-10,미,암,,54,이종구,정진태,464
15644,서울,2005-12-10,한,암,,49,임형규,전기섭,423
15645,서울,2005-12-10,한,암,,52,박진호,명인환,479
15646,서울,2005-12-10,한,암,,53,양재철,한광세,518
15647,서울,2005-12-10,한,암,,53,김춘근,권익현,460
15648,서울,2005-12-10,호,암,,50,박대흥,남승현,431
15649,서울,2005-12-10,한,암,,49,서정하,구자선,493
15650,서울,2005-12-10,한,암,,50,안해양,최동천,460
15651,서울,2005-12-10,한,암,,49,박천서,천병득,467
15652,서울,2005-12-10,한,암,,53,최혜식,박동규,498
15653,서울,2005-12-10,한,암,,53,서정하,김광영,440
15654,서울,2005-12-10,한,암,,51,박흥진,김도윤,406
15655,서울,2005-12-10,한,암,,51,유재길,박용훈,445
15656,서울,2005-12-10,한,수,,52,강승영,권영원,413
15657,서울,2005-12-10,한,수,,53,하재흥,김병현,446
15658,서울,2005-12-10,한,수,,57.5,안해양,윤영기,488
15659,서울,2005-12-10,한,수,,52,유재길,진교원,479
15660,서울,2005-12-10,한,수,,52,박천서,유미개발,500
15661,서울,2005-12-10,일,수,,53,김명국,이태식,431
15662,서울,2005-12-10,미,수,,53,김양선,박남성,495
15663,서울,2005-12-10,일,수,,52,최영주,신항철,498
15664,서울,2005-12-10,한,수,,52,안해양,유수택,526
15665,서울,2005-12-10,한,수,,55,김윤섭,김준일,460
15666,서울,2005-12-10,한,수,,53,강명준,이광수a,442
15667,서울,2005-12-10,한,수,,53,곽영효,강신호,483
15668,서울,2005-12-10,한,수,,53,김학수,이용익,490
15669,서울,2005-12-10,한,수,,52,김일성,임상윤,468
15670,서울,2005-12-10,미,수,,53,이종구,최수군,474
15671,서울,2005-12-10,한,수,,53,지용철,남기태,485
15672,서울,2005-12-10,한,수,,53,유재길,박용훈,460
15673,서울,2005-12-10,한,수,,54.5,최혜식,박동규,497
15674,서울,2005-12-10,한,수,,54.5,지용훈,이민문,485
15675,서울,2005-12-10,한,수,,54,안해양,최동천,465
15676,서울,2005-12-10,한,수,,55,박대흥,지대섭,469
15677,서울,2005-12-10,한,수,,56,강명준,김광영,455
15678,서울,2005-12-10,미,수,,55,한일영,김양호,526
15679,서울,2005-12-10,한,수,,50,김윤섭,김채겸,500
15680,서울,2005-12-10,한,수,,52,박진호,명인환,506
15681,서울,2005-12-10,뉴,거,,57,김재복,양길순,448
15682,서울,2005-12-10,한,거,,55,박대흥,최애식,475
15683,서울,2005-12-10,한,거,,51,안해양,최동천,449
15684,서울,2005-12-10,미,거,,51,배휴준,지성한,453
15685,서울,2005-12-10,아일,거,,53,이인호,오만준,504
15686,서울,2005-12-10,한,거,,54.5,이광복,이필승,448
15687,서울,2005-12-10,한,수,,55,유재길,허병하,448
15688,서울,2005-12-10,일,거,,52,박천서,박형인,470
15689,서울,2005-12-10,한,암,,53,박희철,김완배,522
15690,서울,2005-12-10,미,거,,50,김재복,김종한,497
15691,서울,2005-12-10,한,거,,55,김일성,김용래,515
15692,서울,2005-12-10,뉴,거,,56.5,강명준,이광수a,457
15693,서울,2005-12-10,미,거,,55,김재복,김한영,480
15694,서울,2005-12-10,뉴,거,,54,서정하,구자선,460
15695,서울,2005-12-10,한,거,,53,이희영,오호극,498
15696,서울,2005-12-10,한,암,,54,박원덕,이효선,437
15697,서울,2005-12-10,한,암,,53,김윤섭,심상춘,460
15698,서울,2005-12-10,한,수,,53,강명준,유무성,477
15699,서울,2005-12-10,한,암,,53,최상식,조동식,478
15700,서울,2005-12-10,한,수,,55,하재흥,신동열,515
15701,서울,2005-12-10,한,수,,51,지용철,황의영,506
15702,서울,2005-12-10,미,수,,57.5,양재철,김종화,464
15703,서울,2005-12-10,한,수,,53,강승영,오호극,477
15704,서울,2005-12-10,한,수,,55,박덕준,김영철,461
15705,서울,2005-12-10,한,수,,55,곽영효,양수화,491
15706,서울,2005-12-10,한,거,,53,박천서,박엽래,466
15707,서울,2005-12-10,한,거,,55,이왕언,신건호,484
15708,서울,2005-12-10,한,수,,52,정지은,청호컴넷(주),483
15709,서울,2005-12-10,한,수,,52,한일영,홍영대,494
15710,서울,2005-12-10,한,수,,53,이종구,백종헌,465
15711,서울,2005-12-10,한,수,,55,김일성,조승민,448
15712,서울,2005-12-10,한,수,,55,지용철,강성보,514
15713,서울,2005-12-10,한,수,,54,서정하,권오학,447
15714,서울,2005-12-10,한,수,,53,김일성,조승민,511
15715,서울,2005-12-10,한,수,,53,김대근,최상섭,477
15716,서울,2005-12-10,한,수,,52,하재흥,김경민,479
15717,서울,2005-12-10,한,수,,52,김점오,박흥길,484
15718,서울,2005-12-10,한,수,,51,서범석,문금주,465
15719,서울,2005-12-10,미,수,,53,한일영,김양호,441
15720,서울,2005-12-10,한,수,,53,박희철,오경의,441
15721,서울,2005-12-10,한,수,,53,박흥진,김도윤,514
15722,서울,2005-12-10,한,수,,54,하재흥,이유환,463
15723,서울,2005-12-11,한,수,,53,지용철,황의영,463
15724,서울,2005-12-11,한,수,,52,박천서,지원철,490
15725,서울,2005-12-11,뉴,거,,51,박진호,명인환,536
15726,서울,2005-12-11,미,거,,52,김문갑,이재욱,457
15727,서울,2005-12-11,뉴,거,,52,김재복,정이남,445
15728,서울,2005-12-11,뉴,거,,54,김명국,이태식,426
15729,서울,2005-12-11,뉴,거,,57,박원덕,이정원,495
15730,서울,2005-12-11,호,거,,57,박천서,천병득,524
15731,서울,2005-12-11,일,거,,53,이종구,최인재,477
15732,서울,2005-12-11,뉴,거,,55,박덕준,백운창,481
15733,서울,2005-12-11,한,수,,53,지용철,황의영,463
15734,서울,2005-12-11,한,거,,53,이용준,김명식,464
15735,서울,2005-12-11,한,거,,54,지용훈,남기태,475
15736,서울,2005-12-11,호,거,,56,박천서,천병득,430
15737,서울,2005-12-11,한,거,,51,박희철,경규환,465
15738,서울,2005-12-11,한,거,,55,최혜식,박정열,451
15739,서울,2005-12-11,한,거,,55,김대근,유병옥,464
15740,서울,2005-12-11,미,거,,57,김윤섭,한광세,461
15741,서울,2005-12-11,한,거,,56,박대흥,김용정,513
15742,서울,2005-12-11,미,거,,50,이종구,정진태,498
15743,서울,2005-12-11,한,암,,51,김양선,정이남,422
15744,서울,2005-12-11,한,암,,50,김재복,박재율,476
15745,서울,2005-12-11,한,수,,55,지용훈,김영진,485
15746,서울,2005-12-11,한,암,,51,유재길,조병해,400
15747,서울,2005-12-11,미,거,,53,지용철,안대종,463
15748,서울,2005-12-11,뉴,거,,52,김학수,박흥길,475
15749,서울,2005-12-11,한,거,,55,김윤섭,한광세,485
15750,서울,2005-12-11,한,거,,57,김명국,이재효,433
15751,서울,2005-12-11,한,거,,53,김순근,이윤화,412
15752,서울,2005-12-11,한,수,,55,최영주,박요선,465
15753,서울,2005-12-11,한,수,,56,김순근,지대섭,494
15754,서울,2005-12-11,한,수,,55,박희철,진재순,479
15755,서울,2005-12-11,한,수,,53,윤치운,김성두,502
15756,서울,2005-12-11,한,수,,51,김일성,김용래,498
15757,서울,2005-12-11,한,수,,50,박천서,임영일,468
15758,서울,2005-12-11,뉴,수,,54.5,김순근,김상태,504
15759,서울,2005-12-11,한,수,,55,이광복,서순배,492
15760,서울,2005-12-11,한,암,,54,김점오,박영철,472
15761,서울,2005-12-11,한,암,,53,이왕언,이영서,487
15762,서울,2005-12-11,미,수,,56,이용준,김명식,561
15763,서울,2005-12-11,한,수,,57,최혜식,조진환,471
15764,서울,2005-12-11,미,수,,53,김윤섭,한광세,472
15765,서울,2005-12-11,일,수,,53,박진호,함운일,451
15766,서울,2005-12-11,헨,수,,56,서정하,허영희,458
15767,서울,2005-12-11,한,수,,53,이용준,김명식,494
15768,서울,2005-12-11,한,수,,51,이광복,김수경,515
15769,서울,2005-12-11,한,수,,51,이광복,이동기,466
15770,서울,2005-12-11,한,수,,53,김학수,김진철,487
15771,서울,2005-12-11,미,수,,55,이종구,박정록,560
15772,서울,2005-12-11,한,수,,53,김순근,김순주,429
15773,서울,2005-12-11,한,수,,55,정지은,이부용,487
15774,서울,2005-12-11,미,수,,54,이광복,서순배,500
15775,서울,2005-12-11,한,수,,52,신우철,선우패션,483
15776,서울,2005-12-11,한,수,,50,박진호,함운일,448
15777,서울,2005-12-11,한,수,,51,하재흥,신동열,479
15778,서울,2005-12-11,한,수,,57,김양선,정세능,477
15779,서울,2005-12-11,한,수,,53,이희영,송숙자,435
15780,서울,2005-12-11,한,수,,56,김점오,이송,492
15781,서울,2005-12-11,한,수,,53,박대흥,남승현,479
15782,서울,2005-12-11,한,암,,50,박윤규,김종식,460
15783,서울,2005-12-11,일,암,,54,박진호,이재원,495
15784,서울,2005-12-11,일,암,,52,한일영,김양호,484
15785,서울,2005-12-11,한,암,,53,지용훈,김영진,453
15786,서울,2005-12-11,미,암,,54,김춘근,김한영,432
15787,서울,2005-12-11,한,암,,54,최상식,조동식,390
15788,서울,2005-12-11,한,암,,49,신우철,김병현,454
15789,서울,2005-12-11,한,암,,53,한일영,이희연,450
15790,서울,2005-12-11,한,암,,52,김병용,조규학,396
15791,서울,2005-12-11,한,암,,53,박희철,김방철,417
15792,서울,2005-12-11,한,암,,57,서범석,신준수,479
15793,서울,2005-12-11,미,암,,54,박흥진,유준환,454
15794,서울,2005-12-11,일,암,,53,유재길,진교원,431
15795,서울,2005-12-11,뉴,암,,52,박원덕,이효선,459
15796,서울,2005-12-11,한,암,,50,안해양,강홍수,428
15797,서울,2005-12-11,한,수,,57,윤치운,박희주,461
15798,서울,2005-12-11,한,수,,53,김문갑,어울림네트웍스,471
15799,서울,2005-12-11,뉴,수,,50,정지은,김지훈,452
15800,서울,2005-12-11,한,암,,55,김대근,노병석,440
15801,서울,2005-12-11,한,암,,53,김문갑,김성두,439
15802,서울,2005-12-11,일,암,,50,배휴준,이상홍,425
15803,서울,2005-12-11,호,암,,52,지용철,이근우,432
15804,서울,2005-12-11,뉴,거,,54,박원덕,이정원,435
15805,서울,2005-12-11,한,거,,52,고옥봉,전좌식,488
15806,서울,2005-12-11,한,거,,53,정지은,권광세,508
15807,서울,2005-12-11,한,암,,52,김일성,류근상,492
15808,서울,2005-12-11,한,암,,53,김윤섭,심상춘,483
15809,서울,2005-12-11,한,암,,57,박진호,김우창,481
15810,서울,2005-12-11,호,수,,53,박대흥,남승현,524
15811,서울,2005-12-11,한,암,,55,윤치운,김각경,448
15812,서울,2005-12-11,한,암,,53,황의성,김각경,435
15813,서울,2005-12-11,호,거,,55,지용훈,조용학,499
15814,서울,2005-12-11,한,거,,55,최혜식,은희만,441
15815,서울,2005-12-11,한,암,,51,신우철,안영환,478
15816,서울,2005-12-11,뉴,암,,51,서범석,문금주,459
15817,서울,2005-12-11,한,암,,48,임형규,황수웅,430
15818,서울,2005-12-11,한,암,,54,최영주,이영욱a,423
15819,서울,2005-12-11,한,암,,51,배휴준,박승만,472
15820,서울,2005-12-11,한,암,,53,김학수,박성구,413
15821,서울,2005-12-11,미,암,,51,김문갑,이재욱,442
15822,서울,2005-12-11,일,암,,53,이왕언,박정웅,414
15823,서울,2005-12-11,한,암,,55,임봉춘,윤일균,470
15824,서울,2005-12-11,한,암,,55,김명국,박양호,458
15825,서울,2005-12-11,한,암,,54,김순근,맹원재,436
15826,서울,2005-12-11,한,암,,55,김점오,김덕환,423
15827,서울,2005-12-11,미,암,,53,이종구,최수군,463
15828,서울,2005-12-11,한,암,,54,박덕준,서승린,408
15829,서울,2005-12-11,한,암,,50,이광복,최건호,0
15830,서울,2005-12-11,한,암,,54,서정하,김봉조,475
15831,서울,2005-12-11,미,암,,53,곽영효,허영희,472
15832,서울,2005-12-11,미,암,,53,김학수,김봉섭,459
15833,서울,2005-12-11,미,암,,54,양재철,임관호,458
15834,서울,2005-12-11,한,암,,53,서범석,장철환,460
15835,서울,2005-12-11,한,암,,56,김춘근,이연택,451
15836,서울,2005-12-11,아일,암,,53,서정하,권오학,457
15837,서울,2005-12-11,일,암,,53,최혜식,권영탁,473
15838,서울,2005-12-11,한,암,,50,임형규,황수웅,486
15839,서울,2005-12-11,한,암,,54,김윤섭,김준일,408
15840,서울,2005-12-11,한,암,,53,임봉춘,장용석,473
15841,서울,2005-12-11,한,암,,51,김문갑,김성두,446
15842,서울,2005-12-11,미,암,,53,김양선,홍평우,450
15843,서울,2005-12-11,한,암,,53,임봉춘,장세창,474
15844,서울,2005-12-11,한,수,,53,김춘근,김용성,393
15845,서울,2005-12-11,한,수,,54,이종구,김기영,536
15846,서울,2005-12-17,한,수,,56,박원덕,이종석,445
15847,서울,2005-12-17,한,수,,55,이희영,정규상,433
15848,서울,2005-12-17,한,수,,53,양재철,윤임구,466
15849,서울,2005-12-17,한,수,,57,최혜식,박상선,470
15850,서울,2005-12-17,한,수,,55,박종곤,박재범,531
15851,서울,2005-12-17,한,수,,51,지용철,정수남,513
15852,서울,2005-12-17,미,수,,53,정지은,지대섭,492
15853,서울,2005-12-17,한,암,,54,김양선,서운석,434
15854,서울,2005-12-17,한,암,,54,김명국,박양호,430
15855,서울,2005-12-17,한,암,,53,김춘근,이보원,465
15856,서울,2005-12-17,한,암,,53,김대근,김정규,441
15857,서울,2005-12-17,뉴,수,,53,김학수,박성구,481
15858,서울,2005-12-17,미,수,,53,서정하,김창식,479
15859,서울,2005-12-17,일,거,,55,강명준,김광영,514
15860,서울,2005-12-17,한,수,,53,강명준,김광영,466
15861,서울,2005-12-17,한,수,,55,이인호,오만준,454
15862,서울,2005-12-17,한,수,,55,이희영,정규상,465
15863,서울,2005-12-17,한,수,,55,김양선,구자선,427
15864,서울,2005-12-17,한,수,,55,박원덕,안덕기,467
15865,서울,2005-12-17,한,수,,55,최혜식,이종원,479
15866,서울,2005-12-17,한,수,,55,강명준,김양호,489
15867,서울,2005-12-17,한,수,,50,박희철,조병해,473
15868,서울,2005-12-17,한,수,,55,박원덕,이정원,479
15869,서울,2005-12-17,일,수,,53,김양선,서운석,488
15870,서울,2005-12-17,한,수,,53,한일영,김광영,484
15871,서울,2005-12-17,한,수,,53.5,김윤섭,김채겸,500
15872,서울,2005-12-17,한,수,,51,신우철,최관식,503
15873,서울,2005-12-17,한,수,,53,박희철,서정훈,456
15874,서울,2005-12-17,한,수,,55,박덕준,허헌회,0
15875,서울,2005-12-17,한,수,,55,지용철,구필모,482
15876,서울,2005-12-17,한,수,,50,박윤규,윤훈현,443
15877,서울,2005-12-17,한,수,,53,이왕언,김방철,454
15878,서울,2005-12-17,미,수,,53,박대흥,정일권,532
15879,서울,2005-12-17,한,수,,55,곽영효,윤종웅,498
15880,서울,2005-12-17,미,수,,53,서범석,서순배,459
15881,서울,2005-12-17,한,수,,55,윤치운,박희주,404
15882,서울,2005-12-17,한,수,,55,최영주,반승일,436
15883,서울,2005-12-17,한,수,,53,김윤섭,박태훈,445
15884,서울,2005-12-17,한,수,,55,임봉춘,이주형,446
15885,서울,2005-12-17,한,거,,54,김재복,김한영,464
15886,서울,2005-12-17,뉴,거,,53,서정하,김창식,438
15887,서울,2005-12-17,한,거,,52,박대흥,정일권,460
15888,서울,2005-12-17,미,수,,53,김문갑,이수빈,472
15889,서울,2005-12-17,한,거,,56.5,최영주,홍성운,481
15890,서울,2005-12-17,한,거,,55,한일영,이수홍,474
15891,서울,2005-12-17,한,거,,51,박덕준,백운창,454
15892,서울,2005-12-17,한,암,,51,박희철,김경민,468
15893,서울,2005-12-17,한,거,,53.5,김점오,김창희,474
15894,서울,2005-12-17,한,거,,55,박흥진,김도윤,496
15895,서울,2005-12-17,한,거,,53,이왕언,박성구,516
15896,서울,2005-12-17,한,거,,55,김대근,노병석,420
15897,서울,2005-12-17,한,거,,55,고옥봉,오일랑,488
15898,서울,2005-12-17,한,거,,51,박종곤,김정배,438
15899,서울,2005-12-17,미,거,,53,이종구,최수군,471
15900,서울,2005-12-17,한,거,,54,김대근,김정규,495
15901,서울,2005-12-17,호,암,,50,정지은,이종휘,420
15902,서울,2005-12-17,한,암,,55,윤치운,오상철,418
15903,서울,2005-12-17,일,암,,50,정지은,노환영,464
15904,서울,2005-12-17,한,암,,53.5,고옥봉,정병조,429
15905,서울,2005-12-17,한,암,,53,지용훈,조용학,447
15906,서울,2005-12-17,한,암,,53,임봉춘,권태우,458
15907,서울,2005-12-17,뉴,암,,53,김명국,김진철,441
15908,서울,2005-12-17,한,암,,50,정지은,이영철,435
15909,서울,2005-12-17,한,암,,50,이희영,이종원,454
15910,서울,2005-12-17,한,암,,51,박흥진,제주축협,448
15911,서울,2005-12-17,한,암,,50,김점오,박종호,500
15912,서울,2005-12-17,한,암,,53,유재길,이동재,476
15913,서울,2005-12-17,뉴,암,,50,김순근,최상경,406
15914,서울,2005-12-17,한,암,,51,김충근,이재호,484
15915,서울,2005-12-17,한,거,,52,박대흥,남승현,470
15916,서울,2005-12-17,한,암,,52,박흥진,이용대,437
15917,서울,2005-12-17,한,암,,53,하재흥,이상오,490
15918,서울,2005-12-17,한,암,,51,김학수,김병묵,423
15919,서울,2005-12-17,일,암,,53,박덕준,허헌회,421
15920,서울,2005-12-17,한,암,,53,김점오,김창희,401
15921,서울,2005-12-17,호,암,,53,김명국,김교준,434
15922,서울,2005-12-17,한,암,,51,강명준,김광영,429
15923,서울,2005-12-17,한,암,,52,박희철,조원희,448
15924,서울,2005-12-17,한,암,,50,배휴준,지성한,473
15925,서울,2005-12-17,한,암,,52,지용철,김우창,433
15926,서울,2005-12-17,한,암,,51,이종구,최인재,434
15927,서울,2005-12-17,한,암,,53.5,지용훈,이문철,458
15928,서울,2005-12-17,한,암,,56.5,곽영효,강용식,485
15929,서울,2005-12-17,한,암,,51,김점오,김창희,451
15930,서울,2005-12-17,한,암,,51,박윤규,이필승,458
15931,서울,2005-12-17,한,암,,51,안해양,윤여운,446
15932,서울,2005-12-17,한,암,,54,고옥봉,이기선,450
15933,서울,2005-12-17,한,암,,54,박종곤,박재범,455
15934,서울,2005-12-17,한,암,,51,이광복,최건호,512
15935,서울,2005-12-17,한,암,,52,임봉춘,이주형,474
15936,서울,2005-12-17,미,암,,50,서범석,최건호,440
15937,서울,2005-12-17,한,암,,49,신우철,박정열,469
15938,서울,2005-12-17,한,암,,52,이광복,최건호,448
15939,서울,2005-12-17,한,암,,51,정지은,홍범기,470
15940,서울,2005-12-17,인,암,,50,김춘근,신준희,499
15941,서울,2005-12-17,한,암,,54,최상식,박기흥,474
15942,서울,2005-12-17,한,암,,51,이희영,이상용,424
15943,서울,2005-12-17,한,암,,52,김재복,김한영,420
15944,서울,2005-12-17,한,암,,54,고옥봉,장홍주,431
15945,서울,2005-12-17,한,암,,55,한일영,양재열,428
15946,서울,2005-12-17,한,암,,55,임봉춘,이정숙,510
15947,서울,2005-12-17,한,암,,51,이광복,이필승,426
15948,서울,2005-12-17,한,암,,50,김문갑,김익영,412
15949,서울,2005-12-17,한,암,,52,안해양,윤여운,439
15950,서울,2005-12-17,한,암,,54,이인호,신성철,432
15951,서울,2005-12-17,호,암,,53,김춘근,권익현,437
15952,서울,2005-12-17,미,암,,54,이종구,정진태,431
15953,서울,2005-12-17,한,암,,51,지용철,이수길,449
15954,서울,2005-12-17,한,암,,54,하재흥,이수홍,449
15955,서울,2005-12-17,일,암,,53,김춘근,이보원,446
15956,서울,2005-12-17,한,암,,53,임봉춘,박상선,484
15957,서울,2005-12-17,한,암,,54,이왕언,박상선,420
15958,서울,2005-12-17,한,암,,54,김윤섭,김연호,485
15959,서울,2005-12-17,한,암,,53,이종구,최인재,498
15960,서울,2005-12-17,한,수,,51,이용준,신영식,501
15961,서울,2005-12-17,한,수,,56.5,박희철,조병해,442
15962,서울,2005-12-17,미,수,,53,이희영,이상용,454
15963,서울,2005-12-17,한,암,,52,이왕언,신건호,548
15964,서울,2005-12-17,한,암,,52,이종구,이영웅,442
15965,서울,2005-12-17,한,암,,50,강명준,배일성,417
15966,서울,2005-12-17,뉴,암,,52,박원덕,이일구,430
15967,서울,2005-12-17,뉴,거,,52,하재흥,신동열,466
15968,서울,2005-12-17,한,암,,53,박원덕,최윤호,443
15969,서울,2005-12-17,한,거,,52,임형규,정수남,434
15970,서울,2005-12-17,한,암,,55,이용준,임기준,458
15971,서울,2005-12-17,한,암,,52,양재철,박현종,468
15972,서울,2005-12-17,한,거,,58,박대흥,남승현,513
15973,서울,2005-12-17,한,수,,55,최상식,장재형,451
15974,서울,2005-12-17,미,암,,49,김순근,원흥순,456
15975,서울,2005-12-18,한,거,,52,임봉춘,박종률,494
15976,서울,2005-12-18,한,거,,53,최영주,신영균,447
15977,서울,2005-12-18,한,거,,55,곽영효,양수화,432
15978,서울,2005-12-18,한,거,,52,임봉춘,이선종,463
15979,서울,2005-12-18,한,거,,52,한일영,이수홍,515
15980,서울,2005-12-18,미,거,,58,박대흥,정일권,464
15981,서울,2005-12-18,한,암,,53,지용훈,조용학,493
15982,서울,2005-12-18,한,암,,53,유재길,박종률,486
15983,서울,2005-12-18,한,암,,55,배휴준,인원식,473
15984,서울,2005-12-18,한,암,,51,안해양,윤영기,486
15985,서울,2005-12-18,한,암,,51,김학수,김완배,442
15986,서울,2005-12-18,한,암,,54,서정하,천병득,397
15987,서울,2005-12-18,한,암,,53,지용훈,조용학,468
15988,서울,2005-12-18,한,암,,53,정지은,에쓰푸드홀딩스(주),469
15989,서울,2005-12-18,한,암,,54,김충근,허건호,462
15990,서울,2005-12-18,한,암,,53,김점오,김창희,491
15991,서울,2005-12-18,한,암,,49,김순근,이윤화,448
15992,서울,2005-12-18,한,암,,54,김양선,전기섭,462
15993,서울,2005-12-18,한,암,,51,유재길,허병하,458
15994,서울,2005-12-18,한,암,,53,김문갑,이재욱,417
15995,서울,2005-12-18,한,암,,53,김윤섭,김연호,469
15996,서울,2005-12-18,한,암,,53,김대근,노병석,417
15997,서울,2005-12-18,한,암,,54,고옥봉,박요선,492
15998,서울,2005-12-18,한,암,,51,김윤섭,윤세영,449
15999,서울,2005-12-18,한,암,,51,김병용,박흥길,441
16000,서울,2005-12-18,한,암,,48,박종곤,방형린,460
16001,서울,2005-12-18,한,암,,55,최상식,조동식,457
16002,서울,2005-12-18,한,암,,54,양재철,김기성,414
16003,서울,2005-12-18,한,암,,54,박윤규,허영희,441
16004,서울,2005-12-18,한,암,,54,김명국,박양호,437
16005,서울,2005-12-18,한,암,,56,박덕준,백운창,0
16006,서울,2005-12-18,한,암,,56,이광복,최관식,505
16007,서울,2005-12-18,한,암,,56,김학수,박재범,419
16008,서울,2005-12-18,한,암,,53,박흥진,송용식,448
16009,서울,2005-12-18,한,암,,57,김춘근,이보원,441
16010,서울,2005-12-18,한,암,,53,유재길,허병하,457
16011,서울,2005-12-18,한,암,,54,박대흥,청호컴넷(주),463
16012,서울,2005-12-18,한,암,,51,박윤규,이필승,426
16013,서울,2005-12-18,한,암,,54,신우철,김경민,510
16014,서울,2005-12-18,한,암,,54,유재길,조병해,461
16015,서울,2005-12-18,한,암,,50,박천서,지원철,477
16016,서울,2005-12-18,한,암,,50,김학수,김병묵,503
16017,서울,2005-12-18,미,암,,53,김점오,박영철,480
16018,서울,2005-12-18,한,암,,51,김대근,김진구,446
16019,서울,2005-12-18,한,암,,55,박윤규,권오학,462
16020,서울,2005-12-18,한,암,,54,최상식,임우근,408
16021,서울,2005-12-18,한,암,,52,정지은,최여경,486
16022,서울,2005-12-18,한,암,,49,박천서,박엽래,462
16023,서울,2005-12-18,미,암,,53,김명국,김진철,455
16024,서울,2005-12-18,한,암,,51,서범석,임기준,486
16025,서울,2005-12-18,한,암,,54,김춘근,이선종,485
16026,서울,2005-12-18,한,암,,55,김명국,김진철,448
16027,서울,2005-12-18,한,암,,53,김순근,맹원재,471
16028,서울,2005-12-18,한,수,,51,이용준,김명식,433
16029,서울,2005-12-18,미,암,,53,김문갑,이재욱,445
16030,서울,2005-12-18,한,암,,49,이희영,박환창,442
16031,서울,2005-12-18,한,암,,53,김문갑,김성두,454
16032,서울,2005-12-18,한,수,,55,유재길,허병하,470
16033,서울,2005-12-18,한,수,,51,지용철,이근우,504
16034,서울,2005-12-18,한,암,,51,김양선,김종철,400
16035,서울,2005-12-18,한,암,,52,유재길,진교원,462
16036,서울,2005-12-18,한,암,,56,강명준,김길중,440
16037,서울,2005-12-18,한,암,,53,서범석,문금주,473
16038,서울,2005-12-18,한,수,,52,신우철,안영환,457
16039,서울,2005-12-18,한,수,,53,김춘근,김주성,456
16040,서울,2005-12-18,한,수,,51,이광복,최명균,438
16041,서울,2005-12-18,한,수,,52,김재복,김종한,480
16042,서울,2005-12-18,일,수,,53,서정하,은희만,455
16043,서울,2005-12-18,한,수,,53,박진호,이재원,468
16044,서울,2005-12-18,한,수,,53,임봉춘,이영욱,471
16045,서울,2005-12-18,한,수,,54,박희철,조원희,474
16046,서울,2005-12-18,한,수,,52,이종구,서정훈,444
16047,서울,2005-12-18,한,수,,53,이희영,민영길,479
16048,서울,2005-12-18,한,수,,53,박흥진,김성두,479
16049,서울,2005-12-18,일,암,,53,이왕언,박정웅,460
16050,서울,2005-12-18,한,암,,54,윤치운,윤문수,505
16051,서울,2005-12-18,한,거,,53,김일성,일진코스메틱,493
16052,서울,2005-12-18,한,수,,54,지용철,황의영,449
16053,서울,2005-12-18,한,수,,55,지용훈,이선호,470
16054,서울,2005-12-18,한,수,,53,이광복,이용대,471
16055,서울,2005-12-18,한,수,,53,신우철,박용훈,492
16056,서울,2005-12-18,한,수,,49,임형규,전기섭,455
16057,서울,2005-12-18,한,수,,55,최영주,반승일,456
16058,서울,2005-12-18,한,수,,53,이종구,최수군,0
16059,서울,2005-12-18,한,수,,53,김병용,정몽규,459
16060,서울,2005-12-18,한,수,,51,김일성,강태은,504
16061,서울,2005-12-18,한,수,,55,김윤섭,한광세,516
16062,서울,2005-12-18,호,수,,53,하재흥,이상오,556
16063,서울,2005-12-18,일,수,,58,박희철,유정희,488
16064,서울,2005-12-18,한,수,,52,정지은,홍범기,434
16065,서울,2005-12-18,한,수,,53,이왕언,박형인,445
16066,서울,2005-12-18,한,수,,51,강승영,강남환,497
16067,서울,2005-12-18,한,수,,59.5,양재철,윤임구,482
16068,서울,2005-12-18,한,수,,52,김병용,박흥길,434
16069,서울,2005-12-18,한,수,,51,임형규,서상주,516
16070,서울,2005-12-18,한,수,,49,임형규,정수남,484
16071,서울,2005-12-18,한,수,,52,임형규,정수남,459
16072,서울,2005-12-18,일,수,,53,강명준,이광수a,450
16073,서울,2005-12-18,한,수,,53,안해양,윤여운,445
16074,서울,2005-12-18,한,수,,53,안해양,윤영기,503
16075,서울,2005-12-18,한,수,,52,최혜식,박정열,464
16076,서울,2005-12-18,한,수,,52,이광복,대일화학,548
16077,서울,2005-12-18,호,수,,54,김학수,박환창,477
16078,서울,2005-12-18,한,수,,54,고옥봉,전좌식,452
16079,서울,2005-12-18,한,수,,53,서정하,조동식,459
16080,서울,2005-12-18,한,수,,56.5,지용훈,이선호,504
16081,서울,2005-12-18,한,수,,55,박덕준,허헌회,456
16082,서울,2005-12-18,한,수,,52,양재철,박현종,448
16083,서울,2005-12-18,한,수,,50,신우철,최관식,435
16084,서울,2005-12-18,한,수,,55,신우철,김현래,511
16085,서울,2005-12-18,한,수,,53,이인호,김방철,484
16086,서울,2005-12-18,한,수,,50,강승영,강남환,452
16087,서울,2005-12-18,미,수,,53,김양선,박남성,493
16088,서울,2005-12-18,한,수,,53,이용준,김명식,482
16089,서울,2005-12-18,한,수,,51,지용철,이수길,501
16090,서울,2005-12-18,미,수,,57,김문갑,정덕용,504
16091,서울,2005-12-18,한,수,,55,이인호,김방철,481
16092,서울,2005-12-18,한,수,,53,김대근,유병옥,470
16093,서울,2005-12-18,한,거,,56,박천서,윤훈현,501
16094,서울,2005-12-18,한,거,,55,고옥봉,정병조,483
16095,서울,2005-12-18,한,거,,55,박흥진,최효순,449
16096,서울,2005-12-18,한,거,,51,고옥봉,전좌식,507
16097,서울,2005-12-18,미,거,,58,김문갑,김익영,490
16098,서울,2005-12-18,미,거,,56,박원덕,최윤호,454
16099,서울,2005-12-18,한,거,,55,최영주,신항철,455
16100,서울,2005-12-24,미,수,,54,양재철,임관호,495
16101,서울,2005-12-24,한,암,,53,박윤규,권오학,430
16102,서울,2005-12-24,한,수,,53,서정하,김창식,536
16103,서울,2005-12-24,일,수,,53,김순근,권영술,498
16104,서울,2005-12-24,한,수,,55,신우철,진교원,482
16105,서울,2005-12-24,뉴,수,,55.5,김명국,박양호,468
16106,서울,2005-12-24,한,수,,55,김학수,박남성,428
16107,서울,2005-12-24,한,수,,55,박희철,조원희,465
16108,서울,2005-12-24,한,수,,55,김병용,우동희,457
16109,서울,2005-12-24,한,수,,53,유재길,권영탁,476
16110,서울,2005-12-24,한,수,,52,정지은,홍범기,429
16111,서울,2005-12-24,한,수,,57,이인호,권영술,494
16112,서울,2005-12-24,한,수,,55,하재흥,이유환,551
16113,서울,2005-12-24,한,수,,53,박종곤,링크폴로,487
16114,서울,2005-12-24,일,수,,53,곽영효,전덕순,495
16115,서울,2005-12-24,한,수,,55,박희철,조병해,455
16116,서울,2005-12-24,한,수,,50,안해양,최동천,448
16117,서울,2005-12-24,한,수,,55,최영주,신항철,479
16118,서울,2005-12-24,한,수,,55,지용철,이수길,442
16119,서울,2005-12-24,한,수,,55,박흥진,이효선,441
16120,서울,2005-12-24,한,수,,55,지용철,강성보,467
16121,서울,2005-12-24,한,수,,55,김충근,이광수,486
16122,서울,2005-12-24,한,암,,54,윤치운,박희주,469
16123,서울,2005-12-24,한,거,,52,안해양,윤여운,488
16124,서울,2005-12-24,한,거,,53.5,박흥진,김도윤,489
16125,서울,2005-12-24,한,거,,53,김학수,김봉섭,438
16126,서울,2005-12-24,한,거,,53.5,김명국,김용상,496
16127,서울,2005-12-24,호,거,,57,박천서,천병득,461
16128,서울,2005-12-24,한,거,,53,박희철,김수경,445
16129,서울,2005-12-24,뉴,거,,52,이광복,서순배,420
16130,서울,2005-12-24,한,거,,57,박원덕,최윤호,446
16131,서울,2005-12-24,한,거,,54,김대근,최상섭,469
16132,서울,2005-12-24,한,거,,55,임봉춘,지원철,437
16133,서울,2005-12-24,한,거,,51,유재길,월곡목장영농조합,459
16134,서울,2005-12-24,한,거,,52,곽영효,전영채,470
16135,서울,2005-12-24,한,수,,51,배휴준,박승만,485
16136,서울,2005-12-24,미,수,,55,하재흥,이종철,515
16137,서울,2005-12-24,한,수,,53,서정하,장철환,391
16138,서울,2005-12-24,한,수,,55,김점오,김창희,479
16139,서울,2005-12-24,한,수,,51,박종곤,링크폴로,464
16140,서울,2005-12-24,일,암,,52,이인호,민영길,477
16141,서울,2005-12-24,한,암,,51,배휴준,지성한,489
16142,서울,2005-12-24,한,수,,55,서정하,정영채,477
16143,서울,2005-12-24,한,수,,56,김병용,김명자,486
16144,서울,2005-12-24,한,수,,55,신우철,김현래,481
16145,서울,2005-12-24,한,수,,53,김일성,류근상,489
16146,서울,2005-12-24,미,수,,52,지용훈,조용학,495
16147,서울,2005-12-24,한,수,,51,배휴준,이영숙,482
16148,서울,2005-12-24,한,수,,53,최상식,임우근,440
16149,서울,2005-12-24,한,수,,55,이광복,유길상,483
16150,서울,2005-12-24,한,거,,55,김명국,이태식,459
16151,서울,2005-12-24,한,수,,53,김춘근,김한영,455
16152,서울,2005-12-24,한,수,,56,강승영,한선호,433
16153,서울,2005-12-24,한,수,,58.5,신우철,김현래,500
16154,서울,2005-12-24,미,수,,52,한일영,김양호,511
16155,서울,2005-12-24,한,수,,52,안해양,윤여운,490
16156,서울,2005-12-24,미,수,,52,한일영,홍영대,518
16157,서울,2005-12-24,한,수,,52,황의성,윤해영,476
16158,서울,2005-12-24,한,수,,57,김춘근,신준희,508
16159,서울,2005-12-24,한,수,,53.5,이종구,최수군,473
16160,서울,2005-12-24,한,수,,53,박종곤,곽영진,440
16161,서울,2005-12-24,한,수,,55,김춘근,안승찬,470
16162,서울,2005-12-24,한,수,,53,최영주,신항철,434
16163,서울,2005-12-24,한,수,,53.5,박덕준,허헌회,438
16164,서울,2005-12-24,호,수,,56,곽영효,허영희,474
16165,서울,2005-12-24,한,암,,53,박원덕,이정원,442
16166,서울,2005-12-24,한,암,,53,강승영,권영원,475
16167,서울,2005-12-24,한,암,,53,안해양,김봉섭,551
16168,서울,2005-12-24,일,암,,53,김명국,박양호,396
16169,서울,2005-12-24,한,암,,52,한일영,이희연,443
16170,서울,2005-12-24,한,암,,54,하재흥,김영수,467
16171,서울,2005-12-24,한,암,,52,이종구,최인재,427
16172,서울,2005-12-24,미,암,,53.5,김문갑,어울림네트웍스,449
16173,서울,2005-12-24,한,암,,51,박진호,김우창,494
16174,서울,2005-12-24,미,암,,53,박종곤,박재범,419
16175,서울,2005-12-24,일,암,,53,하재흥,엄삼탁,433
16176,서울,2005-12-24,미,암,,53,박흥진,유준환,425
16177,서울,2005-12-24,인,암,,51,이광복,임기준,421
16178,서울,2005-12-24,일,암,,50,유재길,허병하,462
16179,서울,2005-12-24,한,암,,54,이왕언,신건호,474
16180,서울,2005-12-24,한,암,,51,고옥봉,곽영필,479
16181,서울,2005-12-24,한,암,,52,서범석,장철환,506
16182,서울,2005-12-24,한,암,,51,이희영,민영길,403
16183,서울,2005-12-24,한,암,,53,강명준,김양호,475
16184,서울,2005-12-24,뉴,암,,54.5,김춘근,신준희,452
16185,서울,2005-12-24,한,암,,52,서정하,조동식,446
16186,서울,2005-12-24,한,암,,51,강승영,정이남,424
16187,서울,2005-12-24,일,암,,53,이왕언,최창걸,441
16188,서울,2005-12-24,한,암,,54,양재철,임관호,437
16189,서울,2005-12-24,한,암,,53,김양선,차영희,445
16190,서울,2005-12-24,한,암,,53,이희영,김수경,437
16191,서울,2005-12-24,한,암,,53,김춘근,신준희,432
16192,서울,2005-12-24,한,암,,54,박종곤,김진엽,417
16193,서울,2005-12-24,한,암,,54,김양선,정세능,443
16194,서울,2005-12-24,한,거,,56,고옥봉,김길중,485
16195,서울,2005-12-24,한,수,,52,박종곤,곽영진,466
16196,서울,2005-12-24,한,암,,51,김충근,정화섭,451
16197,서울,2005-12-24,한,수,,55,박덕준,허헌회,498
16198,서울,2005-12-24,한,수,,53,박덕준,백운창,439
16199,서울,2005-12-24,한,수,,55,지용훈,조용학,462
16200,서울,2005-12-24,미,수,,55,지용철,곽태훈,445
16201,서울,2005-12-24,한,암,,54,박원덕,이종석,435
16202,서울,2005-12-24,한,수,,55,양재철,임관호,473
16203,서울,2005-12-24,한,암,,54,정지은,최여경,429
16204,서울,2005-12-24,한,암,,51,강승영,권영원,440
16205,서울,2005-12-24,한,거,,55,이용준,김명식,449
16206,서울,2005-12-24,한,거,,55,고옥봉,정병조,467
16207,서울,2005-12-24,호,암,,50,박대흥,남승현,426
16208,서울,2005-12-24,한,암,,52,지용훈,이문철,432
16209,서울,2005-12-24,한,암,,53,강명준,이광수a,488
16210,서울,2005-12-24,한,암,,52,김명국,장석영,453
16211,서울,2005-12-24,한,암,,51,박희철,조원희,444
16212,서울,2005-12-24,뉴,암,,54.5,김순근,서운석,481
16213,서울,2005-12-24,한,암,,53,김명국,이태식,432
16214,서울,2005-12-24,미,거,,55,박원덕,이효선,478
16215,서울,2005-12-24,한,암,,50,강승영,허영희,415
16216,서울,2005-12-24,한,암,,52,김일성,일진코스메틱,454
16217,서울,2005-12-24,한,암,,52,김충근,이광수,450
16218,서울,2005-12-24,한,암,,54,임봉춘,박상선,464
16219,서울,2005-12-24,호,암,,52,지용철,이근우,427
16220,서울,2005-12-24,한,암,,53,박대흥,남승현,443
16221,서울,2005-12-24,미,암,,53,김윤섭,한광세,472
16222,서울,2005-12-24,한,암,,53,하재흥,조남대,461
16223,서울,2005-12-24,한,암,,53,임봉춘,이영욱,459
16224,서울,2005-12-24,한,암,,53,이용준,안영환,490
16225,서울,2005-12-24,한,암,,53,김점오,유근수,436
16226,서울,2005-12-24,한,암,,53,최영주,반승일,472
16227,서울,2005-12-24,한,암,,51,지용철,구필모,457
16228,서울,2005-12-24,한,암,,51,이종구,최인재,430
16229,서울,2005-12-25,한,암,,52,최영주,장석린외1인(신치구),452
16230,서울,2005-12-25,일,암,,53,박덕준,허헌회,424
16231,서울,2005-12-25,일,암,,53,김문갑,정덕용,454
16232,서울,2005-12-25,한,암,,52,임봉춘,정규상,444
16233,서울,2005-12-25,한,암,,53,김윤섭,권광세,412
16234,서울,2005-12-25,한,암,,52,박덕준,서승린,443
16235,서울,2005-12-25,한,암,,49,윤치운,박희주,470
16236,서울,2005-12-25,미,암,,53,박흥진,유준환,443
16237,서울,2005-12-25,한,암,,54,최영주,변영남,382
16238,서울,2005-12-25,일,암,,53,서정하,김진태,461
16239,서울,2005-12-25,한,암,,53,박종곤,김정배,451
16240,서울,2005-12-25,한,암,,54,이희영,이종원,497
16241,서울,2005-12-25,미,암,,51,박대흥,정일권,457
16242,서울,2005-12-25,한,암,,52,임봉춘,장세창,480
16243,서울,2005-12-25,한,암,,52,지용훈,이선호,465
16244,서울,2005-12-25,뉴,거,,55,임봉춘,서정훈,444
16245,서울,2005-12-25,한,수,,51,강명준,이광수a,452
16246,서울,2005-12-25,뉴,수,,52,서정하,은희만,451
16247,서울,2005-12-25,한,수,,52,김충근,이광수,505
16248,서울,2005-12-25,한,암,,51,박덕준,김영철,442
16249,서울,2005-12-25,한,암,,51,박진호,함운일,423
16250,서울,2005-12-25,한,암,,50,김병용,조규학,397
16251,서울,2005-12-25,한,암,,52,곽영효,강대기,448
16252,서울,2005-12-25,일,거,,50,박천서,지원철,469
16253,서울,2005-12-25,아일,거,,53,이인호,오만준,479
16254,서울,2005-12-25,한,거,,52,신우철,이재진,489
16255,서울,2005-12-25,뉴,거,,53,최상식,장재형,450
16256,서울,2005-12-25,한,암,,53,최혜식,이재진,468
16257,서울,2005-12-25,한,암,,51,강승영,정이남,453
16258,서울,2005-12-25,한,암,,54,이희영,노승구,408
16259,서울,2005-12-25,한,암,,52,이용준,김종욱,474
16260,서울,2005-12-25,한,거,,54,신우철,우근민,502
16261,서울,2005-12-25,아일,거,,54,이인호,오만준,490
16262,서울,2005-12-25,한,암,,51,박흥진,김성두,424
16263,서울,2005-12-25,한,암,,51,이희영,곽영필,491
16264,서울,2005-12-25,한,암,,54,김병용,우동희,487
16265,서울,2005-12-25,한,암,,52,김순근,권영술,434
16266,서울,2005-12-25,한,암,,54,박희철,경규환,468
16267,서울,2005-12-25,미,암,,54,최혜식,은희만,479
16268,서울,2005-12-25,한,암,,53,하재흥,신동열,513
16269,서울,2005-12-25,한,암,,55,김춘근,남웅종,466
16270,서울,2005-12-25,한,암,,52.5,최혜식,은희만,458
16271,서울,2005-12-25,한,암,,51,박종곤,제주축산개발,428
16272,서울,2005-12-25,한,암,,54,이희영,이상용,425
16273,서울,2005-12-25,미,암,,53,박원덕,이효선,452
16274,서울,2005-12-25,뉴,암,,52,서범석,임기준,455
16275,서울,2005-12-25,한,암,,55,하재흥,김문환a,462
16276,서울,2005-12-25,일,암,,53,김춘근,신준희,438
16277,서울,2005-12-25,한,암,,53,박원덕,박성구,423
16278,서울,2005-12-25,한,암,,54,이인호,신성철,492
16279,서울,2005-12-25,한,암,,54,양재철,임관호,393
16280,서울,2005-12-25,한,암,,54,정지은,지대섭,462
16281,서울,2005-12-25,한,암,,54,박흥진,변영남,528
16282,서울,2005-12-25,한,암,,51,정지은,이부용,435
16283,서울,2005-12-25,한,암,,49,김양선,김종철,442
16284,서울,2005-12-25,한,암,,50,지용훈,이민문,449
16285,서울,2005-12-25,한,암,,50,박희철,김방철,412
16286,서울,2005-12-25,한,암,,51,지용훈,남기태,494
16287,서울,2005-12-25,호,암,,53,하재흥,강용식,464
16288,서울,2005-12-25,일,암,,53,서범석,문금주,448
16289,서울,2005-12-25,일,암,,53,김학수,김도윤,455
16290,서울,2005-12-25,한,암,,50,배휴준,김진철,396
16291,서울,2005-12-25,한,암,,54,김윤섭,김채겸,451
16292,서울,2005-12-25,한,암,,49,김문갑,정덕용,446
16293,서울,2005-12-25,한,수,,53,박흥진,김도윤,514
16294,서울,2005-12-25,한,수,,53,신우철,김현래,477
16295,서울,2005-12-25,한,수,,56,김윤섭,김채겸,485
16296,서울,2005-12-25,한,수,,50,유재길,진교원,472
16297,서울,2005-12-25,한,수,,55,하재흥,이수홍,435
16298,서울,2005-12-25,한,수,,50,박진호,이재원,478
16299,서울,2005-12-25,한,수,,57,김학수,정이남,436
16300,서울,2005-12-25,한,수,,55,강명준,김길중,432
16301,서울,2005-12-25,한,수,,55,박원덕,이일구,454
16302,서울,2005-12-25,한,수,,51,지용철,이근우,439
16303,서울,2005-12-25,한,수,,51,최상식,최춘섭,462
16304,서울,2005-12-25,한,수,,54,박대흥,남승현,528
16305,서울,2005-12-25,한,수,,51,이광복,서순배,512
16306,서울,2005-12-25,한,수,,50,김학수,박성구,452
16307,서울,2005-12-25,미,수,,53,김양선,이항진,486
16308,서울,2005-12-25,한,수,,51,박덕준,백운창,481
16309,서울,2005-12-25,한,거,,55,김명국,이태식,501
16310,서울,2005-12-25,한,거,,55,최혜식,은희만,442
16311,서울,2005-12-25,한,거,,55,박대흥,강충모,483
16312,서울,2005-12-25,한,거,,54,박천서,한일사료,466
16313,서울,2005-12-25,한,거,,53,이희영,김용상,477
16314,서울,2005-12-25,한,거,,51,곽영효,허영희,457
16315,서울,2005-12-25,미,거,,55,박윤규,신길우,451
16316,서울,2005-12-25,한,거,,55,이왕언,신건호,477
16317,서울,2005-12-25,한,수,,54,김점오,박남성,480
16318,서울,2005-12-25,미,거,,54,강승영,이승택,503
16319,서울,2005-12-25,호,거,,51,박덕준,나정웅,494
16320,서울,2005-12-25,한,거,,55,김명국,박재천,0
16321,서울,2005-12-25,한,거,,54,박희철,서정훈,493
16322,서울,2005-12-25,미,거,,52,박천서,정일권,498
16323,서울,2005-12-25,미,거,,54,김양선,오해석,517
16324,서울,2005-12-25,한,수,,58.5,곽영효,권광세,474
16325,서울,2005-12-25,한,수,,50,안해양,김휘남,466
16326,서울,2005-12-25,한,수,,55,유재길,허건호,423
16327,서울,2005-12-25,한,암,,52,황의성,윤해영,416
16328,서울,2005-12-25,뉴,암,,52,서범석,문금주,441
16329,서울,2005-12-25,한,수,,52.5,신우철,안영환,494
16330,서울,2005-12-25,미,수,,52,강명준,이희연,466
16331,서울,2005-12-25,한,수,,53,김점오,김덕환,443
16332,서울,2005-12-25,한,수,,53,김순근,김순주,471
16333,서울,2005-12-25,한,수,,51,지용철,곽태훈,490
16334,서울,2005-12-25,한,수,,51,하재흥,이중연,422
16335,서울,2005-12-25,한,수,,53,이종구,백종헌,469
16336,서울,2005-12-25,한,수,,55.5,서범석,신준수,0
16337,서울,2005-12-25,한,거,,53,박윤규,장석린외1인(신치구),514
16338,서울,2005-12-25,한,수,,52,박대흥,김희라,462
16339,서울,2005-12-25,한,수,,54,이용준,김명식,508
16340,서울,2005-12-25,한,수,,55,박희철,진재순,478
16341,서울,2005-12-25,한,수,,50,김학수,김병묵,490
16342,서울,2005-12-25,한,수,,53,이왕언,최창걸,518
16343,서울,2005-12-25,한,수,,52,김춘근,이연택,486
16344,서울,2005-12-25,한,수,,50,김점오,박남성,463
16345,서울,2005-12-25,한,수,,57,김순근,제주축산개발,461
16346,서울,2005-12-25,한,수,,55,김순근,이재만,445
16347,서울,2005-12-25,한,수,,53,이희영,송숙자,422
16348,서울,2005-12-25,한,수,,53,하재흥,이유환,485
16349,서울,2005-12-25,한,수,,55,강명준,김길중,460
16350,서울,2005-12-25,한,수,,55,지용훈,조용학,503
16351,서울,2005-12-25,미,수,,56,이용준,임기준,504
16352,서울,2005-12-25,미,수,,57,김문갑,어울림네트웍스,483
16353,서울,2005-12-25,한,수,,57,강명준,김양호,481
16354,서울,2005-12-25,한,수,,52,이종구,최인재,426
16355,서울,2005-12-25,한,수,,55,한일영,박상헌,447
16356,서울,2005-12-25,한,수,,51,김순근,제주축산개발,410
16357,제주,2005-01-08,한,암,,55,고성동,고한구,248
16358,제주,2005-01-08,한,암,,54,정성훈,부오현,273
16359,제주,2005-01-08,한,암,,54,고성동,김순녀,284
16360,제주,2005-01-08,한,암,,54,김신호,김길웅,248
16361,제주,2005-01-08,한,암,,54,김성오,강춘기,292
16362,제주,2005-01-08,한,암,,53,김한철,김용수,237
16363,제주,2005-01-08,한,암,,54,정성훈,김용해,306
16364,제주,2005-01-08,한,암,,54,김영복,오기봉,268
16365,제주,2005-01-08,한,암,,54,박병진,조동식,299
16366,제주,2005-01-08,한,암,,54,윤덕상,양동우,281
16367,제주,2005-01-08,한,암,,54,강대은,정이남,236
16368,제주,2005-01-08,한,암,,54,박병진,전건영,256
16369,제주,2005-01-08,한,암,,55,윤덕상,강춘시,310
16370,제주,2005-01-08,한,수,,56,고영덕,강성호,281
16371,제주,2005-01-08,한,암,,54,변용호,이정주,293
16372,제주,2005-01-08,한,수,,56,강대은,미듬종합,271
16373,제주,2005-01-08,한,수,,55,고영덕,변창순,279
16374,제주,2005-01-08,한,수,,55,김한철,정영기,262
16375,제주,2005-01-08,한,수,,56,김성오,강성호,262
16376,제주,2005-01-08,한,수,,55,정성훈,임관호,0
16377,제주,2005-01-08,한,수,,54,백인호,강상길,269
16378,제주,2005-01-08,한,수,,55,좌윤철,김정봉,293
16379,제주,2005-01-08,한,수,,55,김영래,김창만,281
16380,제주,2005-01-08,한,암,,53,김영래,강태민,258
16381,제주,2005-01-08,한,수,,55,윤덕상,강춘시,246
16382,제주,2005-01-08,한,수,,55,신경호,송승준,269
16383,제주,2005-01-08,한,수,,55,윤덕상,김영일,273
16384,제주,2005-01-08,한,수,,54,백인호,김태옥,283
16385,제주,2005-01-08,한,암,,54,한상배,김창식,270
16386,제주,2005-01-08,한,암,,55,변용호,김홍협,279
16387,제주,2005-01-08,한,암,,54,신경호,현원,289
16388,제주,2005-01-08,한,암,,54,김성오,강춘기,269
16389,제주,2005-01-08,한,암,,54,변용호,정완모,276
16390,제주,2005-01-08,한,암,,54,신경호,오기봉,268
16391,제주,2005-01-08,한,암,,54,박병진,김인태,277
16392,제주,2005-01-08,한,암,,55,김성오,진창배,270
16393,제주,2005-01-08,한,암,,54,최기호,조창규,239
16394,제주,2005-01-08,한,암,,54,장성종,박칠성,236
16395,제주,2005-01-08,한,암,,54,장성종,고임계,283
16396,제주,2005-01-08,한,암,,54,좌윤철,현원,289
16397,제주,2005-01-08,한,암,,54,변용호,진영진,283
16398,제주,2005-01-08,한,암,,54,김성오,김예근,304
16399,제주,2005-01-08,한,암,,54,정성훈,강남환,290
16400,제주,2005-01-08,한,수,,55,변용호,송자민,295
16401,제주,2005-01-08,한,거,,56,김한철,전건영,272
16402,제주,2005-01-08,한,암,,55,좌윤철,박영춘,297
16403,제주,2005-01-08,한,암,,54,한상배,오춘학,265
16404,제주,2005-01-08,한,암,,54,좌윤철,강인선,274
16405,제주,2005-01-08,한,수,,54,김신호,박칠성,270
16406,제주,2005-01-08,한,수,,55,한상배,차청일,285
16407,제주,2005-01-08,한,수,,56,임용찬,송방원,300
16408,제주,2005-01-08,한,수,,55,정성훈,부오현,279
16409,제주,2005-01-08,한,수,,55,장성종,강길홍,287
16410,제주,2005-01-08,한,수,,55,임용찬,천창수,280
16411,제주,2005-01-08,한,수,,55,백인호,고덕주,278
16412,제주,2005-01-08,한,수,,55,신경호,김경남,270
16413,제주,2005-01-08,한,수,,55,고성동,고승명,249
16414,제주,2005-01-08,한,수,,55,김신호,조동식,283
16415,제주,2005-01-08,한,수,,55,변용호,차청일,247
16416,제주,2005-01-08,한,수,,56,고영덕,강성호,277
16417,제주,2005-01-08,한,수,,56,고영덕,진창배,276
16418,제주,2005-01-08,한,암,,53,백인호,고한구,272
16419,제주,2005-01-08,한,암,,54,김성오,강춘기,277
16420,제주,2005-01-08,한,암,,54,최기호,강현수,237
16421,제주,2005-01-08,한,거,,51,윤덕상,안석호,313
16422,제주,2005-01-08,한,수,,55,김성오,고하구,293
16423,제주,2005-01-08,한,수,,55,윤덕상,양동우,264
16424,제주,2005-01-08,한,암,,51,김한철,고영조,267
16425,제주,2005-01-08,한,암,,54,변용호,진영진,281
16426,제주,2005-01-08,한,암,,54,김신호,양도봉,281
16427,제주,2005-01-08,한,암,,55,좌윤철,김홍진,296
16428,제주,2005-01-08,한,암,,54,윤덕상,안석호,260
16429,제주,2005-01-08,한,암,,54,김영래,강태민,250
16430,제주,2005-01-08,한,암,,55,김영복,김태옥,277
16431,제주,2005-01-08,한,수,,54,장성종,임상관,314
16432,제주,2005-01-08,한,수,,55,김영복,우정안,290
16433,제주,2005-01-08,한,수,,55,김영복,조창규,260
16434,제주,2005-01-08,한,암,,55,최기호,한성택,276
16435,제주,2005-01-08,한,암,,54,강대은,양동우,265
16436,제주,2005-01-09,한,수,,55,변용호,박경식,296
16437,제주,2005-01-09,한,수,,55,김한철,강춘시,254
16438,제주,2005-01-09,한,수,,54.5,윤덕상,고승명,260
16439,제주,2005-01-09,한,수,,55,백인호,강상우,295
16440,제주,2005-01-09,한,수,,55,최기호,김인태,280
16441,제주,2005-01-09,한,수,,55,임용찬,신승오,302
16442,제주,2005-01-09,한,수,,53,백인호,강상길,256
16443,제주,2005-01-09,한,수,,53,정성훈,김용해,291
16444,제주,2005-01-09,한,수,,55,김영래,강상우,302
16445,제주,2005-01-09,한,수,,55,한상배,김종현,281
16446,제주,2005-01-09,한,수,,55,신경호,오기봉,268
16447,제주,2005-01-09,한,수,,55,임용찬,문영준,263
16448,제주,2005-01-09,한,암,,54,고성동,이정주,294
16449,제주,2005-01-09,한,수,,55,정성훈,임관호,257
16450,제주,2005-01-09,한,수,,55,김영복,강학민,293
16451,제주,2005-01-09,한,수,,55,장성종,송정웅,260
16452,제주,2005-01-09,한,수,,52,최기호,김인태,281
16453,제주,2005-01-09,한,수,,55,김신호,이영호,295
16454,제주,2005-01-09,한,수,,55,한상배,오춘학,298
16455,제주,2005-01-09,한,수,,55,임용찬,문영준,303
16456,제주,2005-01-09,한,암,,55,정성훈,강남환,276
16457,제주,2005-01-09,한,암,,55,임용찬,송방원,267
16458,제주,2005-01-09,한,암,,54,김신호,조동식,293
16459,제주,2005-01-09,한,암,,54,김영복,김덕인,253
16460,제주,2005-01-09,한,암,,54,고성동,이정주,249
16461,제주,2005-01-09,한,암,,54,윤덕상,강춘시,304
16462,제주,2005-01-09,한,암,,52,한상배,이형준,237
16463,제주,2005-01-09,한,암,,54,강대은,현구연,282
16464,제주,2005-01-09,한,수,,56,변용호,김산현,263
16465,제주,2005-01-09,한,수,,55,정성훈,김용해,309
16466,제주,2005-01-09,한,수,,52,김영복,김태옥,262
16467,제주,2005-01-09,한,암,,54,김한철,김영일,280
16468,제주,2005-01-09,한,암,,54,변용호,정완모,255
16469,제주,2005-01-09,한,암,,54,장성종,양방철,267
16470,제주,2005-01-09,한,수,,55,신경호,고하구,278
16471,제주,2005-01-09,한,수,,56,정성훈,김태옥,305
16472,제주,2005-01-09,한,수,,58,강대은,현상춘,299
16473,제주,2005-01-09,한,수,,55,김한철,정영기,259
16474,제주,2005-01-09,한,수,,52,김신호,김영일,300
16475,제주,2005-01-09,한,수,,55,김영래,오춘학,283
16476,제주,2005-01-09,한,수,,50,윤덕상,안석호,303
16477,제주,2005-01-09,한,수,,55,김영복,오기봉,290
16478,제주,2005-01-09,한,수,,55,윤덕상,고승명,252
16479,제주,2005-01-09,한,수,,55,김영복,오기봉,280
16480,제주,2005-01-09,한,수,,54,김영래,김순녀,270
16481,제주,2005-01-09,한,수,,55,김영복,부용식,0
16482,제주,2005-01-09,한,수,,55,변용호,정완모,290
16483,제주,2005-01-09,한,수,,54,임용찬,고병련,274
16484,제주,2005-01-09,한,수,,55,신경호,차연옥,262
16485,제주,2005-01-09,한,수,,55,한상배,부용식,281
16486,제주,2005-01-09,한,수,,54.5,박병진,김경남,294
16487,제주,2005-01-09,한,암,,54,고성동,고승명,274
16488,제주,2005-01-09,한,암,,56,김한철,김용수,244
16489,제주,2005-01-09,한,암,,55,고영덕,이정주,290
16490,제주,2005-01-09,한,거,,55,최기호,강영종,258
16491,제주,2005-01-09,한,거,,52,정성훈,김용해,264
16492,제주,2005-01-09,한,암,,54,백인호,차청일,269
16493,제주,2005-01-09,한,암,,53,정성훈,고영조,268
16494,제주,2005-01-09,한,암,,54,신경호,오기봉,285
16495,제주,2005-01-09,한,암,,54,윤덕상,김영일,225
16496,제주,2005-01-09,한,암,,54,최기호,한성택,236
16497,제주,2005-01-09,한,암,,51,정성훈,송방원,288
16498,제주,2005-01-09,한,암,,56,고영덕,변창순,301
16499,제주,2005-01-09,한,암,,54,김신호,이종철,281
16500,제주,2005-01-09,한,암,,54,김한철,고영조,246
16501,제주,2005-01-09,한,암,,54,고영덕,고한구,285
16502,제주,2005-01-09,한,수,,53.5,김영복,김태옥,294
16503,제주,2005-01-09,한,수,,55,박병진,임태윤,274
16504,제주,2005-01-09,한,암,,54,최기호,이정충,270
16505,제주,2005-01-09,한,암,,55,박병진,김한진,286
16506,제주,2005-01-09,한,암,,55,변용호,장두일,266
16507,제주,2005-01-09,한,수,,55,백인호,이태보,267
16508,제주,2005-01-09,한,암,,54,김한철,김용수,248
16509,제주,2005-01-09,한,암,,56,강대은,정춘조,261
16510,제주,2005-01-09,한,암,,54,강대은,김정봉,247
16511,제주,2005-01-09,한,암,,54,박병진,김한진,295
16512,제주,2005-01-09,한,암,,54,변용호,진영진,276
16513,제주,2005-01-09,한,암,,54,신경호,한태국,240
16514,제주,2005-01-09,한,암,,53,신경호,한태국,244
16515,제주,2005-01-09,한,암,,55,고영덕,김홍협,285
16516,제주,2005-01-09,한,암,,54,윤덕상,강기숙,250
16517,제주,2005-01-09,한,암,,55,강대은,조종호,275
16518,제주,2005-01-15,한,거,,56,김한철,전건영,266
16519,제주,2005-01-15,한,암,,54,최기호,정완모,275
16520,제주,2005-01-15,한,수,,55,김영래,강태민,291
16521,제주,2005-01-15,한,암,,54,정성훈,부오현,272
16522,제주,2005-01-15,한,암,,54,고성동,미듬종합,290
16523,제주,2005-01-15,한,암,,54,김신호,이태보,262
16524,제주,2005-01-15,한,암,,54,김한철,김영일,273
16525,제주,2005-01-15,한,암,,54,김성오,강춘기,286
16526,제주,2005-01-15,한,암,,54,최기호,이정충,270
16527,제주,2005-01-15,한,암,,55,정성훈,강남환,269
16528,제주,2005-01-15,한,암,,53,윤덕상,강기숙,308
16529,제주,2005-01-15,한,수,,55,신경호,송승준,268
16530,제주,2005-01-15,한,수,,55,김영복,우정안,283
16531,제주,2005-01-15,한,수,,55,윤덕상,안석호,280
16532,제주,2005-01-15,한,암,,53,김신호,현구연,253
16533,제주,2005-01-15,한,암,,53,백인호,차청일,261
16534,제주,2005-01-15,한,암,,54,변용호,이형준,284
16535,제주,2005-01-15,한,암,,54,김신호,이종철,268
16536,제주,2005-01-15,한,암,,51,최기호,김인태,252
16537,제주,2005-01-15,한,암,,55,좌윤철,고한구,274
16538,제주,2005-01-15,한,수,,55,임용찬,신승오,297
16539,제주,2005-01-15,한,암,,54,장성종,고임계,262
16540,제주,2005-01-15,한,암,,54,고영덕,이정주,277
16541,제주,2005-01-15,한,암,,54,강대은,강훈표,272
16542,제주,2005-01-15,한,암,,51,정성훈,송방원,284
16543,제주,2005-01-15,한,암,,54,정성훈,조태만,278
16544,제주,2005-01-15,한,암,,54,윤덕상,양동우,279
16545,제주,2005-01-15,한,암,,53,백인호,고한구,258
16546,제주,2005-01-15,한,암,,54,김신호,조동식,284
16547,제주,2005-01-15,한,암,,54,장성종,박칠성,252
16548,제주,2005-01-15,한,암,,54,좌윤철,김정봉,321
16549,제주,2005-01-15,한,암,,54,김성오,강춘기,275
16550,제주,2005-01-15,한,암,,54,윤덕상,윤태현,296
16551,제주,2005-01-15,한,암,,54,박병진,양방철,246
16552,제주,2005-01-15,한,암,,54,최기호,김인태,287
16553,제주,2005-01-15,한,암,,54,김영복,현상춘,298
16554,제주,2005-01-15,한,암,,54,김영복,오기봉,263
16555,제주,2005-01-15,한,수,,55,장성종,김흥보,266
16556,제주,2005-01-15,한,수,,56,변용호,장철환,291
16557,제주,2005-01-15,한,거,,55,최기호,강영종,242
16558,제주,2005-01-15,한,암,,55,정성훈,임관호,282
16559,제주,2005-01-15,한,암,,54,백인호,양동우,305
16560,제주,2005-01-15,한,암,,54,김신호,이종철,275
16561,제주,2005-01-15,한,암,,54,좌윤철,김용래,261
16562,제주,2005-01-15,한,암,,54,임용찬,송방원,297
16563,제주,2005-01-15,한,수,,52,김신호,조동식,278
16564,제주,2005-01-15,한,수,,55,김영래,오춘학,281
16565,제주,2005-01-15,한,수,,55,임용찬,천창수,218
16566,제주,2005-01-15,한,수,,56,정성훈,김용해,276
16567,제주,2005-01-15,한,수,,56,김한철,유원택,268
16568,제주,2005-01-15,한,수,,52,변용호,차청일,248
16569,제주,2005-01-15,한,수,,55,윤덕상,고하구,277
16570,제주,2005-01-15,한,수,,55,임용찬,문영준,273
16571,제주,2005-01-15,한,수,,52,고영덕,변창순,275
16572,제주,2005-01-15,한,수,,56,신경호,김순녀,280
16573,제주,2005-01-15,한,수,,55,윤덕상,안석호,296
16574,제주,2005-01-15,한,수,,54,백인호,조창규,293
16575,제주,2005-01-15,한,수,,55,김영복,오기봉,292
16576,제주,2005-01-15,한,수,,55,김성오,강춘기,322
16577,제주,2005-01-15,한,수,,55,김한철,유상호,289
16578,제주,2005-01-15,한,수,,55,변용호,박경식,291
16579,제주,2005-01-15,한,수,,55,장성종,김흥보,285
16580,제주,2005-01-15,한,수,,55,박병진,장덕지,275
16581,제주,2005-01-15,한,수,,55,좌윤철,강진일,256
16582,제주,2005-01-15,한,수,,52,한상배,박영춘,295
16583,제주,2005-01-15,한,수,,52,고영덕,진창배,256
16584,제주,2005-01-15,한,수,,54,김성오,강성호,262
16585,제주,2005-01-15,한,수,,54,백인호,강상우,291
16586,제주,2005-01-15,한,수,,56,정성훈,김태옥,303
16587,제주,2005-01-15,한,수,,55,정성훈,김용해,309
16588,제주,2005-01-15,한,수,,55,김영복,김덕인,269
16589,제주,2005-01-15,한,암,,54,장성종,정동진,271
16590,제주,2005-01-15,한,수,,55,김성오,정완모,292
16591,제주,2005-01-15,한,수,,55,한상배,차청일,285
16592,제주,2005-01-16,한,암,,53,백인호,강상길,247
16593,제주,2005-01-16,한,수,,55,신경호,오기봉,269
16594,제주,2005-01-16,한,수,,56,김성오,한성택,305
16595,제주,2005-01-16,한,수,,55,김성오,변공민,291
16596,제주,2005-01-16,한,수,,54,백인호,이태보,261
16597,제주,2005-01-16,한,수,,55,김영래,강태민,0
16598,제주,2005-01-16,한,수,,51,고영덕,우정안,283
16599,제주,2005-01-16,한,수,,55,좌윤철,김홍진,285
16600,제주,2005-01-16,한,수,,55,신경호,김경남,269
16601,제주,2005-01-16,한,암,,54,김영복,김태옥,273
16602,제주,2005-01-16,한,암,,54,박병진,조동식,294
16603,제주,2005-01-16,한,암,,54,김성오,강성호,305
16604,제주,2005-01-16,한,암,,53,정성훈,강남환,260
16605,제주,2005-01-16,한,암,,54,김영복,김덕인,269
16606,제주,2005-01-16,한,암,,54,김성오,강성호,303
16607,제주,2005-01-16,한,수,,55,김영래,강상우,296
16608,제주,2005-01-16,한,암,,54,김영래,김종식,285
16609,제주,2005-01-16,한,암,,53,백인호,신종창,264
16610,제주,2005-01-16,한,암,,54,변용호,이정주,290
16611,제주,2005-01-16,한,암,,54,최기호,한성택,233
16612,제주,2005-01-16,한,수,,55,김한철,정영기,259
16613,제주,2005-01-16,한,암,,54,한상배,오춘학,267
16614,제주,2005-01-16,한,암,,55,윤덕상,현상춘,265
16615,제주,2005-01-16,한,암,,52,한상배,유상호,279
16616,제주,2005-01-16,한,암,,54,윤덕상,양동우,283
16617,제주,2005-01-16,한,암,,54,박병진,변공민,262
16618,제주,2005-01-16,한,암,,52,한상배,이형준,231
16619,제주,2005-01-16,한,암,,54,임용찬,김경림,279
16620,제주,2005-01-16,한,암,,54,강대은,현구연,282
16621,제주,2005-01-16,한,암,,54,한상배,김창식,312
16622,제주,2005-01-16,한,암,,54,정성훈,강남환,287
16623,제주,2005-01-16,한,암,,55,김영복,김태옥,278
16624,제주,2005-01-16,한,암,,54,한상배,김창준,267
16625,제주,2005-01-16,한,암,,54,김영래,강태민,273
16626,제주,2005-01-16,한,암,,54,김한철,고영조,289
16627,제주,2005-01-16,한,수,,55,신경호,차연옥,263
16628,제주,2005-01-16,한,거,,55,고성동,정완모,290
16629,제주,2005-01-16,한,암,,55,정성훈,김용해,285
16630,제주,2005-01-16,한,암,,51,김한철,고영조,264
16631,제주,2005-01-16,한,암,,54,윤덕상,안석호,242
16632,제주,2005-01-16,한,암,,54,변용호,정완모,254
16633,제주,2005-01-16,한,암,,53,백인호,신종창,300
16634,제주,2005-01-16,한,수,,56,김영복,김태옥,292
16635,제주,2005-01-16,한,수,,55,김영복,조창규,255
16636,제주,2005-01-16,한,수,,55,강대은,고임계,277
16637,제주,2005-01-16,한,수,,55,한상배,김종현,282
16638,제주,2005-01-16,한,수,,55,변용호,정완모,279
16639,제주,2005-01-16,한,수,,52,임용찬,문영준,295
16640,제주,2005-01-16,한,수,,54,한상배,부용식,283
16641,제주,2005-01-16,한,수,,51,윤덕상,안석호,0
16642,제주,2005-01-16,한,수,,55,고영덕,강성호,318
16643,제주,2005-01-16,한,수,,56,장성종,장두일,277
16644,제주,2005-01-16,한,수,,56,윤덕상,안석호,274
16645,제주,2005-01-16,한,수,,54,백인호,김태옥,279
16646,제주,2005-01-16,한,수,,55,정성훈,부오현,281
16647,제주,2005-01-16,한,수,,56,윤덕상,강춘시,313
16648,제주,2005-01-16,한,수,,54,백인호,강기숙,263
16649,제주,2005-01-16,한,수,,55,강대은,김순녀,276
16650,제주,2005-01-16,한,수,,55,변용호,송자민,290
16651,제주,2005-01-16,한,수,,55,박병진,임태윤,272
16652,제주,2005-01-16,한,수,,55,고영덕,고한구,288
16653,제주,2005-01-16,한,수,,55,임용찬,문영준,270
16654,제주,2005-01-16,한,수,,55,변용호,김산현,298
16655,제주,2005-01-16,한,수,,55,김성오,김예근,299
16656,제주,2005-01-16,한,수,,55,좌윤철,김홍진,288
16657,제주,2005-01-16,한,수,,55,김영래,김종식,251
16658,제주,2005-01-16,한,수,,55,김영복,강학민,289
16659,제주,2005-01-16,한,수,,55,윤덕상,고승명,216
16660,제주,2005-01-16,한,수,,56,강대은,미듬종합,270
16661,제주,2005-01-16,한,암,,54,장성종,현상춘,296
16662,제주,2005-01-16,한,암,,54,신경호,이원길,233
16663,제주,2005-01-22,한,암,,54,최기호,강현수,241
16664,제주,2005-01-22,한,암,,55,좌윤철,김홍진,296
16665,제주,2005-01-22,한,암,,55,신경호,차연옥,271
16666,제주,2005-01-22,한,암,,53,김영래,강태민,259
16667,제주,2005-01-22,한,암,,54,좌윤철,강인선,268
16668,제주,2005-01-22,한,암,,54,정성훈,임관호,301
16669,제주,2005-01-22,한,암,,54,장성종,고임계,284
16670,제주,2005-01-22,한,암,,54,박병진,전건영,256
16671,제주,2005-01-22,한,수,,55,한상배,고영조,284
16672,제주,2005-01-22,한,수,,55.5,김영복,한재두,282
16673,제주,2005-01-22,한,수,,53.5,임용찬,문영준,293
16674,제주,2005-01-22,한,수,,55,한상배,오춘학,300
16675,제주,2005-01-22,한,수,,56,김성오,한성택,302
16676,제주,2005-01-22,한,수,,55,박병진,장덕지,271
16677,제주,2005-01-22,한,수,,55,임용찬,천창수,279
16678,제주,2005-01-22,한,수,,55,백인호,강상길,269
16679,제주,2005-01-22,한,수,,55,최기호,김인태,276
16680,제주,2005-01-22,한,암,,54,장성종,박칠성,233
16681,제주,2005-01-22,한,암,,54,윤덕상,강기숙,243
16682,제주,2005-01-22,한,수,,55,김영복,김태옥,263
16683,제주,2005-01-22,한,거,,52,김성오,김예근,239
16684,제주,2005-01-22,한,암,,54,김신호,이종철,270
16685,제주,2005-01-22,한,암,,55,변용호,장두일,268
16686,제주,2005-01-22,한,암,,54,김성오,강성호,304
16687,제주,2005-01-22,한,암,,54,신경호,오기봉,281
16688,제주,2005-01-22,한,암,,55,최기호,장성수,281
16689,제주,2005-01-22,한,암,,55,김한철,김용수,242
16690,제주,2005-01-22,한,수,,55,김성오,강춘기,321
16691,제주,2005-01-22,한,수,,54,김신호,박칠성,274
16692,제주,2005-01-22,한,수,,55,윤덕상,양동우,257
16693,제주,2005-01-22,한,수,,56,고영덕,강성호,278
16694,제주,2005-01-22,한,수,,52,윤덕상,김영일,274
16695,제주,2005-01-22,한,수,,55,김영복,오기봉,283
16696,제주,2005-01-22,한,수,,56,정성훈,김용해,275
16697,제주,2005-01-22,한,수,,55,임용찬,문영준,267
16698,제주,2005-01-22,한,수,,52,고영덕,진창배,256
16699,제주,2005-01-22,한,수,,56,김영복,임승주,324
16700,제주,2005-01-22,한,암,,55,강대은,조종호,278
16701,제주,2005-01-22,한,암,,54,강대은,양동우,268
16702,제주,2005-01-22,한,암,,54,고영덕,고한구,287
16703,제주,2005-01-22,한,암,,54,정성훈,김태옥,283
16704,제주,2005-01-22,한,암,,54,김성오,강성호,298
16705,제주,2005-01-22,한,암,,55,김영래,조창규,266
16706,제주,2005-01-22,한,암,,54,신경호,차연옥,273
16707,제주,2005-01-22,한,암,,54,임용찬,김경림,271
16708,제주,2005-01-22,한,암,,54,김영래,강태민,274
16709,제주,2005-01-22,한,암,,55,김신호,양도봉,250
16710,제주,2005-01-22,한,암,,53,백인호,신종창,299
16711,제주,2005-01-22,한,암,,55,윤덕상,강춘시,312
16712,제주,2005-01-22,한,암,,54,김영복,김태옥,267
16713,제주,2005-01-22,한,암,,54,한상배,김창식,302
16714,제주,2005-01-22,한,암,,54,고성동,고상운,235
16715,제주,2005-01-22,한,암,,55,변용호,김종현,247
16716,제주,2005-01-22,한,암,,54,강대은,현상춘,0
16717,제주,2005-01-22,한,수,,52,고영덕,강성호,283
16718,제주,2005-01-22,한,수,,56,김신호,현구연,270
16719,제주,2005-01-22,한,수,,54,장성종,임상관,315
16720,제주,2005-01-22,한,수,,53,고성동,김순녀,275
16721,제주,2005-01-22,한,수,,52,임용찬,송방원,294
16722,제주,2005-01-22,한,암,,54,임용찬,송방원,297
16723,제주,2005-01-22,한,암,,54,정성훈,김용해,288
16724,제주,2005-01-22,한,수,,54,고성동,고승명,252
16725,제주,2005-01-22,한,수,,55,김영복,오기봉,273
16726,제주,2005-01-22,한,암,,54,변용호,진영진,283
16727,제주,2005-01-22,한,암,,54,최기호,조창규,230
16728,제주,2005-01-22,한,암,,54,신경호,한태국,240
16729,제주,2005-01-22,한,암,,55,강대은,정영기,250
16730,제주,2005-01-22,한,암,,55,윤덕상,강기숙,304
16731,제주,2005-01-22,한,암,,54,한상배,김창준,255
16732,제주,2005-01-22,한,암,,54,윤덕상,강춘시,305
16733,제주,2005-01-22,한,암,,54,고영덕,한남석,250
16734,제주,2005-01-22,한,암,,54,신경호,현원,296
16735,제주,2005-01-23,한,수,,55,고영덕,강성호,318
16736,제주,2005-01-23,한,수,,52,강대은,현상춘,296
16737,제주,2005-01-23,한,수,,56,백인호,고덕주,285
16738,제주,2005-01-23,한,수,,55,윤덕상,고승명,244
16739,제주,2005-01-23,한,암,,54,장성종,양방철,268
16740,제주,2005-01-23,한,암,,55,윤덕상,강춘시,260
16741,제주,2005-01-23,한,암,,54,고성동,이정주,300
16742,제주,2005-01-23,한,수,,52,한상배,조창규,267
16743,제주,2005-01-23,한,수,,55,장성종,이종철,274
16744,제주,2005-01-23,한,수,,55,고영덕,고한구,281
16745,제주,2005-01-23,한,거,,52,정성훈,김용해,265
16746,제주,2005-01-23,한,암,,54,한상배,김창식,265
16747,제주,2005-01-23,한,암,,51,한상배,강상길,206
16748,제주,2005-01-23,한,암,,54,변용호,진영진,282
16749,제주,2005-01-23,한,수,,52,김신호,김영일,298
16750,제주,2005-01-23,한,수,,55,윤덕상,현상춘,295
16751,제주,2005-01-23,한,수,,55,김한철,강춘시,253
16752,제주,2005-01-23,한,수,,55,김영복,김덕인,297
16753,제주,2005-01-23,한,수,,55,신경호,고하구,271
16754,제주,2005-01-23,한,수,,56,박병진,김인태,276
16755,제주,2005-01-23,한,수,,55,장성종,강길홍,291
16756,제주,2005-01-23,한,수,,55,김영래,강태민,229
16757,제주,2005-01-23,한,수,,55,김성오,고하구,293
16758,제주,2005-01-23,한,수,,55,최기호,임태윤,255
16759,제주,2005-01-23,한,수,,55,김신호,이창훈,274
16760,제주,2005-01-23,한,수,,55,변용호,김산현,262
16761,제주,2005-01-23,한,수,,55,고영덕,변창순,270
16762,제주,2005-01-23,한,수,,55,김한철,박영춘,266
16763,제주,2005-01-23,한,수,,55,좌윤철,김홍진,283
16764,제주,2005-01-23,한,수,,55,김영래,김창만,285
16765,제주,2005-01-23,한,수,,55,김성오,변공민,282
16766,제주,2005-01-23,한,수,,55,김영래,강태민,292
16767,제주,2005-01-23,한,수,,54,임용찬,고병련,272
16768,제주,2005-01-23,한,수,,50,백인호,강상길,257
16769,제주,2005-01-23,한,암,,54,김성오,강춘기,269
16770,제주,2005-01-23,한,암,,53,정성훈,강남환,256
16771,제주,2005-01-23,한,암,,54,임용찬,신승오,297
16772,제주,2005-01-23,한,암,,52,신경호,한태국,248
16773,제주,2005-01-23,한,암,,54,김한철,고영조,246
16774,제주,2005-01-23,한,암,,54,김신호,양도봉,275
16775,제주,2005-01-23,한,암,,54,고영덕,조창규,248
16776,제주,2005-01-23,한,암,,54,박병진,김한진,287
16777,제주,2005-01-23,한,암,,55,변용호,김홍협,282
16778,제주,2005-01-23,한,암,,51,백인호,양동우,305
16779,제주,2005-01-23,한,암,,54,박병진,고경현,260
16780,제주,2005-01-23,한,암,,54,변용호,정완모,274
16781,제주,2005-01-23,한,암,,55,임용찬,송방원,263
16782,제주,2005-01-23,한,암,,54,고성동,고승명,276
16783,제주,2005-01-23,한,암,,51,신경호,김국현,313
16784,제주,2005-01-23,한,암,,55,고영덕,이정주,0
16785,제주,2005-01-23,한,암,,54,김신호,조동식,292
16786,제주,2005-01-23,한,암,,52,강대은,강훈표,294
16787,제주,2005-01-23,한,수,,55,좌윤철,강진일,256
16788,제주,2005-01-23,한,수,,52,박병진,김경남,292
16789,제주,2005-01-23,한,암,,54,윤덕상,안석호,263
16790,제주,2005-01-23,한,암,,54,변용호,진영진,282
16791,제주,2005-01-23,한,수,,55,좌윤철,김정봉,294
16792,제주,2005-01-23,한,수,,55,윤덕상,고승명,259
16793,제주,2005-01-23,한,암,,55,최기호,한성택,270
16794,제주,2005-01-23,한,수,,55,백인호,조창규,286
16795,제주,2005-01-23,한,암,,54,박병진,장두일,259
16796,제주,2005-01-23,한,암,,55.5,고영덕,김홍협,281
16797,제주,2005-01-23,한,암,,54,윤덕상,김영일,0
16798,제주,2005-01-23,한,암,,55,고성동,고한구,243
16799,제주,2005-01-23,한,암,,54,김신호,이종철,269
16800,제주,2005-01-23,한,암,,56.5,김한철,김용수,240
16801,제주,2005-01-23,한,암,,55,고영덕,변창순,294
16802,제주,2005-01-23,한,암,,53,고성동,이정주,242
16803,제주,2005-01-23,한,암,,54,신경호,오기봉,272
16804,제주,2005-01-23,한,암,,53,정성훈,고영조,262
16805,제주,2005-01-23,한,암,,54,정성훈,김용해,302
16806,제주,2005-01-23,한,암,,75,임용찬,고경현,325
16807,제주,2005-01-23,한,암,,55,고성동,김순녀,284
16808,제주,2005-01-29,한,수,,56,백인호,고덕주,283
16809,제주,2005-01-29,한,수,,55,김성오,고하구,293
16810,제주,2005-01-29,한,수,,55,김한철,박영춘,0
16811,제주,2005-01-29,한,암,,54,김성오,강춘기,268
16812,제주,2005-01-29,한,암,,52,한상배,이형준,231
16813,제주,2005-01-29,한,암,,54,고영덕,한남석,249
16814,제주,2005-01-29,한,수,,55,김한철,고경수,297
16815,제주,2005-01-29,한,암,,52,김신호,이종철,286
16816,제주,2005-01-29,한,암,,51,최기호,정완모,274
16817,제주,2005-01-29,한,암,,54,강대은,현구연,279
16818,제주,2005-01-29,한,암,,54,좌윤철,김정봉,267
16819,제주,2005-01-29,한,암,,54,강대은,김정봉,247
16820,제주,2005-01-29,한,암,,54,김신호,이종철,270
16821,제주,2005-01-29,한,암,,54,고성동,미듬종합,288
16822,제주,2005-01-29,한,암,,55.5,강대은,정춘조,263
16823,제주,2005-01-29,한,암,,54,박병진,양방철,245
16824,제주,2005-01-29,한,암,,54,변용호,이형준,286
16825,제주,2005-01-29,한,암,,51,김한철,고영조,264
16826,제주,2005-01-29,한,암,,54,김성오,강춘기,273
16827,제주,2005-01-29,한,암,,54,임용찬,김경림,277
16828,제주,2005-01-29,한,암,,54,김성오,강춘기,293
16829,제주,2005-01-29,한,수,,55,백인호,김태옥,283
16830,제주,2005-01-29,한,수,,55,장성종,김흥보,261
16831,제주,2005-01-29,한,수,,55,신경호,김경남,264
16832,제주,2005-01-29,한,수,,55,김영래,강태민,235
16833,제주,2005-01-29,한,수,,56,강대은,미듬종합,270
16834,제주,2005-01-29,한,수,,56,변용호,장철환,283
16835,제주,2005-01-29,한,수,,55,김영복,오기봉,279
16836,제주,2005-01-29,한,암,,54,김한철,고영조,293
16837,제주,2005-01-29,한,수,,55,김영래,오춘학,283
16838,제주,2005-01-29,한,암,,54,고성동,고한구,243
16839,제주,2005-01-29,한,암,,54,고성동,고상운,233
16840,제주,2005-01-29,한,암,,54,김한철,정영기,270
16841,제주,2005-01-29,한,수,,56.5,박병진,김인태,278
16842,제주,2005-01-29,한,수,,51,고성동,장덕지,250
16843,제주,2005-01-29,한,수,,55,윤덕상,고승명,215
16844,제주,2005-01-29,한,수,,55,백인호,이태보,261
16845,제주,2005-01-29,한,수,,55,김영래,강태민,291
16846,제주,2005-01-29,한,수,,56,윤덕상,안석호,278
16847,제주,2005-01-29,한,거,,55,고영덕,진창배,313
16848,제주,2005-01-29,한,암,,54,정성훈,김태옥,0
16849,제주,2005-01-29,한,거,,55,최기호,강영종,240
16850,제주,2005-01-29,한,암,,55,고영덕,변창순,270
16851,제주,2005-01-29,한,암,,55,최기호,김인태,285
16852,제주,2005-01-29,한,암,,54,김성오,강춘기,286
16853,제주,2005-01-29,한,암,,54,좌윤철,김용래,261
16854,제주,2005-01-29,한,암,,54,임용찬,김경림,262
16855,제주,2005-01-29,한,암,,54,변용호,정완모,255
16856,제주,2005-01-29,한,수,,55,윤덕상,안석호,282
16857,제주,2005-01-29,한,수,,55,정성훈,부오현,286
16858,제주,2005-01-29,한,수,,50,한상배,이형준,302
16859,제주,2005-01-29,한,수,,55,김영복,오기봉,295
16860,제주,2005-01-29,한,수,,55,한상배,고영조,287
16861,제주,2005-01-29,한,수,,55,신경호,오기봉,271
16862,제주,2005-01-29,한,수,,51,정성훈,임관호,255
16863,제주,2005-01-29,한,수,,50,김영래,김순녀,270
16864,제주,2005-01-29,한,수,,55,임용찬,신승오,235
16865,제주,2005-01-29,한,수,,56,한상배,김경남,264
16866,제주,2005-01-29,한,수,,55,임용찬,신승오,292
16867,제주,2005-01-29,한,수,,55,김영복,오기봉,272
16868,제주,2005-01-29,한,암,,54,윤덕상,양동우,283
16869,제주,2005-01-29,한,암,,54,변용호,이정주,295
16870,제주,2005-01-29,한,암,,51,정성훈,송방원,286
16871,제주,2005-01-29,한,암,,54,정성훈,고영조,306
16872,제주,2005-01-29,한,암,,55,김성오,진창배,272
16873,제주,2005-01-29,한,암,,54,한상배,정동진,301
16874,제주,2005-01-29,한,암,,54,백인호,강상길,253
16875,제주,2005-01-29,한,암,,54,윤덕상,윤태현,301
16876,제주,2005-01-29,한,암,,54,백인호,신종창,268
16877,제주,2005-01-29,한,암,,55,정성훈,조태만,278
16878,제주,2005-01-29,한,암,,76,임용찬,고경현,322
16879,제주,2005-01-29,한,암,,52,강대은,김홍협,217
16880,제주,2005-01-29,한,암,,55,박병진,김한진,287
16881,제주,2005-01-29,한,암,,54,고영덕,조창규,245
16882,제주,2005-01-29,한,암,,54,김신호,조동식,287
16883,제주,2005-01-29,한,암,,55,정성훈,강남환,274
16884,제주,2005-01-29,한,암,,54,최기호,이정충,271
16885,제주,2005-01-29,한,암,,54,최기호,한성택,235
16886,제주,2005-01-29,한,암,,54,강대은,강훈표,268
16887,제주,2005-01-29,한,암,,54,정성훈,강남환,289
16888,제주,2005-01-29,한,수,,55,좌윤철,김홍진,288
16889,제주,2005-01-29,한,암,,54,김신호,김영일,278
16890,제주,2005-01-29,한,암,,54,신경호,오기봉,301
16891,제주,2005-01-29,한,수,,55,장성종,천창수,284
16892,제주,2005-01-29,한,수,,52,최기호,김인태,286
16893,제주,2005-01-30,한,수,,55,정성훈,김용해,308
16894,제주,2005-01-30,한,수,,55,장성종,천창수,304
16895,제주,2005-01-30,한,수,,55,김한철,유상호,287
16896,제주,2005-01-30,한,수,,55,정성훈,강남환,311
16897,제주,2005-01-30,한,수,,55,김영래,전건영,294
16898,제주,2005-01-30,한,수,,55,장성종,김흥보,294
16899,제주,2005-01-30,한,수,,54,김영복,임승주,325
16900,제주,2005-01-30,한,수,,52,임용찬,문영준,254
16901,제주,2005-01-30,한,수,,55,장성종,강길홍,295
16902,제주,2005-01-30,한,수,,53,한상배,조창규,259
16903,제주,2005-01-30,한,수,,52,김신호,조동식,276
16904,제주,2005-01-30,한,수,,52,고영덕,강성호,283
16905,제주,2005-01-30,한,수,,54,김성오,강성호,264
16906,제주,2005-01-30,한,암,,55,신경호,차연옥,271
16907,제주,2005-01-30,한,암,,54,좌윤철,김홍진,304
16908,제주,2005-01-30,한,수,,52,고영덕,변창순,278
16909,제주,2005-01-30,한,수,,56,김신호,현구연,270
16910,제주,2005-01-30,한,수,,55,김영복,조창규,259
16911,제주,2005-01-30,한,수,,55,김신호,김영일,278
16912,제주,2005-01-30,한,수,,55,백인호,강기숙,258
16913,제주,2005-01-30,한,수,,55,고성동,차청일,287
16914,제주,2005-01-30,한,수,,54,임용찬,고병련,269
16915,제주,2005-01-30,한,수,,55,김영래,송승준,287
16916,제주,2005-01-30,한,암,,54,김신호,조동식,263
16917,제주,2005-01-30,한,수,,55,한상배,차청일,284
16918,제주,2005-01-30,한,수,,55,변용호,김산현,297
16919,제주,2005-01-30,한,암,,54,한상배,오춘학,267
16920,제주,2005-01-30,한,암,,54,장성종,박칠성,254
16921,제주,2005-01-30,한,암,,54,박병진,조동식,300
16922,제주,2005-01-30,한,암,,52.5,좌윤철,송자민,223
16923,제주,2005-01-30,한,암,,54,박병진,김인태,280
16924,제주,2005-01-30,한,암,,54,정성훈,부오현,264
16925,제주,2005-01-30,한,암,,54,김성오,김예근,300
16926,제주,2005-01-30,한,암,,55,김영복,오기봉,261
16927,제주,2005-01-30,한,암,,55,김영복,김태옥,273
16928,제주,2005-01-30,한,암,,52,한상배,유상호,270
16929,제주,2005-01-30,한,암,,51,최기호,김인태,250
16930,제주,2005-01-30,한,암,,54,좌윤철,현원,294
16931,제주,2005-01-30,한,암,,54,정성훈,김용해,279
16932,제주,2005-01-30,한,수,,55,임용찬,문영준,302
16933,제주,2005-01-30,한,암,,57,좌윤철,강인선,251
16934,제주,2005-01-30,한,암,,56,강대은,윤태현,255
16935,제주,2005-01-30,한,암,,56,변용호,정완모,298
16936,제주,2005-01-30,한,암,,55,윤덕상,현상춘,274
16937,제주,2005-01-30,한,암,,55,강대은,정영기,247
16938,제주,2005-01-30,한,암,,54,신경호,오기봉,272
16939,제주,2005-01-30,한,암,,54,김영복,현상춘,296
16940,제주,2005-01-30,한,암,,54,김한철,김영일,278
16941,제주,2005-01-30,한,암,,54,고영덕,고한구,287
16942,제주,2005-01-30,한,암,,54,김한철,고영조,285
16943,제주,2005-01-30,한,암,,54,한상배,김종현,280
16944,제주,2005-01-30,한,암,,53,김신호,현구연,252
16945,제주,2005-01-30,한,암,,55,정성훈,김용해,275
16946,제주,2005-01-30,한,암,,51,백인호,박영춘,223
16947,제주,2005-01-30,한,암,,55,윤덕상,현상춘,265
16948,제주,2005-01-30,한,수,,53,김성오,고하구,260
16949,제주,2005-01-30,한,수,,56,김한철,유원택,268
16950,제주,2005-01-30,한,수,,55,신경호,차연옥,268
16951,제주,2005-01-30,한,거,,52,김성오,김예근,244
16952,제주,2005-01-30,한,암,,54,임용찬,신승오,292
16953,제주,2005-01-30,한,암,,54,윤덕상,안석호,241
16954,제주,2005-01-30,한,암,,54,김신호,이종철,276
16955,제주,2005-01-30,한,수,,55.5,윤덕상,강춘시,317
16956,제주,2005-01-30,한,수,,52,한상배,박영춘,295
16957,제주,2005-01-30,한,수,,55,김성오,김예근,298
16958,제주,2005-01-30,한,수,,55,임용찬,천창수,219
16959,제주,2005-01-30,한,수,,55,변용호,박경식,291
16960,제주,2005-01-30,한,수,,55,고성동,고승명,252
16961,제주,2005-01-30,한,수,,55,김영복,강학민,293
16962,제주,2005-01-30,한,수,,53.5,장성종,임상관,313
16963,제주,2005-01-30,한,수,,52,윤덕상,안석호,296
16964,제주,2005-01-30,한,수,,52.5,김한철,정영기,264
16965,제주,2005-01-30,한,수,,54,임용찬,신승오,269
16966,제주,2005-01-30,한,수,,55,한상배,김종현,288
16967,제주,2005-01-30,한,수,,55,최기호,임태윤,251
16968,제주,2005-01-30,한,수,,55,신경호,송승준,269
16969,제주,2005-01-30,한,수,,55,임용찬,문영준,271
16970,제주,2005-01-30,한,수,,52,김영복,우정안,285
16971,제주,2005-01-30,한,수,,56,신경호,김순녀,284
16972,제주,2005-01-30,한,수,,55,강대은,고한구,0
16973,제주,2005-01-30,한,수,,56,김신호,이창훈,320
16974,제주,2005-01-30,한,수,,55,임용찬,문영준,283
16975,제주,2005-01-30,한,수,,52,고영덕,우정안,278
16976,제주,2005-01-30,한,수,,57,김영복,김태옥,291
16977,제주,2005-01-30,한,수,,55,변용호,정완모,279
16978,제주,2005-01-30,한,수,,52,변용호,차청일,249
16979,제주,2005-01-30,한,수,,55,고영덕,변창순,306
16980,제주,2005-02-05,한,수,,55,김신호,김영일,271
16981,제주,2005-02-05,한,수,,55,장성종,박칠성,274
16982,제주,2005-02-05,한,수,,56,김신호,이창훈,320
16983,제주,2005-02-05,한,수,,55,김한철,강춘시,252
16984,제주,2005-02-05,한,수,,50,김영래,김순녀,270
16985,제주,2005-02-05,한,수,,55,한상배,김종현,286
16986,제주,2005-02-05,한,수,,56.5,박병진,김인태,274
16987,제주,2005-02-05,한,수,,55,김영래,강태민,286
16988,제주,2005-02-05,한,수,,53,김신호,박칠성,275
16989,제주,2005-02-05,한,수,,55,김영래,김종식,249
16990,제주,2005-02-05,한,수,,55,변용호,장두일,304
16991,제주,2005-02-05,한,암,,54,박병진,고경현,254
16992,제주,2005-02-05,한,암,,54,변용호,진영진,283
16993,제주,2005-02-05,한,암,,54,윤덕상,김영일,230
16994,제주,2005-02-05,한,수,,56,김성오,한성택,302
16995,제주,2005-02-05,한,수,,55,김성오,변공민,283
16996,제주,2005-02-05,한,수,,55,정성훈,부오현,278
16997,제주,2005-02-05,한,수,,55,신경호,고하구,276
16998,제주,2005-02-05,한,수,,51.5,정성훈,임관호,253
16999,제주,2005-02-05,한,수,,55,고영덕,고한구,279
17000,제주,2005-02-05,한,수,,54,임용찬,문영준,291
17001,제주,2005-02-05,한,수,,55,장성종,천창수,277
17002,제주,2005-02-05,한,수,,50,한상배,이형준,301
17003,제주,2005-02-05,한,수,,55,김신호,이창훈,274
17004,제주,2005-02-05,한,수,,55,윤덕상,양동우,255
17005,제주,2005-02-05,한,암,,54,김영래,김종식,257
17006,제주,2005-02-05,한,암,,54,강대은,양동우,262
17007,제주,2005-02-05,한,암,,54,백인호,신종창,297
17008,제주,2005-02-05,한,암,,55,최기호,한성택,267
17009,제주,2005-02-05,한,수,,55,임용찬,신승오,287
17010,제주,2005-02-05,한,암,,54,김한철,정영기,262
17011,제주,2005-02-05,한,암,,54,백인호,양동우,295
17012,제주,2005-02-05,한,암,,54,고성동,고승명,274
17013,제주,2005-02-05,한,암,,54,박병진,김한진,280
17014,제주,2005-02-05,한,암,,54,최기호,조창규,227
17015,제주,2005-02-05,한,암,,55,고성동,고한구,240
17016,제주,2005-02-05,한,암,,56,고영덕,변창순,292
17017,제주,2005-02-05,한,암,,55,윤덕상,강춘시,264
17018,제주,2005-02-05,한,암,,55,좌윤철,김홍진,303
17019,제주,2005-02-05,한,암,,54,김영복,김태옥,262
17020,제주,2005-02-05,한,암,,54,한상배,김종현,283
17021,제주,2005-02-05,한,수,,55,장성종,강길홍,291
17022,제주,2005-02-05,한,암,,52,강대은,김홍협,214
17023,제주,2005-02-05,한,수,,55,김성오,강춘기,316
17024,제주,2005-02-05,한,수,,55,장성종,강길홍,292
17025,제주,2005-02-05,한,수,,55,한상배,이형준,271
17026,제주,2005-02-05,한,수,,55,김한철,정영기,257
17027,제주,2005-02-05,한,암,,55,최기호,오춘학,266
17028,제주,2005-02-05,한,암,,54,김신호,강길홍,269
17029,제주,2005-02-05,한,암,,54,김성오,강춘기,290
17030,제주,2005-02-05,한,암,,54,정성훈,고영조,301
17031,제주,2005-02-05,한,암,,54,한상배,김창식,302
17032,제주,2005-02-05,한,암,,54,장성종,정동진,274
17033,제주,2005-02-05,한,암,,54,윤덕상,강춘시,311
17034,제주,2005-02-05,한,암,,52,김신호,이종철,286
17035,제주,2005-02-05,한,암,,54,박병진,전건영,256
17036,제주,2005-02-05,한,암,,54,좌윤철,강인선,264
17037,제주,2005-02-05,한,암,,55,강대은,정춘조,258
17038,제주,2005-02-05,한,암,,55,김신호,양도봉,250
17039,제주,2005-02-05,한,암,,54,장성종,박칠성,251
17040,제주,2005-02-05,한,암,,54,신경호,오기봉,297
17041,제주,2005-02-05,한,암,,54,장성종,현상춘,291
17042,제주,2005-02-05,한,암,,55,변용호,김종현,247
17043,제주,2005-02-05,한,암,,54,정성훈,강남환,292
17044,제주,2005-02-05,한,암,,54,윤덕상,강기숙,244
17045,제주,2005-02-05,한,암,,55,정성훈,조태만,279
17046,제주,2005-02-05,한,암,,54,김신호,이종철,273
17047,제주,2005-02-05,한,암,,54,좌윤철,현원,0
17048,제주,2005-02-05,한,암,,54,한상배,김창식,264
17049,제주,2005-02-05,한,암,,54,김신호,김길웅,246
17050,제주,2005-02-05,한,암,,54,김성오,강성호,305
17051,제주,2005-02-05,한,암,,56,김한철,김용수,235
17052,제주,2005-02-05,한,암,,55,윤덕상,강춘시,313
17053,제주,2005-02-05,한,암,,53,김영래,강태민,258
17054,제주,2005-02-05,한,암,,54,변용호,진영진,283
17055,제주,2005-02-05,한,암,,54,신경호,차연옥,267
17056,제주,2005-02-05,한,수,,55,임용찬,신승오,230
17057,제주,2005-02-05,한,수,,54,고성동,김순녀,271
17058,제주,2005-02-05,한,거,,55,최기호,강영종,236
17059,제주,2005-02-05,한,암,,54,강대은,현구연,276
17060,제주,2005-02-05,한,암,,54,박병진,조동식,298
17061,제주,2005-02-05,한,암,,76,임용찬,고경현,327
17062,제주,2005-02-05,한,암,,55,강대은,현상춘,281
17063,제주,2005-02-05,한,암,,55,박병진,김한진,281
17064,제주,2005-02-05,한,암,,54,김성오,김예근,296
17065,제주,2005-02-05,한,수,,55,변용호,송자민,296
17066,제주,2005-02-05,한,수,,55,강대은,김순녀,274
17067,제주,2005-02-05,한,수,,55,신경호,차연옥,246
17068,제주,2005-02-05,한,수,,55,백인호,강상길,270
17069,제주,2005-02-06,한,암,,54,강대은,강훈표,267
17070,제주,2005-02-06,한,암,,54,최기호,김인태,280
17071,제주,2005-02-06,한,암,,54,임용찬,김경림,265
17072,제주,2005-02-06,한,수,,55.5,윤덕상,고승명,263
17073,제주,2005-02-06,한,수,,55,김영래,김종현,302
17074,제주,2005-02-06,한,수,,56,변용호,장철환,278
17075,제주,2005-02-06,한,수,,55,장성종,이종철,271
17076,제주,2005-02-06,한,수,,57,강대은,현상춘,296
17077,제주,2005-02-06,한,수,,52,고영덕,진창배,255
17078,제주,2005-02-06,한,암,,54,김신호,조동식,295
17079,제주,2005-02-06,한,암,,55,고영덕,강상우,298
17080,제주,2005-02-06,한,암,,55,정성훈,임관호,274
17081,제주,2005-02-06,한,암,,54,김신호,이태보,262
17082,제주,2005-02-06,한,암,,54,한상배,김창준,255
17083,제주,2005-02-06,한,암,,54,박병진,김종현,270
17084,제주,2005-02-06,한,암,,54,박병진,김인태,275
17085,제주,2005-02-06,한,암,,54,최기호,강현수,238
17086,제주,2005-02-06,한,암,,55,변용호,진영진,282
17087,제주,2005-02-06,한,암,,54,김신호,이종철,269
17088,제주,2005-02-06,한,암,,55,좌윤철,고한구,275
17089,제주,2005-02-06,한,암,,54,정성훈,송방원,285
17090,제주,2005-02-06,한,암,,55,윤덕상,현상춘,266
17091,제주,2005-02-06,한,암,,54,장성종,양방철,271
17092,제주,2005-02-06,한,암,,54,장성종,강길홍,283
17093,제주,2005-02-06,한,암,,54,장성종,고임계,285
17094,제주,2005-02-06,한,암,,54,김영래,강태민,280
17095,제주,2005-02-06,한,암,,55,강대은,김홍협,298
17096,제주,2005-02-06,한,암,,55,강대은,조종호,278
17097,제주,2005-02-06,한,암,,55,최기호,정완모,271
17098,제주,2005-02-06,한,암,,52,강대은,강훈표,290
17099,제주,2005-02-06,한,암,,54,한상배,오춘학,286
17100,제주,2005-02-06,한,암,,55,변용호,김홍협,282
17101,제주,2005-02-06,한,암,,54,신경호,오기봉,281
17102,제주,2005-02-06,한,암,,54,김영래,김종식,282
17103,제주,2005-02-06,한,암,,55,정성훈,김용해,270
17104,제주,2005-02-06,한,수,,56,고영덕,강성호,281
17105,제주,2005-02-06,한,수,,51.5,김신호,김영일,302
17106,제주,2005-02-06,한,거,,55,고영덕,진창배,316
17107,제주,2005-02-06,한,거,,56,김한철,전건영,262
17108,제주,2005-02-06,한,거,,52.5,정성훈,김용해,262
17109,제주,2005-02-06,한,암,,54,백인호,차청일,268
17110,제주,2005-02-06,한,암,,54,김성오,강춘기,280
17111,제주,2005-02-06,한,암,,55,좌윤철,강인선,296
17112,제주,2005-02-06,한,암,,54,박병진,변공민,270
17113,제주,2005-02-06,한,암,,54,김한철,김영일,271
17114,제주,2005-02-06,한,암,,51,신경호,김국현,314
17115,제주,2005-02-06,한,암,,55,고성동,김순녀,286
17116,제주,2005-02-06,한,수,,53.5,정성훈,김용해,284
17117,제주,2005-02-06,한,수,,56,장성종,장두일,274
17118,제주,2005-02-06,한,수,,55,박병진,임태윤,272
17119,제주,2005-02-06,한,수,,55,고영덕,강성호,320
17120,제주,2005-02-06,한,수,,55,백인호,김태옥,282
17121,제주,2005-02-06,한,수,,56,고성동,장덕지,250
17122,제주,2005-02-06,한,수,,53,윤덕상,강춘시,320
17123,제주,2005-02-06,한,수,,55,변용호,박경식,291
17124,제주,2005-02-06,한,수,,55,김영래,강상우,298
17125,제주,2005-02-06,한,수,,52,윤덕상,김영일,277
17126,제주,2005-02-06,한,수,,55,김영복,김덕인,298
17127,제주,2005-02-06,한,수,,55,윤덕상,현상춘,287
17128,제주,2005-02-06,한,수,,55,김영복,현상춘,268
17129,제주,2005-02-06,한,수,,55,김영래,김창만,284
17130,제주,2005-02-06,한,수,,56,한상배,김경남,253
17131,제주,2005-02-06,한,수,,55,좌윤철,김정봉,291
17132,제주,2005-02-06,한,수,,55,좌윤철,김홍진,284
17133,제주,2005-02-06,한,수,,55,최기호,김인태,275
17134,제주,2005-02-06,한,수,,54,박병진,장덕지,273
17135,제주,2005-02-06,한,수,,55,고성동,김복자,292
17136,제주,2005-02-06,한,수,,55,한상배,오춘학,297
17137,제주,2005-02-06,한,수,,55,신경호,현원,247
17138,제주,2005-02-06,한,수,,55,정성훈,부오현,287
17139,제주,2005-02-06,한,수,,55,변용호,김산현,296
17140,제주,2005-02-06,한,수,,59,최기호,김인태,297
17141,제주,2005-02-06,한,수,,54,김한철,유원택,268
17142,제주,2005-02-06,한,수,,54,정성훈,김용해,280
17143,제주,2005-02-06,한,암,,54,김신호,조동식,286
17144,제주,2005-02-06,한,수,,55,백인호,조창규,286
17145,제주,2005-02-06,한,수,,55,장성종,김흥보,257
17146,제주,2005-02-06,한,수,,55,김한철,고경수,293
17147,제주,2005-02-06,한,수,,56,윤덕상,안석호,277
17148,제주,2005-02-06,한,수,,56,백인호,강상길,250
17149,제주,2005-02-06,한,수,,55,김신호,고정홍,297
17150,제주,2005-02-06,한,수,,55,임용찬,문영준,299
17151,제주,2005-02-06,한,수,,55,한상배,차청일,283
17152,제주,2005-02-06,한,수,,55,좌윤철,강진일,256
17153,제주,2005-02-19,한,수,,54,신경호,김순녀,285
17154,제주,2005-02-19,한,수,,52,김한철,정영기,266
17155,제주,2005-02-19,한,수,,55,고성동,고승명,253
17156,제주,2005-02-19,한,수,,53,좌윤철,김영,287
17157,제주,2005-02-19,한,수,,54,임용찬,신승오,267
17158,제주,2005-02-19,한,암,,54,김신호,김영일,284
17159,제주,2005-02-19,한,암,,54,좌윤철,강인선,299
17160,제주,2005-02-19,한,수,,55,임용찬,문영준,295
17161,제주,2005-02-19,한,수,,55,한상배,이형준,271
17162,제주,2005-02-19,한,암,,54,김영복,김태옥,267
17163,제주,2005-02-19,한,암,,55,좌윤철,고하구,284
17164,제주,2005-02-19,한,암,,54,한상배,오춘학,266
17165,제주,2005-02-19,한,암,,54,김성오,강춘기,290
17166,제주,2005-02-19,한,수,,55,임용찬,신승오,280
17167,제주,2005-02-19,한,암,,55,윤덕상,강춘시,306
17168,제주,2005-02-19,한,암,,55,김영복,오기봉,262
17169,제주,2005-02-19,한,거,,55,김성오,김예근,248
17170,제주,2005-02-19,한,수,,55,김영래,강태민,284
17171,제주,2005-02-19,한,수,,52,김성오,고하구,259
17172,제주,2005-02-19,한,암,,55,김영복,김태옥,277
17173,제주,2005-02-19,한,암,,54,좌윤철,김홍진,312
17174,제주,2005-02-19,한,암,,54,좌윤철,김용래,269
17175,제주,2005-02-19,한,암,,55,윤덕상,강기숙,309
17176,제주,2005-02-19,한,암,,54,박병진,양방철,242
17177,제주,2005-02-19,한,암,,54,김한철,고영조,290
17178,제주,2005-02-19,한,암,,54,김성오,강춘기,279
17179,제주,2005-02-19,한,암,,54,임용찬,송방원,291
17180,제주,2005-02-19,한,암,,51,김한철,김용수,260
17181,제주,2005-02-19,한,암,,54,윤덕상,윤태현,306
17182,제주,2005-02-19,한,암,,54,김신호,양도봉,276
17183,제주,2005-02-19,한,암,,55,한상배,김경남,290
17184,제주,2005-02-19,한,암,,54,좌윤철,송자민,221
17185,제주,2005-02-19,한,암,,51,최기호,김인태,257
17186,제주,2005-02-19,한,암,,54,최기호,오춘학,306
17187,제주,2005-02-19,한,암,,53,정성훈,고영조,263
17188,제주,2005-02-19,한,암,,54,장성종,박칠성,250
17189,제주,2005-02-19,한,암,,55,고영덕,변창순,274
17190,제주,2005-02-19,한,암,,54,정성훈,오성환,274
17191,제주,2005-02-19,한,암,,54,박병진,송정웅,247
17192,제주,2005-02-19,한,암,,51,김한철,고영조,266
17193,제주,2005-02-19,한,암,,54,신경호,현원,303
17194,제주,2005-02-19,한,암,,55,최기호,김인태,289
17195,제주,2005-02-19,한,수,,55,장성종,송정웅,267
17196,제주,2005-02-19,한,수,,55,김영복,오기봉,275
17197,제주,2005-02-19,한,수,,56,임용찬,송방원,301
17198,제주,2005-02-19,한,수,,55,박병진,장덕지,272
17199,제주,2005-02-19,한,거,,55,고영덕,진창배,322
17200,제주,2005-02-19,한,암,,52,고성동,고상운,239
17201,제주,2005-02-19,한,암,,54,윤덕상,강춘기,280
17202,제주,2005-02-19,한,암,,55,정성훈,강남환,274
17203,제주,2005-02-19,한,암,,54,김신호,이종철,273
17204,제주,2005-02-19,한,암,,58,좌윤철,강인선,250
17205,제주,2005-02-19,한,암,,56.5,강대은,윤태현,253
17206,제주,2005-02-19,한,수,,55,김영래,강태민,298
17207,제주,2005-02-19,한,수,,55,변용호,차청일,251
17208,제주,2005-02-19,한,수,,51,김영래,김종식,243
17209,제주,2005-02-19,한,수,,55,고영덕,변창순,278
17210,제주,2005-02-19,한,수,,55,강대은,고한구,278
17211,제주,2005-02-19,한,수,,56,장성종,장두일,273
17212,제주,2005-02-19,한,수,,55,임용찬,천창수,220
17213,제주,2005-02-19,한,수,,55,김영래,정완모,267
17214,제주,2005-02-19,한,수,,55,윤덕상,김영일,282
17215,제주,2005-02-19,한,수,,55,김신호,조동식,276
17216,제주,2005-02-19,한,수,,56,고영덕,강성호,282
17217,제주,2005-02-19,한,수,,55,김성오,변공민,284
17218,제주,2005-02-19,한,수,,55,정성훈,부오현,283
17219,제주,2005-02-19,한,수,,55,김성오,김예근,301
17220,제주,2005-02-19,한,암,,55,임용찬,송방원,267
17221,제주,2005-02-19,한,수,,55,변용호,장두일,312
17222,제주,2005-02-20,한,암,,54,김한철,고영조,246
17223,제주,2005-02-20,한,암,,54,고성동,고한구,246
17224,제주,2005-02-20,한,암,,54,정성훈,부오현,263
17225,제주,2005-02-20,한,암,,54,임용찬,신승오,294
17226,제주,2005-02-20,한,암,,55,고영덕,고상윤,285
17227,제주,2005-02-20,한,암,,54,신경호,한태국,241
17228,제주,2005-02-20,한,암,,54,박병진,조동식,295
17229,제주,2005-02-20,한,수,,55,윤덕상,안석호,282
17230,제주,2005-02-20,한,암,,53.5,변용호,진영진,282
17231,제주,2005-02-20,한,암,,54,김영복,현상춘,282
17232,제주,2005-02-20,한,수,,55,김한철,유상호,285
17233,제주,2005-02-20,한,암,,54,고영덕,고한구,288
17234,제주,2005-02-20,한,암,,55,윤덕상,현상춘,257
17235,제주,2005-02-20,한,암,,54,김성오,강춘기,274
17236,제주,2005-02-20,한,암,,54,김신호,강길홍,273
17237,제주,2005-02-20,한,암,,54,최기호,한성택,261
17238,제주,2005-02-20,한,암,,55,임용찬,신승오,250
17239,제주,2005-02-20,한,암,,54,윤덕상,김영일,230
17240,제주,2005-02-20,한,암,,54,김신호,조동식,262
17241,제주,2005-02-20,한,수,,55,김영복,오기봉,295
17242,제주,2005-02-20,한,수,,55,고영덕,변창순,313
17243,제주,2005-02-20,한,암,,54,김영래,송정웅,282
17244,제주,2005-02-20,한,암,,54,장성종,정동진,272
17245,제주,2005-02-20,한,수,,56,강대은,미듬종합,267
17246,제주,2005-02-20,한,암,,55,강대은,정영기,247
17247,제주,2005-02-20,한,암,,54,변용호,이정주,301
17248,제주,2005-02-20,한,암,,54,신경호,오기봉,285
17249,제주,2005-02-20,한,암,,54,정성훈,강남환,292
17250,제주,2005-02-20,한,암,,54,한상배,김창준,253
17251,제주,2005-02-20,한,암,,54,김성오,강성호,308
17252,제주,2005-02-20,한,암,,54,강대은,김정봉,243
17253,제주,2005-02-20,한,암,,54,한상배,오춘학,285
17254,제주,2005-02-20,한,암,,54,백인호,양동우,299
17255,제주,2005-02-20,한,암,,54,김영래,김종식,277
17256,제주,2005-02-20,한,수,,55,고성동,차청일,285
17257,제주,2005-02-20,한,수,,55,김성오,고하구,292
17258,제주,2005-02-20,한,수,,55,좌윤철,김정봉,296
17259,제주,2005-02-20,한,수,,55,고성동,문영준,265
17260,제주,2005-02-20,한,수,,56,한상배,김경남,256
17261,제주,2005-02-20,한,수,,55,김한철,정영기,256
17262,제주,2005-02-20,한,수,,56,김신호,현구연,270
17263,제주,2005-02-20,한,수,,55,김영래,전건영,290
17264,제주,2005-02-20,한,수,,55,백인호,이태보,265
17265,제주,2005-02-20,한,수,,55,김영래,강상우,293
17266,제주,2005-02-20,한,수,,55,신경호,송승준,271
17267,제주,2005-02-20,한,수,,55,윤덕상,고승명,248
17268,제주,2005-02-20,한,수,,55,임용찬,신승오,287
17269,제주,2005-02-20,한,수,,55,장성종,김흥보,261
17270,제주,2005-02-20,한,수,,55,고영덕,한재두,0
17271,제주,2005-02-20,한,수,,53.5,장성종,임상관,312
17272,제주,2005-02-20,한,수,,52,윤덕상,안석호,294
17273,제주,2005-02-20,한,수,,55.5,김영복,한재두,283
17274,제주,2005-02-20,한,수,,55.5,한상배,부용식,282
17275,제주,2005-02-20,한,수,,55,변용호,송자민,292
17276,제주,2005-02-20,한,수,,55,한상배,김종현,287
17277,제주,2005-02-20,한,수,,55,정성훈,부오현,287
17278,제주,2005-02-20,한,수,,55,한상배,오춘학,295
17279,제주,2005-02-20,한,수,,55,김영래,강태민,226
17280,제주,2005-02-20,한,수,,55,임용찬,문영준,285
17281,제주,2005-02-20,한,수,,55,장성종,김흥보,292
17282,제주,2005-02-20,한,수,,55,박병진,임태윤,270
17283,제주,2005-02-20,한,암,,54,김성오,강성호,299
17284,제주,2005-02-20,한,암,,54,백인호,강상길,255
17285,제주,2005-02-20,한,암,,52,김신호,현구연,253
17286,제주,2005-02-20,한,암,,54,김성오,강춘기,275
17287,제주,2005-02-20,한,암,,55,좌윤철,강인선,293
17288,제주,2005-02-20,한,암,,54,정성훈,김용해,306
17289,제주,2005-02-20,한,수,,55,좌윤철,김홍진,284
17290,제주,2005-02-20,한,수,,52.5,김신호,박칠성,275
17291,제주,2005-02-20,한,수,,55,장성종,강길홍,289
17292,제주,2005-02-20,한,수,,53,최기호,김인태,283
17293,제주,2005-02-20,한,수,,55,김영복,임승주,287
17294,제주,2005-02-20,한,수,,55,강대은,허영철,281
17295,제주,2005-02-20,한,거,,55,고성동,정완모,295
17296,제주,2005-02-20,한,거,,56,김한철,전건영,261
17297,제주,2005-02-20,한,암,,54,신경호,오기봉,276
17298,제주,2005-02-20,한,암,,55,변용호,김무현,268
17299,제주,2005-02-20,한,암,,54,장성종,양방철,267
17300,제주,2005-02-20,한,암,,54,김신호,조동식,286
17301,제주,2005-02-20,한,암,,52,한상배,이형준,227
17302,제주,2005-02-20,한,수,,55,김영복,현상춘,268
17303,제주,2005-02-20,한,수,,55,윤덕상,고하구,275
17304,제주,2005-02-20,한,수,,55,김영복,강학민,300
17305,제주,2005-02-20,한,암,,55,고영덕,강상우,302
17306,제주,2005-02-20,한,암,,54,백인호,차청일,274
17307,제주,2005-02-20,한,암,,54,박병진,장두일,248
17308,제주,2005-02-20,한,암,,54,좌윤철,김정봉,275
17309,제주,2005-02-20,한,암,,54,고성동,미듬종합,297
17310,제주,2005-02-20,한,암,,51,정성훈,송방원,286
17311,제주,2005-02-20,한,암,,54,최기호,조창규,233
17312,제주,2005-02-20,한,암,,55,박병진,김한진,283
17313,제주,2005-02-20,한,암,,54,한상배,김창식,260
17314,제주,2005-02-20,한,암,,54,고영덕,조창규,246
17315,제주,2005-02-20,한,암,,52,한상배,유상호,272
17316,제주,2005-02-20,한,암,,55.5,변용호,정완모,301
17317,제주,2005-02-20,한,암,,54,고성동,이정주,300
17318,제주,2005-02-20,한,암,,54,강대은,강훈표,266
17319,제주,2005-02-20,한,암,,54,백인호,신종창,265
17320,제주,2005-02-26,한,암,,54,장성종,임태윤,269
17321,제주,2005-02-26,한,암,,55,박병진,김한진,275
17322,제주,2005-02-26,한,암,,55,강대은,조종호,276
17323,제주,2005-02-26,한,암,,55,박병진,김용수,277
17324,제주,2005-02-26,한,암,,54,강대은,강영종,252
17325,제주,2005-02-26,한,수,,54.5,장성종,박칠성,272
17326,제주,2005-02-26,한,수,,55,장성종,정동진,319
17327,제주,2005-02-26,한,수,,55,정성훈,고임계,280
17328,제주,2005-02-26,한,수,,55,김영복,임승주,288
17329,제주,2005-02-26,한,수,,53,김성오,강성호,267
17330,제주,2005-02-26,한,수,,55,고성동,김복자,294
17331,제주,2005-02-26,한,수,,55,백인호,강상길,272
17332,제주,2005-02-26,한,수,,55,김영복,조창규,265
17333,제주,2005-02-26,한,수,,55,김영래,송승준,290
17334,제주,2005-02-26,한,수,,53,고성동,장덕지,0
17335,제주,2005-02-26,한,수,,55,신경호,현원,247
17336,제주,2005-02-26,한,수,,55,고영덕,강성호,315
17337,제주,2005-02-26,한,수,,55,한상배,차청일,281
17338,제주,2005-02-26,한,수,,55,김영래,김종현,295
17339,제주,2005-02-26,한,수,,55,김영래,전건영,291
17340,제주,2005-02-26,한,수,,55,좌윤철,김종현,282
17341,제주,2005-02-26,한,수,,55,변용호,박경식,293
17342,제주,2005-02-26,한,수,,56,정성훈,강남환,316
17343,제주,2005-02-26,한,수,,54.5,김영복,우정안,283
17344,제주,2005-02-26,한,수,,55,김성오,변공민,280
17345,제주,2005-02-26,한,수,,55.5,백인호,강상길,254
17346,제주,2005-02-26,한,수,,55,강대은,김순녀,267
17347,제주,2005-02-26,한,수,,55,임용찬,문영준,277
17348,제주,2005-02-26,한,수,,55,장성종,강길홍,297
17349,제주,2005-02-26,한,암,,54,고영덕,조창규,245
17350,제주,2005-02-26,한,암,,54,임용찬,김경림,266
17351,제주,2005-02-26,한,암,,53.5,백인호,신종창,296
17352,제주,2005-02-26,한,암,,53.5,김한철,김용수,247
17353,제주,2005-02-26,한,암,,54,장성종,강길홍,286
17354,제주,2005-02-26,한,암,,55,좌윤철,김홍진,305
17355,제주,2005-02-26,한,암,,54,변용호,진영진,284
17356,제주,2005-02-26,한,암,,54,장성종,현상춘,291
17357,제주,2005-02-26,한,수,,53,임용찬,문영준,293
17358,제주,2005-02-26,한,거,,56,김한철,전건영,260
17359,제주,2005-02-26,한,암,,54,최기호,강현수,241
17360,제주,2005-02-26,한,암,,55,윤덕상,강춘시,313
17361,제주,2005-02-26,한,암,,54.5,최기호,정완모,273
17362,제주,2005-02-26,한,암,,52.5,한상배,강상길,198
17363,제주,2005-02-26,한,암,,55,최기호,한성택,272
17364,제주,2005-02-26,한,암,,54,박병진,부용철,289
17365,제주,2005-02-26,한,수,,55,김성오,강춘기,321
17366,제주,2005-02-26,한,수,,55,김영래,강태민,235
17367,제주,2005-02-26,한,암,,54,고성동,고한구,249
17368,제주,2005-02-26,한,암,,54,정성훈,고영조,305
17369,제주,2005-02-26,한,암,,54,좌윤철,김홍진,306
17370,제주,2005-02-26,한,암,,54,김한철,김용수,226
17371,제주,2005-02-26,한,암,,54,신경호,한태국,242
17372,제주,2005-02-26,한,암,,54.5,변용호,진영진,279
17373,제주,2005-02-26,한,암,,54,박병진,김인태,278
17374,제주,2005-02-26,한,암,,54,변용호,김보준,234
17375,제주,2005-02-26,한,암,,54,정성훈,임관호,273
17376,제주,2005-02-26,한,암,,54,박병진,김한진,278
17377,제주,2005-02-26,한,암,,54.5,백인호,양동우,303
17378,제주,2005-02-26,한,암,,56,강대은,김홍협,214
17379,제주,2005-02-26,한,암,,54,김성오,강춘기,274
17380,제주,2005-02-26,한,암,,54,김성오,강춘기,285
17381,제주,2005-02-26,한,암,,56,김영래,조창규,264
17382,제주,2005-02-26,한,암,,52.5,김신호,김길웅,243
17383,제주,2005-02-26,한,암,,53.5,강대은,현상춘,277
17384,제주,2005-02-26,한,암,,55,최기호,오춘학,270
17385,제주,2005-02-26,한,암,,54,김영래,강태민,282
17386,제주,2005-02-26,한,암,,55,김신호,양도봉,249
17387,제주,2005-02-26,한,암,,54,강대은,양동우,270
17388,제주,2005-02-26,한,암,,54,김한철,김영일,271
17389,제주,2005-02-26,한,암,,54,한상배,김종현,289
17390,제주,2005-02-26,한,암,,54,김영래,김보준,294
17391,제주,2005-02-26,한,암,,54,고영덕,한남석,260
17392,제주,2005-02-26,한,수,,55,김영래,김창만,285
17393,제주,2005-02-26,한,수,,55,김영복,강학민,294
17394,제주,2005-02-26,한,수,,51.5,김영래,김순녀,267
17395,제주,2005-02-26,한,수,,55,윤덕상,고승명,221
17396,제주,2005-02-26,한,수,,56,변용호,장철환,282
17397,제주,2005-02-26,한,암,,54,윤덕상,양동우,278
17398,제주,2005-02-26,한,암,,54,김영복,강학민,292
17399,제주,2005-02-26,한,암,,55,고영덕,고상윤,283
17400,제주,2005-02-26,한,암,,54,한상배,오춘학,286
17401,제주,2005-02-26,한,암,,54,김영래,송정웅,275
17402,제주,2005-02-26,한,암,,54,김한철,정영기,270
17403,제주,2005-02-26,한,암,,54,윤덕상,안석호,240
17404,제주,2005-02-26,한,암,,54,좌윤철,강인선,260
17405,제주,2005-02-26,한,암,,54,변용호,이형준,289
17406,제주,2005-02-26,한,암,,54,윤덕상,강기숙,251
17407,제주,2005-02-26,한,암,,54,김영래,김종식,262
17408,제주,2005-02-26,한,암,,55,신경호,차연옥,282
17409,제주,2005-02-26,한,암,,52,신경호,한태국,253
17410,제주,2005-02-27,한,암,,54,박병진,김인태,276
17411,제주,2005-02-27,한,암,,53,고성동,고한구,243
17412,제주,2005-02-27,한,암,,54,최기호,이정충,268
17413,제주,2005-02-27,한,암,,54,백인호,신종창,260
17414,제주,2005-02-27,한,암,,56,김성오,강춘기,274
17415,제주,2005-02-27,한,암,,55,임용찬,송방원,265
17416,제주,2005-02-27,한,암,,54,신경호,차연옥,268
17417,제주,2005-02-27,한,암,,54,임용찬,한재두,265
17418,제주,2005-02-27,한,암,,54,김영래,정완모,272
17419,제주,2005-02-27,한,암,,56,장성종,박칠성,238
17420,제주,2005-02-27,한,암,,53,좌윤철,고한구,277
17421,제주,2005-02-27,한,암,,52,고성동,이정주,253
17422,제주,2005-02-27,한,암,,55.5,고영덕,김홍협,292
17423,제주,2005-02-27,한,암,,76,임용찬,고경현,326
17424,제주,2005-02-27,한,암,,54,강대은,현구연,284
17425,제주,2005-02-27,한,암,,54,최기호,김인태,285
17426,제주,2005-02-27,한,암,,53,윤덕상,김영일,226
17427,제주,2005-02-27,한,암,,54,김영래,김종식,279
17428,제주,2005-02-27,한,암,,54,고영덕,진창배,297
17429,제주,2005-02-27,한,수,,55,변용호,장두일,304
17430,제주,2005-02-27,한,수,,55,김영복,김덕인,306
17431,제주,2005-02-27,한,수,,55,최기호,정완모,301
17432,제주,2005-02-27,한,수,,55.5,김신호,김경림,314
17433,제주,2005-02-27,한,수,,55,고영덕,고한구,283
17434,제주,2005-02-27,한,수,,55,김신호,김영일,272
17435,제주,2005-02-27,한,수,,56,윤덕상,고승명,261
17436,제주,2005-02-27,한,암,,54,한상배,정동진,300
17437,제주,2005-02-27,한,암,,54,김성오,김예근,303
17438,제주,2005-02-27,한,암,,54,김영복,김태옥,265
17439,제주,2005-02-27,한,수,,55,장성종,천창수,315
17440,제주,2005-02-27,한,암,,54,백인호,차청일,272
17441,제주,2005-02-27,한,암,,55,변용호,김홍협,285
17442,제주,2005-02-27,한,암,,54,백인호,양동우,298
17443,제주,2005-02-27,한,암,,57,김한철,김용수,236
17444,제주,2005-02-27,한,암,,54,한상배,김창식,303
17445,제주,2005-02-27,한,수,,53,임용찬,신승오,237
17446,제주,2005-02-27,한,수,,55,백인호,강기숙,265
17447,제주,2005-02-27,한,수,,54,변용호,김산현,258
17448,제주,2005-02-27,한,수,,55,신경호,차연옥,250
17449,제주,2005-02-27,한,수,,59.5,최기호,김인태,300
17450,제주,2005-02-27,한,수,,55,변용호,정완모,282
17451,제주,2005-02-27,한,수,,55,장성종,이종철,272
17452,제주,2005-02-27,한,수,,55,신경호,고하구,281
17453,제주,2005-02-27,한,수,,55,김영래,강태민,282
17454,제주,2005-02-27,한,수,,55,김신호,고정홍,301
17455,제주,2005-02-27,한,수,,55,변용호,김산현,301
17456,제주,2005-02-27,한,수,,54.5,김영복,김태옥,293
17457,제주,2005-02-27,한,수,,56,김성오,한성택,301
17458,제주,2005-02-27,한,수,,56,백인호,고덕주,282
17459,제주,2005-02-27,한,수,,55,김영래,김보준,291
17460,제주,2005-02-27,한,수,,53,백인호,이태보,263
17461,제주,2005-02-27,한,수,,55,김영래,전건영,288
17462,제주,2005-02-27,한,수,,56,윤덕상,안석호,277
17463,제주,2005-02-27,한,수,,55,최기호,김인태,282
17464,제주,2005-02-27,한,수,,55,강대은,현상춘,302
17465,제주,2005-02-27,한,수,,55,임용찬,신승오,280
17466,제주,2005-02-27,한,수,,56,고영덕,강성호,283
17467,제주,2005-02-27,한,수,,55,좌윤철,강진일,261
17468,제주,2005-02-27,한,수,,55,한상배,이형준,267
17469,제주,2005-02-27,한,수,,55,윤덕상,현상춘,284
17470,제주,2005-02-27,한,수,,51,김신호,김영일,298
17471,제주,2005-02-27,한,수,,56,김영래,강태민,224
17472,제주,2005-02-27,한,수,,53,임용찬,천창수,281
17473,제주,2005-02-27,한,수,,57,강대은,현상춘,0
17474,제주,2005-02-27,한,수,,53,김한철,강춘시,257
17475,제주,2005-02-27,한,수,,55,김한철,정영기,254
17476,제주,2005-02-27,한,수,,54.5,임용찬,송방원,317
17477,제주,2005-02-27,한,수,,55,백인호,조창규,286
17478,제주,2005-02-27,한,수,,55,김영복,임승주,324
17479,제주,2005-02-27,한,수,,55,강대은,미듬종합,266
17480,제주,2005-02-27,한,수,,51,임용찬,임태윤,285
17481,제주,2005-02-27,한,수,,55,김한철,박영춘,276
17482,제주,2005-02-27,한,수,,55,고성동,이정주,288
17483,제주,2005-02-27,한,수,,54,김영복,한재두,282
17484,제주,2005-02-27,한,암,,55,한상배,김경남,284
17485,제주,2005-02-27,한,암,,54,김영래,전건영,264
17486,제주,2005-02-27,한,암,,55,고성동,김순녀,286
17487,제주,2005-02-27,한,암,,55,고영덕,변창순,269
17488,제주,2005-02-27,한,암,,54,박병진,고경현,248
17489,제주,2005-02-27,한,암,,56.5,고영덕,변창순,293
17490,제주,2005-02-27,한,암,,54,변용호,정완모,255
17491,제주,2005-02-27,한,암,,54,김성오,강성호,302
17492,제주,2005-02-27,한,수,,55,신경호,송승준,272
17493,제주,2005-02-27,한,수,,55,김영복,오기봉,295
17494,제주,2005-02-27,한,수,,55,김영복,조창규,296
17495,제주,2005-02-27,한,거,,52,박병진,김복자,298
17496,제주,2005-02-27,한,거,,55,최기호,강영종,240
17497,제주,2005-02-27,한,암,,55,김영복,김태옥,273
17498,제주,2005-02-27,한,암,,54,고성동,고승명,275
17499,제주,2005-02-27,한,암,,54,고성동,조종호,289
17500,제주,2005-02-27,한,암,,52,김신호,이종철,288
17501,제주,2005-02-27,한,암,,54,장성종,고임계,284
17502,제주,2005-02-27,한,암,,55,정성훈,강남환,274
17503,제주,2005-02-27,한,수,,55,한상배,고영조,290
17504,제주,2005-02-27,한,수,,55,정성훈,김용해,313
17505,제주,2005-02-27,한,수,,56,박병진,김인태,277
17506,제주,2005-02-27,한,수,,55,좌윤철,김정봉,294
17507,제주,2005-02-27,한,수,,51,김한철,유상호,291
17508,제주,2005-02-27,한,암,,53,정성훈,강남환,251
17509,제주,2005-03-05,한,암,,54,임용찬,한재두,263
17510,제주,2005-03-05,한,암,,55,강대은,김홍협,296
17511,제주,2005-03-05,한,암,,51,최기호,오춘학,264
17512,제주,2005-03-05,한,암,,54,김한철,정동진,282
17513,제주,2005-03-05,한,암,,54,장성종,정동진,269
17514,제주,2005-03-05,한,암,,54,김신호,강길홍,265
17515,제주,2005-03-05,한,암,,54,고성동,미듬종합,292
17516,제주,2005-03-05,한,암,,52,김한철,김용수,248
17517,제주,2005-03-05,한,암,,54,장성종,양방철,264
17518,제주,2005-03-05,한,암,,55,강대은,정영기,245
17519,제주,2005-03-05,한,암,,54,김신호,이종철,277
17520,제주,2005-03-05,한,암,,51,최기호,김인태,254
17521,제주,2005-03-05,한,암,,54,좌윤철,김용래,265
17522,제주,2005-03-05,한,암,,51,신경호,김국현,315
17523,제주,2005-03-05,한,수,,55,박병진,임태윤,275
17524,제주,2005-03-05,한,수,,56,김성오,한성택,300
17525,제주,2005-03-05,한,수,,55,고영덕,변창순,315
17526,제주,2005-03-05,한,수,,55,윤덕상,고하구,276
17527,제주,2005-03-05,한,수,,55,좌윤철,이종철,295
17528,제주,2005-03-05,한,암,,54,박병진,송정웅,237
17529,제주,2005-03-05,한,암,,54,한상배,김창준,285
17530,제주,2005-03-05,한,암,,54,김영복,오기봉,267
17531,제주,2005-03-05,한,수,,55,정성훈,부오현,283
17532,제주,2005-03-05,한,수,,56,신경호,김순녀,290
17533,제주,2005-03-05,한,수,,55,좌윤철,김영,287
17534,제주,2005-03-05,한,수,,55,김영복,김덕인,296
17535,제주,2005-03-05,한,수,,51,고성동,고승명,256
17536,제주,2005-03-05,한,수,,56,한상배,김경남,262
17537,제주,2005-03-05,한,수,,55,백인호,조창규,281
17538,제주,2005-03-05,한,수,,55,김영복,현상춘,266
17539,제주,2005-03-05,한,수,,50,김한철,유원택,264
17540,제주,2005-03-05,한,암,,54,임용찬,송방원,289
17541,제주,2005-03-05,한,암,,54,김한철,정영기,262
17542,제주,2005-03-05,한,암,,54,좌윤철,현원,309
17543,제주,2005-03-05,한,암,,54,김신호,김영일,276
17544,제주,2005-03-05,한,암,,56,좌윤철,고한구,274
17545,제주,2005-03-05,한,암,,54,김신호,양도봉,274
17546,제주,2005-03-05,한,거,,54,고영덕,진창배,322
17547,제주,2005-03-05,한,암,,54,백인호,양동우,305
17548,제주,2005-03-05,한,암,,55,좌윤철,고하구,284
17549,제주,2005-03-05,한,암,,54,김신호,조동식,293
17550,제주,2005-03-05,한,암,,54,정성훈,부오현,265
17551,제주,2005-03-05,한,수,,55,강대은,허영철,276
17552,제주,2005-03-05,한,수,,55,고성동,문영준,264
17553,제주,2005-03-05,한,수,,51,정성훈,김용해,279
17554,제주,2005-03-05,한,수,,55,백인호,강기숙,263
17555,제주,2005-03-05,한,수,,54,윤덕상,강춘기,285
17556,제주,2005-03-05,한,수,,55,장성종,송정웅,260
17557,제주,2005-03-05,한,수,,55,고영덕,고한구,273
17558,제주,2005-03-05,한,수,,55,김영복,오기봉,267
17559,제주,2005-03-05,한,수,,55,정성훈,부오현,288
17560,제주,2005-03-05,한,수,,55,윤덕상,고승명,248
17561,제주,2005-03-05,한,수,,51,임용찬,천창수,216
17562,제주,2005-03-05,한,수,,55,고영덕,강성호,314
17563,제주,2005-03-05,한,수,,55,김성오,김예근,301
17564,제주,2005-03-05,한,수,,55,김성오,고하구,295
17565,제주,2005-03-05,한,수,,55,김성오,강춘기,313
17566,제주,2005-03-05,한,수,,55,백인호,강상길,253
17567,제주,2005-03-05,한,수,,55,장성종,정동진,318
17568,제주,2005-03-05,한,암,,54,최기호,이정충,266
17569,제주,2005-03-05,한,암,,54,좌윤철,강인선,292
17570,제주,2005-03-05,한,거,,55,고성동,정완모,293
17571,제주,2005-03-05,한,암,,54,강대은,현구연,279
17572,제주,2005-03-05,한,암,,55,김영복,강학민,289
17573,제주,2005-03-05,한,암,,51,한상배,이형준,228
17574,제주,2005-03-05,한,암,,51,정성훈,송방원,285
17575,제주,2005-03-05,한,암,,54,김한철,고영조,249
17576,제주,2005-03-05,한,암,,54,임용찬,문영준,269
17577,제주,2005-03-05,한,암,,55,김신호,이종철,288
17578,제주,2005-03-05,한,암,,55,최기호,정완모,273
17579,제주,2005-03-05,한,암,,54,정성훈,김용해,304
17580,제주,2005-03-05,한,암,,54,신경호,오기봉,278
17581,제주,2005-03-05,한,수,,55,한상배,고영조,290
17582,제주,2005-03-05,한,암,,54,김신호,이종철,276
17583,제주,2005-03-05,한,암,,54,백인호,강도배,258
17584,제주,2005-03-05,한,암,,54,강대은,김홍진,281
17585,제주,2005-03-05,한,암,,54,윤덕상,강춘기,282
17586,제주,2005-03-05,한,암,,55,정성훈,김용해,275
17587,제주,2005-03-06,한,수,,55,김신호,조동식,273
17588,제주,2005-03-06,한,수,,55,좌윤철,김홍진,287
17589,제주,2005-03-06,한,수,,55,김영복,김덕인,280
17590,제주,2005-03-06,한,수,,52,윤덕상,안석호,286
17591,제주,2005-03-06,한,수,,55,장성종,강길홍,291
17592,제주,2005-03-06,한,수,,55,장성종,김흥보,296
17593,제주,2005-03-06,한,암,,51,김한철,고영조,264
17594,제주,2005-03-06,한,암,,54,고성동,이정주,295
17595,제주,2005-03-06,한,수,,55,정성훈,김용해,311
17596,제주,2005-03-06,한,수,,55,변용호,송자민,295
17597,제주,2005-03-06,한,수,,55,임용찬,박영춘,291
17598,제주,2005-03-06,한,수,,56,고영덕,진창배,261
17599,제주,2005-03-06,한,수,,56,장성종,장두일,273
17600,제주,2005-03-06,한,암,,54,좌윤철,김정봉,279
17601,제주,2005-03-06,한,암,,54,고영덕,송정웅,270
17602,제주,2005-03-06,한,암,,54,박병진,양방철,242
17603,제주,2005-03-06,한,암,,55,박병진,김용수,272
17604,제주,2005-03-06,한,암,,54,정성훈,김태옥,289
17605,제주,2005-03-06,한,암,,54.5,변용호,정완모,295
17606,제주,2005-03-06,한,암,,54,백인호,강상길,257
17607,제주,2005-03-06,한,암,,54,강대은,정이남,268
17608,제주,2005-03-06,한,암,,54,강대은,강영종,252
17609,제주,2005-03-06,한,암,,54,한상배,김종현,284
17610,제주,2005-03-06,한,암,,54,김영복,한재두,283
17611,제주,2005-03-06,한,암,,55,변용호,김무현,261
17612,제주,2005-03-06,한,암,,54,좌윤철,이종철,260
17613,제주,2005-03-06,한,암,,54,정성훈,고영조,303
17614,제주,2005-03-06,한,암,,54,정성훈,강남환,293
17615,제주,2005-03-06,한,암,,54,박병진,조동식,295
17616,제주,2005-03-06,한,암,,54,강대은,김정봉,238
17617,제주,2005-03-06,한,암,,54,최기호,오춘학,304
17618,제주,2005-03-06,한,암,,55,고영덕,강상우,301
17619,제주,2005-03-06,한,암,,54,고영덕,한남석,258
17620,제주,2005-03-06,한,암,,54,고영덕,고한구,298
17621,제주,2005-03-06,한,수,,55,변용호,박경식,295
17622,제주,2005-03-06,한,수,,55,김영복,임승주,321
17623,제주,2005-03-06,한,수,,55,윤덕상,김영일,278
17624,제주,2005-03-06,한,수,,56,김신호,현구연,263
17625,제주,2005-03-06,한,수,,55,한상배,차청일,281
17626,제주,2005-03-06,한,수,,56,백인호,고덕주,282
17627,제주,2005-03-06,한,수,,56,김신호,이창훈,318
17628,제주,2005-03-06,한,수,,55,고성동,차청일,283
17629,제주,2005-03-06,한,수,,55,김영래,강태민,296
17630,제주,2005-03-06,한,수,,55,장성종,김흥보,261
17631,제주,2005-03-06,한,수,,55,정성훈,강남환,312
17632,제주,2005-03-06,한,수,,52,김신호,박칠성,274
17633,제주,2005-03-06,한,수,,55,신경호,김경남,274
17634,제주,2005-03-06,한,수,,55,변용호,차청일,256
17635,제주,2005-03-06,한,수,,55,김영복,김태옥,262
17636,제주,2005-03-06,한,수,,55,윤덕상,현상춘,289
17637,제주,2005-03-06,한,수,,54.5,장성종,임상관,306
17638,제주,2005-03-06,한,수,,55,윤덕상,안석호,282
17639,제주,2005-03-06,한,암,,54,좌윤철,김정봉,280
17640,제주,2005-03-06,한,수,,56,고영덕,강성호,280
17641,제주,2005-03-06,한,수,,55.5,한상배,부용식,279
17642,제주,2005-03-06,한,수,,55,김영래,최기돈,287
17643,제주,2005-03-06,한,거,,55,김성오,김예근,252
17644,제주,2005-03-06,한,암,,54,고성동,이정주,296
17645,제주,2005-03-06,한,암,,54.5,변용호,진영진,277
17646,제주,2005-03-06,한,수,,52,고성동,김순녀,276
17647,제주,2005-03-06,한,암,,53,정성훈,고영조,259
17648,제주,2005-03-06,한,암,,54,김한철,고영조,296
17649,제주,2005-03-06,한,암,,54,좌윤철,송자민,218
17650,제주,2005-03-06,한,암,,54,임용찬,김경림,262
17651,제주,2005-03-06,한,암,,54,박병진,전건영,263
17652,제주,2005-03-06,한,암,,55,최기호,김인태,282
17653,제주,2005-03-06,한,암,,54,김한철,김영일,267
17654,제주,2005-03-06,한,암,,54,신경호,오기봉,281
17655,제주,2005-03-06,한,암,,51,정성훈,조태만,315
17656,제주,2005-03-06,한,암,,54,임용찬,신승오,300
17657,제주,2005-03-06,한,암,,54,장성종,박칠성,246
17658,제주,2005-03-06,한,암,,54,김성오,김예근,298
17659,제주,2005-03-06,한,암,,55,윤덕상,현상춘,259
17660,제주,2005-03-06,한,암,,54,변용호,차청일,297
17661,제주,2005-03-06,한,암,,54,김영복,현상춘,275
17662,제주,2005-03-06,한,암,,52,한상배,유상호,267
17663,제주,2005-03-06,한,암,,52.5,백인호,신종창,296
17664,제주,2005-03-06,한,암,,54,김영래,전건영,266
17665,제주,2005-03-06,한,암,,54,김신호,조동식,289
17666,제주,2005-03-06,한,암,,54,신경호,현원,309
17667,제주,2005-03-12,한,수,,55,임용찬,신승오,287
17668,제주,2005-03-12,한,수,,53,변용호,김산현,254
17669,제주,2005-03-12,한,수,,54,장성종,이종철,263
17670,제주,2005-03-12,한,수,,55,고성동,차청일,282
17671,제주,2005-03-12,한,수,,55,한상배,김종현,294
17672,제주,2005-03-12,한,수,,55,신경호,고하구,288
17673,제주,2005-03-12,한,수,,56,김신호,이창훈,315
17674,제주,2005-03-12,한,수,,55,김영복,현상춘,262
17675,제주,2005-03-12,한,수,,55,김영래,김보준,288
17676,제주,2005-03-12,한,수,,55,김영래,전건영,288
17677,제주,2005-03-12,한,수,,54,임용찬,문영준,288
17678,제주,2005-03-12,한,암,,54,한상배,오춘학,278
17679,제주,2005-03-12,한,암,,54,김성오,김동후,276
17680,제주,2005-03-12,한,수,,56,변용호,장철환,286
17681,제주,2005-03-12,한,암,,77,임용찬,고경현,326
17682,제주,2005-03-12,한,수,,55,좌윤철,김정봉,292
17683,제주,2005-03-12,한,수,,55,김영래,강상우,293
17684,제주,2005-03-12,한,수,,55,김성오,변공민,278
17685,제주,2005-03-12,한,암,,54,백인호,차청일,268
17686,제주,2005-03-12,한,수,,55,신경호,차연옥,246
17687,제주,2005-03-12,한,수,,55,장성종,천창수,267
17688,제주,2005-03-12,한,암,,54,김성오,강성호,304
17689,제주,2005-03-12,한,수,,55,고성동,김복자,296
17690,제주,2005-03-12,한,암,,54,김신호,조동식,295
17691,제주,2005-03-12,한,암,,55,정성훈,조태만,279
17692,제주,2005-03-12,한,암,,54,박병진,김인태,273
17693,제주,2005-03-12,한,수,,55,신경호,송승준,263
17694,제주,2005-03-12,한,거,,56,김한철,전건영,259
17695,제주,2005-03-12,한,수,,54,백인호,안석호,261
17696,제주,2005-03-12,한,암,,54,최기호,강현수,236
17697,제주,2005-03-12,한,암,,54,김영복,오기봉,264
17698,제주,2005-03-12,한,암,,54,윤덕상,윤태현,306
17699,제주,2005-03-12,한,암,,54,좌윤철,김홍진,314
17700,제주,2005-03-12,한,암,,54,고성동,고승명,260
17701,제주,2005-03-12,한,암,,54,좌윤철,강인선,288
17702,제주,2005-03-12,한,암,,54,박병진,부용철,287
17703,제주,2005-03-12,한,암,,56,고영덕,변창순,289
17704,제주,2005-03-12,한,암,,54,윤덕상,양동우,283
17705,제주,2005-03-12,한,암,,54,변용호,정완모,254
17706,제주,2005-03-12,한,암,,53,김신호,김길웅,242
17707,제주,2005-03-12,한,암,,54,장성종,강길홍,290
17708,제주,2005-03-12,한,암,,55,윤덕상,강춘시,317
17709,제주,2005-03-12,한,암,,55,정성훈,강남환,275
17710,제주,2005-03-12,한,암,,55,고영덕,고상윤,275
17711,제주,2005-03-12,한,암,,54,장성종,고임계,285
17712,제주,2005-03-12,한,암,,54,김영복,정이남,251
17713,제주,2005-03-12,한,암,,53,고영덕,변창순,250
17714,제주,2005-03-12,한,암,,53,신경호,한태국,249
17715,제주,2005-03-12,한,암,,55,강대은,정영기,245
17716,제주,2005-03-12,한,암,,54,김성오,강춘기,278
17717,제주,2005-03-12,한,암,,54,백인호,강도배,250
17718,제주,2005-03-12,한,암,,54.5,강대은,정춘조,260
17719,제주,2005-03-12,한,암,,55,고영덕,김홍협,289
17720,제주,2005-03-12,한,암,,54,한상배,김창준,281
17721,제주,2005-03-12,한,암,,54,강대은,김경남,256
17722,제주,2005-03-12,한,암,,53,한상배,김종현,224
17723,제주,2005-03-12,한,암,,55,김한철,송방원,259
17724,제주,2005-03-12,한,암,,54,김영래,김종식,278
17725,제주,2005-03-12,한,암,,54,윤덕상,강기숙,252
17726,제주,2005-03-12,한,암,,54,윤덕상,강춘시,317
17727,제주,2005-03-12,한,암,,56,김한철,김용수,232
17728,제주,2005-03-12,한,암,,53,김신호,현구연,252
17729,제주,2005-03-12,한,암,,54,박병진,김한진,290
17730,제주,2005-03-12,한,암,,54,좌윤철,김정봉,329
17731,제주,2005-03-12,한,암,,53,윤덕상,안석호,233
17732,제주,2005-03-12,한,수,,55,김영복,오기봉,267
17733,제주,2005-03-12,한,수,,51,정성훈,임관호,255
17734,제주,2005-03-12,한,거,,51,정성훈,김용해,315
17735,제주,2005-03-12,한,거,,55,최기호,정완모,242
17736,제주,2005-03-12,한,암,,54,박병진,송정웅,241
17737,제주,2005-03-12,한,암,,54,한상배,강현수,305
17738,제주,2005-03-12,한,암,,54,박병진,김용수,263
17739,제주,2005-03-12,한,암,,55,좌윤철,김홍진,309
17740,제주,2005-03-12,한,암,,54,김영복,김태옥,262
17741,제주,2005-03-12,한,암,,54,변용호,진영진,281
17742,제주,2005-03-12,한,암,,55,신경호,차연옥,284
17743,제주,2005-03-12,한,암,,55,변용호,진영진,275
17744,제주,2005-03-12,한,암,,54,임용찬,문영준,271
17745,제주,2005-03-12,한,암,,53,윤덕상,양동우,249
17746,제주,2005-03-12,한,수,,55,장성종,천창수,304
17747,제주,2005-03-12,한,수,,55,좌윤철,강진일,263
17748,제주,2005-03-12,한,수,,56,박병진,김인태,276
17749,제주,2005-03-13,한,암,,55,윤덕상,현상춘,256
17750,제주,2005-03-13,한,수,,55,김영복,임승주,285
17751,제주,2005-03-13,한,수,,55,최기호,김인태,279
17752,제주,2005-03-13,한,수,,55,장성종,강길홍,287
17753,제주,2005-03-13,한,수,,54,임용찬,송방원,321
17754,제주,2005-03-13,한,암,,52,강대은,강훈표,293
17755,제주,2005-03-13,한,암,,54,신경호,오기봉,278
17756,제주,2005-03-13,한,암,,55,좌윤철,강인선,292
17757,제주,2005-03-13,한,암,,54,윤덕상,안석호,241
17758,제주,2005-03-13,한,암,,54,김한철,고영조,245
17759,제주,2005-03-13,한,암,,54,변용호,이형준,280
17760,제주,2005-03-13,한,수,,55,김영래,송정웅,269
17761,제주,2005-03-13,한,수,,51,김한철,정영기,268
17762,제주,2005-03-13,한,암,,54,김영복,오기봉,259
17763,제주,2005-03-13,한,암,,54,김영래,강태민,280
17764,제주,2005-03-13,한,암,,54,임용찬,고하구,295
17765,제주,2005-03-13,한,암,,56,강대은,김홍협,214
17766,제주,2005-03-13,한,암,,56,한상배,강상길,190
17767,제주,2005-03-13,한,암,,59,좌윤철,강인선,250
17768,제주,2005-03-13,한,암,,51,고성동,고상운,235
17769,제주,2005-03-13,한,암,,54,장성종,임태윤,270
17770,제주,2005-03-13,한,암,,55,임용찬,송방원,258
17771,제주,2005-03-13,한,암,,55,고영덕,변창순,268
17772,제주,2005-03-13,한,암,,54,최기호,정완모,277
17773,제주,2005-03-13,한,암,,55,변용호,김홍협,289
17774,제주,2005-03-13,한,암,,54,박병진,김복자,249
17775,제주,2005-03-13,한,암,,54,김한철,박영춘,300
17776,제주,2005-03-13,한,암,,54,좌윤철,강인선,257
17777,제주,2005-03-13,한,암,,54,최기호,김인태,283
17778,제주,2005-03-13,한,암,,53,고영덕,강성호,273
17779,제주,2005-03-13,한,암,,54,고성동,고승명,274
17780,제주,2005-03-13,한,암,,53,정성훈,고영조,250
17781,제주,2005-03-13,한,암,,54,박병진,김종현,283
17782,제주,2005-03-13,한,암,,54,백인호,양동우,302
17783,제주,2005-03-13,한,수,,55,신경호,이원길,287
17784,제주,2005-03-13,한,수,,55,임용찬,문영준,276
17785,제주,2005-03-13,한,수,,55,김영래,최기돈,288
17786,제주,2005-03-13,한,암,,51,정성훈,송방원,279
17787,제주,2005-03-13,한,암,,54,신경호,오기봉,276
17788,제주,2005-03-13,한,거,,52.5,정성훈,김용해,264
17789,제주,2005-03-13,한,암,,54,백인호,김용래,278
17790,제주,2005-03-13,한,암,,54,정성훈,김태옥,270
17791,제주,2005-03-13,한,암,,55,박병진,김한진,282
17792,제주,2005-03-13,한,암,,54,임용찬,신승오,296
17793,제주,2005-03-13,한,암,,54,김신호,조동식,259
17794,제주,2005-03-13,한,수,,54,김영복,김태옥,263
17795,제주,2005-03-13,한,수,,50,김영래,김종식,241
17796,제주,2005-03-13,한,수,,55,임용찬,신승오,282
17797,제주,2005-03-13,한,수,,56,윤덕상,고승명,259
17798,제주,2005-03-13,한,수,,53,김성오,김예근,295
17799,제주,2005-03-13,한,수,,55,임용찬,천창수,215
17800,제주,2005-03-13,한,수,,55,변용호,정완모,281
17801,제주,2005-03-13,한,수,,55,김영복,오기봉,291
17802,제주,2005-03-13,한,수,,54,김성오,강성호,265
17803,제주,2005-03-13,한,수,,56,윤덕상,안석호,276
17804,제주,2005-03-13,한,수,,54,김영복,오기봉,247
17805,제주,2005-03-13,한,수,,55,한상배,이형준,262
17806,제주,2005-03-13,한,수,,52,김성오,고하구,258
17807,제주,2005-03-13,한,거,,53,변용호,박경식,256
17808,제주,2005-03-13,한,수,,52,정성훈,김용해,274
17809,제주,2005-03-13,한,수,,53,장성종,박칠성,273
17810,제주,2005-03-13,한,수,,55,최기호,정완모,299
17811,제주,2005-03-13,한,수,,55,고성동,이정주,295
17812,제주,2005-03-13,한,수,,55,김신호,김경림,313
17813,제주,2005-03-13,한,수,,55,한상배,오춘학,304
17814,제주,2005-03-13,한,수,,55,김신호,김영일,273
17815,제주,2005-03-13,한,수,,55,정성훈,부오현,283
17816,제주,2005-03-13,한,수,,55,김영복,김덕인,276
17817,제주,2005-03-13,한,수,,52,한상배,이형준,300
17818,제주,2005-03-13,한,수,,55,김성오,고하구,293
17819,제주,2005-03-13,한,수,,51,김신호,김영일,298
17820,제주,2005-03-13,한,수,,52,고영덕,진창배,319
17821,제주,2005-03-13,한,암,,54,백인호,강상길,258
17822,제주,2005-03-13,한,암,,55,고영덕,강상우,300
17823,제주,2005-03-13,한,수,,55,변용호,장두일,301
17824,제주,2005-03-13,한,수,,55,김영복,김태옥,292
17825,제주,2005-03-13,한,암,,55,한상배,김경남,274
17826,제주,2005-03-13,한,암,,55,윤덕상,현상춘,262
17827,제주,2005-03-13,한,수,,55,김영복,강학민,299
17828,제주,2005-03-13,한,수,,55,김한철,정영기,249
17829,제주,2005-03-13,한,수,,55,고성동,장덕지,254
17830,제주,2005-03-13,한,수,,53,윤덕상,강춘시,326
17831,제주,2005-03-13,한,수,,54,임용찬,신승오,258
17832,제주,2005-03-19,한,수,,56,김성오,한성택,299
17833,제주,2005-03-19,한,수,,55,좌윤철,김홍진,287
17834,제주,2005-03-19,한,수,,55,장성종,김흥보,258
17835,제주,2005-03-19,한,수,,55,김영래,강태민,236
17836,제주,2005-03-19,한,수,,55,강대은,고한구,272
17837,제주,2005-03-19,한,암,,54,강대은,김경남,254
17838,제주,2005-03-19,한,암,,54,김한철,김용수,232
17839,제주,2005-03-19,한,암,,54,좌윤철,김정봉,283
17840,제주,2005-03-19,한,암,,51,김한철,고영조,270
17841,제주,2005-03-19,한,수,,55,한상배,차청일,281
17842,제주,2005-03-19,한,수,,55,정성훈,고임계,286
17843,제주,2005-03-19,한,수,,55,김영래,전건영,290
17844,제주,2005-03-19,한,수,,55,신경호,김경남,274
17845,제주,2005-03-19,한,암,,54,정성훈,고영조,300
17846,제주,2005-03-19,한,수,,55,임용찬,천창수,274
17847,제주,2005-03-19,한,수,,55,윤덕상,고승명,223
17848,제주,2005-03-19,한,수,,55,임용찬,신승오,288
17849,제주,2005-03-19,한,암,,54,김신호,이종철,281
17850,제주,2005-03-19,한,암,,54,임용찬,송방원,295
17851,제주,2005-03-19,한,암,,54,장성종,박칠성,241
17852,제주,2005-03-19,한,암,,54,변용호,김보준,236
17853,제주,2005-03-19,한,암,,54,고영덕,조창규,251
17854,제주,2005-03-19,한,암,,55,고성동,고한구,250
17855,제주,2005-03-19,한,암,,54,강대은,김정봉,232
17856,제주,2005-03-19,한,암,,54,김한철,정영기,268
17857,제주,2005-03-19,한,암,,54,김신호,조동식,292
17858,제주,2005-03-19,한,암,,54,장성종,현상춘,291
17859,제주,2005-03-19,한,암,,55,정성훈,김용해,268
17860,제주,2005-03-19,한,수,,55,장성종,송정웅,258
17861,제주,2005-03-19,한,암,,54,박병진,김한진,275
17862,제주,2005-03-19,한,암,,54,강대은,정이남,266
17863,제주,2005-03-19,한,암,,54,임용찬,한재두,263
17864,제주,2005-03-19,한,암,,54,정성훈,강남환,289
17865,제주,2005-03-19,한,암,,55,최기호,오춘학,268
17866,제주,2005-03-19,한,암,,54,고영덕,송정웅,266
17867,제주,2005-03-19,한,암,,54,윤덕상,강춘기,280
17868,제주,2005-03-19,한,암,,54,장성종,양방철,264
17869,제주,2005-03-19,한,암,,51,한상배,이형준,223
17870,제주,2005-03-19,한,암,,54,박병진,김용수,255
17871,제주,2005-03-19,한,암,,54,좌윤철,김용래,267
17872,제주,2005-03-19,한,암,,54,김성오,강춘기,276
17873,제주,2005-03-19,한,암,,55,고영덕,변창순,261
17874,제주,2005-03-19,한,암,,54,한상배,오춘학,279
17875,제주,2005-03-19,한,암,,54,장성종,정동진,275
17876,제주,2005-03-19,한,암,,54,윤덕상,김영일,226
17877,제주,2005-03-19,한,암,,54,최기호,조창규,234
17878,제주,2005-03-19,한,암,,55,김한철,송방원,256
17879,제주,2005-03-19,한,암,,54,장성종,박칠성,248
17880,제주,2005-03-19,한,암,,54,백인호,신종창,261
17881,제주,2005-03-19,한,암,,54,백인호,이창훈,268
17882,제주,2005-03-19,한,암,,54,신경호,고성남,275
17883,제주,2005-03-19,한,암,,51,신경호,김국현,317
17884,제주,2005-03-19,한,암,,52,최기호,김인태,255
17885,제주,2005-03-19,한,수,,55,김영복,조창규,296
17886,제주,2005-03-19,한,수,,56,신경호,김순녀,293
17887,제주,2005-03-19,한,수,,56,변용호,장철환,286
17888,제주,2005-03-19,한,수,,56,백인호,고덕주,272
17889,제주,2005-03-19,한,수,,55,고성동,김복자,296
17890,제주,2005-03-19,한,수,,55,한상배,김종현,292
17891,제주,2005-03-19,한,수,,55,변용호,박경식,292
17892,제주,2005-03-19,한,수,,55,김신호,고정홍,297
17893,제주,2005-03-19,한,수,,55,고영덕,고한구,278
17894,제주,2005-03-19,한,수,,55,고성동,문영준,265
17895,제주,2005-03-19,한,수,,55,정성훈,부오현,287
17896,제주,2005-03-19,한,수,,56,강대은,미듬종합,269
17897,제주,2005-03-19,한,수,,55,박병진,임태윤,274
17898,제주,2005-03-19,한,수,,55,임용찬,신승오,236
17899,제주,2005-03-19,한,수,,55,변용호,송자민,301
17900,제주,2005-03-19,한,수,,55,최기호,오춘학,286
17901,제주,2005-03-19,한,수,,55,김영래,강태민,299
17902,제주,2005-03-19,한,수,,55,윤덕상,고하구,281
17903,제주,2005-03-19,한,수,,55,변용호,김산현,306
17904,제주,2005-03-19,한,수,,55,강대은,허영철,284
17905,제주,2005-03-19,한,수,,54,윤덕상,강춘기,279
17906,제주,2005-03-19,한,수,,55,좌윤철,이종철,296
17907,제주,2005-03-19,한,수,,54,백인호,안석호,260
17908,제주,2005-03-19,한,수,,55,김영래,송승준,285
17909,제주,2005-03-20,한,수,,55,윤덕상,김영일,279
17910,제주,2005-03-20,한,암,,54,김영래,송정웅,275
17911,제주,2005-03-20,한,암,,54,김한철,김영일,265
17912,제주,2005-03-20,한,암,,54,김성오,강춘기,290
17913,제주,2005-03-20,한,암,,54,박병진,송정웅,237
17914,제주,2005-03-20,한,암,,54,최기호,이정충,264
17915,제주,2005-03-20,한,암,,55,한상배,김경남,277
17916,제주,2005-03-20,한,암,,54,김성오,강성호,304
17917,제주,2005-03-20,한,암,,54,김신호,양도봉,272
17918,제주,2005-03-20,한,수,,56,고영덕,진창배,260
17919,제주,2005-03-20,한,수,,56,한상배,김경남,251
17920,제주,2005-03-20,한,수,,52,고성동,김순녀,273
17921,제주,2005-03-20,한,수,,55.5,한상배,부용식,280
17922,제주,2005-03-20,한,수,,55,윤덕상,고승명,250
17923,제주,2005-03-20,한,수,,55,임용찬,박영춘,291
17924,제주,2005-03-20,한,수,,55,최기호,강남환,282
17925,제주,2005-03-20,한,수,,55,윤덕상,안석호,282
17926,제주,2005-03-20,한,수,,52,윤덕상,안석호,284
17927,제주,2005-03-20,한,수,,55.5,정성훈,강남환,313
17928,제주,2005-03-20,한,수,,55,좌윤철,김종현,284
17929,제주,2005-03-20,한,수,,55,변용호,정완모,278
17930,제주,2005-03-20,한,수,,51,김한철,유상호,299
17931,제주,2005-03-20,한,수,,55,한상배,고영조,289
17932,제주,2005-03-20,한,암,,54,최기호,오춘학,289
17933,제주,2005-03-20,한,암,,54,좌윤철,김정봉,279
17934,제주,2005-03-20,한,암,,54,백인호,양동우,299
17935,제주,2005-03-20,한,수,,55,고영덕,변창순,318
17936,제주,2005-03-20,한,수,,52,김신호,박칠성,276
17937,제주,2005-03-20,한,수,,55,김성오,강춘기,319
17938,제주,2005-03-20,한,수,,55,정성훈,김용해,305
17939,제주,2005-03-20,한,수,,56,장성종,장두일,272
17940,제주,2005-03-20,한,수,,55,백인호,강기숙,260
17941,제주,2005-03-20,한,수,,55,신경호,정영기,297
17942,제주,2005-03-20,한,거,,55,고성동,정완모,291
17943,제주,2005-03-20,한,거,,55,김성오,김예근,253
17944,제주,2005-03-20,한,암,,54,김신호,강길홍,262
17945,제주,2005-03-20,한,암,,54,고영덕,고한구,301
17946,제주,2005-03-20,한,암,,55,윤덕상,강춘시,309
17947,제주,2005-03-20,한,암,,54,좌윤철,김정봉,324
17948,제주,2005-03-20,한,암,,55,좌윤철,고하구,285
17949,제주,2005-03-20,한,암,,54,김영래,강태민,289
17950,제주,2005-03-20,한,암,,54,고성동,이정주,298
17951,제주,2005-03-20,한,암,,54,정성훈,김용해,312
17952,제주,2005-03-20,한,수,,55,좌윤철,김영,283
17953,제주,2005-03-20,한,수,,55.5,장성종,임상관,308
17954,제주,2005-03-20,한,수,,55,김영래,강태민,292
17955,제주,2005-03-20,한,수,,54,김성오,변공민,285
17956,제주,2005-03-20,한,수,,55,고영덕,강성호,313
17957,제주,2005-03-20,한,수,,55,김영복,임승주,327
17958,제주,2005-03-20,한,수,,52,한상배,조창규,261
17959,제주,2005-03-20,한,수,,55,변용호,차청일,256
17960,제주,2005-03-20,한,수,,55,김신호,조동식,275
17961,제주,2005-03-20,한,수,,55,장성종,정동진,318
17962,제주,2005-03-20,한,수,,56,김신호,현구연,265
17963,제주,2005-03-20,한,수,,55,고영덕,변창순,275
17964,제주,2005-03-20,한,암,,54,변용호,현구연,275
17965,제주,2005-03-20,한,암,,54,강대은,현구연,283
17966,제주,2005-03-20,한,암,,54,고성동,이정주,293
17967,제주,2005-03-20,한,암,,54,한상배,김종현,291
17968,제주,2005-03-20,한,암,,54,박병진,전건영,263
17969,제주,2005-03-20,한,암,,54,고성동,고한구,254
17970,제주,2005-03-20,한,암,,55,강대은,고상운,251
17971,제주,2005-03-20,한,암,,54,임용찬,고하구,294
17972,제주,2005-03-20,한,암,,54,김한철,박영춘,295
17973,제주,2005-03-20,한,암,,54,변용호,차청일,297
17974,제주,2005-03-20,한,암,,54,백인호,차청일,271
17975,제주,2005-03-20,한,암,,54,김신호,이종철,0
17976,제주,2005-03-20,한,암,,55,윤덕상,강기숙,310
17977,제주,2005-03-20,한,암,,54,김성오,김예근,300
17978,제주,2005-03-20,한,암,,54,김영래,전건영,268
17979,제주,2005-03-20,한,암,,54,정성훈,김태옥,288
17980,제주,2005-03-20,한,암,,55,박병진,김인태,288
17981,제주,2005-03-20,한,거,,56,김한철,전건영,255
17982,제주,2005-03-20,한,암,,55,최기호,김인태,287
17983,제주,2005-03-20,한,암,,54,박병진,조동식,296
17984,제주,2005-03-26,한,수,,54,김영복,김덕인,295
17985,제주,2005-03-26,한,수,,55,김성오,고하구,292
17986,제주,2005-03-26,한,수,,55,장성종,김흥보,298
17987,제주,2005-03-26,한,수,,55,신경호,송승준,262
17988,제주,2005-03-26,한,수,,55,장성종,천창수,270
17989,제주,2005-03-26,한,수,,55,김영래,강상우,291
17990,제주,2005-03-26,한,수,,54,고영덕,고상윤,272
17991,제주,2005-03-26,한,수,,55,좌윤철,김홍진,286
17992,제주,2005-03-26,한,수,,55,신경호,차연옥,250
17993,제주,2005-03-26,한,거,,52.5,정성훈,김용해,315
17994,제주,2005-03-26,한,암,,56,김영래,조창규,268
17995,제주,2005-03-26,한,암,,54,정성훈,부오현,310
17996,제주,2005-03-26,한,암,,53,윤덕상,양동우,243
17997,제주,2005-03-26,한,암,,52,좌윤철,고한구,271
17998,제주,2005-03-26,한,암,,54,변용호,정완모,255
17999,제주,2005-03-26,한,암,,55,김한철,김용수,234
18000,제주,2005-03-26,한,수,,55,박병진,김인태,275
18001,제주,2005-03-26,한,수,,55,고영덕,강성호,310
18002,제주,2005-03-26,한,수,,55,김영복,오기봉,291
18003,제주,2005-03-26,한,수,,55,장성종,강길홍,301
18004,제주,2005-03-26,한,거,,54,고영덕,진창배,331
18005,제주,2005-03-26,한,수,,53,최기호,김인태,286
18006,제주,2005-03-26,한,수,,55,신경호,고하구,287
18007,제주,2005-03-26,한,수,,55,정성훈,고임계,287
18008,제주,2005-03-26,한,수,,55,김영복,현상춘,272
18009,제주,2005-03-26,한,수,,53.5,변용호,김산현,255
18010,제주,2005-03-26,한,수,,55,박병진,임태윤,274
18011,제주,2005-03-26,한,수,,55,고성동,차청일,285
18012,제주,2005-03-26,한,수,,55,김영복,강학민,296
18013,제주,2005-03-26,한,수,,56,윤덕상,안석호,272
18014,제주,2005-03-26,한,수,,56,장성종,장두일,272
18015,제주,2005-03-26,한,수,,55,좌윤철,김정봉,290
18016,제주,2005-03-26,한,수,,54,고영덕,강성호,243
18017,제주,2005-03-26,한,수,,55,김영래,최기돈,276
18018,제주,2005-03-26,한,암,,54,장성종,임태윤,273
18019,제주,2005-03-26,한,암,,54,최기호,강현수,242
18020,제주,2005-03-26,한,암,,54,강대은,조종호,294
18021,제주,2005-03-26,한,암,,51.5,김신호,이종철,292
18022,제주,2005-03-26,한,암,,55,좌윤철,김홍진,312
18023,제주,2005-03-26,한,암,,54,박병진,고경현,249
18024,제주,2005-03-26,한,암,,54,좌윤철,강인선,294
18025,제주,2005-03-26,한,암,,51,최기호,정완모,270
18026,제주,2005-03-26,한,암,,54,김신호,조동식,263
18027,제주,2005-03-26,한,암,,53,김신호,현구연,255
18028,제주,2005-03-26,한,암,,55.5,변용호,진영진,277
18029,제주,2005-03-26,한,암,,53,고영덕,강성호,278
18030,제주,2005-03-26,한,암,,55,정성훈,임관호,0
18031,제주,2005-03-26,한,암,,53,변용호,오기봉,224
18032,제주,2005-03-26,한,암,,54,김영래,정완모,270
18033,제주,2005-03-26,한,암,,53.5,임용찬,신승오,298
18034,제주,2005-03-26,한,암,,55,강대은,정영기,251
18035,제주,2005-03-26,한,암,,54,고성동,고승명,276
18036,제주,2005-03-26,한,암,,54,고영덕,고한구,296
18037,제주,2005-03-26,한,암,,55.5,고영덕,변창순,289
18038,제주,2005-03-26,한,암,,54,박병진,양방철,0
18039,제주,2005-03-26,한,수,,55,정성훈,부오현,286
18040,제주,2005-03-26,한,수,,55,박병진,김태옥,231
18041,제주,2005-03-26,한,암,,54,김영래,강태민,288
18042,제주,2005-03-26,한,암,,55,윤덕상,강춘시,315
18043,제주,2005-03-26,한,암,,54,윤덕상,양동우,288
18044,제주,2005-03-26,한,암,,53,백인호,강도배,248
18045,제주,2005-03-26,한,암,,54,좌윤철,김정봉,246
18046,제주,2005-03-26,한,암,,54,박병진,송정웅,241
18047,제주,2005-03-26,한,암,,53,신경호,고영조,242
18048,제주,2005-03-26,한,암,,54,정성훈,임관호,296
18049,제주,2005-03-26,한,암,,54,최기호,정완모,280
18050,제주,2005-03-26,한,암,,54,최기호,정완모,255
18051,제주,2005-03-26,한,암,,51,백인호,양동우,298
18052,제주,2005-03-26,한,암,,54,백인호,이태보,278
18053,제주,2005-03-26,한,암,,53,좌윤철,박영춘,285
18054,제주,2005-03-26,한,암,,78,임용찬,고경현,326
18055,제주,2005-03-26,한,암,,53,고성동,한성택,225
18056,제주,2005-03-26,한,수,,54,강대은,양동우,267
18057,제주,2005-03-26,한,암,,54,좌윤철,김홍진,312
18058,제주,2005-03-26,한,암,,55,신경호,차연옥,282
18059,제주,2005-03-26,한,암,,54,김영래,김종식,271
18060,제주,2005-03-26,한,암,,54,좌윤철,김홍진,320
18061,제주,2005-03-26,한,암,,54,한상배,김창준,291
18062,제주,2005-03-26,한,암,,55,강대은,이정주,271
18063,제주,2005-03-26,한,암,,55,변용호,김홍협,285
18064,제주,2005-03-26,한,암,,55,정성훈,강남환,280
18065,제주,2005-03-26,한,암,,54,김신호,김영일,282
18066,제주,2005-03-26,한,암,,54,윤덕상,안석호,241
18067,제주,2005-03-26,한,암,,54,김영복,오기봉,264
18068,제주,2005-03-27,한,암,,55,윤덕상,현상춘,257
18069,제주,2005-03-27,한,암,,56,김한철,김용수,247
18070,제주,2005-03-27,한,암,,53,김한철,고영조,244
18071,제주,2005-03-27,한,수,,55,임용찬,천창수,218
18072,제주,2005-03-27,한,수,,55,백인호,조창규,284
18073,제주,2005-03-27,한,암,,53,윤덕상,강기숙,288
18074,제주,2005-03-27,한,암,,55,박병진,김한진,279
18075,제주,2005-03-27,한,암,,54,백인호,송정웅,274
18076,제주,2005-03-27,한,암,,54,고영덕,송정웅,261
18077,제주,2005-03-27,한,암,,54,한상배,김창식,313
18078,제주,2005-03-27,한,암,,54,김영래,김종식,284
18079,제주,2005-03-27,한,수,,52,김한철,정영기,267
18080,제주,2005-03-27,한,수,,55,김영래,송정웅,0
18081,제주,2005-03-27,한,암,,54,정성훈,강남환,296
18082,제주,2005-03-27,한,암,,55,변용호,김무현,261
18083,제주,2005-03-27,한,암,,54,고성동,조종호,295
18084,제주,2005-03-27,한,암,,54,박병진,부용철,289
18085,제주,2005-03-27,한,암,,54,김영복,한재두,287
18086,제주,2005-03-27,한,암,,54,김신호,이종철,290
18087,제주,2005-03-27,한,암,,55,김영복,오기봉,265
18088,제주,2005-03-27,한,암,,54,윤덕상,윤태현,306
18089,제주,2005-03-27,한,암,,55,고영덕,강상우,306
18090,제주,2005-03-27,한,암,,54,백인호,변공민,274
18091,제주,2005-03-27,한,암,,54,임용찬,문영준,268
18092,제주,2005-03-27,한,수,,55,최기호,정완모,304
18093,제주,2005-03-27,한,수,,55,장성종,강길홍,290
18094,제주,2005-03-27,한,수,,55,최기호,김인태,284
18095,제주,2005-03-27,한,수,,53,장성종,박칠성,271
18096,제주,2005-03-27,한,수,,60.5,최기호,김인태,305
18097,제주,2005-03-27,한,수,,52,김영래,강태민,233
18098,제주,2005-03-27,한,수,,55,고성동,장덕지,250
18099,제주,2005-03-27,한,수,,56.5,윤덕상,고승명,258
18100,제주,2005-03-27,한,수,,55,김신호,이창훈,263
18101,제주,2005-03-27,한,수,,56,임용찬,신승오,261
18102,제주,2005-03-27,한,수,,55,정성훈,김용해,308
18103,제주,2005-03-27,한,수,,54,김영복,한재두,284
18104,제주,2005-03-27,한,수,,55,고영덕,한재두,309
18105,제주,2005-03-27,한,수,,52,김영래,김종식,247
18106,제주,2005-03-27,한,수,,55,고성동,이정주,292
18107,제주,2005-03-27,한,수,,55,고영덕,고한구,277
18108,제주,2005-03-27,한,수,,54,좌윤철,김용래,261
18109,제주,2005-03-27,한,수,,55,김신호,김경림,310
18110,제주,2005-03-27,한,수,,55,한상배,오춘학,300
18111,제주,2005-03-27,한,수,,54,고성동,고승명,253
18112,제주,2005-03-27,한,수,,56,백인호,강상길,251
18113,제주,2005-03-27,한,수,,55,좌윤철,강진일,264
18114,제주,2005-03-27,한,수,,55,김한철,박영춘,278
18115,제주,2005-03-27,한,수,,55,임용찬,신승오,286
18116,제주,2005-03-27,한,거,,51.5,정성훈,김용해,261
18117,제주,2005-03-27,한,암,,53,장성종,박칠성,242
18118,제주,2005-03-27,한,암,,52,정성훈,조태만,281
18119,제주,2005-03-27,한,암,,51,강대은,강훈표,289
18120,제주,2005-03-27,한,수,,50,임용찬,임태윤,281
18121,제주,2005-03-27,한,수,,55,장성종,천창수,311
18122,제주,2005-03-27,한,수,,55,김신호,김영일,273
18123,제주,2005-03-27,한,수,,55,임용찬,문영준,283
18124,제주,2005-03-27,한,수,,54.5,김성오,고하구,259
18125,제주,2005-03-27,한,거,,53.5,변용호,박경식,255
18126,제주,2005-03-27,한,수,,54,김한철,유원택,261
18127,제주,2005-03-27,한,수,,54,신경호,오기봉,236
18128,제주,2005-03-27,한,수,,55,변용호,장두일,304
18129,제주,2005-03-27,한,수,,56,김영래,김순녀,268
18130,제주,2005-03-27,한,수,,53,김성오,김예근,301
18131,제주,2005-03-27,한,수,,55,김영복,오기봉,267
18132,제주,2005-03-27,한,수,,55,정성훈,김용해,279
18133,제주,2005-03-27,한,암,,53,고성동,고상운,251
18134,제주,2005-03-27,한,암,,56,정성훈,김태옥,272
18135,제주,2005-03-27,한,암,,54,장성종,강길홍,290
18136,제주,2005-03-27,한,암,,54,신경호,현원,307
18137,제주,2005-03-27,한,암,,53,고영덕,변창순,265
18138,제주,2005-03-27,한,암,,54,좌윤철,현원,0
18139,제주,2005-03-27,한,암,,53.5,고성동,고상운,230
18140,제주,2005-03-27,한,암,,54,신경호,오기봉,283
18141,제주,2005-03-27,한,암,,54,백인호,김용래,276
18142,제주,2005-03-27,한,암,,54,정성훈,부오현,275
18143,제주,2005-03-27,한,암,,55,박병진,김인태,276
18144,제주,2005-03-27,한,암,,56,강대은,김홍협,210
18145,제주,2005-03-27,한,암,,54,백인호,강상길,263
18146,제주,2005-03-27,한,암,,51,백인호,신종창,303
18147,제주,2005-03-27,한,암,,54,강대은,강훈표,271
18148,제주,2005-03-27,한,암,,54,강대은,현구연,285
18149,제주,2005-03-27,한,암,,54,김한철,정동진,283
18150,제주,2005-03-27,한,암,,55,좌윤철,강인선,295
18151,제주,2005-03-27,한,암,,54,김영복,김태옥,267
18152,제주,2005-03-27,한,암,,54,윤덕상,강기숙,262
18153,제주,2005-03-27,한,암,,54,신경호,오기봉,274
18154,제주,2005-03-27,한,암,,55,고영덕,고상윤,268
18155,제주,2005-03-27,한,암,,55,고성동,김순녀,294
18156,제주,2005-04-02,한,암,,54,신경호,고성남,273
18157,제주,2005-04-02,한,암,,54,김신호,조동식,291
18158,제주,2005-04-02,한,암,,52,고영덕,조창규,252
18159,제주,2005-04-02,한,암,,54,강대은,강훈표,268
18160,제주,2005-04-02,한,수,,55,윤덕상,현상춘,281
18161,제주,2005-04-02,한,수,,53,최기호,김인태,290
18162,제주,2005-04-02,한,암,,54,박병진,김한진,289
18163,제주,2005-04-02,한,암,,54,최기호,이정충,259
18164,제주,2005-04-02,한,암,,54,김성오,김예근,307
18165,제주,2005-04-02,한,암,,54,정성훈,고영조,304
18166,제주,2005-04-02,한,암,,55,강대은,정영기,249
18167,제주,2005-04-02,한,암,,54,한상배,오춘학,273
18168,제주,2005-04-02,한,암,,54,김신호,양도봉,270
18169,제주,2005-04-02,한,암,,55,임용찬,송방원,299
18170,제주,2005-04-02,한,암,,53.5,김한철,김용수,246
18171,제주,2005-04-02,한,암,,52,좌윤철,이용대,234
18172,제주,2005-04-02,한,수,,55,변용호,송자민,307
18173,제주,2005-04-02,한,수,,55,좌윤철,김정봉,290
18174,제주,2005-04-02,한,수,,50,김영복,김태옥,262
18175,제주,2005-04-02,한,수,,54,변용호,박경식,296
18176,제주,2005-04-02,한,수,,55,김한철,정영기,0
18177,제주,2005-04-02,한,수,,52,백인호,이태보,268
18178,제주,2005-04-02,한,수,,55,윤덕상,고하구,283
18179,제주,2005-04-02,한,수,,55,백인호,강상길,251
18180,제주,2005-04-02,한,수,,55,고성동,차청일,281
18181,제주,2005-04-02,한,수,,54,고영덕,고상윤,271
18182,제주,2005-04-02,한,수,,54,장성종,이종철,265
18183,제주,2005-04-02,한,수,,55,변용호,김산현,308
18184,제주,2005-04-02,한,수,,55,좌윤철,김종현,287
18185,제주,2005-04-02,한,암,,53,박병진,김한진,270
18186,제주,2005-04-02,한,암,,54,김신호,이종철,285
18187,제주,2005-04-02,한,암,,53,고성동,고승명,266
18188,제주,2005-04-02,한,암,,54,변용호,이형준,284
18189,제주,2005-04-02,한,암,,54,백인호,이창훈,274
18190,제주,2005-04-02,한,암,,54,백인호,차청일,266
18191,제주,2005-04-02,한,수,,55,강대은,고한구,273
18192,제주,2005-04-02,한,수,,55,장성종,김흥보,263
18193,제주,2005-04-02,한,수,,55,김영래,강태민,299
18194,제주,2005-04-02,한,수,,56,변용호,장철환,286
18195,제주,2005-04-02,한,수,,55,백인호,조창규,283
18196,제주,2005-04-02,한,수,,54,임용찬,문영준,291
18197,제주,2005-04-02,한,수,,55,고성동,김복자,294
18198,제주,2005-04-02,한,수,,50,김영래,김순녀,265
18199,제주,2005-04-02,한,수,,55,김영래,강태민,294
18200,제주,2005-04-02,한,수,,52.5,김성오,강성호,266
18201,제주,2005-04-02,한,수,,56,김신호,이창훈,315
18202,제주,2005-04-02,한,수,,55,김성오,강춘기,320
18203,제주,2005-04-02,한,수,,55,최기호,오춘학,279
18204,제주,2005-04-02,한,수,,55,김영복,김덕인,274
18205,제주,2005-04-02,한,수,,55,김영래,송승준,284
18206,제주,2005-04-02,한,수,,54,장성종,고임계,290
18207,제주,2005-04-02,한,수,,55,윤덕상,고승명,251
18208,제주,2005-04-02,한,수,,54,강대은,미듬종합,273
18209,제주,2005-04-02,한,암,,54,장성종,정동진,275
18210,제주,2005-04-02,한,암,,53,정성훈,김태옥,268
18211,제주,2005-04-02,한,암,,52,신경호,현원,254
18212,제주,2005-04-02,한,암,,55,고영덕,변창순,267
18213,제주,2005-04-02,한,암,,55,좌윤철,고하구,283
18214,제주,2005-04-02,한,암,,55,임용찬,신승오,299
18215,제주,2005-04-02,한,암,,54,신경호,오기봉,273
18216,제주,2005-04-02,한,암,,54,장성종,현상춘,290
18217,제주,2005-04-02,한,암,,55,김한철,정영기,272
18218,제주,2005-04-02,한,암,,54,좌윤철,김정봉,285
18219,제주,2005-04-02,한,암,,54,좌윤철,강인선,262
18220,제주,2005-04-02,한,암,,51,김신호,김길웅,241
18221,제주,2005-04-02,한,암,,54,김성오,강춘기,280
18222,제주,2005-04-02,한,암,,57.5,좌윤철,고한구,270
18223,제주,2005-04-02,한,암,,51,정성훈,송방원,281
18224,제주,2005-04-02,한,거,,54,고영덕,진창배,327
18225,제주,2005-04-02,한,암,,54,최기호,오춘학,294
18226,제주,2005-04-02,한,암,,54,장성종,박칠성,252
18227,제주,2005-04-02,한,암,,53,윤덕상,양동우,253
18228,제주,2005-04-02,한,수,,54,윤덕상,고승명,228
18229,제주,2005-04-02,한,암,,54,김영래,전건영,266
18230,제주,2005-04-02,한,암,,55,김영복,강학민,300
18231,제주,2005-04-02,한,암,,55,박병진,김인태,276
18232,제주,2005-04-02,한,암,,54,변용호,현구연,278
18233,제주,2005-04-02,한,수,,54,강대은,양동우,0
18234,제주,2005-04-02,한,수,,54,김한철,강춘시,255
18235,제주,2005-04-02,한,수,,55,김영복,오기봉,295
18236,제주,2005-04-03,한,수,,54,한상배,오춘광,281
18237,제주,2005-04-03,한,수,,55,김영래,김창만,288
18238,제주,2005-04-03,한,수,,55,김신호,고정홍,297
18239,제주,2005-04-03,한,수,,55,고성동,고승명,253
18240,제주,2005-04-03,한,수,,55,변용호,차청일,253
18241,제주,2005-04-03,한,수,,52,고영덕,진창배,322
18242,제주,2005-04-03,한,수,,54,김영복,오기봉,257
18243,제주,2005-04-03,한,수,,54,장성종,정동진,322
18244,제주,2005-04-03,한,수,,56,백인호,고덕주,274
18245,제주,2005-04-03,한,수,,56,김성오,한성택,302
18246,제주,2005-04-03,한,수,,50,임용찬,임태윤,275
18247,제주,2005-04-03,한,수,,55,김영래,최기돈,285
18248,제주,2005-04-03,한,수,,55.5,윤덕상,강춘시,333
18249,제주,2005-04-03,한,수,,54,김한철,고영조,292
18250,제주,2005-04-03,한,수,,56,김신호,현구연,265
18251,제주,2005-04-03,한,수,,55,신경호,김경남,268
18252,제주,2005-04-03,한,수,,56,고영덕,진창배,260
18253,제주,2005-04-03,한,수,,56,정성훈,강남환,315
18254,제주,2005-04-03,한,수,,55,김영래,송정웅,272
18255,제주,2005-04-03,한,수,,55,신경호,이원길,301
18256,제주,2005-04-03,한,수,,55,좌윤철,장두일,279
18257,제주,2005-04-03,한,수,,55,강대은,허영철,281
18258,제주,2005-04-03,한,수,,55,임용찬,박영춘,292
18259,제주,2005-04-03,한,수,,55,고성동,문영준,263
18260,제주,2005-04-03,한,수,,55,김성오,변공민,282
18261,제주,2005-04-03,한,수,,55,임용찬,신승오,284
18262,제주,2005-04-03,한,암,,54,임용찬,고하구,289
18263,제주,2005-04-03,한,암,,52,최기호,김인태,260
18264,제주,2005-04-03,한,암,,54,한상배,김창준,293
18265,제주,2005-04-03,한,암,,55,고영덕,고상윤,267
18266,제주,2005-04-03,한,암,,54,정성훈,부오현,302
18267,제주,2005-04-03,한,암,,54,박병진,전건영,260
18268,제주,2005-04-03,한,수,,56,임용찬,송방원,325
18269,제주,2005-04-03,한,수,,55,윤덕상,안석호,0
18270,제주,2005-04-03,한,수,,55.5,장성종,임상관,308
18271,제주,2005-04-03,한,수,,55,김영복,임승주,280
18272,제주,2005-04-03,한,수,,55,윤덕상,김영일,279
18273,제주,2005-04-03,한,수,,55,한상배,차청일,284
18274,제주,2005-04-03,한,수,,55,김신호,조동식,278
18275,제주,2005-04-03,한,수,,55,고영덕,변창순,319
18276,제주,2005-04-03,한,거,,55,김성오,김예근,255
18277,제주,2005-04-03,한,거,,55,최기호,정완모,245
18278,제주,2005-04-03,한,거,,55,고성동,정완모,288
18279,제주,2005-04-03,한,거,,53,정성훈,김용해,260
18280,제주,2005-04-03,한,수,,55,신경호,정영기,305
18281,제주,2005-04-03,한,수,,55,최기호,강남환,280
18282,제주,2005-04-03,한,수,,55,한상배,고영조,289
18283,제주,2005-04-03,한,수,,55,김영래,전건영,295
18284,제주,2005-04-03,한,암,,55,정성훈,김용해,266
18285,제주,2005-04-03,한,암,,54,김신호,강길홍,0
18286,제주,2005-04-03,한,암,,54,박병진,부용철,280
18287,제주,2005-04-03,한,암,,54,좌윤철,김정봉,280
18288,제주,2005-04-03,한,암,,54,변용호,진영진,284
18289,제주,2005-04-03,한,암,,51,한상배,이형준,225
18290,제주,2005-04-03,한,암,,51,김한철,고영조,270
18291,제주,2005-04-03,한,암,,55,박병진,김용수,284
18292,제주,2005-04-03,한,암,,54,김영래,강태민,283
18293,제주,2005-04-03,한,암,,55,임용찬,송방원,256
18294,제주,2005-04-03,한,암,,54,김신호,조동식,294
18295,제주,2005-04-03,한,암,,52.5,백인호,신종창,290
18296,제주,2005-04-03,한,암,,54,김한철,정동진,281
18297,제주,2005-04-03,한,수,,55,좌윤철,강진일,263
18298,제주,2005-04-03,한,수,,56,장성종,고임계,238
18299,제주,2005-04-03,한,암,,54,백인호,신종창,258
18300,제주,2005-04-03,한,수,,54,윤덕상,강춘기,289
18301,제주,2005-04-03,한,암,,54,좌윤철,김용래,270
18302,제주,2005-04-03,한,암,,54,장성종,고임계,289
18303,제주,2005-04-03,한,수,,55,김영복,임승주,324
18304,제주,2005-04-03,한,수,,55,장성종,송정웅,255
18305,제주,2005-04-03,한,수,,56,고영덕,강성호,285
18306,제주,2005-04-03,한,수,,55,김영복,현상춘,271
18307,제주,2005-04-03,한,수,,52,김신호,김영일,293
18308,제주,2005-04-03,한,암,,54,백인호,이창훈,253
18309,제주,2005-04-03,한,암,,54,김한철,김영일,267
18310,제주,2005-04-03,한,암,,54,김성오,강성호,303
18311,제주,2005-04-03,한,암,,54,변용호,차청일,302
18312,제주,2005-04-03,한,암,,54,정성훈,김태옥,285
18313,제주,2005-04-03,한,암,,55,윤덕상,강춘시,313
18314,제주,2005-04-03,한,암,,54,백인호,양동우,300
18315,제주,2005-04-03,한,암,,55,강대은,김홍협,292
18316,제주,2005-04-03,한,암,,54,박병진,변공민,287
18317,제주,2005-04-03,한,암,,54,좌윤철,김정봉,322
18318,제주,2005-04-03,한,암,,54,임용찬,문영준,271
18319,제주,2005-04-03,한,암,,54,고성동,이정주,305
18320,제주,2005-04-03,한,암,,54,최기호,김인태,292
18321,제주,2005-04-09,한,암,,54,윤덕상,양동우,289
18322,제주,2005-04-09,한,암,,52,김신호,현구연,253
18323,제주,2005-04-09,한,암,,54,백인호,이태보,277
18324,제주,2005-04-09,한,암,,51,백인호,양동우,299
18325,제주,2005-04-09,한,암,,53,윤덕상,강기숙,283
18326,제주,2005-04-09,한,암,,54,최기호,정완모,254
18327,제주,2005-04-09,한,암,,54,한상배,김종현,298
18328,제주,2005-04-09,한,암,,55.5,고영덕,변창순,285
18329,제주,2005-04-09,한,암,,54,김신호,이종철,288
18330,제주,2005-04-09,한,암,,54,좌윤철,김정봉,251
18331,제주,2005-04-09,한,암,,54,김영래,송정웅,283
18332,제주,2005-04-09,한,암,,55,정성훈,강남환,283
18333,제주,2005-04-09,한,암,,54,임용찬,한재두,264
18334,제주,2005-04-09,한,수,,55,정성훈,부오현,291
18335,제주,2005-04-09,한,수,,56,김신호,이창훈,316
18336,제주,2005-04-09,한,수,,56,한상배,김경남,245
18337,제주,2005-04-09,한,암,,54,김성오,강춘기,278
18338,제주,2005-04-09,한,암,,55.5,정성훈,김용해,264
18339,제주,2005-04-09,한,암,,54.5,변용호,진영진,278
18340,제주,2005-04-09,한,암,,80,임용찬,고경현,324
18341,제주,2005-04-09,한,암,,53,고성동,김호영,234
18342,제주,2005-04-09,한,암,,50,김신호,이종철,287
18343,제주,2005-04-09,한,수,,50,정성훈,김용해,277
18344,제주,2005-04-09,한,수,,55,신경호,송승준,267
18345,제주,2005-04-09,한,수,,55,좌윤철,김홍진,282
18346,제주,2005-04-09,한,수,,55,한상배,김종현,296
18347,제주,2005-04-09,한,수,,54,정성훈,임관호,254
18348,제주,2005-04-09,한,수,,55,김성오,임상관,272
18349,제주,2005-04-09,한,수,,56,백인호,고덕주,275
18350,제주,2005-04-09,한,수,,55,고영덕,강성호,314
18351,제주,2005-04-09,한,수,,55,장성종,김흥보,259
18352,제주,2005-04-09,한,수,,54,고영덕,강춘시,245
18353,제주,2005-04-09,한,수,,55,박병진,강길홍,264
18354,제주,2005-04-09,한,수,,54,고영덕,변창순,233
18355,제주,2005-04-09,한,수,,55,김신호,고정홍,293
18356,제주,2005-04-09,한,수,,55.5,박병진,김인태,277
18357,제주,2005-04-09,한,암,,53,변용호,오기봉,221
18358,제주,2005-04-09,한,수,,55,신경호,이원길,294
18359,제주,2005-04-09,한,수,,55,김성오,고하구,289
18360,제주,2005-04-09,한,수,,54.5,임용찬,문영준,288
18361,제주,2005-04-09,한,수,,56,신경호,김순녀,294
18362,제주,2005-04-09,한,암,,51.5,신경호,차연옥,249
18363,제주,2005-04-09,한,암,,55,정성훈,김용해,312
18364,제주,2005-04-09,한,수,,55,신경호,차연옥,249
18365,제주,2005-04-09,한,수,,55,김한철,박영춘,274
18366,제주,2005-04-09,한,수,,54,신경호,한태국,264
18367,제주,2005-04-09,한,거,,56,김한철,전건영,259
18368,제주,2005-04-09,한,수,,55,윤덕상,안석호,282
18369,제주,2005-04-09,한,수,,55,장성종,천창수,274
18370,제주,2005-04-09,한,수,,55,임용찬,천창수,284
18371,제주,2005-04-09,한,수,,55,김영래,강상우,292
18372,제주,2005-04-09,한,수,,55.5,최기호,정완모,303
18373,제주,2005-04-09,한,수,,55,장성종,김흥보,300
18374,제주,2005-04-09,한,수,,55,김영복,강학민,293
18375,제주,2005-04-09,한,수,,55,김신호,이창훈,264
18376,제주,2005-04-09,한,수,,55,정성훈,고임계,303
18377,제주,2005-04-09,한,수,,54,좌윤철,김용래,268
18378,제주,2005-04-09,한,수,,56,김신호,현구연,266
18379,제주,2005-04-09,한,수,,55,김영복,김덕인,295
18380,제주,2005-04-09,한,수,,54,고성동,이정주,222
18381,제주,2005-04-09,한,암,,55,최기호,장성수,282
18382,제주,2005-04-09,한,암,,54,고영덕,송정웅,270
18383,제주,2005-04-09,한,암,,53,좌윤철,박영춘,292
18384,제주,2005-04-09,한,암,,55.5,고영덕,김홍협,291
18385,제주,2005-04-09,한,암,,54,임용찬,김경림,266
18386,제주,2005-04-09,한,암,,54,김영래,김종식,267
18387,제주,2005-04-09,한,암,,54,최기호,김인태,286
18388,제주,2005-04-09,한,암,,54,강대은,현구연,280
18389,제주,2005-04-09,한,암,,54,윤덕상,강춘시,0
18390,제주,2005-04-09,한,암,,55,최기호,오춘학,266
18391,제주,2005-04-09,한,암,,53,고영덕,고상윤,231
18392,제주,2005-04-09,한,암,,54.5,강대은,정춘조,253
18393,제주,2005-04-09,한,암,,55,박병진,김한진,280
18394,제주,2005-04-09,한,암,,55,좌윤철,김홍진,312
18395,제주,2005-04-09,한,암,,55,강대은,고상운,252
18396,제주,2005-04-09,한,암,,54,백인호,이태보,233
18397,제주,2005-04-09,한,암,,51.5,최기호,정완모,267
18398,제주,2005-04-09,한,암,,54,임용찬,신승오,280
18399,제주,2005-04-09,한,암,,54,최기호,강현수,247
18400,제주,2005-04-09,한,암,,54,고성동,미듬종합,295
18401,제주,2005-04-09,한,암,,54,장성종,강길홍,291
18402,제주,2005-04-09,한,암,,54,장성종,임태윤,277
18403,제주,2005-04-09,한,암,,54,김영복,김태옥,272
18404,제주,2005-04-09,한,암,,54,좌윤철,강인선,291
18405,제주,2005-04-09,한,암,,55,좌윤철,강인선,299
18406,제주,2005-04-09,한,암,,54,한상배,조종호,241
18407,제주,2005-04-10,한,수,,55,고영덕,진창배,261
18408,제주,2005-04-10,한,수,,55,고영덕,변창순,284
18409,제주,2005-04-10,한,수,,55,김성오,강춘기,322
18410,제주,2005-04-10,한,수,,55,김신호,김영일,274
18411,제주,2005-04-10,한,암,,54,윤덕상,강기숙,258
18412,제주,2005-04-10,한,수,,52.5,윤덕상,안석호,283
18413,제주,2005-04-10,한,수,,54,변용호,양동우,302
18414,제주,2005-04-10,한,수,,55,임용찬,신승오,255
18415,제주,2005-04-10,한,수,,55,신경호,김경남,266
18416,제주,2005-04-10,한,수,,55,임용찬,천창수,222
18417,제주,2005-04-10,한,수,,53,김성오,김예근,298
18418,제주,2005-04-10,한,수,,52,고성동,김순녀,274
18419,제주,2005-04-10,한,수,,53,김영래,강태민,236
18420,제주,2005-04-10,한,수,,54,신경호,오기봉,239
18421,제주,2005-04-10,한,수,,55,좌윤철,김영,280
18422,제주,2005-04-10,한,암,,54,김신호,이종철,276
18423,제주,2005-04-10,한,암,,54,장성종,박칠성,250
18424,제주,2005-04-10,한,수,,54,김영복,김태옥,264
18425,제주,2005-04-10,한,수,,55,정성훈,부오현,297
18426,제주,2005-04-10,한,수,,55,장성종,천창수,311
18427,제주,2005-04-10,한,수,,55,김영래,김보준,288
18428,제주,2005-04-10,한,수,,51,김한철,유상호,302
18429,제주,2005-04-10,한,암,,54.5,김영복,오기봉,261
18430,제주,2005-04-10,한,암,,60,좌윤철,강인선,248
18431,제주,2005-04-10,한,암,,54,백인호,변공민,272
18432,제주,2005-04-10,한,암,,52.5,한상배,유상호,280
18433,제주,2005-04-10,한,암,,54,좌윤철,김홍진,316
18434,제주,2005-04-10,한,암,,55,박병진,김용수,282
18435,제주,2005-04-10,한,암,,54,강대은,김정봉,232
18436,제주,2005-04-10,한,암,,56,한상배,강상길,192
18437,제주,2005-04-10,한,암,,54,강대은,조종호,297
18438,제주,2005-04-10,한,암,,53,고영덕,강성호,280
18439,제주,2005-04-10,한,암,,54,백인호,강상길,266
18440,제주,2005-04-10,한,암,,54,김성오,김예근,299
18441,제주,2005-04-10,한,암,,54,백인호,고한구,278
18442,제주,2005-04-10,한,암,,51.5,장성종,박칠성,240
18443,제주,2005-04-10,한,암,,55,고영덕,진창배,251
18444,제주,2005-04-10,한,암,,54,고성동,고승명,278
18445,제주,2005-04-10,한,암,,53,박병진,조동식,275
18446,제주,2005-04-10,한,암,,54,최기호,정완모,283
18447,제주,2005-04-10,한,암,,53,고영덕,변창순,273
18448,제주,2005-04-10,한,암,,55,윤덕상,현상춘,255
18449,제주,2005-04-10,한,암,,54,김신호,조동식,293
18450,제주,2005-04-10,한,암,,55,변용호,진영진,282
18451,제주,2005-04-10,한,암,,54,김신호,양도봉,276
18452,제주,2005-04-10,한,암,,54,정성훈,부오현,282
18453,제주,2005-04-10,한,암,,54,김영래,김종식,280
18454,제주,2005-04-10,한,암,,53,정성훈,고영조,253
18455,제주,2005-04-10,한,암,,54,윤덕상,안석호,237
18456,제주,2005-04-10,한,암,,54,강대은,김홍협,210
18457,제주,2005-04-10,한,암,,58.5,강대은,윤태현,253
18458,제주,2005-04-10,한,암,,55,김신호,김영일,286
18459,제주,2005-04-10,한,수,,54,신경호,김국현,263
18460,제주,2005-04-10,한,수,,56,김성오,한성택,299
18461,제주,2005-04-10,한,수,,55,박병진,임태윤,276
18462,제주,2005-04-10,한,수,,55,김영복,임승주,325
18463,제주,2005-04-10,한,수,,56,한상배,부용식,280
18464,제주,2005-04-10,한,수,,55,최기호,김인태,286
18465,제주,2005-04-10,한,수,,54,김성오,고하구,262
18466,제주,2005-04-10,한,수,,55,변용호,박경식,304
18467,제주,2005-04-10,한,거,,53,변용호,박경식,257
18468,제주,2005-04-10,한,거,,55,고성동,정완모,280
18469,제주,2005-04-10,한,거,,53,정성훈,김용해,312
18470,제주,2005-04-10,한,수,,50.5,신경호,한태국,265
18471,제주,2005-04-10,한,수,,52,김신호,조동식,278
18472,제주,2005-04-10,한,수,,52,김신호,박칠성,275
18473,제주,2005-04-10,한,수,,55,고성동,장덕지,250
18474,제주,2005-04-10,한,수,,54,한상배,송방원,255
18475,제주,2005-04-10,한,수,,55,정성훈,김용해,309
18476,제주,2005-04-10,한,수,,56,최기호,현상춘,318
18477,제주,2005-04-10,한,수,,55,고성동,이정주,297
18478,제주,2005-04-10,한,수,,55,한상배,차청일,285
18479,제주,2005-04-10,한,수,,55,장성종,강길홍,299
18480,제주,2005-04-10,한,수,,55,김영복,오기봉,268
18481,제주,2005-04-10,한,수,,54,김영복,오기봉,257
18482,제주,2005-04-10,한,수,,55,김성오,변공민,285
18483,제주,2005-04-10,한,수,,53,김영래,강태민,236
18484,제주,2005-04-10,한,수,,56,장성종,박칠성,270
18485,제주,2005-04-10,한,수,,54,김성오,강성호,266
18486,제주,2005-04-16,한,수,,56,고영덕,강성호,279
18487,제주,2005-04-16,한,수,,56,김영복,송방원,305
18488,제주,2005-04-16,한,수,,55,장성종,강길홍,294
18489,제주,2005-04-16,한,암,,54,좌윤철,김용래,273
18490,제주,2005-04-16,한,수,,53.5,장성종,이종철,264
18491,제주,2005-04-16,한,수,,55,신경호,고하구,292
18492,제주,2005-04-16,한,암,,54,정성훈,김태옥,289
18493,제주,2005-04-16,한,암,,55,임용찬,송방원,257
18494,제주,2005-04-16,한,암,,54,한상배,조종호,232
18495,제주,2005-04-16,한,암,,54,좌윤철,김정봉,288
18496,제주,2005-04-16,한,암,,54,임용찬,한재두,0
18497,제주,2005-04-16,한,암,,54,변용호,현구연,280
18498,제주,2005-04-16,한,수,,55,한상배,임관호,265
18499,제주,2005-04-16,한,수,,55,한상배,고영조,293
18500,제주,2005-04-16,한,수,,56,김한철,강춘시,255
18501,제주,2005-04-16,한,암,,54,변용호,김경남,294
18502,제주,2005-04-16,한,암,,53,한상배,오춘학,253
18503,제주,2005-04-16,한,암,,54,김영복,김태옥,272
18504,제주,2005-04-16,한,암,,54,박병진,양방철,240
18505,제주,2005-04-16,한,암,,55,좌윤철,고하구,285
18506,제주,2005-04-16,한,암,,55,김영래,강태민,296
18507,제주,2005-04-16,한,암,,51,김신호,현구연,251
18508,제주,2005-04-16,한,암,,54,임용찬,신승오,298
18509,제주,2005-04-16,한,암,,55,고영덕,변창순,263
18510,제주,2005-04-16,한,암,,54,변용호,이형준,290
18511,제주,2005-04-16,한,암,,54,박병진,송정웅,247
18512,제주,2005-04-16,한,암,,55.5,김영복,강학민,300
18513,제주,2005-04-16,한,암,,54,한상배,김창준,290
18514,제주,2005-04-16,한,암,,54,박병진,고경현,256
18515,제주,2005-04-16,한,암,,54,좌윤철,강인선,258
18516,제주,2005-04-16,한,암,,54,박병진,김종현,281
18517,제주,2005-04-16,한,암,,53,장성종,강도배,249
18518,제주,2005-04-16,한,암,,54,고영덕,송정웅,263
18519,제주,2005-04-16,한,암,,54.5,박병진,김인태,278
18520,제주,2005-04-16,한,암,,54,박병진,전건영,267
18521,제주,2005-04-16,한,암,,54,박병진,송정웅,294
18522,제주,2005-04-16,한,암,,52,윤덕상,양동우,246
18523,제주,2005-04-16,한,암,,53,백인호,강도배,256
18524,제주,2005-04-16,한,암,,53,윤덕상,양동우,255
18525,제주,2005-04-16,한,암,,54,김영래,김창만,244
18526,제주,2005-04-16,한,암,,56,고성동,고상운,232
18527,제주,2005-04-16,한,암,,54,정성훈,고영조,313
18528,제주,2005-04-16,한,암,,54,백인호,이태보,275
18529,제주,2005-04-16,한,암,,54,최기호,오춘학,297
18530,제주,2005-04-16,한,암,,54,좌윤철,김홍진,323
18531,제주,2005-04-16,한,암,,55,고영덕,고상윤,273
18532,제주,2005-04-16,한,암,,54,정성훈,부오현,303
18533,제주,2005-04-16,한,암,,54,김한철,김영일,265
18534,제주,2005-04-16,한,암,,54,강대은,정이남,270
18535,제주,2005-04-16,한,암,,54,장성종,고임계,291
18536,제주,2005-04-16,한,암,,54,임용찬,신승오,290
18537,제주,2005-04-16,한,암,,51,김신호,송정웅,240
18538,제주,2005-04-16,한,암,,54,장성종,정동진,273
18539,제주,2005-04-16,한,수,,55,김영래,정완모,278
18540,제주,2005-04-16,한,수,,55,좌윤철,장두일,284
18541,제주,2005-04-16,한,수,,55,윤덕상,고승명,251
18542,제주,2005-04-16,한,수,,55,김영래,강상우,0
18543,제주,2005-04-16,한,수,,55,최기호,오춘학,278
18544,제주,2005-04-16,한,수,,56,윤덕상,현상춘,286
18545,제주,2005-04-16,한,거,,55,김성오,김예근,259
18546,제주,2005-04-16,한,거,,56,박병진,김경남,275
18547,제주,2005-04-16,한,거,,55,최기호,정완모,240
18548,제주,2005-04-16,한,거,,56,변용호,박경식,257
18549,제주,2005-04-16,한,수,,56,장성종,고임계,234
18550,제주,2005-04-16,한,수,,55,강대은,고한구,272
18551,제주,2005-04-16,한,수,,52,윤덕상,고승명,228
18552,제주,2005-04-16,한,수,,54.5,김영복,김덕인,293
18553,제주,2005-04-16,한,수,,55,김신호,이창훈,262
18554,제주,2005-04-16,한,수,,56,신경호,한태국,266
18555,제주,2005-04-16,한,수,,55,한상배,오춘학,306
18556,제주,2005-04-16,한,수,,55,고영덕,강성호,313
18557,제주,2005-04-16,한,수,,55,강대은,허영철,275
18558,제주,2005-04-16,한,수,,56,변용호,장철환,291
18559,제주,2005-04-16,한,수,,54,고영덕,강성호,243
18560,제주,2005-04-16,한,수,,55,김영래,최기돈,273
18561,제주,2005-04-16,한,수,,54.5,변용호,송자민,302
18562,제주,2005-04-16,한,수,,54,윤덕상,강춘기,291
18563,제주,2005-04-16,한,수,,55,최기호,조창규,231
18564,제주,2005-04-16,한,수,,52,강대은,미듬종합,269
18565,제주,2005-04-16,한,수,,54,신경호,한태국,260
18566,제주,2005-04-16,한,암,,55,변용호,김홍협,289
18567,제주,2005-04-16,한,수,,55,김영래,전건영,299
18568,제주,2005-04-16,한,수,,56.5,임용찬,신승오,285
18569,제주,2005-04-16,한,수,,54,한상배,오춘광,287
18570,제주,2005-04-16,한,수,,54,김한철,유원택,263
18571,제주,2005-04-16,한,수,,55,변용호,조태만,254
18572,제주,2005-04-16,한,수,,55,김영래,김창만,285
18573,제주,2005-04-17,한,수,,51.5,김영래,김순녀,265
18574,제주,2005-04-17,한,수,,54,김한철,송방원,258
18575,제주,2005-04-17,한,수,,54,변용호,양동우,303
18576,제주,2005-04-17,한,수,,51,김신호,김영일,292
18577,제주,2005-04-17,한,수,,55,장성종,송정웅,252
18578,제주,2005-04-17,한,수,,57,정성훈,강남환,318
18579,제주,2005-04-17,한,수,,56,김영복,김태옥,298
18580,제주,2005-04-17,한,수,,55,김영래,김종현,300
18581,제주,2005-04-17,한,수,,55,김영복,김덕인,274
18582,제주,2005-04-17,한,수,,55,김영복,김덕인,291
18583,제주,2005-04-17,한,수,,55,김영래,송승준,282
18584,제주,2005-04-17,한,수,,54,한상배,강상길,252
18585,제주,2005-04-17,한,수,,55,김신호,김영일,270
18586,제주,2005-04-17,한,수,,55,고성동,김복자,296
18587,제주,2005-04-17,한,수,,55,임용찬,신승오,240
18588,제주,2005-04-17,한,수,,55,고영덕,변창순,320
18589,제주,2005-04-17,한,수,,55,김영래,강태민,296
18590,제주,2005-04-17,한,수,,55,김영래,김종식,248
18591,제주,2005-04-17,한,수,,55,박병진,임태윤,278
18592,제주,2005-04-17,한,수,,55,최기호,강남환,280
18593,제주,2005-04-17,한,암,,54,백인호,양동우,304
18594,제주,2005-04-17,한,암,,54,고성동,이정주,300
18595,제주,2005-04-17,한,암,,52,백인호,신종창,291
18596,제주,2005-04-17,한,수,,55,김영복,현상춘,276
18597,제주,2005-04-17,한,암,,54,정성훈,임관호,303
18598,제주,2005-04-17,한,암,,54,박병진,오경희,279
18599,제주,2005-04-17,한,암,,54,임용찬,고하구,290
18600,제주,2005-04-17,한,수,,55,백인호,이태보,265
18601,제주,2005-04-17,한,암,,53,변용호,오기봉,237
18602,제주,2005-04-17,한,암,,55,최기호,정완모,259
18603,제주,2005-04-17,한,수,,55,김영복,오기봉,294
18604,제주,2005-04-17,한,수,,52.5,고성동,고승명,253
18605,제주,2005-04-17,한,수,,55,변용호,김산현,308
18606,제주,2005-04-17,한,암,,55,임용찬,송방원,296
18607,제주,2005-04-17,한,암,,54,윤덕상,김영일,230
18608,제주,2005-04-17,한,암,,53,윤덕상,안석호,243
18609,제주,2005-04-17,한,암,,54,최기호,김인태,292
18610,제주,2005-04-17,한,암,,55,윤덕상,강춘시,310
18611,제주,2005-04-17,한,암,,53,고성동,한성택,223
18612,제주,2005-04-17,한,암,,54,백인호,신종창,265
18613,제주,2005-04-17,한,암,,54,변용호,진영진,285
18614,제주,2005-04-17,한,암,,55,김신호,김영일,284
18615,제주,2005-04-17,한,암,,55,김영래,강태민,294
18616,제주,2005-04-17,한,암,,54,신경호,오기봉,277
18617,제주,2005-04-17,한,암,,55,신경호,차연옥,253
18618,제주,2005-04-17,한,암,,54,고영덕,한재두,292
18619,제주,2005-04-17,한,암,,54,김신호,이종철,284
18620,제주,2005-04-17,한,암,,54,김영래,전건영,267
18621,제주,2005-04-17,한,암,,53,고성동,고상운,263
18622,제주,2005-04-17,한,암,,53,한상배,송방원,230
18623,제주,2005-04-17,한,암,,54,좌윤철,김정봉,326
18624,제주,2005-04-17,한,암,,54,한상배,오춘학,273
18625,제주,2005-04-17,한,암,,55,고성동,조종호,282
18626,제주,2005-04-17,한,암,,55,고성동,김순녀,290
18627,제주,2005-04-17,한,암,,54,김성오,김동후,278
18628,제주,2005-04-17,한,암,,54,김한철,장두일,247
18629,제주,2005-04-17,한,암,,54,좌윤철,김정봉,282
18630,제주,2005-04-17,한,암,,54,임용찬,신승오,275
18631,제주,2005-04-17,한,암,,54,변용호,차청일,306
18632,제주,2005-04-17,한,암,,53,고영덕,변창순,290
18633,제주,2005-04-17,한,암,,54,윤덕상,강기숙,267
18634,제주,2005-04-17,한,암,,54,장성종,현상춘,294
18635,제주,2005-04-17,한,암,,54,박병진,김용수,258
18636,제주,2005-04-17,한,암,,52,정성훈,김태옥,271
18637,제주,2005-04-17,한,암,,54,박병진,부용철,287
18638,제주,2005-04-17,한,암,,55,정성훈,임관호,279
18639,제주,2005-04-17,한,암,,54,백인호,차청일,272
18640,제주,2005-04-17,한,암,,53,변용호,안석호,297
18641,제주,2005-04-17,한,암,,51,정성훈,조태만,0
18642,제주,2005-04-17,한,암,,53,고성동,고상운,232
18643,제주,2005-04-17,한,암,,54,김한철,김용수,244
18644,제주,2005-04-17,한,수,,55,윤덕상,고하구,287
18645,제주,2005-04-17,한,수,,54,한상배,송방원,258
18646,제주,2005-04-17,한,수,,55,고성동,차청일,283
18647,제주,2005-04-17,한,수,,53.5,윤덕상,강춘시,333
18648,제주,2005-04-17,한,수,,55,좌윤철,김정봉,293
18649,제주,2005-04-17,한,수,,52,김한철,고영조,293
18650,제주,2005-04-17,한,수,,55.5,한상배,부용식,275
18651,제주,2005-04-17,한,수,,55,좌윤철,강진일,263
18652,제주,2005-04-17,한,수,,57,김신호,김경림,313
18653,제주,2005-04-17,한,수,,55,한상배,김종현,292
18654,제주,2005-04-17,한,수,,55,신경호,한태국,311
18655,제주,2005-04-17,한,수,,54.5,장성종,임상관,306
18656,제주,2005-04-17,한,수,,51,고성동,장덕지,251
18657,제주,2005-04-23,한,암,,54,최기호,정완모,285
18658,제주,2005-04-23,한,암,,50,김신호,이종철,287
18659,제주,2005-04-23,한,암,,54,최기호,김인태,286
18660,제주,2005-04-23,한,수,,55,박병진,강길홍,267
18661,제주,2005-04-23,한,수,,55,장성종,천창수,311
18662,제주,2005-04-23,한,수,,53,김성오,김예근,296
18663,제주,2005-04-23,한,암,,54,김성오,강성호,305
18664,제주,2005-04-23,한,암,,53,고영덕,고상윤,232
18665,제주,2005-04-23,한,암,,51,백인호,양동우,299
18666,제주,2005-04-23,한,암,,51,한상배,이형준,223
18667,제주,2005-04-23,한,암,,51,김한철,고영조,272
18668,제주,2005-04-23,한,암,,54,김신호,이종철,283
18669,제주,2005-04-23,한,암,,54,신경호,현원,258
18670,제주,2005-04-23,한,암,,52,좌윤철,고한구,276
18671,제주,2005-04-23,한,암,,54,강대은,정춘조,252
18672,제주,2005-04-23,한,암,,55,강대은,이원길,251
18673,제주,2005-04-23,한,암,,54,윤덕상,양동우,288
18674,제주,2005-04-23,한,암,,54,장성종,임태윤,281
18675,제주,2005-04-23,한,암,,54,강대은,조종호,292
18676,제주,2005-04-23,한,암,,55,윤덕상,현상춘,251
18677,제주,2005-04-23,한,암,,54,임용찬,고하구,286
18678,제주,2005-04-23,한,수,,55,김신호,고정홍,294
18679,제주,2005-04-23,한,수,,55,한상배,고영조,286
18680,제주,2005-04-23,한,수,,55,김영복,강학민,293
18681,제주,2005-04-23,한,수,,55,장성종,김흥보,300
18682,제주,2005-04-23,한,수,,55,장성종,천창수,272
18683,제주,2005-04-23,한,수,,53.5,임용찬,문영준,289
18684,제주,2005-04-23,한,수,,55,박병진,김인태,276
18685,제주,2005-04-23,한,수,,54,고영덕,강춘시,254
18686,제주,2005-04-23,한,수,,55,윤덕상,고승명,221
18687,제주,2005-04-23,한,수,,55,고영덕,변창순,284
18688,제주,2005-04-23,한,수,,55,임용찬,신승오,237
18689,제주,2005-04-23,한,수,,55,고영덕,변창순,324
18690,제주,2005-04-23,한,수,,55,정성훈,김용해,305
18691,제주,2005-04-23,한,수,,56,백인호,고덕주,278
18692,제주,2005-04-23,한,수,,55,김성오,변공민,294
18693,제주,2005-04-23,한,수,,55,김한철,박영춘,274
18694,제주,2005-04-23,한,암,,54,김영래,김창만,240
18695,제주,2005-04-23,한,수,,54.5,백인호,조창규,285
18696,제주,2005-04-23,한,수,,55,고성동,차청일,284
18697,제주,2005-04-23,한,수,,55,좌윤철,이종철,303
18698,제주,2005-04-23,한,수,,54,고영덕,고상윤,272
18699,제주,2005-04-23,한,수,,55,정성훈,고임계,311
18700,제주,2005-04-23,한,수,,55,한상배,차청일,284
18701,제주,2005-04-23,한,수,,54,강대은,양동우,265
18702,제주,2005-04-23,한,수,,55,김영복,오기봉,277
18703,제주,2005-04-23,한,암,,54,백인호,이태보,233
18704,제주,2005-04-23,한,암,,54,박병진,송정웅,243
18705,제주,2005-04-23,한,암,,54,백인호,강상길,266
18706,제주,2005-04-23,한,암,,55,고영덕,변창순,285
18707,제주,2005-04-23,한,암,,56.5,김영복,강학민,300
18708,제주,2005-04-23,한,암,,54,윤덕상,강춘시,315
18709,제주,2005-04-23,한,암,,54,김성오,강춘기,302
18710,제주,2005-04-23,한,암,,80.5,임용찬,고경현,328
18711,제주,2005-04-23,한,암,,56,정성훈,김용해,315
18712,제주,2005-04-23,한,암,,55,박병진,김한진,288
18713,제주,2005-04-23,한,암,,54,최기호,강현수,236
18714,제주,2005-04-23,한,암,,54,정성훈,강남환,299
18715,제주,2005-04-23,한,암,,55,좌윤철,강인선,296
18716,제주,2005-04-23,한,암,,54,강대은,김정봉,233
18717,제주,2005-04-23,한,암,,56,고영덕,김홍협,292
18718,제주,2005-04-23,한,암,,52,최기호,김인태,258
18719,제주,2005-04-23,한,암,,54,좌윤철,김정봉,238
18720,제주,2005-04-23,한,암,,53,한상배,송방원,227
18721,제주,2005-04-23,한,암,,54,김영복,오기봉,263
18722,제주,2005-04-23,한,암,,54,정성훈,김태옥,283
18723,제주,2005-04-23,한,암,,54,고성동,고승명,269
18724,제주,2005-04-23,한,암,,54,고성동,미듬종합,298
18725,제주,2005-04-23,한,수,,54,한상배,강상길,256
18726,제주,2005-04-23,한,수,,55,한상배,임관호,241
18727,제주,2005-04-23,한,수,,55,김성오,변공민,286
18728,제주,2005-04-23,한,수,,55,정성훈,부오현,291
18729,제주,2005-04-23,한,수,,55,신경호,차연옥,257
18730,제주,2005-04-23,한,수,,51,정성훈,김용해,283
18731,제주,2005-04-23,한,수,,55,신경호,송승준,269
18732,제주,2005-04-23,한,수,,55,한상배,임관호,267
18733,제주,2005-04-23,한,수,,54,변용호,김산현,258
18734,제주,2005-04-23,한,수,,55,김영복,현상춘,276
18735,제주,2005-04-23,한,수,,55,김영래,전건영,298
18736,제주,2005-04-23,한,암,,55,신경호,한태국,276
18737,제주,2005-04-23,한,암,,54,백인호,이창훈,271
18738,제주,2005-04-23,한,암,,55,최기호,장성수,283
18739,제주,2005-04-23,한,암,,54,고성동,고승명,277
18740,제주,2005-04-23,한,수,,54,김한철,송방원,252
18741,제주,2005-04-23,한,암,,54,김영래,정완모,272
18742,제주,2005-04-24,한,수,,55,좌윤철,김홍진,290
18743,제주,2005-04-24,한,수,,54,장성종,정동진,322
18744,제주,2005-04-24,한,수,,56,김신호,현구연,270
18745,제주,2005-04-24,한,수,,52,고성동,김순녀,272
18746,제주,2005-04-24,한,수,,56,윤덕상,현상춘,287
18747,제주,2005-04-24,한,수,,56,변용호,장철환,288
18748,제주,2005-04-24,한,수,,55,신경호,이원길,300
18749,제주,2005-04-24,한,수,,56,최기호,현상춘,311
18750,제주,2005-04-24,한,수,,54,김한철,송방원,253
18751,제주,2005-04-24,한,수,,54,고영덕,이정주,281
18752,제주,2005-04-24,한,수,,54,김영복,오기봉,264
18753,제주,2005-04-24,한,수,,55,김성오,강춘기,322
18754,제주,2005-04-24,한,수,,52,김신호,박칠성,274
18755,제주,2005-04-24,한,암,,52,한상배,유상호,279
18756,제주,2005-04-24,한,암,,54,장성종,강길홍,288
18757,제주,2005-04-24,한,수,,56.5,최기호,정완모,305
18758,제주,2005-04-24,한,수,,55,좌윤철,김영,281
18759,제주,2005-04-24,한,암,,54,김영복,김덕인,265
18760,제주,2005-04-24,한,암,,54,좌윤철,김정봉,281
18761,제주,2005-04-24,한,암,,55,강대은,김홍협,295
18762,제주,2005-04-24,한,암,,54,백인호,고한구,275
18763,제주,2005-04-24,한,암,,53,윤덕상,안석호,247
18764,제주,2005-04-24,한,암,,54,박병진,문영준,280
18765,제주,2005-04-24,한,암,,54,박병진,김한진,278
18766,제주,2005-04-24,한,암,,55.5,정성훈,조태만,287
18767,제주,2005-04-24,한,암,,54,김영래,김종식,287
18768,제주,2005-04-24,한,암,,54,임용찬,김경림,272
18769,제주,2005-04-24,한,암,,53,고영덕,강상우,312
18770,제주,2005-04-24,한,암,,53,한상배,김복자,259
18771,제주,2005-04-24,한,암,,53,정성훈,고영조,259
18772,제주,2005-04-24,한,암,,54,정성훈,임관호,303
18773,제주,2005-04-24,한,암,,53,윤덕상,강기숙,290
18774,제주,2005-04-24,한,암,,53,고성동,한성택,274
18775,제주,2005-04-24,한,암,,54,박병진,오경희,278
18776,제주,2005-04-24,한,암,,54,박병진,송정웅,297
18777,제주,2005-04-24,한,암,,54,김신호,조동식,297
18778,제주,2005-04-24,한,수,,56,장성종,박칠성,271
18779,제주,2005-04-24,한,수,,55,윤덕상,안석호,288
18780,제주,2005-04-24,한,수,,54,정성훈,임관호,260
18781,제주,2005-04-24,한,수,,55,백인호,이태보,263
18782,제주,2005-04-24,한,수,,55,좌윤철,강진일,265
18783,제주,2005-04-24,한,수,,55,고성동,이정주,298
18784,제주,2005-04-24,한,수,,55,신경호,김경남,265
18785,제주,2005-04-24,한,거,,55.5,고영덕,진창배,336
18786,제주,2005-04-24,한,거,,55,고성동,정완모,280
18787,제주,2005-04-24,한,수,,55,김영래,김종식,246
18788,제주,2005-04-24,한,수,,56,김신호,이창훈,316
18789,제주,2005-04-24,한,수,,55,변용호,박경식,300
18790,제주,2005-04-24,한,암,,54,좌윤철,김홍진,325
18791,제주,2005-04-24,한,암,,54,정성훈,부오현,281
18792,제주,2005-04-24,한,암,,54.5,변용호,진영진,277
18793,제주,2005-04-24,한,암,,55,고영덕,고상윤,271
18794,제주,2005-04-24,한,암,,55,박병진,김인태,293
18795,제주,2005-04-24,한,암,,55,고영덕,진창배,246
18796,제주,2005-04-24,한,수,,55,김영복,임승주,320
18797,제주,2005-04-24,한,수,,56,김성오,한성택,299
18798,제주,2005-04-24,한,암,,54,김신호,강길홍,275
18799,제주,2005-04-24,한,수,,51,김한철,유상호,300
18800,제주,2005-04-24,한,암,,54,고성동,이정주,303
18801,제주,2005-04-24,한,암,,55,김영래,강태민,288
18802,제주,2005-04-24,한,암,,54,김한철,정동진,285
18803,제주,2005-04-24,한,암,,54,김영래,김종식,272
18804,제주,2005-04-24,한,암,,54,한상배,오춘학,275
18805,제주,2005-04-24,한,암,,54,변용호,현구연,284
18806,제주,2005-04-24,한,수,,55,최기호,김인태,283
18807,제주,2005-04-24,한,수,,52,윤덕상,안석호,285
18808,제주,2005-04-24,한,수,,55,김영복,차연옥,295
18809,제주,2005-04-24,한,암,,54,김영복,강학민,289
18810,제주,2005-04-24,한,암,,54,변용호,차청일,298
18811,제주,2005-04-24,한,암,,54,좌윤철,이용대,242
18812,제주,2005-04-24,한,암,,53,변용호,오기봉,224
18813,제주,2005-04-24,한,암,,53,김성오,한성택,0
18814,제주,2005-04-24,한,암,,53,고영덕,변창순,284
18815,제주,2005-04-24,한,암,,54,김한철,김용수,239
18816,제주,2005-04-24,한,암,,54,고영덕,조창규,258
18817,제주,2005-04-24,한,암,,54,박병진,김복자,256
18818,제주,2005-04-24,한,암,,54,김신호,양도봉,270
18819,제주,2005-04-24,한,암,,51,정성훈,송방원,276
18820,제주,2005-04-24,한,암,,54,좌윤철,김홍진,318
18821,제주,2005-04-24,한,암,,55,강대은,고상운,258
18822,제주,2005-04-24,한,암,,55,고성동,고한구,260
18823,제주,2005-04-24,한,암,,54,임용찬,문영준,285
18824,제주,2005-04-24,한,암,,54,임용찬,문영준,273
18825,제주,2005-04-24,한,암,,54,강대은,현구연,281
18826,제주,2005-04-24,한,암,,54,한상배,김창준,0
18827,제주,2005-04-30,한,수,,55,변용호,김산현,309
18828,제주,2005-04-30,한,수,,56,김성오,한성택,302
18829,제주,2005-04-30,한,수,,55,김영래,김창만,285
18830,제주,2005-04-30,한,수,,55,장성종,강길홍,304
18831,제주,2005-04-30,한,암,,54,김영복,오기봉,263
18832,제주,2005-04-30,한,암,,54,정성훈,부오현,274
18833,제주,2005-04-30,한,수,,54,임용찬,문영준,289
18834,제주,2005-04-30,한,수,,55,김영복,김덕인,300
18835,제주,2005-04-30,한,수,,54,고영덕,한재두,288
18836,제주,2005-04-30,한,수,,55,좌윤철,장두일,286
18837,제주,2005-04-30,한,수,,55,김영래,최기돈,274
18838,제주,2005-04-30,한,수,,55,박병진,임태윤,281
18839,제주,2005-04-30,한,수,,54,장성종,이종철,265
18840,제주,2005-04-30,한,수,,54,강대은,미듬종합,272
18841,제주,2005-04-30,한,수,,55,윤덕상,김영일,280
18842,제주,2005-04-30,한,암,,54,변용호,김경남,291
18843,제주,2005-04-30,한,암,,53,김한철,김용수,244
18844,제주,2005-04-30,한,암,,54,백인호,변공민,285
18845,제주,2005-04-30,한,암,,54,고성동,이정주,300
18846,제주,2005-04-30,한,암,,54.5,박병진,김인태,280
18847,제주,2005-04-30,한,수,,55,변용호,조태만,257
18848,제주,2005-04-30,한,수,,55,김영복,조창규,267
18849,제주,2005-04-30,한,암,,54,김성오,강성호,302
18850,제주,2005-04-30,한,암,,54.5,장성종,현상춘,295
18851,제주,2005-04-30,한,암,,54,박병진,전건영,262
18852,제주,2005-04-30,한,암,,54,고영덕,송정웅,269
18853,제주,2005-04-30,한,암,,56,정성훈,김용해,270
18854,제주,2005-04-30,한,암,,53,변용호,안석호,296
18855,제주,2005-04-30,한,암,,54,장성종,정동진,278
18856,제주,2005-04-30,한,암,,54,윤덕상,강홍민,296
18857,제주,2005-04-30,한,암,,54,강대은,현구연,277
18858,제주,2005-04-30,한,암,,54,김영래,강태민,285
18859,제주,2005-04-30,한,암,,52,김한철,현구연,244
18860,제주,2005-04-30,한,암,,55,좌윤철,김정봉,0
18861,제주,2005-04-30,한,암,,53,백인호,강도배,260
18862,제주,2005-04-30,한,암,,52,고성동,고한구,264
18863,제주,2005-04-30,한,암,,53,박병진,김한진,276
18864,제주,2005-04-30,한,암,,54,백인호,이태보,279
18865,제주,2005-04-30,한,암,,54,정성훈,부오현,304
18866,제주,2005-04-30,한,암,,55,고영덕,변창순,263
18867,제주,2005-04-30,한,암,,54,한상배,조종호,232
18868,제주,2005-04-30,한,암,,54,김영복,김덕인,263
18869,제주,2005-04-30,한,암,,54,임용찬,문영준,264
18870,제주,2005-04-30,한,암,,54,장성종,고임계,296
18871,제주,2005-04-30,한,암,,54,백인호,신종창,265
18872,제주,2005-04-30,한,암,,53,변용호,장철환,221
18873,제주,2005-04-30,한,암,,53,임용찬,유상호,242
18874,제주,2005-04-30,한,암,,55,강대은,이원길,249
18875,제주,2005-04-30,한,암,,53,고성동,고상운,241
18876,제주,2005-04-30,한,거,,55,김성오,김예근,260
18877,제주,2005-04-30,한,암,,54,임용찬,신승오,277
18878,제주,2005-04-30,한,암,,54,변용호,이형준,285
18879,제주,2005-04-30,한,암,,53,좌윤철,박영춘,297
18880,제주,2005-04-30,한,암,,54,고성동,이정주,310
18881,제주,2005-04-30,한,암,,54,신경호,고성남,278
18882,제주,2005-04-30,한,암,,54,박병진,조동식,270
18883,제주,2005-04-30,한,암,,53,고성동,고승명,271
18884,제주,2005-04-30,한,암,,54,강대은,조종호,287
18885,제주,2005-04-30,한,수,,56,장성종,고임계,240
18886,제주,2005-04-30,한,수,,55,임용찬,박영춘,296
18887,제주,2005-04-30,한,수,,54,윤덕상,강춘기,302
18888,제주,2005-04-30,한,수,,54,한상배,오춘광,285
18889,제주,2005-04-30,한,수,,54.5,변용호,송자민,309
18890,제주,2005-04-30,한,수,,55,최기호,조창규,234
18891,제주,2005-04-30,한,수,,55,한상배,차청일,290
18892,제주,2005-04-30,한,수,,55,신경호,오기봉,270
18893,제주,2005-04-30,한,수,,55,김한철,박영춘,272
18894,제주,2005-04-30,한,수,,55,고성동,이정주,305
18895,제주,2005-04-30,한,수,,55,박병진,강길홍,263
18896,제주,2005-04-30,한,수,,55,김성오,임상관,275
18897,제주,2005-04-30,한,수,,55,고영덕,강성호,243
18898,제주,2005-04-30,한,수,,54,고영덕,고상윤,239
18899,제주,2005-04-30,한,수,,56,김성오,강성호,267
18900,제주,2005-04-30,한,수,,55,백인호,김태옥,295
18901,제주,2005-04-30,한,수,,55,김영래,김종현,299
18902,제주,2005-04-30,한,수,,55,강대은,허영철,280
18903,제주,2005-04-30,한,수,,53.5,최기호,김인태,295
18904,제주,2005-04-30,한,수,,55,김영복,김덕인,278
18905,제주,2005-04-30,한,수,,55,한상배,김종현,302
18906,제주,2005-05-01,한,암,,54,윤덕상,안석호,239
18907,제주,2005-05-01,한,암,,55,김영복,김영일,283
18908,제주,2005-05-01,한,암,,54,신경호,현원,252
18909,제주,2005-05-01,한,암,,53,고성동,한성택,235
18910,제주,2005-05-01,한,암,,54,김한철,김용수,243
18911,제주,2005-05-01,한,암,,55,윤덕상,강춘시,309
18912,제주,2005-05-01,한,암,,53,최기호,김인태,288
18913,제주,2005-05-01,한,암,,55.5,신경호,차연옥,255
18914,제주,2005-05-01,한,암,,54.5,최기호,정완모,266
18915,제주,2005-05-01,한,암,,54,박병진,고경현,255
18916,제주,2005-05-01,한,암,,53,변용호,오기봉,245
18917,제주,2005-05-01,한,암,,54,김성오,김동후,274
18918,제주,2005-05-01,한,암,,53,고영덕,고상윤,231
18919,제주,2005-05-01,한,암,,58,좌윤철,고한구,276
18920,제주,2005-05-01,한,수,,55,강대은,고한구,274
18921,제주,2005-05-01,한,수,,50,김한철,고영조,288
18922,제주,2005-05-01,한,수,,54,박병진,조동식,272
18923,제주,2005-05-01,한,수,,50,임용찬,임태윤,275
18924,제주,2005-05-01,한,수,,52,고성동,고승명,253
18925,제주,2005-05-01,한,수,,55,김영복,강학민,287
18926,제주,2005-05-01,한,수,,55,신경호,한태국,309
18927,제주,2005-05-01,한,암,,54,윤덕상,이종철,284
18928,제주,2005-05-01,한,수,,53,정성훈,김용해,295
18929,제주,2005-05-01,한,암,,54,좌윤철,김정봉,320
18930,제주,2005-05-01,한,수,,55,김성오,강춘기,322
18931,제주,2005-05-01,한,수,,55,김영래,정완모,281
18932,제주,2005-05-01,한,수,,54,고영덕,강춘시,256
18933,제주,2005-05-01,한,수,,55,정성훈,부오현,298
18934,제주,2005-05-01,한,수,,55,최기호,오춘학,270
18935,제주,2005-05-01,한,암,,55,강대은,강훈표,277
18936,제주,2005-05-01,한,암,,54,좌윤철,이용대,242
18937,제주,2005-05-01,한,암,,54,변용호,진영진,283
18938,제주,2005-05-01,한,수,,54,장성종,임상관,310
18939,제주,2005-05-01,한,수,,54,신경호,한태국,266
18940,제주,2005-05-01,한,수,,55,장성종,송정웅,255
18941,제주,2005-05-01,한,수,,55,윤덕상,고하구,293
18942,제주,2005-05-01,한,수,,55,신경호,고하구,294
18943,제주,2005-05-01,한,수,,51,고영덕,진창배,322
18944,제주,2005-05-01,한,수,,54,고영덕,고상윤,273
18945,제주,2005-05-01,한,수,,54,김한철,강홍민,222
18946,제주,2005-05-01,한,수,,54,한상배,송방원,259
18947,제주,2005-05-01,한,암,,54,윤덕상,김영일,223
18948,제주,2005-05-01,한,수,,56.5,김영복,김태옥,291
18949,제주,2005-05-01,한,수,,54,윤덕상,강춘시,255
18950,제주,2005-05-01,한,수,,51,좌윤철,김영일,295
18951,제주,2005-05-01,한,수,,55,김성오,변공민,286
18952,제주,2005-05-01,한,수,,55,한상배,임관호,249
18953,제주,2005-05-01,한,수,,55.5,윤덕상,고승명,259
18954,제주,2005-05-01,한,수,,53,고영덕,진창배,255
18955,제주,2005-05-01,한,수,,55,고영덕,진창배,283
18956,제주,2005-05-01,한,수,,55,신경호,김경남,266
18957,제주,2005-05-01,한,수,,55,고성동,김복자,304
18958,제주,2005-05-01,한,암,,54,백인호,양동우,301
18959,제주,2005-05-01,한,암,,53,한상배,오춘학,252
18960,제주,2005-05-01,한,암,,54,최기호,오춘학,295
18961,제주,2005-05-01,한,암,,53,백인호,안석호,246
18962,제주,2005-05-01,한,암,,54,김영래,송정웅,284
18963,제주,2005-05-01,한,암,,54,정성훈,고영조,313
18964,제주,2005-05-01,한,암,,54,최기호,정완모,254
18965,제주,2005-05-01,한,암,,53,윤덕상,양동우,258
18966,제주,2005-05-01,한,암,,53,고영덕,강성호,288
18967,제주,2005-05-01,한,암,,54,좌윤철,김정봉,290
18968,제주,2005-05-01,한,암,,54,김성오,김예근,309
18969,제주,2005-05-01,한,암,,53,고영덕,강춘시,266
18970,제주,2005-05-01,한,수,,55,김영복,오기봉,292
18971,제주,2005-05-01,한,수,,55,좌윤철,김정봉,293
18972,제주,2005-05-01,한,수,,55,김영복,김덕인,286
18973,제주,2005-05-01,한,수,,51,김한철,유원택,264
18974,제주,2005-05-01,한,수,,54,신경호,김국현,277
18975,제주,2005-05-01,한,수,,56,백인호,강상길,253
18976,제주,2005-05-01,한,수,,54.5,한상배,부용식,277
18977,제주,2005-05-01,한,암,,53,강대은,김홍협,213
18978,제주,2005-05-01,한,수,,54,백인호,진창배,221
18979,제주,2005-05-01,한,암,,53,박병진,조동식,279
18980,제주,2005-05-01,한,암,,54,고성동,이정주,261
18981,제주,2005-05-01,한,암,,54,좌윤철,김홍진,325
18982,제주,2005-05-01,한,암,,55,고성동,조종호,282
18983,제주,2005-05-01,한,암,,54,좌윤철,강인선,263
18984,제주,2005-05-07,한,수,,54,김한철,송방원,260
18985,제주,2005-05-07,한,수,,51,김한철,강춘시,262
18986,제주,2005-05-07,한,수,,54,임용찬,신승오,257
18987,제주,2005-05-07,한,수,,55,김영래,김종식,246
18988,제주,2005-05-07,한,수,,55,김영래,정완모,293
18989,제주,2005-05-07,한,수,,54,고영덕,이정주,283
18990,제주,2005-05-07,한,수,,55,김영래,강상우,295
18991,제주,2005-05-07,한,수,,55,한상배,차청일,287
18992,제주,2005-05-07,한,수,,54,장성종,이종철,270
18993,제주,2005-05-07,한,암,,54,장성종,임태윤,284
18994,제주,2005-05-07,한,암,,54,김한철,김영일,268
18995,제주,2005-05-07,한,수,,55,좌윤철,강진일,269
18996,제주,2005-05-07,한,수,,54,김영래,김보준,263
18997,제주,2005-05-07,한,암,,54,박병진,김복자,258
18998,제주,2005-05-07,한,암,,53,강대은,강길홍,262
18999,제주,2005-05-07,한,암,,52,고영덕,강상우,310
19000,제주,2005-05-07,한,수,,53,고영덕,진창배,259
19001,제주,2005-05-07,한,수,,51,고성동,장덕지,251
19002,제주,2005-05-07,한,수,,56,정성훈,김태옥,307
19003,제주,2005-05-07,한,수,,55.5,정성훈,김용해,283
19004,제주,2005-05-07,한,수,,50,김한철,유원택,264
19005,제주,2005-05-07,한,수,,54,백인호,안석호,251
19006,제주,2005-05-07,한,거,,53,변용호,박경식,262
19007,제주,2005-05-07,한,수,,55,김영래,정완모,276
19008,제주,2005-05-07,한,수,,54,김영복,오기봉,272
19009,제주,2005-05-07,한,수,,55,좌윤철,김영,283
19010,제주,2005-05-07,한,수,,52.5,고성동,고승명,252
19011,제주,2005-05-07,한,수,,55,장성종,천창수,275
19012,제주,2005-05-07,한,수,,55,신경호,이원길,307
19013,제주,2005-05-07,한,수,,55,신경호,송승준,267
19014,제주,2005-05-07,한,수,,55,고성동,이정주,301
19015,제주,2005-05-07,한,수,,55,고성동,차청일,288
19016,제주,2005-05-07,한,암,,53,장성종,강도배,253
19017,제주,2005-05-07,한,암,,56,김한철,김용수,243
19018,제주,2005-05-07,한,암,,54,박병진,송정웅,300
19019,제주,2005-05-07,한,암,,55,좌윤철,강인선,290
19020,제주,2005-05-07,한,암,,54,한상배,오춘학,278
19021,제주,2005-05-07,한,암,,54,고성동,고상운,235
19022,제주,2005-05-07,한,암,,54,장성종,현상춘,293
19023,제주,2005-05-07,한,암,,54,김영래,송정웅,282
19024,제주,2005-05-07,한,암,,55,고영덕,고상윤,271
19025,제주,2005-05-07,한,암,,58.5,강대은,윤태현,263
19026,제주,2005-05-07,한,암,,54,장성종,양도봉,271
19027,제주,2005-05-07,한,암,,52,고영덕,조창규,257
19028,제주,2005-05-07,한,암,,54,김영래,김종식,286
19029,제주,2005-05-07,한,암,,54,좌윤철,김홍진,320
19030,제주,2005-05-07,한,암,,54,박병진,송정웅,248
19031,제주,2005-05-07,한,암,,54,백인호,조동식,295
19032,제주,2005-05-07,한,암,,54,백인호,변공민,278
19033,제주,2005-05-07,한,암,,54,변용호,현구연,280
19034,제주,2005-05-07,한,암,,53,고성동,한성택,282
19035,제주,2005-05-07,한,암,,54,한상배,조종호,226
19036,제주,2005-05-07,한,암,,54,백인호,강상길,270
19037,제주,2005-05-07,한,암,,54,임용찬,문영준,285
19038,제주,2005-05-07,한,암,,55,강대은,고상운,253
19039,제주,2005-05-07,한,암,,58,백인호,양동우,298
19040,제주,2005-05-07,한,암,,54,김성오,강성호,301
19041,제주,2005-05-07,한,암,,54,임용찬,송방원,301
19042,제주,2005-05-07,한,암,,54,백인호,이태보,284
19043,제주,2005-05-07,한,암,,54,윤덕상,강춘시,317
19044,제주,2005-05-07,한,암,,54,윤덕상,이종철,278
19045,제주,2005-05-07,한,암,,54,박병진,김인태,280
19046,제주,2005-05-07,한,암,,54,장성종,강길홍,295
19047,제주,2005-05-07,한,암,,53,고영덕,강성호,285
19048,제주,2005-05-07,한,수,,54,김영래,강태민,237
19049,제주,2005-05-07,한,수,,56,신경호,김순녀,297
19050,제주,2005-05-07,한,암,,54,임용찬,이종철,284
19051,제주,2005-05-07,한,암,,61,좌윤철,강인선,251
19052,제주,2005-05-07,한,수,,54,김영래,강태민,236
19053,제주,2005-05-07,한,수,,55,변용호,송자민,309
19054,제주,2005-05-07,한,수,,54,고성동,이정주,268
19055,제주,2005-05-07,한,암,,54,박병진,김한진,288
19056,제주,2005-05-07,한,암,,54,박병진,문영준,283
19057,제주,2005-05-07,한,암,,55,변용호,진영진,284
19058,제주,2005-05-07,한,암,,51,김성오,송정웅,247
19059,제주,2005-05-07,한,암,,54,윤덕상,양동우,295
19060,제주,2005-05-07,한,암,,54,김영복,오기봉,275
19061,제주,2005-05-07,한,암,,54,박병진,변공민,290
19062,제주,2005-05-07,한,암,,54,좌윤철,김정봉,281
19063,제주,2005-05-07,한,수,,54,김성오,고하구,265
19064,제주,2005-05-07,한,암,,55,변용호,김홍협,296
19065,제주,2005-05-07,한,암,,53,김한철,박칠성,258
19066,제주,2005-05-07,한,암,,53,최기호,김인태,278
19067,제주,2005-05-08,한,암,,53,윤덕상,양동우,251
19068,제주,2005-05-08,한,암,,53,고성동,고상운,264
19069,제주,2005-05-08,한,암,,51,한상배,이형준,229
19070,제주,2005-05-08,한,암,,54,백인호,이태보,231
19071,제주,2005-05-08,한,수,,55,한상배,김종현,305
19072,제주,2005-05-08,한,수,,55,한상배,임관호,270
19073,제주,2005-05-08,한,암,,51,김한철,고영조,272
19074,제주,2005-05-08,한,암,,57,고영덕,김홍협,291
19075,제주,2005-05-08,한,암,,54,임용찬,김경림,268
19076,제주,2005-05-08,한,암,,54,김영래,강태민,298
19077,제주,2005-05-08,한,암,,53,백인호,강도배,263
19078,제주,2005-05-08,한,암,,53,박병진,고경수,248
19079,제주,2005-05-08,한,암,,82,임용찬,고경현,330
19080,제주,2005-05-08,한,암,,54,최기호,강현수,238
19081,제주,2005-05-08,한,암,,54,장성종,송정웅,283
19082,제주,2005-05-08,한,암,,55,고영덕,변창순,255
19083,제주,2005-05-08,한,암,,54,김성오,김예근,302
19084,제주,2005-05-08,한,암,,54,박병진,오경희,279
19085,제주,2005-05-08,한,암,,53,임용찬,유상호,238
19086,제주,2005-05-08,한,수,,55,좌윤철,이창훈,283
19087,제주,2005-05-08,한,수,,50,고영덕,진창배,322
19088,제주,2005-05-08,한,수,,55,박병진,김인태,278
19089,제주,2005-05-08,한,수,,55,박병진,김영일,272
19090,제주,2005-05-08,한,수,,55,신경호,한태국,306
19091,제주,2005-05-08,한,수,,54,백인호,진창배,0
19092,제주,2005-05-08,한,수,,55,김영래,송승준,287
19093,제주,2005-05-08,한,수,,55,좌윤철,김홍진,293
19094,제주,2005-05-08,한,수,,50,임용찬,임태윤,273
19095,제주,2005-05-08,한,수,,57,김영복,김덕인,285
19096,제주,2005-05-08,한,수,,55,김한철,박영춘,279
19097,제주,2005-05-08,한,수,,54,고영덕,이원길,296
19098,제주,2005-05-08,한,수,,54,장성종,정동진,323
19099,제주,2005-05-08,한,수,,55,김영복,현상춘,280
19100,제주,2005-05-08,한,수,,57,정성훈,강남환,316
19101,제주,2005-05-08,한,수,,55,임용찬,신승오,240
19102,제주,2005-05-08,한,암,,53,변용호,오기봉,232
19103,제주,2005-05-08,한,암,,53,한상배,송방원,232
19104,제주,2005-05-08,한,수,,55,신경호,오기봉,273
19105,제주,2005-05-08,한,수,,55,한상배,고영조,292
19106,제주,2005-05-08,한,수,,54,정성훈,조태만,236
19107,제주,2005-05-08,한,수,,54,김한철,송방원,259
19108,제주,2005-05-08,한,수,,55,백인호,김태옥,295
19109,제주,2005-05-08,한,수,,55,신경호,고정홍,298
19110,제주,2005-05-08,한,암,,55,신경호,한태국,279
19111,제주,2005-05-08,한,암,,53,고성동,이정주,275
19112,제주,2005-05-08,한,수,,55,장성종,임상관,311
19113,제주,2005-05-08,한,수,,51,신경호,박칠성,273
19114,제주,2005-05-08,한,수,,56,변용호,장철환,288
19115,제주,2005-05-08,한,수,,55,변용호,김산현,309
19116,제주,2005-05-08,한,수,,53.5,변용호,김산현,258
19117,제주,2005-05-08,한,수,,55,김영래,최기돈,276
19118,제주,2005-05-08,한,거,,56,김한철,전건영,265
19119,제주,2005-05-08,한,수,,55,윤덕상,고하구,288
19120,제주,2005-05-08,한,수,,54,한상배,강상길,267
19121,제주,2005-05-08,한,수,,55,고영덕,변창순,323
19122,제주,2005-05-08,한,수,,55,변용호,박경식,304
19123,제주,2005-05-08,한,수,,52,좌윤철,김영일,294
19124,제주,2005-05-08,한,수,,55,최기호,김인태,286
19125,제주,2005-05-08,한,수,,55,김성오,박경후,290
19126,제주,2005-05-08,한,수,,55,김영래,강태민,279
19127,제주,2005-05-08,한,수,,54,김한철,강홍민,224
19128,제주,2005-05-08,한,수,,55,윤덕상,고승명,253
19129,제주,2005-05-08,한,수,,55.5,윤덕상,강춘시,339
19130,제주,2005-05-08,한,수,,54,백인호,김태옥,251
19131,제주,2005-05-08,한,수,,55,김영래,전건영,301
19132,제주,2005-05-08,한,암,,54,백인호,고한구,277
19133,제주,2005-05-08,한,암,,54,박병진,부용철,285
19134,제주,2005-05-08,한,암,,55,임용찬,송방원,264
19135,제주,2005-05-08,한,암,,55,정성훈,임관호,306
19136,제주,2005-05-08,한,암,,53,고성동,고상운,267
19137,제주,2005-05-08,한,암,,54,강대은,김홍협,295
19138,제주,2005-05-08,한,암,,54,백인호,이창훈,274
19139,제주,2005-05-08,한,암,,53,강대은,정춘조,251
19140,제주,2005-05-08,한,암,,51,정성훈,송방원,291
19141,제주,2005-05-08,한,암,,49,김성오,이종철,282
19142,제주,2005-05-08,한,암,,52,백인호,신종창,294
19143,제주,2005-05-08,한,암,,54,박병진,김종현,278
19144,제주,2005-05-08,한,암,,51,신경호,차연옥,259
19145,제주,2005-05-08,한,암,,54,고성동,미듬종합,298
19146,제주,2005-05-08,한,암,,53,한상배,조창규,256
19147,제주,2005-05-08,한,암,,55,김영래,강태민,290
19148,제주,2005-05-08,한,암,,55,정성훈,조태만,289
19149,제주,2005-05-08,한,암,,53,윤덕상,강기숙,290
19150,제주,2005-05-14,한,수,,55,박병진,임태윤,284
19151,제주,2005-05-14,한,수,,56,백인호,이창훈,325
19152,제주,2005-05-14,한,수,,56.5,정성훈,김용해,311
19153,제주,2005-05-14,한,수,,55,신경호,이원길,303
19154,제주,2005-05-14,한,수,,56,고영덕,강성호,282
19155,제주,2005-05-14,한,수,,55,임용찬,신승오,231
19156,제주,2005-05-14,한,수,,55,고영덕,진창배,289
19157,제주,2005-05-14,한,수,,55,임용찬,박영춘,298
19158,제주,2005-05-14,한,수,,55,장성종,천창수,316
19159,제주,2005-05-14,한,수,,55,김영래,김종식,247
19160,제주,2005-05-14,한,수,,54,한상배,오춘광,287
19161,제주,2005-05-14,한,수,,55,신경호,고하구,295
19162,제주,2005-05-14,한,수,,55,김영래,강상우,298
19163,제주,2005-05-14,한,수,,55,좌윤철,이종철,316
19164,제주,2005-05-14,한,암,,53,변용호,안석호,300
19165,제주,2005-05-14,한,암,,53,박병진,고경수,249
19166,제주,2005-05-14,한,암,,54,장성종,고임계,298
19167,제주,2005-05-14,한,암,,51,한상배,이형준,226
19168,제주,2005-05-14,한,암,,53,고영덕,강성호,287
19169,제주,2005-05-14,한,암,,53,윤덕상,양동우,263
19170,제주,2005-05-14,한,암,,53,한상배,오춘학,260
19171,제주,2005-05-14,한,암,,54,강대은,조종호,292
19172,제주,2005-05-14,한,암,,54,정성훈,고영조,265
19173,제주,2005-05-14,한,암,,55,좌윤철,강인선,265
19174,제주,2005-05-14,한,암,,53,장성종,강학민,267
19175,제주,2005-05-14,한,암,,53,변용호,장철환,225
19176,제주,2005-05-14,한,암,,54,고성동,고승명,277
19177,제주,2005-05-14,한,암,,54,윤덕상,김영일,226
19178,제주,2005-05-14,한,암,,54,백인호,강상길,270
19179,제주,2005-05-14,한,암,,54,백인호,신종창,268
19180,제주,2005-05-14,한,암,,54,신경호,고성남,275
19181,제주,2005-05-14,한,암,,54,최기호,오춘학,295
19182,제주,2005-05-14,한,암,,54,고성동,이정주,304
19183,제주,2005-05-14,한,암,,54,김성오,강춘기,273
19184,제주,2005-05-14,한,암,,56.5,박병진,김인태,289
19185,제주,2005-05-14,한,암,,54,정성훈,부오현,285
19186,제주,2005-05-14,한,암,,54,박병진,전건영,264
19187,제주,2005-05-14,한,암,,55,윤덕상,박영춘,282
19188,제주,2005-05-14,한,암,,53,좌윤철,박영춘,302
19189,제주,2005-05-14,한,암,,54,백인호,이창훈,271
19190,제주,2005-05-14,한,암,,53,김한철,박칠성,254
19191,제주,2005-05-14,한,암,,54,좌윤철,김정봉,292
19192,제주,2005-05-14,한,암,,51,김한철,고영조,273
19193,제주,2005-05-14,한,암,,54,강대은,현구연,273
19194,제주,2005-05-14,한,암,,54,고영덕,송정웅,272
19195,제주,2005-05-14,한,암,,54,장성종,정동진,280
19196,제주,2005-05-14,한,암,,54,정성훈,강남환,305
19197,제주,2005-05-14,한,암,,53,김성오,고하구,250
19198,제주,2005-05-14,한,암,,54,최기호,김인태,286
19199,제주,2005-05-14,한,암,,54,백인호,고한구,274
19200,제주,2005-05-14,한,암,,53.5,임용찬,송방원,301
19201,제주,2005-05-14,한,암,,52,최기호,김인태,264
19202,제주,2005-05-14,한,수,,53,임용찬,문영준,291
19203,제주,2005-05-14,한,수,,55,윤덕상,김영일,285
19204,제주,2005-05-14,한,수,,54,윤덕상,강춘시,261
19205,제주,2005-05-14,한,수,,55,박병진,강길홍,259
19206,제주,2005-05-14,한,수,,54,정성훈,강남환,247
19207,제주,2005-05-14,한,수,,56,장성종,고임계,240
19208,제주,2005-05-14,한,수,,55,강대은,고한구,274
19209,제주,2005-05-14,한,수,,55,김성오,강춘기,322
19210,제주,2005-05-14,한,수,,55,김영복,오기봉,299
19211,제주,2005-05-14,한,거,,55,김성오,김예근,258
19212,제주,2005-05-14,한,수,,54,변용호,양동우,313
19213,제주,2005-05-14,한,수,,54.5,김영복,김덕인,308
19214,제주,2005-05-14,한,수,,56,정성훈,고임계,307
19215,제주,2005-05-14,한,수,,55,김성오,변공민,283
19216,제주,2005-05-14,한,수,,55,고성동,이정주,302
19217,제주,2005-05-14,한,수,,54,고성동,미듬종합,240
19218,제주,2005-05-14,한,수,,53,김성오,김예근,300
19219,제주,2005-05-14,한,수,,54,김영래,진창배,237
19220,제주,2005-05-14,한,수,,54,백인호,진창배,231
19221,제주,2005-05-14,한,수,,56,김한철,장두일,270
19222,제주,2005-05-14,한,수,,54,좌윤철,김용래,298
19223,제주,2005-05-14,한,수,,55,장성종,강길홍,306
19224,제주,2005-05-14,한,수,,54,변용호,장철환,251
19225,제주,2005-05-14,한,수,,54,백인호,조창규,287
19226,제주,2005-05-15,한,암,,53,고영덕,변창순,233
19227,제주,2005-05-15,한,거,,53,정성훈,김용해,319
19228,제주,2005-05-15,한,암,,53,고성동,고상운,246
19229,제주,2005-05-15,한,암,,54,고성동,고승명,269
19230,제주,2005-05-15,한,암,,54,백인호,이태보,284
19231,제주,2005-05-15,한,암,,55,윤덕상,강춘시,313
19232,제주,2005-05-15,한,암,,54,변용호,진영진,283
19233,제주,2005-05-15,한,수,,55.5,장성종,박칠성,274
19234,제주,2005-05-15,한,암,,54,최기호,정완모,257
19235,제주,2005-05-15,한,암,,54,강대은,정이남,275
19236,제주,2005-05-15,한,암,,54,좌윤철,이용대,247
19237,제주,2005-05-15,한,수,,55,백인호,이태보,264
19238,제주,2005-05-15,한,암,,54,윤덕상,안석호,245
19239,제주,2005-05-15,한,암,,54,박병진,김한진,273
19240,제주,2005-05-15,한,암,,54,임용찬,고하구,294
19241,제주,2005-05-15,한,암,,53.5,변용호,진영진,282
19242,제주,2005-05-15,한,암,,53,윤덕상,양동우,255
19243,제주,2005-05-15,한,암,,54,정성훈,고영조,317
19244,제주,2005-05-15,한,암,,53,고영덕,강춘시,267
19245,제주,2005-05-15,한,암,,53,백인호,안석호,255
19246,제주,2005-05-15,한,암,,56,좌윤철,김정봉,255
19247,제주,2005-05-15,한,암,,56,고성동,한성택,231
19248,제주,2005-05-15,한,암,,51.5,한상배,유상호,281
19249,제주,2005-05-15,한,암,,55,신경호,한태국,272
19250,제주,2005-05-15,한,암,,54,박병진,조동식,273
19251,제주,2005-05-15,한,암,,55,강대은,강훈표,269
19252,제주,2005-05-15,한,암,,54,장성종,양도봉,270
19253,제주,2005-05-15,한,암,,54,정성훈,김태옥,288
19254,제주,2005-05-15,한,암,,54,좌윤철,김홍진,320
19255,제주,2005-05-15,한,암,,53,김성오,강성호,270
19256,제주,2005-05-15,한,암,,53,한상배,김경남,232
19257,제주,2005-05-15,한,암,,54,변용호,오기봉,255
19258,제주,2005-05-15,한,암,,54,백인호,양동우,305
19259,제주,2005-05-15,한,암,,54,임용찬,문영준,288
19260,제주,2005-05-15,한,암,,54,김영복,정이남,268
19261,제주,2005-05-15,한,암,,54,변용호,이형준,287
19262,제주,2005-05-15,한,암,,54,임용찬,문영준,264
19263,제주,2005-05-15,한,암,,54,고성동,이정주,297
19264,제주,2005-05-15,한,암,,53,백인호,변공민,257
19265,제주,2005-05-15,한,암,,54,변용호,김경남,296
19266,제주,2005-05-15,한,암,,53,임용찬,박영춘,268
19267,제주,2005-05-15,한,암,,54,박병진,송정웅,298
19268,제주,2005-05-15,한,암,,54,좌윤철,김홍진,337
19269,제주,2005-05-15,한,암,,54,박병진,문영준,280
19270,제주,2005-05-15,한,수,,55,김한철,유상호,294
19271,제주,2005-05-15,한,수,,52,윤덕상,안석호,292
19272,제주,2005-05-15,한,수,,55,신경호,오기봉,270
19273,제주,2005-05-15,한,수,,54,윤덕상,강춘기,299
19274,제주,2005-05-15,한,수,,54,신경호,한태국,271
19275,제주,2005-05-15,한,수,,54,고영덕,고상윤,278
19276,제주,2005-05-15,한,수,,55,최기호,정완모,278
19277,제주,2005-05-15,한,수,,55,장성종,김흥보,305
19278,제주,2005-05-15,한,수,,55,고성동,차청일,283
19279,제주,2005-05-15,한,수,,54,한상배,송방원,268
19280,제주,2005-05-15,한,수,,55,좌윤철,김정봉,297
19281,제주,2005-05-15,한,거,,55,고성동,정완모,282
19282,제주,2005-05-15,한,거,,56,고영덕,진창배,338
19283,제주,2005-05-15,한,수,,51,고성동,김순녀,271
19284,제주,2005-05-15,한,수,,55,강대은,미듬종합,272
19285,제주,2005-05-15,한,수,,53,김영복,임승주,323
19286,제주,2005-05-15,한,수,,55,신경호,김경남,268
19287,제주,2005-05-15,한,수,,55,한상배,김종현,301
19288,제주,2005-05-15,한,수,,55,최기호,오춘학,274
19289,제주,2005-05-15,한,수,,55,강대은,허영철,271
19290,제주,2005-05-15,한,수,,54,최기호,조창규,241
19291,제주,2005-05-15,한,수,,56,최기호,현상춘,315
19292,제주,2005-05-15,한,수,,54,김한철,송방원,262
19293,제주,2005-05-15,한,수,,55,한상배,임관호,253
19294,제주,2005-05-15,한,수,,54,정성훈,조태만,233
19295,제주,2005-05-15,한,수,,55,변용호,박경식,303
19296,제주,2005-05-15,한,수,,56,최기호,현구연,265
19297,제주,2005-05-15,한,수,,57.5,최기호,정완모,301
19298,제주,2005-05-15,한,수,,55,김영래,강태민,309
19299,제주,2005-05-15,한,암,,56,김한철,김용수,242
19300,제주,2005-05-15,한,암,,55,강대은,이원길,250
19301,제주,2005-05-15,한,수,,57,임용찬,신승오,290
19302,제주,2005-05-15,한,수,,55,한상배,고영조,292
19303,제주,2005-05-15,한,수,,56,김성오,임상관,0
19304,제주,2005-05-15,한,수,,54,신경호,김국현,277
19305,제주,2005-05-21,한,암,,53,좌윤철,한태국,266
19306,제주,2005-05-21,한,암,,53,백인호,안석호,0
19307,제주,2005-05-21,한,수,,53.5,고영덕,강성호,249
19308,제주,2005-05-21,한,수,,54,윤덕상,한재두,243
19309,제주,2005-05-21,한,수,,55,김영복,조창규,267
19310,제주,2005-05-21,한,수,,54,백인호,안석호,261
19311,제주,2005-05-21,한,암,,56,고성동,이정주,262
19312,제주,2005-05-21,한,암,,54,김성오,강춘기,276
19313,제주,2005-05-21,한,암,,54,강대은,현구연,275
19314,제주,2005-05-21,한,암,,53,강대은,강길홍,266
19315,제주,2005-05-21,한,암,,55,최기호,조창규,275
19316,제주,2005-05-21,한,암,,56,정성훈,임관호,309
19317,제주,2005-05-21,한,암,,54,변용호,현구연,283
19318,제주,2005-05-21,한,수,,55,김영래,강태민,271
19319,제주,2005-05-21,한,수,,55,박병진,임태윤,286
19320,제주,2005-05-21,한,수,,55,신경호,송승준,276
19321,제주,2005-05-21,한,수,,54,장성종,이종철,271
19322,제주,2005-05-21,한,수,,54,한상배,송방원,264
19323,제주,2005-05-21,한,수,,57,정성훈,부오현,306
19324,제주,2005-05-21,한,수,,52,좌윤철,장두일,291
19325,제주,2005-05-21,한,수,,55,김영래,정완모,277
19326,제주,2005-05-21,한,수,,53,변용호,조태만,258
19327,제주,2005-05-21,한,수,,56,고성동,고승명,254
19328,제주,2005-05-21,한,수,,54,장성종,조동식,267
19329,제주,2005-05-21,한,수,,55,한상배,임관호,273
19330,제주,2005-05-21,한,수,,55,좌윤철,김영,290
19331,제주,2005-05-21,한,암,,54,김영복,정이남,271
19332,제주,2005-05-21,한,암,,54,고성동,미듬종합,297
19333,제주,2005-05-21,한,암,,54,한상배,오춘학,275
19334,제주,2005-05-21,한,암,,53,한상배,유상호,257
19335,제주,2005-05-21,한,수,,54,장성종,김흥보,242
19336,제주,2005-05-21,한,수,,54,김한철,김용수,256
19337,제주,2005-05-21,한,수,,51,김한철,강홍민,235
19338,제주,2005-05-21,한,수,,54,고영덕,진창배,257
19339,제주,2005-05-21,한,수,,54.5,김영복,김덕인,306
19340,제주,2005-05-21,한,수,,55,김성오,박경후,288
19341,제주,2005-05-21,한,수,,54,김한철,유원택,266
19342,제주,2005-05-21,한,수,,55,김성오,강춘기,316
19343,제주,2005-05-21,한,수,,52.5,김성오,김예근,299
19344,제주,2005-05-21,한,수,,54,임용찬,신승오,256
19345,제주,2005-05-21,한,수,,55,신경호,한태국,316
19346,제주,2005-05-21,한,수,,55,김영복,김덕인,282
19347,제주,2005-05-21,한,수,,52,신경호,한태국,270
19348,제주,2005-05-21,한,수,,54,박병진,조동식,274
19349,제주,2005-05-21,한,수,,55,윤덕상,고승명,256
19350,제주,2005-05-21,한,수,,54,고성동,이정주,271
19351,제주,2005-05-21,한,수,,53,김성오,고하구,258
19352,제주,2005-05-21,한,수,,55,김영래,정완모,293
19353,제주,2005-05-21,한,수,,55,김한철,박영춘,282
19354,제주,2005-05-21,한,암,,54,백인호,양동우,308
19355,제주,2005-05-21,한,암,,53,신경호,한태국,258
19356,제주,2005-05-21,한,암,,51,김한철,현구연,252
19357,제주,2005-05-21,한,암,,54,박병진,오경희,279
19358,제주,2005-05-21,한,암,,54,백인호,신종창,270
19359,제주,2005-05-21,한,암,,54,김영래,송정웅,281
19360,제주,2005-05-21,한,암,,57,고성동,고상운,235
19361,제주,2005-05-21,한,암,,59,강대은,윤태현,265
19362,제주,2005-05-21,한,암,,54,좌윤철,김정봉,283
19363,제주,2005-05-21,한,암,,54,장성종,임태윤,286
19364,제주,2005-05-21,한,암,,54,최기호,김인태,292
19365,제주,2005-05-21,한,암,,55,좌윤철,강인선,296
19366,제주,2005-05-21,한,암,,54,김영래,정완모,269
19367,제주,2005-05-21,한,암,,56,김영복,강학민,309
19368,제주,2005-05-21,한,암,,54,장성종,강길홍,297
19369,제주,2005-05-21,한,암,,56,최기호,정완모,269
19370,제주,2005-05-21,한,암,,53,윤덕상,강기숙,288
19371,제주,2005-05-21,한,암,,54,윤덕상,강홍민,306
19372,제주,2005-05-21,한,암,,54,김영래,강태민,288
19373,제주,2005-05-21,한,암,,54,김영래,강태민,263
19374,제주,2005-05-21,한,암,,54,신경호,고성남,284
19375,제주,2005-05-21,한,암,,53,고성동,고상운,245
19376,제주,2005-05-21,한,암,,55,최기호,장성수,297
19377,제주,2005-05-21,한,암,,54,한상배,조종호,225
19378,제주,2005-05-21,한,암,,53,고성동,한성택,236
19379,제주,2005-05-21,한,암,,53,고영덕,강상우,274
19380,제주,2005-05-21,한,암,,54,최기호,강현수,243
19381,제주,2005-05-21,한,암,,55,고영덕,변창순,257
19382,제주,2005-05-21,한,수,,54,백인호,안석호,297
19383,제주,2005-05-22,한,수,,55,윤덕상,고하구,288
19384,제주,2005-05-22,한,수,,54,김한철,송방원,260
19385,제주,2005-05-22,한,수,,55,백인호,김태옥,287
19386,제주,2005-05-22,한,수,,55,김영복,현상춘,282
19387,제주,2005-05-22,한,수,,55,김영래,김창만,284
19388,제주,2005-05-22,한,수,,55,김영래,송승준,291
19389,제주,2005-05-22,한,수,,54,한상배,강상길,272
19390,제주,2005-05-22,한,수,,55,변용호,김산현,259
19391,제주,2005-05-22,한,수,,55,윤덕상,안석호,297
19392,제주,2005-05-22,한,수,,55,김영래,김종현,308
19393,제주,2005-05-22,한,수,,55,좌윤철,강진일,273
19394,제주,2005-05-22,한,수,,55.5,장성종,김경림,310
19395,제주,2005-05-22,한,수,,56,김영복,오기봉,297
19396,제주,2005-05-22,한,수,,59,정성훈,강남환,327
19397,제주,2005-05-22,한,암,,53,좌윤철,고한구,283
19398,제주,2005-05-22,한,암,,82,임용찬,고경현,329
19399,제주,2005-05-22,한,수,,55,신경호,고정홍,296
19400,제주,2005-05-22,한,수,,55,박병진,김인태,278
19401,제주,2005-05-22,한,수,,54.5,윤덕상,강춘시,337
19402,제주,2005-05-22,한,수,,55,김영래,전건영,303
19403,제주,2005-05-22,한,수,,59.5,최기호,김인태,305
19404,제주,2005-05-22,한,거,,55,고성동,정완모,282
19405,제주,2005-05-22,한,수,,55,박병진,김영일,277
19406,제주,2005-05-22,한,수,,54,장성종,강도배,258
19407,제주,2005-05-22,한,수,,54,김성오,임상관,253
19408,제주,2005-05-22,한,수,,55,김영복,오기봉,302
19409,제주,2005-05-22,한,수,,56,최기호,현상춘,312
19410,제주,2005-05-22,한,수,,54,김영복,오기봉,279
19411,제주,2005-05-22,한,수,,54,김영래,강상우,254
19412,제주,2005-05-22,한,수,,55,김영래,최기돈,274
19413,제주,2005-05-22,한,수,,54.5,임용찬,송방원,335
19414,제주,2005-05-22,한,수,,55,좌윤철,이창훈,284
19415,제주,2005-05-22,한,수,,56,정성훈,김태옥,302
19416,제주,2005-05-22,한,수,,56,변용호,장철환,289
19417,제주,2005-05-22,한,수,,55,변용호,김산현,306
19418,제주,2005-05-22,한,수,,56,김영래,현상춘,292
19419,제주,2005-05-22,한,암,,53,좌윤철,김홍진,323
19420,제주,2005-05-22,한,암,,53,임용찬,신승오,233
19421,제주,2005-05-22,한,암,,53,김한철,고영조,269
19422,제주,2005-05-22,한,암,,55,고영덕,고상윤,274
19423,제주,2005-05-22,한,암,,54,백인호,김창식,311
19424,제주,2005-05-22,한,암,,49,김성오,이종철,280
19425,제주,2005-05-22,한,암,,53,박병진,조동식,286
19426,제주,2005-05-22,한,암,,54,정성훈,김용해,295
19427,제주,2005-05-22,한,암,,53.5,강대은,정춘조,255
19428,제주,2005-05-22,한,암,,54,박병진,부용철,288
19429,제주,2005-05-22,한,암,,55,변용호,김홍협,300
19430,제주,2005-05-22,한,암,,53,한상배,조창규,258
19431,제주,2005-05-22,한,암,,53,고성동,이정주,284
19432,제주,2005-05-22,한,암,,54,정성훈,김태옥,278
19433,제주,2005-05-22,한,암,,54,정성훈,고영조,314
19434,제주,2005-05-22,한,암,,53,좌윤철,허영철,260
19435,제주,2005-05-22,한,암,,54,윤덕상,양동우,294
19436,제주,2005-05-22,한,수,,55,장성종,천창수,276
19437,제주,2005-05-22,한,수,,55,최기호,김인태,285
19438,제주,2005-05-22,한,수,,55,좌윤철,김홍진,292
19439,제주,2005-05-22,한,암,,53,고영덕,강성호,293
19440,제주,2005-05-22,한,암,,54,최기호,김인태,315
19441,제주,2005-05-22,한,암,,54,좌윤철,김정봉,323
19442,제주,2005-05-22,한,암,,53,신경호,김국현,274
19443,제주,2005-05-22,한,암,,53,백인호,강도배,260
19444,제주,2005-05-22,한,암,,58,고영덕,김홍협,291
19445,제주,2005-05-22,한,암,,54,윤덕상,안석호,245
19446,제주,2005-05-22,한,암,,54,김영래,강태민,289
19447,제주,2005-05-22,한,암,,55,김영복,김영일,285
19448,제주,2005-05-22,한,암,,55,김한철,김용수,237
19449,제주,2005-05-22,한,암,,54,강대은,이종철,282
19450,제주,2005-05-22,한,암,,54,정성훈,부오현,304
19451,제주,2005-05-22,한,암,,51,신경호,차연옥,260
19452,제주,2005-05-22,한,수,,54,정성훈,임관호,276
19453,제주,2005-05-22,한,수,,57,김영복,김태옥,298
19454,제주,2005-05-22,한,수,,54,변용호,장두일,271
19455,제주,2005-05-22,한,수,,51,정성훈,김용해,285
19456,제주,2005-05-22,한,수,,55,장성종,정동진,320
19457,제주,2005-05-22,한,암,,54,백인호,변공민,284
19458,제주,2005-05-22,한,수,,56,정성훈,강남환,314
19459,제주,2005-05-22,한,암,,53,김성오,고하구,251
19460,제주,2005-05-22,한,수,,54,윤덕상,고승명,261
19461,제주,2005-05-22,한,암,,54,박병진,고경현,265
19462,제주,2005-05-22,한,암,,54,한상배,김창준,301
19463,제주,2005-05-22,한,암,,54,변용호,안석호,303
19464,제주,2005-05-22,한,암,,54,정성훈,강남환,298
19465,제주,2005-05-28,한,암,,53,한상배,김종현,255
19466,제주,2005-05-28,한,수,,55,윤덕상,김영일,285
19467,제주,2005-05-28,한,수,,55,장성종,송정웅,258
19468,제주,2005-05-28,한,암,,54,김영래,정완모,267
19469,제주,2005-05-28,한,암,,54,강대은,이종철,280
19470,제주,2005-05-28,한,수,,55,김영래,김종식,248
19471,제주,2005-05-28,한,수,,54,좌윤철,김용래,296
19472,제주,2005-05-28,한,수,,54,김영래,진창배,233
19473,제주,2005-05-28,한,수,,55,김영복,현상춘,279
19474,제주,2005-05-28,한,암,,54,좌윤철,김홍진,330
19475,제주,2005-05-28,한,암,,54,백인호,변공민,278
19476,제주,2005-05-28,한,거,,55,김성오,김예근,257
19477,제주,2005-05-28,한,암,,55,윤덕상,박영춘,283
19478,제주,2005-05-28,한,암,,51.5,최기호,김인태,263
19479,제주,2005-05-28,한,수,,57,정성훈,고임계,311
19480,제주,2005-05-28,한,수,,55,좌윤철,김정봉,296
19481,제주,2005-05-28,한,암,,53,김성오,한성택,287
19482,제주,2005-05-28,한,암,,54,변용호,현상춘,282
19483,제주,2005-05-28,한,수,,55,백인호,이태보,266
19484,제주,2005-05-28,한,수,,55,신경호,이원길,309
19485,제주,2005-05-28,한,수,,56,김한철,강홍민,233
19486,제주,2005-05-28,한,수,,55,신경호,김경남,271
19487,제주,2005-05-28,한,수,,55,한상배,김종현,311
19488,제주,2005-05-28,한,수,,54,고영덕,고상윤,274
19489,제주,2005-05-28,한,수,,55,고영덕,진창배,285
19490,제주,2005-05-28,한,수,,54,김한철,김용수,256
19491,제주,2005-05-28,한,수,,55,박병진,강길홍,259
19492,제주,2005-05-28,한,수,,55,한상배,차청일,285
19493,제주,2005-05-28,한,암,,53,변용호,장철환,221
19494,제주,2005-05-28,한,암,,53,변용호,차청일,291
19495,제주,2005-05-28,한,수,,55,김영복,김덕인,272
19496,제주,2005-05-28,한,수,,54,김한철,조태만,276
19497,제주,2005-05-28,한,수,,54,윤덕상,현상춘,263
19498,제주,2005-05-28,한,수,,55,김영래,최기돈,272
19499,제주,2005-05-28,한,수,,54,김성오,임상관,270
19500,제주,2005-05-28,한,수,,55,신경호,오기봉,275
19501,제주,2005-05-28,한,수,,56,김성오,임상관,272
19502,제주,2005-05-28,한,수,,55,좌윤철,이종철,305
19503,제주,2005-05-28,한,수,,56,장성종,고임계,245
19504,제주,2005-05-28,한,수,,54,변용호,장철환,251
19505,제주,2005-05-28,한,수,,55,최기호,조창규,228
19506,제주,2005-05-28,한,수,,54,정성훈,강남환,247
19507,제주,2005-05-28,한,암,,54,김영래,김종식,288
19508,제주,2005-05-28,한,암,,53,백인호,강도배,260
19509,제주,2005-05-28,한,암,,53,고성동,고승명,276
19510,제주,2005-05-28,한,암,,56.5,박병진,김인태,294
19511,제주,2005-05-28,한,암,,53,장성종,천창수,247
19512,제주,2005-05-28,한,암,,53,고영덕,변창순,301
19513,제주,2005-05-28,한,암,,54,최기호,정완모,257
19514,제주,2005-05-28,한,암,,54,강대은,조종호,303
19515,제주,2005-05-28,한,암,,54,최기호,김인태,306
19516,제주,2005-05-28,한,암,,54,윤덕상,강홍민,304
19517,제주,2005-05-28,한,암,,55,신경호,한태국,278
19518,제주,2005-05-28,한,암,,53,장성종,강도배,255
19519,제주,2005-05-28,한,암,,54,한상배,송방원,239
19520,제주,2005-05-28,한,암,,56,김한철,김용수,242
19521,제주,2005-05-28,한,암,,53.5,윤덕상,강춘시,322
19522,제주,2005-05-28,한,암,,55.5,김영복,강학민,304
19523,제주,2005-05-28,한,암,,54,고영덕,송정웅,273
19524,제주,2005-05-28,한,암,,54.5,좌윤철,강인선,260
19525,제주,2005-05-28,한,암,,52.5,임용찬,송방원,297
19526,제주,2005-05-28,한,암,,54,임용찬,이종철,290
19527,제주,2005-05-28,한,수,,55,임용찬,박영춘,298
19528,제주,2005-05-28,한,수,,56,정성훈,김태옥,300
19529,제주,2005-05-28,한,수,,55,한상배,임관호,255
19530,제주,2005-05-28,한,수,,55,고성동,차청일,288
19531,제주,2005-05-28,한,수,,56,강대은,미듬종합,276
19532,제주,2005-05-28,한,암,,54,백인호,고한구,279
19533,제주,2005-05-28,한,암,,55,변용호,김홍협,299
19534,제주,2005-05-28,한,암,,53,백인호,변공민,258
19535,제주,2005-05-28,한,암,,53,임용찬,신승오,233
19536,제주,2005-05-28,한,암,,55,고성동,조종호,282
19537,제주,2005-05-28,한,암,,54,장성종,고임계,301
19538,제주,2005-05-28,한,암,,54,한상배,조종호,225
19539,제주,2005-05-28,한,암,,54,좌윤철,김정봉,289
19540,제주,2005-05-28,한,암,,54,임용찬,고하구,298
19541,제주,2005-05-28,한,암,,54,박병진,송정웅,301
19542,제주,2005-05-28,한,암,,53,고영덕,강상우,272
19543,제주,2005-05-28,한,암,,54,변용호,김경남,292
19544,제주,2005-05-28,한,암,,54,고성동,고승명,271
19545,제주,2005-05-28,한,암,,54,백인호,이태보,276
19546,제주,2005-05-28,한,암,,54,신경호,임태윤,292
19547,제주,2005-05-29,한,암,,53,고영덕,변창순,312
19548,제주,2005-05-29,한,암,,54,박병진,오경희,274
19549,제주,2005-05-29,한,암,,52,한상배,강상길,199
19550,제주,2005-05-29,한,암,,54,박병진,전건영,266
19551,제주,2005-05-29,한,암,,54,한상배,김창준,297
19552,제주,2005-05-29,한,수,,54,신경호,김국현,281
19553,제주,2005-05-29,한,수,,55,최기호,정완모,276
19554,제주,2005-05-29,한,암,,54,백인호,이태보,236
19555,제주,2005-05-29,한,암,,53,김한철,송방원,247
19556,제주,2005-05-29,한,암,,54,백인호,이창훈,268
19557,제주,2005-05-29,한,암,,53,변용호,오기봉,231
19558,제주,2005-05-29,한,암,,54,임용찬,문영준,266
19559,제주,2005-05-29,한,암,,54,최기호,오춘학,297
19560,제주,2005-05-29,한,암,,54,박병진,김한진,293
19561,제주,2005-05-29,한,암,,53,한상배,유상호,256
19562,제주,2005-05-29,한,암,,54,변용호,진영진,285
19563,제주,2005-05-29,한,암,,54,장성종,정동진,281
19564,제주,2005-05-29,한,암,,53,김성오,강춘기,246
19565,제주,2005-05-29,한,암,,53,고영덕,강춘시,276
19566,제주,2005-05-29,한,수,,55,박병진,김용수,303
19567,제주,2005-05-29,한,수,,56.5,정성훈,김용해,312
19568,제주,2005-05-29,한,수,,55,좌윤철,김영,285
19569,제주,2005-05-29,한,수,,54,변용호,장두일,263
19570,제주,2005-05-29,한,수,,55,강대은,허영철,275
19571,제주,2005-05-29,한,수,,54,한상배,오춘광,288
19572,제주,2005-05-29,한,수,,53,고성동,장덕지,255
19573,제주,2005-05-29,한,수,,55,고성동,고승명,251
19574,제주,2005-05-29,한,수,,53.5,변용호,조태만,255
19575,제주,2005-05-29,한,수,,54,백인호,고임계,320
19576,제주,2005-05-29,한,수,,55,김영래,김창만,280
19577,제주,2005-05-29,한,수,,56.5,윤덕상,현상춘,297
19578,제주,2005-05-29,한,암,,54,강대은,오춘광,301
19579,제주,2005-05-29,한,수,,51,고성동,김순녀,273
19580,제주,2005-05-29,한,수,,55,장성종,박칠성,274
19581,제주,2005-05-29,한,수,,55,김영래,김보준,296
19582,제주,2005-05-29,한,수,,55,좌윤철,한태국,261
19583,제주,2005-05-29,한,수,,54,김영래,강태민,230
19584,제주,2005-05-29,한,암,,54,윤덕상,김영일,229
19585,제주,2005-05-29,한,암,,58,정성훈,김용해,318
19586,제주,2005-05-29,한,수,,55,장성종,천창수,324
19587,제주,2005-05-29,한,수,,53.5,고영덕,진창배,261
19588,제주,2005-05-29,한,수,,54,박병진,김태옥,262
19589,제주,2005-05-29,한,수,,55,김영복,허영철,307
19590,제주,2005-05-29,한,수,,56.5,장성종,김흥보,308
19591,제주,2005-05-29,한,수,,52.5,윤덕상,안석호,296
19592,제주,2005-05-29,한,수,,53,임용찬,천창수,223
19593,제주,2005-05-29,한,수,,54,김한철,유상호,227
19594,제주,2005-05-29,한,수,,54,강대은,이원길,271
19595,제주,2005-05-29,한,수,,55,김영래,강태민,298
19596,제주,2005-05-29,한,수,,54,백인호,안석호,257
19597,제주,2005-05-29,한,수,,54,최기호,조창규,252
19598,제주,2005-05-29,한,수,,51,신경호,박칠성,270
19599,제주,2005-05-29,한,수,,54,신경호,한태국,277
19600,제주,2005-05-29,한,수,,54,김한철,송방원,267
19601,제주,2005-05-29,한,수,,55,한상배,부용식,286
19602,제주,2005-05-29,한,수,,55,고성동,이정주,302
19603,제주,2005-05-29,한,수,,54,김성오,고하구,246
19604,제주,2005-05-29,한,암,,54.5,강대은,김홍협,225
19605,제주,2005-05-29,한,암,,53,한상배,김경남,253
19606,제주,2005-05-29,한,암,,54,변용호,이형준,291
19607,제주,2005-05-29,한,암,,54,윤덕상,이종철,276
19608,제주,2005-05-29,한,암,,53,신경호,고영조,255
19609,제주,2005-05-29,한,암,,51,한상배,유상호,277
19610,제주,2005-05-29,한,암,,54,임용찬,신승오,299
19611,제주,2005-05-29,한,암,,54,김성오,김동후,271
19612,제주,2005-05-29,한,암,,52,정성훈,고영조,261
19613,제주,2005-05-29,한,암,,55,임용찬,김경림,278
19614,제주,2005-05-29,한,암,,54,좌윤철,김홍진,322
19615,제주,2005-05-29,한,수,,54,김성오,임상관,253
19616,제주,2005-05-29,한,암,,54,김영래,강태민,263
19617,제주,2005-05-29,한,암,,53,윤덕상,양동우,268
19618,제주,2005-05-29,한,암,,57.5,백인호,양동우,299
19619,제주,2005-05-29,한,암,,54,정성훈,부오현,297
19620,제주,2005-05-29,한,암,,54,박병진,김종현,278
19621,제주,2005-05-29,한,암,,54,백인호,강상길,269
19622,제주,2005-05-29,한,암,,54,장성종,양도봉,274
19623,제주,2005-05-29,한,암,,54,고영덕,이원길,297
19624,제주,2005-05-29,한,암,,54,좌윤철,이용대,252
19625,제주,2005-05-29,한,암,,54,김한철,김영일,273
19626,제주,2005-05-29,한,암,,53,고성동,미듬종합,246
19627,제주,2005-05-29,한,암,,53,김영복,오춘광,248
19628,제주,2005-05-29,한,암,,54,강대은,김홍협,298
19629,제주,2005-05-29,한,암,,52,고영덕,강상우,315
19630,제주,2005-06-04,한,암,,55,변용호,김무현,277
19631,제주,2005-06-04,한,암,,54,정성훈,부오현,286
19632,제주,2005-06-04,한,암,,55,백인호,양동우,298
19633,제주,2005-06-04,한,암,,54,최기호,정완모,267
19634,제주,2005-06-04,한,암,,55,고성동,이정주,298
19635,제주,2005-06-04,한,암,,56,김한철,김용수,246
19636,제주,2005-06-04,한,암,,54,박병진,고경현,268
19637,제주,2005-06-04,한,암,,53,고성동,한성택,240
19638,제주,2005-06-04,한,암,,54,정성훈,김태옥,286
19639,제주,2005-06-04,한,암,,54,좌윤철,김정봉,283
19640,제주,2005-06-04,한,암,,54,정성훈,강남환,305
19641,제주,2005-06-04,한,암,,54,김영복,강학민,291
19642,제주,2005-06-04,한,암,,54,강대은,김홍진,279
19643,제주,2005-06-04,한,암,,53,백인호,변공민,258
19644,제주,2005-06-04,한,암,,55,최기호,김인태,287
19645,제주,2005-06-04,한,암,,54,좌윤철,김홍진,319
19646,제주,2005-06-04,한,암,,51,윤덕상,안석호,249
19647,제주,2005-06-04,한,암,,54,신경호,고성남,276
19648,제주,2005-06-04,한,암,,55,고영덕,고상윤,260
19649,제주,2005-06-04,한,암,,51,좌윤철,강인선,304
19650,제주,2005-06-04,한,수,,56,김영복,김덕인,305
19651,제주,2005-06-04,한,수,,55,김한철,박영춘,283
19652,제주,2005-06-04,한,수,,52,강대은,고홍휴,257
19653,제주,2005-06-04,한,수,,54,김성오,임상관,275
19654,제주,2005-06-04,한,수,,55,신경호,고정홍,293
19655,제주,2005-06-04,한,수,,55,신경호,이원길,310
19656,제주,2005-06-04,한,수,,54,좌윤철,김용래,296
19657,제주,2005-06-04,한,수,,55,김영복,차연옥,291
19658,제주,2005-06-04,한,수,,55,박병진,김용수,302
19659,제주,2005-06-04,한,암,,55,고영덕,고상윤,276
19660,제주,2005-06-04,한,수,,55,윤덕상,고승명,231
19661,제주,2005-06-04,한,수,,56,최기호,현상춘,317
19662,제주,2005-06-04,한,수,,54,강대은,미듬종합,273
19663,제주,2005-06-04,한,수,,55,한상배,부용식,286
19664,제주,2005-06-04,한,암,,54,강대은,현구연,280
19665,제주,2005-06-04,한,암,,51,신경호,고영조,253
19666,제주,2005-06-04,한,암,,52,윤덕상,강춘시,318
19667,제주,2005-06-04,한,암,,53,최기호,김인태,297
19668,제주,2005-06-04,한,암,,55,고성동,이정주,259
19669,제주,2005-06-04,한,암,,51,김한철,고영조,272
19670,제주,2005-06-04,한,암,,51,김한철,김영일,271
19671,제주,2005-06-04,한,암,,53,변용호,강상우,264
19672,제주,2005-06-04,한,수,,55,김영래,정완모,294
19673,제주,2005-06-04,한,수,,55,고성동,차청일,291
19674,제주,2005-06-04,한,수,,55,강대은,양동우,272
19675,제주,2005-06-04,한,수,,52,임용찬,천창수,224
19676,제주,2005-06-04,한,수,,55,신경호,송승준,272
19677,제주,2005-06-04,한,암,,51,최기호,조창규,272
19678,제주,2005-06-04,한,암,,54,장성종,강길홍,300
19679,제주,2005-06-04,한,암,,53,강대은,고상운,244
19680,제주,2005-06-04,한,암,,54,백인호,이창훈,270
19681,제주,2005-06-04,한,수,,53,김성오,김예근,296
19682,제주,2005-06-04,한,수,,54,한상배,강상길,277
19683,제주,2005-06-04,한,수,,55,좌윤철,이창훈,281
19684,제주,2005-06-04,한,수,,55,김영래,강상우,299
19685,제주,2005-06-04,한,수,,56,한상배,임관호,259
19686,제주,2005-06-04,한,수,,56,변용호,장철환,286
19687,제주,2005-06-04,한,수,,54,고영덕,고상윤,271
19688,제주,2005-06-04,한,수,,55,한상배,차청일,286
19689,제주,2005-06-04,한,수,,54,고성동,장덕지,255
19690,제주,2005-06-04,한,수,,54,변용호,장두일,277
19691,제주,2005-06-04,한,수,,55,좌윤철,김홍진,293
19692,제주,2005-06-04,한,수,,55,김성오,박경후,295
19693,제주,2005-06-04,한,수,,55,윤덕상,고하구,297
19694,제주,2005-06-04,한,암,,54,정성훈,김태옥,276
19695,제주,2005-06-04,한,암,,54,김성오,강춘기,273
19696,제주,2005-06-04,한,수,,54,김영래,강태민,228
19697,제주,2005-06-04,한,수,,55,장성종,천창수,281
19698,제주,2005-06-04,한,수,,52,박병진,문영준,272
19699,제주,2005-06-04,한,수,,52,김한철,유원택,268
19700,제주,2005-06-04,한,암,,53,고성동,이정주,276
19701,제주,2005-06-04,한,암,,56,김영복,김영일,289
19702,제주,2005-06-04,한,암,,55,김성오,이종철,276
19703,제주,2005-06-04,한,암,,51,최기호,정완모,256
19704,제주,2005-06-04,한,암,,55,강대은,강훈표,278
19705,제주,2005-06-04,한,암,,50,김한철,김용수,239
19706,제주,2005-06-04,한,수,,55,김한철,강춘시,266
19707,제주,2005-06-04,한,암,,53,윤덕상,강기숙,292
19708,제주,2005-06-04,한,암,,55,한상배,송방원,238
19709,제주,2005-06-04,한,암,,51,장성종,임태윤,286
19710,제주,2005-06-04,한,암,,51,박병진,김한진,278
19711,제주,2005-06-04,한,암,,56,정성훈,임관호,305
19712,제주,2005-06-04,한,암,,55,임용찬,송방원,301
19713,제주,2005-06-04,한,암,,53,장성종,강학민,273
19714,제주,2005-06-05,한,수,,54,강대은,고임계,246
19715,제주,2005-06-05,한,수,,54,김영래,강태민,225
19716,제주,2005-06-05,한,수,,54,백인호,안석호,297
19717,제주,2005-06-05,한,수,,54,고성동,이정주,275
19718,제주,2005-06-05,한,수,,55,최기호,강남환,282
19719,제주,2005-06-05,한,수,,55,신경호,김경남,270
19720,제주,2005-06-05,한,수,,55,변용호,김산현,261
19721,제주,2005-06-05,한,수,,59,정성훈,강남환,324
19722,제주,2005-06-05,한,수,,53,좌윤철,김영일,301
19723,제주,2005-06-05,한,수,,55,윤덕상,안석호,299
19724,제주,2005-06-05,한,수,,55,김영복,조창규,275
19725,제주,2005-06-05,한,수,,54,김영복,오기봉,282
19726,제주,2005-06-05,한,수,,55,김영래,김종식,248
19727,제주,2005-06-05,한,수,,55,박병진,김인태,276
19728,제주,2005-06-05,한,암,,53,김성오,고하구,258
19729,제주,2005-06-05,한,암,,54,정성훈,고영조,319
19730,제주,2005-06-05,한,암,,82,임용찬,고경현,332
19731,제주,2005-06-05,한,수,,54,김한철,송방원,262
19732,제주,2005-06-05,한,수,,50,임용찬,임태윤,279
19733,제주,2005-06-05,한,수,,53.5,윤덕상,고승명,263
19734,제주,2005-06-05,한,암,,53,강대은,강길홍,266
19735,제주,2005-06-05,한,수,,55,한상배,임관호,271
19736,제주,2005-06-05,한,수,,55,김영래,송승준,290
19737,제주,2005-06-05,한,암,,53,고성동,고한구,263
19738,제주,2005-06-05,한,암,,53,좌윤철,고한구,281
19739,제주,2005-06-05,한,암,,54,김성오,강성호,309
19740,제주,2005-06-05,한,암,,55,고영덕,변창순,286
19741,제주,2005-06-05,한,암,,54,좌윤철,김홍진,324
19742,제주,2005-06-05,한,암,,55,임용찬,김경림,279
19743,제주,2005-06-05,한,암,,53,변용호,장철환,234
19744,제주,2005-06-05,한,암,,54,정성훈,김용해,290
19745,제주,2005-06-05,한,수,,51,김한철,고영조,297
19746,제주,2005-06-05,한,수,,51,정성훈,김용해,286
19747,제주,2005-06-05,한,수,,55,김성오,강춘기,319
19748,제주,2005-06-05,한,수,,55,변용호,김산현,314
19749,제주,2005-06-05,한,수,,54,김한철,송방원,266
19750,제주,2005-06-05,한,수,,55,변용호,박경식,309
19751,제주,2005-06-05,한,수,,54,장성종,장두일,240
19752,제주,2005-06-05,한,수,,55,정성훈,강남환,310
19753,제주,2005-06-05,한,암,,54,박병진,변공민,305
19754,제주,2005-06-05,한,거,,55,고성동,정완모,277
19755,제주,2005-06-05,한,암,,54,장성종,송정웅,292
19756,제주,2005-06-05,한,암,,58,고영덕,김홍협,285
19757,제주,2005-06-05,한,수,,54.5,장성종,임상관,309
19758,제주,2005-06-05,한,수,,54,임용찬,송방원,340
19759,제주,2005-06-05,한,수,,54,변용호,양동우,320
19760,제주,2005-06-05,한,수,,54,김영복,강기숙,252
19761,제주,2005-06-05,한,수,,55,박병진,임태윤,290
19762,제주,2005-06-05,한,수,,53,김영복,임승주,323
19763,제주,2005-06-05,한,수,,58,김영복,김태옥,299
19764,제주,2005-06-05,한,수,,55,장성종,정동진,322
19765,제주,2005-06-05,한,수,,55,김성오,변공민,289
19766,제주,2005-06-05,한,수,,54,한상배,송방원,270
19767,제주,2005-06-05,한,수,,55,신경호,고하구,297
19768,제주,2005-06-05,한,수,,55,윤덕상,고승명,250
19769,제주,2005-06-05,한,수,,52,좌윤철,강진일,272
19770,제주,2005-06-05,한,수,,54,신경호,한태국,0
19771,제주,2005-06-05,한,암,,55,최기호,장성수,296
19772,제주,2005-06-05,한,수,,54,고영덕,오춘광,246
19773,제주,2005-06-05,한,암,,53,좌윤철,김정봉,254
19774,제주,2005-06-05,한,암,,54,임용찬,이종철,290
19775,제주,2005-06-05,한,암,,54,고성동,이정주,316
19776,제주,2005-06-05,한,암,,51,임용찬,문영준,295
19777,제주,2005-06-05,한,암,,53,백인호,이창훈,227
19778,제주,2005-06-05,한,암,,53,신경호,차연옥,223
19779,제주,2005-06-05,한,암,,51,좌윤철,김정봉,322
19780,제주,2005-06-05,한,암,,54,박병진,송정웅,248
19781,제주,2005-06-05,한,암,,53,고성동,한성택,236
19782,제주,2005-06-05,한,암,,53,김한철,박칠성,268
19783,제주,2005-06-05,한,암,,53,한상배,유상호,0
19784,제주,2005-06-05,한,암,,54,고성동,미듬종합,300
19785,제주,2005-06-05,한,암,,51,임용찬,고하구,302
19786,제주,2005-06-05,한,암,,56,김한철,김용수,239
19787,제주,2005-06-05,한,암,,52.5,신경호,차연옥,263
19788,제주,2005-06-05,한,암,,51,최기호,강현수,251
19789,제주,2005-06-05,한,암,,54,백인호,이창훈,271
19790,제주,2005-06-05,한,암,,53,고영덕,강성호,245
19791,제주,2005-06-05,한,암,,54,윤덕상,양동우,299
19792,제주,2005-06-05,한,암,,54,백인호,강상길,271
19793,제주,2005-06-05,한,암,,54,강대은,정이남,275
19794,제주,2005-06-05,한,암,,53.5,강대은,정춘조,258
19795,제주,2005-06-11,한,수,,51,윤덕상,강춘기,314
19796,제주,2005-06-11,한,수,,55,고성동,이정주,304
19797,제주,2005-06-11,한,암,,54,김성오,강춘기,271
19798,제주,2005-06-11,한,암,,55,고영덕,변창순,262
19799,제주,2005-06-11,한,수,,55,박병진,강길홍,258
19800,제주,2005-06-11,한,수,,55,좌윤철,이종철,307
19801,제주,2005-06-11,한,수,,55,좌윤철,한태국,258
19802,제주,2005-06-11,한,수,,53,고성동,고승명,251
19803,제주,2005-06-11,한,수,,52,좌윤철,김영,280
19804,제주,2005-06-11,한,수,,55,김영복,허영철,303
19805,제주,2005-06-11,한,수,,53,윤덕상,강도배,264
19806,제주,2005-06-11,한,암,,53,고영덕,강춘시,275
19807,제주,2005-06-11,한,암,,52,한상배,강상길,203
19808,제주,2005-06-11,한,암,,54,신경호,임태윤,289
19809,제주,2005-06-11,한,수,,54,김영복,김태옥,244
19810,제주,2005-06-11,한,수,,54,강대은,고임계,247
19811,제주,2005-06-11,한,암,,54,장성종,양도봉,271
19812,제주,2005-06-11,한,암,,51,변용호,현구연,284
19813,제주,2005-06-11,한,암,,53,김한철,차청일,227
19814,제주,2005-06-11,한,암,,53,한상배,김경남,257
19815,제주,2005-06-11,한,암,,54,윤덕상,김영일,228
19816,제주,2005-06-11,한,암,,53,변용호,장철환,231
19817,제주,2005-06-11,한,암,,53,김성오,한성택,292
19818,제주,2005-06-11,한,암,,54,박병진,부용철,285
19819,제주,2005-06-11,한,암,,53,좌윤철,김정봉,258
19820,제주,2005-06-11,한,암,,54,고영덕,송정웅,270
19821,제주,2005-06-11,한,암,,52,변용호,김홍협,299
19822,제주,2005-06-11,한,암,,54,김성오,김동후,273
19823,제주,2005-06-11,한,암,,53,좌윤철,김용래,216
19824,제주,2005-06-11,한,암,,53,고성동,미듬종합,248
19825,제주,2005-06-11,한,암,,54,한상배,김창식,283
19826,제주,2005-06-11,한,암,,53,변용호,오기봉,232
19827,제주,2005-06-11,한,암,,53,고영덕,강성호,298
19828,제주,2005-06-11,한,암,,53,김성오,고하구,254
19829,제주,2005-06-11,한,암,,61,김영래,강태민,294
19830,제주,2005-06-11,한,암,,53,김성오,강춘기,247
19831,제주,2005-06-11,한,암,,54,윤덕상,이종철,275
19832,제주,2005-06-11,한,암,,51,윤덕상,강홍민,301
19833,제주,2005-06-11,한,암,,54,박병진,전건영,262
19834,제주,2005-06-11,한,암,,53,김영래,김창만,209
19835,제주,2005-06-11,한,암,,51,최기호,오춘학,297
19836,제주,2005-06-11,한,암,,53,김영복,이원길,266
19837,제주,2005-06-11,한,암,,50,김한철,고영조,0
19838,제주,2005-06-11,한,암,,54,강대은,현구연,284
19839,제주,2005-06-11,한,암,,54,김성오,강성호,303
19840,제주,2005-06-11,한,암,,54,변용호,현상춘,282
19841,제주,2005-06-11,한,암,,54,좌윤철,김정봉,289
19842,제주,2005-06-11,한,암,,54,강대은,이종철,284
19843,제주,2005-06-11,한,수,,53,변용호,조태만,254
19844,제주,2005-06-11,한,수,,54,정성훈,임관호,288
19845,제주,2005-06-11,한,수,,55,고영덕,진창배,286
19846,제주,2005-06-11,한,암,,53,고성동,고승명,251
19847,제주,2005-06-11,한,암,,53,한상배,유상호,256
19848,제주,2005-06-11,한,암,,53,백인호,이창훈,235
19849,제주,2005-06-11,한,암,,55,김성오,이종철,276
19850,제주,2005-06-11,한,수,,55,김영래,김보준,296
19851,제주,2005-06-11,한,수,,55,김영래,김종현,287
19852,제주,2005-06-11,한,수,,55,김영래,강태민,297
19853,제주,2005-06-11,한,수,,55,김성오,강춘기,317
19854,제주,2005-06-11,한,수,,54,백인호,고임계,322
19855,제주,2005-06-11,한,수,,54,신경호,김국현,286
19856,제주,2005-06-11,한,수,,55,김영래,김창만,284
19857,제주,2005-06-11,한,수,,55,정성훈,김용해,283
19858,제주,2005-06-11,한,수,,55,강대은,허영철,280
19859,제주,2005-06-11,한,수,,51,한상배,오춘광,297
19860,제주,2005-06-11,한,수,,54,강대은,한태국,240
19861,제주,2005-06-11,한,수,,55,장성종,송정웅,257
19862,제주,2005-06-11,한,수,,54,김영복,오기봉,275
19863,제주,2005-06-11,한,수,,54,최기호,조창규,257
19864,제주,2005-06-11,한,수,,54,백인호,안석호,282
19865,제주,2005-06-11,한,수,,54,김한철,송방원,265
19866,제주,2005-06-11,한,수,,55,임용찬,신승오,235
19867,제주,2005-06-11,한,수,,54,정성훈,조태만,249
19868,제주,2005-06-12,한,암,,54,박병진,김한진,287
19869,제주,2005-06-12,한,암,,54,김영래,김종식,292
19870,제주,2005-06-12,한,암,,55,고영덕,고상윤,269
19871,제주,2005-06-12,한,암,,54,한상배,김창준,296
19872,제주,2005-06-12,한,암,,54,좌윤철,강인선,264
19873,제주,2005-06-12,한,암,,52,고영덕,강상우,314
19874,제주,2005-06-12,한,수,,55,임용찬,신승오,256
19875,제주,2005-06-12,한,수,,50,김한철,강춘시,262
19876,제주,2005-06-12,한,수,,55,좌윤철,장두일,296
19877,제주,2005-06-12,한,수,,55,장성종,정동진,321
19878,제주,2005-06-12,한,암,,54,김영래,강태민,290
19879,제주,2005-06-12,한,암,,50,김한철,박칠성,261
19880,제주,2005-06-12,한,암,,54,정성훈,부오현,302
19881,제주,2005-06-12,한,암,,50,임용찬,신승오,234
19882,제주,2005-06-12,한,암,,51,윤덕상,양동우,299
19883,제주,2005-06-12,한,암,,51,한상배,오춘학,280
19884,제주,2005-06-12,한,암,,54,고성동,고승명,275
19885,제주,2005-06-12,한,암,,55,고영덕,고상윤,257
19886,제주,2005-06-12,한,암,,53,김영복,오춘광,253
19887,제주,2005-06-12,한,암,,54,임용찬,신승오,291
19888,제주,2005-06-12,한,암,,54,강대은,오춘광,309
19889,제주,2005-06-12,한,암,,53,고영덕,변창순,304
19890,제주,2005-06-12,한,암,,55.5,신경호,한태국,278
19891,제주,2005-06-12,한,암,,54,최기호,오춘학,271
19892,제주,2005-06-12,한,암,,54,장성종,고임계,308
19893,제주,2005-06-12,한,암,,54,한상배,조종호,223
19894,제주,2005-06-12,한,암,,54,변용호,이형준,294
19895,제주,2005-06-12,한,암,,54,변용호,김경남,295
19896,제주,2005-06-12,한,암,,53,변용호,차청일,285
19897,제주,2005-06-12,한,암,,58,강대은,윤태현,255
19898,제주,2005-06-12,한,암,,54,김영래,송정웅,282
19899,제주,2005-06-12,한,암,,50,윤덕상,양동우,271
19900,제주,2005-06-12,한,암,,58.5,정성훈,김용해,316
19901,제주,2005-06-12,한,암,,56,고성동,고상운,233
19902,제주,2005-06-12,한,수,,55,최기호,정완모,275
19903,제주,2005-06-12,한,거,,52,정성훈,김용해,313
19904,제주,2005-06-12,한,거,,55,김성오,김예근,253
19905,제주,2005-06-12,한,암,,53,백인호,김보준,254
19906,제주,2005-06-12,한,암,,55,윤덕상,박영춘,291
19907,제주,2005-06-12,한,암,,53,변용호,장철환,228
19908,제주,2005-06-12,한,암,,61,좌윤철,강인선,262
19909,제주,2005-06-12,한,수,,55,신경호,한태국,314
19910,제주,2005-06-12,한,수,,50,임용찬,문영준,290
19911,제주,2005-06-12,한,수,,52.5,고영덕,강성호,251
19912,제주,2005-06-12,한,수,,55,임용찬,박영춘,301
19913,제주,2005-06-12,한,수,,57,임용찬,신승오,296
19914,제주,2005-06-12,한,수,,56,변용호,장철환,287
19915,제주,2005-06-12,한,수,,55,윤덕상,김영일,288
19916,제주,2005-06-12,한,수,,55,고영덕,변창순,274
19917,제주,2005-06-12,한,수,,56,정성훈,김태옥,303
19918,제주,2005-06-12,한,수,,55,김영래,최기돈,272
19919,제주,2005-06-12,한,수,,55,고성동,이정주,300
19920,제주,2005-06-12,한,수,,53.5,김성오,고하구,254
19921,제주,2005-06-12,한,수,,53.5,신경호,한태국,270
19922,제주,2005-06-12,한,수,,51,윤덕상,현상춘,267
19923,제주,2005-06-12,한,수,,54,정성훈,강남환,250
19924,제주,2005-06-12,한,수,,54,박병진,김태옥,269
19925,제주,2005-06-12,한,수,,55,한상배,김종현,311
19926,제주,2005-06-12,한,수,,53,장성종,이종철,278
19927,제주,2005-06-12,한,수,,54,김성오,임상관,253
19928,제주,2005-06-12,한,수,,55,김영복,현상춘,290
19929,제주,2005-06-12,한,수,,54.5,김영래,강태민,242
19930,제주,2005-06-12,한,수,,54,김영래,강태민,231
19931,제주,2005-06-12,한,수,,53,김영복,임승주,322
19932,제주,2005-06-12,한,수,,54,김영복,강학민,291
19933,제주,2005-06-12,한,수,,55,신경호,고정홍,295
19934,제주,2005-06-12,한,수,,51,신경호,박칠성,271
19935,제주,2005-06-12,한,수,,54,김성오,임상관,278
19936,제주,2005-06-12,한,수,,54,임용찬,강홍민,314
19937,제주,2005-06-12,한,수,,55,좌윤철,김정봉,297
19938,제주,2005-06-12,한,암,,55,고성동,조종호,281
19939,제주,2005-06-12,한,암,,51,좌윤철,김정봉,314
19940,제주,2005-06-12,한,암,,51,박병진,송정웅,246
19941,제주,2005-06-12,한,수,,52,박병진,임태윤,288
19942,제주,2005-06-12,한,수,,56,장성종,고임계,246
19943,제주,2005-06-12,한,수,,54,신경호,송승준,260
19944,제주,2005-06-12,한,수,,56,장성종,박칠성,279
19945,제주,2005-06-12,한,수,,55,최기호,조창규,231
19946,제주,2005-06-12,한,수,,55,김성오,변공민,281
19947,제주,2005-06-18,한,수,,55,한상배,부용식,282
19948,제주,2005-06-18,한,수,,55,고성동,이정주,309
19949,제주,2005-06-18,한,수,,52,임용찬,문영준,290
19950,제주,2005-06-18,한,수,,52,윤덕상,안석호,303
19951,제주,2005-06-18,한,수,,55,신경호,김경남,270
19952,제주,2005-06-18,한,수,,52,윤덕상,고승명,229
19953,제주,2005-06-18,한,수,,55,김영래,강태민,294
19954,제주,2005-06-18,한,수,,55,김성오,박경후,301
19955,제주,2005-06-18,한,수,,55,김영복,조창규,273
19956,제주,2005-06-18,한,수,,52,좌윤철,강진일,274
19957,제주,2005-06-18,한,수,,55,장성종,천창수,281
19958,제주,2005-06-18,한,수,,51,김한철,유원택,267
19959,제주,2005-06-18,한,암,,54,강대은,김홍협,311
19960,제주,2005-06-18,한,암,,54,김영래,김종식,287
19961,제주,2005-06-18,한,수,,54,변용호,양동우,322
19962,제주,2005-06-18,한,수,,55,박병진,문영준,277
19963,제주,2005-06-18,한,암,,51,한상배,이형준,230
19964,제주,2005-06-18,한,암,,53,고영덕,강춘시,275
19965,제주,2005-06-18,한,암,,54,정성훈,부오현,303
19966,제주,2005-06-18,한,암,,54,고성동,이정주,261
19967,제주,2005-06-18,한,암,,51,좌윤철,강인선,303
19968,제주,2005-06-18,한,암,,65,김영래,강태민,287
19969,제주,2005-06-18,한,암,,54,박병진,부용철,287
19970,제주,2005-06-18,한,암,,52,변용호,김무현,276
19971,제주,2005-06-18,한,암,,54,박병진,고경현,267
19972,제주,2005-06-18,한,암,,50,좌윤철,박영춘,316
19973,제주,2005-06-18,한,수,,53,백인호,조창규,287
19974,제주,2005-06-18,한,수,,55,변용호,김산현,308
19975,제주,2005-06-18,한,수,,54,윤덕상,양동우,253
19976,제주,2005-06-18,한,수,,55,박병진,문영준,262
19977,제주,2005-06-18,한,수,,55,김영래,최기돈,271
19978,제주,2005-06-18,한,수,,51,정성훈,강남환,246
19979,제주,2005-06-18,한,수,,54,강대은,한태국,244
19980,제주,2005-06-18,한,암,,53,고성동,이정주,286
19981,제주,2005-06-18,한,암,,54,백인호,강상길,271
19982,제주,2005-06-18,한,수,,54.5,신경호,고하구,302
19983,제주,2005-06-18,한,수,,55,김영래,김창만,280
19984,제주,2005-06-18,한,수,,53,최기호,김인태,288
19985,제주,2005-06-18,한,수,,53,고성동,김순녀,274
19986,제주,2005-06-18,한,수,,55,신경호,이원길,314
19987,제주,2005-06-18,한,수,,54,강대은,고홍휴,260
19988,제주,2005-06-18,한,수,,52,김영복,현상춘,285
19989,제주,2005-06-18,한,수,,52,김성오,강성호,259
19990,제주,2005-06-18,한,수,,54,고영덕,고상윤,278
19991,제주,2005-06-18,한,수,,54,변용호,장두일,278
19992,제주,2005-06-18,한,수,,55,김영래,김종현,284
19993,제주,2005-06-18,한,수,,55,박병진,김용수,305
19994,제주,2005-06-18,한,수,,50,김영복,김태옥,253
19995,제주,2005-06-18,한,수,,50,임용찬,천창수,223
19996,제주,2005-06-18,한,암,,50,장성종,강도배,264
19997,제주,2005-06-18,한,수,,55,좌윤철,이창훈,283
19998,제주,2005-06-18,한,수,,52,김영래,진창배,241
19999,제주,2005-06-18,한,수,,55,좌윤철,김홍진,291
20000,제주,2005-06-18,한,수,,52,박병진,강길홍,261
20001,제주,2005-06-18,한,수,,57,정성훈,고임계,309
20002,제주,2005-06-18,한,암,,51,김한철,고영조,274
20003,제주,2005-06-18,한,암,,54,좌윤철,김정봉,281
20004,제주,2005-06-18,한,수,,55,박병진,김영일,279
20005,제주,2005-06-18,한,암,,53,윤덕상,강기숙,297
20006,제주,2005-06-18,한,암,,54,백인호,이창훈,269
20007,제주,2005-06-18,한,암,,54,강대은,김홍진,285
20008,제주,2005-06-18,한,암,,54,백인호,이태보,283
20009,제주,2005-06-18,한,암,,54,좌윤철,김홍진,319
20010,제주,2005-06-18,한,암,,53,백인호,변공민,262
20011,제주,2005-06-18,한,암,,55,백인호,양동우,299
20012,제주,2005-06-18,한,암,,53,최기호,김인태,296
20013,제주,2005-06-18,한,암,,53,좌윤철,허영철,267
20014,제주,2005-06-18,한,암,,53,고성동,고한구,268
20015,제주,2005-06-18,한,암,,54,신경호,고성남,283
20016,제주,2005-06-18,한,암,,51,임용찬,이종철,286
20017,제주,2005-06-18,한,암,,57,정성훈,임관호,308
20018,제주,2005-06-18,한,암,,51,김한철,김영일,272
20019,제주,2005-06-18,한,암,,54,장성종,현상춘,295
20020,제주,2005-06-18,한,암,,55.5,고성동,이정주,297
20021,제주,2005-06-18,한,암,,54,정성훈,김용해,294
20022,제주,2005-06-18,한,암,,54,김영래,김종식,291
20023,제주,2005-06-18,한,암,,53,한상배,김창식,246
20024,제주,2005-06-18,한,암,,53,임용찬,강홍민,257
20025,제주,2005-06-18,한,암,,53,김성오,강춘기,244
20026,제주,2005-06-18,한,암,,54,장성종,임태윤,289
20027,제주,2005-06-18,한,암,,54,한상배,조종호,218
20028,제주,2005-06-18,한,암,,52,윤덕상,강춘시,320
20029,제주,2005-06-18,한,암,,54,고성동,이정주,312
20030,제주,2005-06-18,한,암,,54,정성훈,고영조,316
20031,제주,2005-06-18,한,암,,53,장성종,강학민,277
20032,제주,2005-06-19,한,암,,54,임용찬,신승오,306
20033,제주,2005-06-19,한,암,,54,김영래,강태민,289
20034,제주,2005-06-19,한,암,,54,고성동,김홍진,275
20035,제주,2005-06-19,한,암,,51,신경호,고영조,257
20036,제주,2005-06-19,한,암,,54,김영래,강태민,285
20037,제주,2005-06-19,한,암,,54,김영복,강학민,295
20038,제주,2005-06-19,한,암,,54,장성종,고임계,303
20039,제주,2005-06-19,한,암,,52,변용호,김홍협,300
20040,제주,2005-06-19,한,암,,51,좌윤철,김홍진,322
20041,제주,2005-06-19,한,암,,55,최기호,장성수,294
20042,제주,2005-06-19,한,암,,54,윤덕상,양도봉,282
20043,제주,2005-06-19,한,암,,48,좌윤철,김정봉,255
20044,제주,2005-06-19,한,암,,51,변용호,김경남,294
20045,제주,2005-06-19,한,암,,50,김한철,김용수,240
20046,제주,2005-06-19,한,암,,81.5,임용찬,고경현,332
20047,제주,2005-06-19,한,암,,55,고영덕,변창순,283
20048,제주,2005-06-19,한,암,,51,윤덕상,안석호,248
20049,제주,2005-06-19,한,암,,54,변용호,진영진,293
20050,제주,2005-06-19,한,수,,52,김한철,고영조,294
20051,제주,2005-06-19,한,수,,54,한상배,임관호,262
20052,제주,2005-06-19,한,수,,55,신경호,송승준,278
20053,제주,2005-06-19,한,수,,54,백인호,고임계,322
20054,제주,2005-06-19,한,수,,51,좌윤철,김용래,300
20055,제주,2005-06-19,한,수,,54,김영래,강태민,232
20056,제주,2005-06-19,한,수,,55,윤덕상,고하구,297
20057,제주,2005-06-19,한,수,,54,강대은,미듬종합,274
20058,제주,2005-06-19,한,수,,55,백인호,이태보,269
20059,제주,2005-06-19,한,수,,55,김영래,김종현,312
20060,제주,2005-06-19,한,수,,57.5,정성훈,김용해,314
20061,제주,2005-06-19,한,수,,55,한상배,임관호,272
20062,제주,2005-06-19,한,수,,55,김영래,전건영,309
20063,제주,2005-06-19,한,수,,55,변용호,박경식,310
20064,제주,2005-06-19,한,수,,57.5,윤덕상,현상춘,309
20065,제주,2005-06-19,한,수,,55,김영복,차연옥,301
20066,제주,2005-06-19,한,수,,50,임용찬,임태윤,278
20067,제주,2005-06-19,한,암,,51,임용찬,문영준,264
20068,제주,2005-06-19,한,암,,53,좌윤철,김정봉,258
20069,제주,2005-06-19,한,암,,54,장성종,송정웅,285
20070,제주,2005-06-19,한,수,,55,고성동,차청일,289
20071,제주,2005-06-19,한,수,,55,김한철,강홍민,242
20072,제주,2005-06-19,한,수,,51,김영복,강기숙,257
20073,제주,2005-06-19,한,암,,53,장성종,천창수,0
20074,제주,2005-06-19,한,암,,54,박병진,변공민,301
20075,제주,2005-06-19,한,암,,54,고성동,미듬종합,307
20076,제주,2005-06-19,한,암,,55,좌윤철,강인선,307
20077,제주,2005-06-19,한,암,,54.5,박병진,김한진,286
20078,제주,2005-06-19,한,암,,54,최기호,정완모,257
20079,제주,2005-06-19,한,암,,55,고영덕,변창순,261
20080,제주,2005-06-19,한,암,,54,박병진,김종현,288
20081,제주,2005-06-19,한,암,,50,한상배,유상호,260
20082,제주,2005-06-19,한,암,,54,백인호,이창훈,265
20083,제주,2005-06-19,한,암,,54,좌윤철,김정봉,294
20084,제주,2005-06-19,한,암,,53,변용호,강상우,270
20085,제주,2005-06-19,한,암,,50,강대은,김홍협,223
20086,제주,2005-06-19,한,암,,54,박병진,송정웅,298
20087,제주,2005-06-19,한,암,,51,백인호,신종창,300
20088,제주,2005-06-19,한,암,,54,정성훈,부오현,286
20089,제주,2005-06-19,한,암,,58.5,고영덕,김홍협,284
20090,제주,2005-06-19,한,암,,52.5,신경호,차연옥,268
20091,제주,2005-06-19,한,암,,53,고영덕,변창순,323
20092,제주,2005-06-19,한,수,,54,변용호,김산현,264
20093,제주,2005-06-19,한,거,,52,정성훈,김용해,311
20094,제주,2005-06-19,한,거,,55,고성동,정완모,284
20095,제주,2005-06-19,한,암,,54,백인호,양동우,284
20096,제주,2005-06-19,한,암,,51,임용찬,고하구,309
20097,제주,2005-06-19,한,암,,54,한상배,오춘학,276
20098,제주,2005-06-19,한,수,,56,장성종,임상관,312
20099,제주,2005-06-19,한,수,,54,박병진,조동식,274
20100,제주,2005-06-19,한,수,,51,한상배,오춘광,291
20101,제주,2005-06-19,한,수,,54,신경호,한태국,286
20102,제주,2005-06-19,한,수,,55,신경호,오기봉,286
20103,제주,2005-06-19,한,수,,54,한상배,송방원,272
20104,제주,2005-06-19,한,암,,52,좌윤철,고한구,283
20105,제주,2005-06-19,한,암,,57,김한철,김용수,236
20106,제주,2005-06-19,한,수,,55,한상배,차청일,286
20107,제주,2005-06-19,한,수,,54,박병진,김인태,275
20108,제주,2005-06-19,한,수,,54,임용찬,강홍민,312
20109,제주,2005-06-19,한,암,,51,박병진,김한진,282
20110,제주,2005-06-19,한,거,,57,고영덕,진창배,350
20111,제주,2005-06-19,한,수,,55,장성종,천창수,322
20112,제주,2005-06-19,한,암,,54,강대은,정이남,282
20113,제주,2005-06-19,한,암,,54,최기호,강현수,252
20114,제주,2005-06-25,한,암,,53,고성동,이정주,278
20115,제주,2005-06-25,한,암,,51,변용호,이형준,297
20116,제주,2005-06-25,한,암,,54,박병진,전건영,267
20117,제주,2005-06-25,한,암,,55,윤덕상,강춘시,320
20118,제주,2005-06-25,한,암,,54,변용호,차청일,318
20119,제주,2005-06-25,한,암,,54,윤덕상,김영일,228
20120,제주,2005-06-25,한,암,,53,윤덕상,양동우,241
20121,제주,2005-06-25,한,암,,54,좌윤철,이용대,256
20122,제주,2005-06-25,한,암,,53,최기호,김인태,289
20123,제주,2005-06-25,한,암,,55.5,김한철,김용수,253
20124,제주,2005-06-25,한,암,,51,한상배,강상길,199
20125,제주,2005-06-25,한,암,,54,신경호,고성남,283
20126,제주,2005-06-25,한,암,,54,좌윤철,김정봉,284
20127,제주,2005-06-25,한,암,,54,최기호,오춘학,276
20128,제주,2005-06-25,한,암,,55,고영덕,고상윤,273
20129,제주,2005-06-25,한,암,,54,임용찬,고하구,305
20130,제주,2005-06-25,한,암,,55,임용찬,문영준,294
20131,제주,2005-06-25,한,암,,54,임용찬,신승오,295
20132,제주,2005-06-25,한,암,,53.5,김성오,이종철,276
20133,제주,2005-06-25,한,암,,54,장성종,박칠성,253
20134,제주,2005-06-25,한,수,,54,임용찬,박영춘,268
20135,제주,2005-06-25,한,수,,55,최기호,정완모,276
20136,제주,2005-06-25,한,수,,54,고영덕,고상윤,278
20137,제주,2005-06-25,한,수,,54,한상배,오기봉,253
20138,제주,2005-06-25,한,수,,55,신경호,한태국,317
20139,제주,2005-06-25,한,수,,55,김성오,변공민,276
20140,제주,2005-06-25,한,수,,56.5,장성종,김흥보,319
20141,제주,2005-06-25,한,수,,53.5,윤덕상,강도배,268
20142,제주,2005-06-25,한,수,,55,백인호,이태보,265
20143,제주,2005-06-25,한,수,,54,신경호,김국현,288
20144,제주,2005-06-25,한,수,,50,김한철,유원택,267
20145,제주,2005-06-25,한,수,,55,박병진,문영준,266
20146,제주,2005-06-25,한,수,,53.5,변용호,조태만,253
20147,제주,2005-06-25,한,수,,56.5,임용찬,신승오,291
20148,제주,2005-06-25,한,수,,56.5,정성훈,부오현,300
20149,제주,2005-06-25,한,암,,53,고성동,미듬종합,249
20150,제주,2005-06-25,한,암,,55,신경호,한태국,278
20151,제주,2005-06-25,한,암,,54.5,최기호,정완모,276
20152,제주,2005-06-25,한,암,,54,김성오,강춘기,278
20153,제주,2005-06-25,한,암,,50,한상배,유상호,275
20154,제주,2005-06-25,한,암,,53,고성동,한성택,242
20155,제주,2005-06-25,한,암,,54,백인호,이창훈,266
20156,제주,2005-06-25,한,암,,51,윤덕상,강홍민,307
20157,제주,2005-06-25,한,암,,54,김영래,강태민,270
20158,제주,2005-06-25,한,암,,53,김영래,김창만,213
20159,제주,2005-06-25,한,암,,51,한상배,이형준,228
20160,제주,2005-06-25,한,암,,51,윤덕상,양동우,298
20161,제주,2005-06-25,한,암,,53,장성종,박칠성,277
20162,제주,2005-06-25,한,암,,53,김영복,오춘광,268
20163,제주,2005-06-25,한,수,,54,김한철,김용수,262
20164,제주,2005-06-25,한,수,,55,고영덕,진창배,288
20165,제주,2005-06-25,한,암,,53,강대은,강길홍,274
20166,제주,2005-06-25,한,암,,54,임용찬,이종철,287
20167,제주,2005-06-25,한,암,,55,정성훈,김용해,286
20168,제주,2005-06-25,한,암,,54,좌윤철,강인선,265
20169,제주,2005-06-25,한,수,,54,정성훈,김용해,282
20170,제주,2005-06-25,한,수,,55,김영래,강상우,298
20171,제주,2005-06-25,한,수,,54,김한철,김국현,261
20172,제주,2005-06-25,한,수,,56,장성종,박칠성,274
20173,제주,2005-06-25,한,수,,55,김영래,김종식,255
20174,제주,2005-06-25,한,수,,54,윤덕상,현상춘,263
20175,제주,2005-06-25,한,수,,55,변용호,박경식,307
20176,제주,2005-06-25,한,수,,52,좌윤철,김영,283
20177,제주,2005-06-25,한,수,,54,장성종,장두일,243
20178,제주,2005-06-25,한,수,,54,좌윤철,김용래,302
20179,제주,2005-06-25,한,수,,55,윤덕상,고승명,258
20180,제주,2005-06-25,한,수,,52,김성오,강성호,258
20181,제주,2005-06-25,한,암,,53,장성종,강도배,263
20182,제주,2005-06-25,한,암,,54,박병진,양방철,245
20183,제주,2005-06-25,한,수,,53,고성동,고승명,256
20184,제주,2005-06-25,한,수,,52,윤덕상,안석호,303
20185,제주,2005-06-25,한,수,,54,고영덕,강성호,249
20186,제주,2005-06-25,한,수,,56,정성훈,고임계,311
20187,제주,2005-06-25,한,암,,53,좌윤철,김용래,223
20188,제주,2005-06-25,한,암,,53,고영덕,이원길,311
20189,제주,2005-06-25,한,암,,54,장성종,강길홍,303
20190,제주,2005-06-25,한,암,,54,정성훈,김태옥,289
20191,제주,2005-06-25,한,암,,53,백인호,신종창,251
20192,제주,2005-06-25,한,암,,54,강대은,오춘광,311
20193,제주,2005-06-25,한,암,,53,백인호,변공민,257
20194,제주,2005-06-25,한,암,,52,최기호,조창규,0
20195,제주,2005-06-25,한,암,,53,신경호,차연옥,239
20196,제주,2005-06-25,한,암,,54,좌윤철,김정봉,317
20197,제주,2005-06-25,한,암,,54,백인호,강상길,272
20198,제주,2005-06-26,한,수,,55,김성오,강춘기,320
20199,제주,2005-06-26,한,수,,55,박병진,문영준,260
20200,제주,2005-06-26,한,수,,55,고성동,차청일,290
20201,제주,2005-06-26,한,수,,54,변용호,장철환,261
20202,제주,2005-06-26,한,수,,56,김영복,김덕인,0
20203,제주,2005-06-26,한,수,,55,좌윤철,이종철,313
20204,제주,2005-06-26,한,수,,54,임용찬,송방원,338
20205,제주,2005-06-26,한,수,,55,정성훈,신종창,238
20206,제주,2005-06-26,한,수,,54,고성동,미듬종합,245
20207,제주,2005-06-26,한,수,,56,정성훈,김태옥,302
20208,제주,2005-06-26,한,수,,54,변용호,양동우,320
20209,제주,2005-06-26,한,수,,55,윤덕상,김영일,287
20210,제주,2005-06-26,한,수,,54,김한철,송방원,268
20211,제주,2005-06-26,한,암,,54,강대은,이종철,281
20212,제주,2005-06-26,한,수,,52,박병진,임태윤,286
20213,제주,2005-06-26,한,수,,53,신경호,한태국,273
20214,제주,2005-06-26,한,수,,53,윤덕상,고승명,263
20215,제주,2005-06-26,한,수,,54,김영복,오기봉,281
20216,제주,2005-06-26,한,수,,55,윤덕상,현상춘,306
20217,제주,2005-06-26,한,수,,54.5,정성훈,강남환,314
20218,제주,2005-06-26,한,수,,58,김영복,김태옥,303
20219,제주,2005-06-26,한,수,,54,고영덕,강성호,255
20220,제주,2005-06-26,한,수,,52,김한철,강춘시,263
20221,제주,2005-06-26,한,암,,54,임용찬,문영준,263
20222,제주,2005-06-26,한,암,,55,임용찬,김경림,275
20223,제주,2005-06-26,한,암,,55,고영덕,이원길,295
20224,제주,2005-06-26,한,암,,50,김한철,박칠성,265
20225,제주,2005-06-26,한,암,,50,변용호,차청일,287
20226,제주,2005-06-26,한,암,,54,박병진,송정웅,298
20227,제주,2005-06-26,한,수,,53,김성오,고하구,254
20228,제주,2005-06-26,한,거,,55,김성오,김예근,257
20229,제주,2005-06-26,한,거,,56,박병진,김경남,284
20230,제주,2005-06-26,한,암,,51,박병진,송정웅,251
20231,제주,2005-06-26,한,암,,54,김성오,강성호,305
20232,제주,2005-06-26,한,암,,54,변용호,현구연,283
20233,제주,2005-06-26,한,암,,56,박병진,김인태,304
20234,제주,2005-06-26,한,암,,54,박병진,조동식,273
20235,제주,2005-06-26,한,수,,55,좌윤철,장두일,295
20236,제주,2005-06-26,한,수,,55,김한철,전건영,257
20237,제주,2005-06-26,한,수,,54,임용찬,천창수,254
20238,제주,2005-06-26,한,수,,53.5,좌윤철,김영일,302
20239,제주,2005-06-26,한,수,,54.5,임용찬,신승오,262
20240,제주,2005-06-26,한,수,,55,최기호,조창규,233
20241,제주,2005-06-26,한,수,,55,임용찬,박영춘,299
20242,제주,2005-06-26,한,수,,55,김영래,전건영,304
20243,제주,2005-06-26,한,수,,52,좌윤철,김정봉,292
20244,제주,2005-06-26,한,수,,54.5,장성종,임상관,307
20245,제주,2005-06-26,한,수,,55,김영래,김보준,291
20246,제주,2005-06-26,한,수,,51,윤덕상,강춘기,317
20247,제주,2005-06-26,한,수,,56,장성종,고임계,248
20248,제주,2005-06-26,한,수,,60,정성훈,강남환,325
20249,제주,2005-06-26,한,수,,54.5,김한철,강홍민,247
20250,제주,2005-06-26,한,수,,55,최기호,강남환,279
20251,제주,2005-06-26,한,수,,55,한상배,차청일,286
20252,제주,2005-06-26,한,수,,55,김영래,정완모,295
20253,제주,2005-06-26,한,암,,53,윤덕상,강춘기,275
20254,제주,2005-06-26,한,암,,53,한상배,오기봉,234
20255,제주,2005-06-26,한,암,,61,좌윤철,강인선,260
20256,제주,2005-06-26,한,수,,53,변용호,장철환,285
20257,제주,2005-06-26,한,수,,51.5,장성종,이종철,282
20258,제주,2005-06-26,한,수,,54,고영덕,변창순,259
20259,제주,2005-06-26,한,수,,54,한상배,송방원,272
20260,제주,2005-06-26,한,수,,61,최기호,김인태,309
20261,제주,2005-06-26,한,암,,57.5,강대은,윤태현,257
20262,제주,2005-06-26,한,암,,54,좌윤철,김홍진,334
20263,제주,2005-06-26,한,암,,55,정성훈,부오현,288
20264,제주,2005-06-26,한,암,,55,강대은,강훈표,280
20265,제주,2005-06-26,한,암,,55,최기호,김인태,292
20266,제주,2005-06-26,한,암,,55,한상배,김창준,296
20267,제주,2005-06-26,한,암,,50,윤덕상,양동우,270
20268,제주,2005-06-26,한,암,,53,임용찬,임태윤,282
20269,제주,2005-06-26,한,암,,54,고영덕,송정웅,272
20270,제주,2005-06-26,한,암,,54.5,한상배,송방원,241
20271,제주,2005-06-26,한,암,,54,신경호,임태윤,287
20272,제주,2005-06-26,한,암,,55,장성종,현상춘,298
20273,제주,2005-06-26,한,암,,54,고성동,고상운,237
20274,제주,2005-06-26,한,암,,54,백인호,양동우,282
20275,제주,2005-06-26,한,암,,56,정성훈,임관호,312
20276,제주,2005-06-26,한,암,,54,임용찬,신승오,304
20277,제주,2005-06-26,한,암,,53,변용호,장철환,231
20278,제주,2005-06-26,한,암,,54,김영래,송정웅,278
20279,제주,2005-06-26,한,암,,51,김한철,김영일,268
20280,제주,2005-07-02,한,수,,52,좌윤철,강진일,274
20281,제주,2005-07-02,한,수,,55,변용호,김산현,311
20282,제주,2005-07-02,한,암,,51,좌윤철,강인선,301
20283,제주,2005-07-02,한,암,,51,박병진,송정웅,241
20284,제주,2005-07-02,한,수,,54,고영덕,이정주,256
20285,제주,2005-07-02,한,암,,53,장성종,강학민,275
20286,제주,2005-07-02,한,암,,55,임용찬,김경림,272
20287,제주,2005-07-02,한,수,,55,김성오,박경후,300
20288,제주,2005-07-02,한,암,,53,김한철,장두일,222
20289,제주,2005-07-02,한,암,,52.5,신경호,차연옥,264
20290,제주,2005-07-02,한,암,,54,고성동,김홍진,282
20291,제주,2005-07-02,한,암,,53,김영복,이정주,232
20292,제주,2005-07-02,한,암,,51,윤덕상,안석호,248
20293,제주,2005-07-02,한,암,,51,백인호,이태보,283
20294,제주,2005-07-02,한,암,,51,좌윤철,김홍진,325
20295,제주,2005-07-02,한,암,,50,임용찬,강홍민,263
20296,제주,2005-07-02,한,암,,50,강대은,김홍협,223
20297,제주,2005-07-02,한,암,,54,강대은,김홍진,278
20298,제주,2005-07-02,한,암,,54,좌윤철,김정봉,284
20299,제주,2005-07-02,한,암,,54,좌윤철,김정봉,296
20300,제주,2005-07-02,한,수,,55,김영복,조창규,275
20301,제주,2005-07-02,한,수,,54,김성오,임상관,0
20302,제주,2005-07-02,한,수,,52,좌윤철,김정봉,294
20303,제주,2005-07-02,한,수,,54,김한철,김국현,262
20304,제주,2005-07-02,한,수,,53,김성오,김예근,291
20305,제주,2005-07-02,한,수,,54,김영래,강태민,292
20306,제주,2005-07-02,한,수,,55,김영래,김창만,283
20307,제주,2005-07-02,한,수,,52,윤덕상,고승명,232
20308,제주,2005-07-02,한,수,,54,백인호,고정홍,266
20309,제주,2005-07-02,한,수,,52,최기호,정완모,274
20310,제주,2005-07-02,한,수,,55,김영래,김종식,254
20311,제주,2005-07-02,한,수,,54,백인호,안석호,271
20312,제주,2005-07-02,한,수,,55,신경호,한태국,319
20313,제주,2005-07-02,한,암,,53,고영덕,강춘시,279
20314,제주,2005-07-02,한,수,,54.5,박병진,김인태,273
20315,제주,2005-07-02,한,수,,55,좌윤철,김홍진,291
20316,제주,2005-07-02,한,수,,54,김한철,김용수,268
20317,제주,2005-07-02,한,수,,51,임용찬,천창수,256
20318,제주,2005-07-02,한,수,,54,윤덕상,양동우,257
20319,제주,2005-07-02,한,수,,56,신경호,고하구,298
20320,제주,2005-07-02,한,수,,52,고성동,김순녀,270
20321,제주,2005-07-02,한,수,,54,강대은,고한구,289
20322,제주,2005-07-02,한,수,,55,박병진,김용수,306
20323,제주,2005-07-02,한,수,,54.5,변용호,김산현,260
20324,제주,2005-07-02,한,암,,50,윤덕상,강기숙,297
20325,제주,2005-07-02,한,수,,55,신경호,송승준,280
20326,제주,2005-07-02,한,수,,55,고성동,이정주,304
20327,제주,2005-07-02,한,수,,54,윤덕상,현상춘,259
20328,제주,2005-07-02,한,수,,54,고성동,이정주,280
20329,제주,2005-07-02,한,수,,54,고성동,부용식,272
20330,제주,2005-07-02,한,수,,55,좌윤철,이창훈,288
20331,제주,2005-07-02,한,수,,55,백인호,고임계,328
20332,제주,2005-07-02,한,수,,51,임용찬,문영준,289
20333,제주,2005-07-02,한,수,,54,임용찬,박영춘,241
20334,제주,2005-07-02,한,수,,54,김성오,김예근,261
20335,제주,2005-07-02,한,수,,55,한상배,임관호,272
20336,제주,2005-07-02,한,수,,50,최기호,김인태,282
20337,제주,2005-07-02,한,수,,54,고영덕,변창순,278
20338,제주,2005-07-02,한,수,,54,강대은,고임계,251
20339,제주,2005-07-02,한,암,,54,박병진,고경현,271
20340,제주,2005-07-02,한,암,,53,임용찬,임태윤,274
20341,제주,2005-07-02,한,암,,53,김성오,강성호,238
20342,제주,2005-07-02,한,암,,53,고영덕,강춘시,279
20343,제주,2005-07-02,한,암,,54,한상배,김창식,277
20344,제주,2005-07-02,한,암,,56,고성동,이정주,299
20345,제주,2005-07-02,한,암,,81.5,임용찬,고경현,330
20346,제주,2005-07-02,한,암,,51,최기호,정완모,253
20347,제주,2005-07-02,한,암,,54,장성종,임태윤,291
20348,제주,2005-07-02,한,암,,51,좌윤철,고한구,284
20349,제주,2005-07-02,한,암,,57.5,김한철,김용수,232
20350,제주,2005-07-02,한,암,,53,김한철,고경수,256
20351,제주,2005-07-02,한,암,,50,한상배,조창규,266
20352,제주,2005-07-02,한,암,,55,김영래,김종식,289
20353,제주,2005-07-02,한,암,,53,한상배,김경남,266
20354,제주,2005-07-02,한,암,,54,좌윤철,이용대,260
20355,제주,2005-07-02,한,암,,53,김성오,한성택,279
20356,제주,2005-07-02,한,암,,54,김영복,강학민,294
20357,제주,2005-07-02,한,암,,54,강대은,김홍협,305
20358,제주,2005-07-02,한,암,,53,한상배,김용해,265
20359,제주,2005-07-02,한,암,,54,한상배,김경남,283
20360,제주,2005-07-02,한,암,,59.5,고영덕,김홍협,286
20361,제주,2005-07-02,한,암,,52,김영복,김태옥,292
20362,제주,2005-07-02,한,암,,55,고영덕,변창순,282
20363,제주,2005-07-02,한,수,,52,신경호,김경남,270
20364,제주,2005-07-03,한,수,,55,김영복,허영철,305
20365,제주,2005-07-03,한,수,,54,강대은,양동우,287
20366,제주,2005-07-03,한,수,,55,김성오,강춘기,313
20367,제주,2005-07-03,한,수,,51,윤덕상,강춘기,311
20368,제주,2005-07-03,한,수,,52,신경호,오기봉,287
20369,제주,2005-07-03,한,수,,55,김영복,김덕인,288
20370,제주,2005-07-03,한,수,,53,변용호,조태만,254
20371,제주,2005-07-03,한,수,,55,정성훈,강남환,246
20372,제주,2005-07-03,한,수,,54,고성동,한성택,272
20373,제주,2005-07-03,한,수,,51,김한철,송방원,268
20374,제주,2005-07-03,한,수,,51,임용찬,박영춘,269
20375,제주,2005-07-03,한,수,,56,고성동,고승명,253
20376,제주,2005-07-03,한,수,,52,김영복,현상춘,286
20377,제주,2005-07-03,한,수,,55,장성종,천창수,324
20378,제주,2005-07-03,한,수,,55,김영래,강상우,296
20379,제주,2005-07-03,한,암,,52,최기호,장성수,293
20380,제주,2005-07-03,한,수,,54,강대은,한태국,278
20381,제주,2005-07-03,한,수,,55,윤덕상,고승명,261
20382,제주,2005-07-03,한,수,,53,임용찬,천창수,225
20383,제주,2005-07-03,한,수,,54,김한철,조태만,285
20384,제주,2005-07-03,한,수,,53,윤덕상,강도배,269
20385,제주,2005-07-03,한,수,,53,윤덕상,김영일,286
20386,제주,2005-07-03,한,수,,55,김영래,김종현,283
20387,제주,2005-07-03,한,수,,55,한상배,김종현,313
20388,제주,2005-07-03,한,수,,49,임용찬,임태윤,280
20389,제주,2005-07-03,한,수,,55,윤덕상,강춘시,344
20390,제주,2005-07-03,한,수,,54,김영복,강학민,297
20391,제주,2005-07-03,한,수,,54,고영덕,김홍협,263
20392,제주,2005-07-03,한,수,,55,김영래,김종현,302
20393,제주,2005-07-03,한,거,,53,정성훈,김용해,311
20394,제주,2005-07-03,한,거,,56.5,고영덕,진창배,344
20395,제주,2005-07-03,한,암,,54,장성종,송정웅,282
20396,제주,2005-07-03,한,수,,52.5,김한철,고영조,0
20397,제주,2005-07-03,한,수,,54,박병진,김태옥,276
20398,제주,2005-07-03,한,수,,55,김영복,강학민,298
20399,제주,2005-07-03,한,수,,55,장성종,천창수,284
20400,제주,2005-07-03,한,수,,56.5,정성훈,강남환,312
20401,제주,2005-07-03,한,수,,52,좌윤철,한태국,261
20402,제주,2005-07-03,한,수,,52,박병진,강길홍,261
20403,제주,2005-07-03,한,수,,54,한상배,오기봉,259
20404,제주,2005-07-03,한,수,,55,신경호,고정홍,294
20405,제주,2005-07-03,한,수,,55,김영래,최기돈,272
20406,제주,2005-07-03,한,수,,55,윤덕상,고승명,257
20407,제주,2005-07-03,한,암,,54,변용호,진영진,289
20408,제주,2005-07-03,한,암,,52,변용호,김홍협,299
20409,제주,2005-07-03,한,암,,50,한상배,유상호,265
20410,제주,2005-07-03,한,암,,53,고영덕,변창순,319
20411,제주,2005-07-03,한,암,,54,좌윤철,김홍진,323
20412,제주,2005-07-03,한,암,,54,박병진,부용철,290
20413,제주,2005-07-03,한,암,,54,장성종,고임계,306
20414,제주,2005-07-03,한,암,,54,김영래,강태민,280
20415,제주,2005-07-03,한,암,,54.5,박병진,김한진,281
20416,제주,2005-07-03,한,암,,53,백인호,안석호,262
20417,제주,2005-07-03,한,암,,54,좌윤철,김정봉,314
20418,제주,2005-07-03,한,암,,53,고성동,고한구,273
20419,제주,2005-07-03,한,암,,53,김성오,고하구,256
20420,제주,2005-07-03,한,암,,54,장성종,양도봉,276
20421,제주,2005-07-03,한,암,,51,최기호,강현수,252
20422,제주,2005-07-03,한,암,,54,고성동,이정주,309
20423,제주,2005-07-03,한,암,,54,김영래,강태민,283
20424,제주,2005-07-03,한,암,,54,한상배,오춘학,278
20425,제주,2005-07-03,한,암,,51,변용호,김경남,293
20426,제주,2005-07-03,한,암,,54,장성종,박칠성,256
20427,제주,2005-07-03,한,암,,50,김한철,박칠성,262
20428,제주,2005-07-03,한,수,,54,고영덕,변창순,333
20429,제주,2005-07-03,한,수,,55,김영래,진창배,247
20430,제주,2005-07-03,한,수,,53,고성동,장덕지,251
20431,제주,2005-07-03,한,수,,52,김한철,박영춘,289
20432,제주,2005-07-03,한,암,,54,고성동,고승명,275
20433,제주,2005-07-03,한,암,,53,김성오,강춘기,244
20434,제주,2005-07-03,한,암,,54,정성훈,부오현,304
20435,제주,2005-07-03,한,암,,55,고영덕,고상윤,270
20436,제주,2005-07-03,한,수,,54,한상배,오춘광,288
20437,제주,2005-07-03,한,암,,54,백인호,이창훈,268
20438,제주,2005-07-03,한,암,,53,고영덕,강성호,301
20439,제주,2005-07-03,한,암,,54,임용찬,신승오,300
20440,제주,2005-07-03,한,암,,54,윤덕상,양도봉,272
20441,제주,2005-07-03,한,암,,53,좌윤철,허영철,268
20442,제주,2005-07-03,한,암,,55,고영덕,고상윤,253
20443,제주,2005-07-03,한,암,,53,변용호,강상우,271
20444,제주,2005-07-09,한,암,,53,장성종,강도배,266
20445,제주,2005-07-09,한,암,,54,좌윤철,김홍진,335
20446,제주,2005-07-09,한,암,,55,한상배,송방원,240
20447,제주,2005-07-09,한,암,,53,좌윤철,고하구,289
20448,제주,2005-07-09,한,암,,54,최기호,오춘학,272
20449,제주,2005-07-09,한,암,,51,신경호,임태윤,290
20450,제주,2005-07-09,한,암,,55,박병진,전건영,266
20451,제주,2005-07-09,한,암,,54,정성훈,김태옥,293
20452,제주,2005-07-09,한,암,,51,박병진,송정웅,303
20453,제주,2005-07-09,한,암,,55,김영래,김종식,291
20454,제주,2005-07-09,한,암,,54,장성종,임태윤,291
20455,제주,2005-07-09,한,암,,54,임용찬,문영준,265
20456,제주,2005-07-09,한,암,,54,김영래,강태민,277
20457,제주,2005-07-09,한,암,,54,김영래,송정웅,283
20458,제주,2005-07-09,한,수,,55,박병진,문영준,275
20459,제주,2005-07-09,한,수,,54,고영덕,변창순,330
20460,제주,2005-07-09,한,수,,54,강대은,한태국,283
20461,제주,2005-07-09,한,수,,54,임용찬,신승오,261
20462,제주,2005-07-09,한,수,,54,고영덕,강성호,250
20463,제주,2005-07-09,한,수,,53.5,김성오,고하구,251
20464,제주,2005-07-09,한,수,,54,김성오,송정웅,266
20465,제주,2005-07-09,한,수,,55,신경호,임상관,283
20466,제주,2005-07-09,한,수,,55,장성종,송정웅,266
20467,제주,2005-07-09,한,수,,56,장성종,고임계,251
20468,제주,2005-07-09,한,거,,55,고성동,정완모,287
20469,제주,2005-07-09,한,거,,55,김성오,김예근,259
20470,제주,2005-07-09,한,거,,53,박병진,김경남,270
20471,제주,2005-07-09,한,수,,55,좌윤철,장두일,296
20472,제주,2005-07-09,한,수,,55,좌윤철,김홍진,290
20473,제주,2005-07-09,한,수,,54,변용호,장두일,276
20474,제주,2005-07-09,한,수,,55,한상배,차청일,284
20475,제주,2005-07-09,한,수,,54,고성동,이정주,286
20476,제주,2005-07-09,한,수,,54,윤덕상,양동우,261
20477,제주,2005-07-09,한,수,,55,신경호,송승준,282
20478,제주,2005-07-09,한,수,,53,김한철,송방원,304
20479,제주,2005-07-09,한,수,,54,고성동,미듬종합,249
20480,제주,2005-07-09,한,수,,52,김한철,박영춘,285
20481,제주,2005-07-09,한,수,,53,김한철,강춘시,264
20482,제주,2005-07-09,한,수,,53,신경호,한태국,274
20483,제주,2005-07-09,한,수,,51,좌윤철,김용래,304
20484,제주,2005-07-09,한,수,,55,김한철,전건영,255
20485,제주,2005-07-09,한,수,,54,한상배,강현수,289
20486,제주,2005-07-09,한,수,,55,정성훈,신종창,241
20487,제주,2005-07-09,한,수,,55,임용찬,박영춘,296
20488,제주,2005-07-09,한,수,,55,최기호,조창규,233
20489,제주,2005-07-09,한,수,,55,한상배,김종현,322
20490,제주,2005-07-09,한,암,,54,김영복,강학민,292
20491,제주,2005-07-09,한,암,,51,윤덕상,양동우,292
20492,제주,2005-07-09,한,암,,51,김한철,고영조,274
20493,제주,2005-07-09,한,암,,50,윤덕상,강춘기,280
20494,제주,2005-07-09,한,암,,61,좌윤철,강인선,257
20495,제주,2005-07-09,한,암,,54,백인호,변공민,279
20496,제주,2005-07-09,한,암,,53,백인호,변공민,263
20497,제주,2005-07-09,한,암,,54,고성동,고한구,282
20498,제주,2005-07-09,한,암,,54,고영덕,송정웅,272
20499,제주,2005-07-09,한,암,,51,좌윤철,김홍진,324
20500,제주,2005-07-09,한,암,,51,변용호,현구연,284
20501,제주,2005-07-09,한,암,,54,정성훈,고영조,331
20502,제주,2005-07-09,한,암,,53,고영덕,강춘시,278
20503,제주,2005-07-09,한,암,,53,한상배,오기봉,227
20504,제주,2005-07-09,한,암,,53,장성종,박칠성,274
20505,제주,2005-07-09,한,암,,54,강대은,이종철,287
20506,제주,2005-07-09,한,암,,50,한상배,조창규,266
20507,제주,2005-07-09,한,암,,54,한상배,김창식,278
20508,제주,2005-07-09,한,암,,57,강대은,윤태현,262
20509,제주,2005-07-09,한,암,,51,백인호,이태보,285
20510,제주,2005-07-09,한,암,,54,임용찬,신승오,303
20511,제주,2005-07-09,한,암,,51,임용찬,고하구,307
20512,제주,2005-07-09,한,암,,53,고영덕,강상우,280
20513,제주,2005-07-09,한,암,,54,김성오,강성호,306
20514,제주,2005-07-09,한,수,,55,김영래,전건영,303
20515,제주,2005-07-09,한,수,,54,신경호,김국현,287
20516,제주,2005-07-09,한,수,,54,고영덕,변창순,258
20517,제주,2005-07-09,한,암,,54,김성오,강춘기,286
20518,제주,2005-07-09,한,암,,55,윤덕상,박영춘,298
20519,제주,2005-07-09,한,암,,54,박병진,양방철,243
20520,제주,2005-07-09,한,암,,54,장성종,양도봉,271
20521,제주,2005-07-09,한,암,,53,고영덕,조창규,266
20522,제주,2005-07-10,한,암,,54,백인호,신종창,281
20523,제주,2005-07-10,한,암,,58,정성훈,김용해,325
20524,제주,2005-07-10,한,암,,54,최기호,김인태,300
20525,제주,2005-07-10,한,암,,54,장성종,고임계,303
20526,제주,2005-07-10,한,암,,51,임용찬,이종철,291
20527,제주,2005-07-10,한,암,,52,최기호,조창규,280
20528,제주,2005-07-10,한,수,,55,고성동,차청일,288
20529,제주,2005-07-10,한,수,,55,김성오,변공민,284
20530,제주,2005-07-10,한,암,,69,김영래,강태민,292
20531,제주,2005-07-10,한,암,,53,김성오,한성택,281
20532,제주,2005-07-10,한,암,,53,고영덕,이원길,314
20533,제주,2005-07-10,한,암,,50,한상배,강상길,202
20534,제주,2005-07-10,한,암,,53,김성오,강성호,236
20535,제주,2005-07-10,한,암,,53,최기호,김인태,296
20536,제주,2005-07-10,한,암,,51,백인호,이창훈,270
20537,제주,2005-07-10,한,암,,54,백인호,양동우,300
20538,제주,2005-07-10,한,암,,51,김한철,김영일,271
20539,제주,2005-07-10,한,수,,55,좌윤철,이종철,320
20540,제주,2005-07-10,한,수,,55.5,임용찬,신승오,296
20541,제주,2005-07-10,한,수,,49,김한철,유원택,265
20542,제주,2005-07-10,한,수,,54,장성종,강도배,267
20543,제주,2005-07-10,한,수,,55,김영복,현상춘,289
20544,제주,2005-07-10,한,수,,55,좌윤철,한태국,262
20545,제주,2005-07-10,한,수,,55,김영래,최기돈,279
20546,제주,2005-07-10,한,수,,55,윤덕상,안석호,301
20547,제주,2005-07-10,한,수,,55,변용호,박경식,307
20548,제주,2005-07-10,한,수,,54,정성훈,조태만,264
20549,제주,2005-07-10,한,암,,53,박병진,고경수,267
20550,제주,2005-07-10,한,암,,50,변용호,차청일,292
20551,제주,2005-07-10,한,수,,55.5,박병진,김영일,278
20552,제주,2005-07-10,한,수,,54,윤덕상,현상춘,259
20553,제주,2005-07-10,한,수,,51,윤덕상,강춘시,274
20554,제주,2005-07-10,한,수,,55,백인호,고임계,325
20555,제주,2005-07-10,한,수,,54,변용호,양동우,327
20556,제주,2005-07-10,한,수,,56,장성종,박칠성,274
20557,제주,2005-07-10,한,수,,54,한상배,임관호,264
20558,제주,2005-07-10,한,암,,53,김한철,장두일,225
20559,제주,2005-07-10,한,암,,53,김한철,송방원,260
20560,제주,2005-07-10,한,암,,53,김성오,고하구,259
20561,제주,2005-07-10,한,암,,51,한상배,이형준,231
20562,제주,2005-07-10,한,암,,53,고성동,한성택,235
20563,제주,2005-07-10,한,암,,53,한상배,김용해,269
20564,제주,2005-07-10,한,암,,53,변용호,김홍진,258
20565,제주,2005-07-10,한,암,,53,김영복,이정주,232
20566,제주,2005-07-10,한,암,,54,백인호,강상길,274
20567,제주,2005-07-10,한,암,,50,한상배,유상호,273
20568,제주,2005-07-10,한,수,,56.5,정성훈,고임계,314
20569,제주,2005-07-10,한,수,,55,장성종,정동진,326
20570,제주,2005-07-10,한,수,,52,좌윤철,김영,285
20571,제주,2005-07-10,한,수,,52,신경호,김경남,274
20572,제주,2005-07-10,한,수,,54,고영덕,이정주,252
20573,제주,2005-07-10,한,수,,55,박병진,임태윤,287
20574,제주,2005-07-10,한,암,,53,고영덕,강성호,299
20575,제주,2005-07-10,한,암,,54,최기호,정완모,255
20576,제주,2005-07-10,한,암,,53,김성오,이종철,269
20577,제주,2005-07-10,한,암,,53.5,고성동,이정주,257
20578,제주,2005-07-10,한,암,,54,백인호,양동우,283
20579,제주,2005-07-10,한,수,,54,박병진,김인태,237
20580,제주,2005-07-10,한,수,,54,고영덕,강춘시,283
20581,제주,2005-07-10,한,수,,55,김영래,김종현,281
20582,제주,2005-07-10,한,수,,56,정성훈,김태옥,307
20583,제주,2005-07-10,한,수,,54,고영덕,고상윤,276
20584,제주,2005-07-10,한,수,,54,장성종,장두일,247
20585,제주,2005-07-10,한,수,,54,김영복,오기봉,288
20586,제주,2005-07-10,한,수,,54,변용호,장두일,286
20587,제주,2005-07-10,한,수,,54,김한철,조태만,286
20588,제주,2005-07-10,한,수,,54,김영복,강학민,304
20589,제주,2005-07-10,한,수,,55,윤덕상,고하구,293
20590,제주,2005-07-10,한,수,,51.5,신경호,박칠성,273
20591,제주,2005-07-10,한,수,,52,윤덕상,안석호,295
20592,제주,2005-07-10,한,수,,53,정성훈,김용해,284
20593,제주,2005-07-10,한,암,,53,한상배,김창식,258
20594,제주,2005-07-10,한,암,,53,김성오,강춘기,251
20595,제주,2005-07-10,한,암,,53,신경호,차연옥,231
20596,제주,2005-07-10,한,수,,54,변용호,조태만,257
20597,제주,2005-07-10,한,수,,55,고영덕,진창배,0
20598,제주,2005-07-10,한,암,,54,고성동,고상운,233
20599,제주,2005-07-10,한,암,,51,정성훈,김태옥,271
20600,제주,2005-07-10,한,암,,54,좌윤철,김홍진,325
20601,제주,2005-07-10,한,암,,55,최기호,정완모,273
20602,제주,2005-07-10,한,암,,53,고성동,이정주,287
20603,제주,2005-07-16,한,수,,54,임용찬,천창수,260
20604,제주,2005-07-16,한,수,,54,변용호,김태옥,278
20605,제주,2005-07-16,한,수,,54,한상배,송방원,277
20606,제주,2005-07-16,한,수,,55,김영래,김종식,255
20607,제주,2005-07-16,한,수,,54.5,김영래,강상우,299
20608,제주,2005-07-16,한,수,,55,윤덕상,안석호,299
20609,제주,2005-07-16,한,수,,55,변용호,김산현,308
20610,제주,2005-07-16,한,수,,52,김영복,강학민,297
20611,제주,2005-07-16,한,수,,54,변용호,김산현,260
20612,제주,2005-07-16,한,수,,54,강대은,고한구,282
20613,제주,2005-07-16,한,암,,50,김한철,현구연,255
20614,제주,2005-07-16,한,수,,55,김영래,김종현,300
20615,제주,2005-07-16,한,수,,55,윤덕상,고승명,257
20616,제주,2005-07-16,한,수,,54,신경호,한태국,283
20617,제주,2005-07-16,한,수,,55.5,신경호,고하구,305
20618,제주,2005-07-16,한,수,,52,김한철,송방원,268
20619,제주,2005-07-16,한,수,,54,고성동,한성택,275
20620,제주,2005-07-16,한,수,,55,김한철,전건영,252
20621,제주,2005-07-16,한,수,,55,박병진,김용수,307
20622,제주,2005-07-16,한,암,,50,좌윤철,고한구,284
20623,제주,2005-07-16,한,암,,80.5,임용찬,고경현,336
20624,제주,2005-07-16,한,암,,54,좌윤철,김정봉,312
20625,제주,2005-07-16,한,암,,53,장성종,강학민,275
20626,제주,2005-07-16,한,암,,51,한상배,김경남,284
20627,제주,2005-07-16,한,암,,54.5,한상배,김창준,304
20628,제주,2005-07-16,한,암,,51,박병진,송정웅,239
20629,제주,2005-07-16,한,암,,53,김한철,박칠성,265
20630,제주,2005-07-16,한,암,,54,장성종,송정웅,280
20631,제주,2005-07-16,한,암,,54,강대은,김홍진,283
20632,제주,2005-07-16,한,암,,54.5,임용찬,송방원,318
20633,제주,2005-07-16,한,암,,54,장성종,현상춘,301
20634,제주,2005-07-16,한,암,,54,박병진,고경현,270
20635,제주,2005-07-16,한,암,,53,고성동,고상운,262
20636,제주,2005-07-16,한,암,,55.5,고영덕,변창순,282
20637,제주,2005-07-16,한,암,,55,김영복,김태옥,284
20638,제주,2005-07-16,한,수,,55,장성종,천창수,282
20639,제주,2005-07-16,한,수,,54,한상배,오기봉,264
20640,제주,2005-07-16,한,수,,52,윤덕상,고승명,237
20641,제주,2005-07-16,한,암,,54,윤덕상,안석호,245
20642,제주,2005-07-16,한,암,,55,좌윤철,강인선,303
20643,제주,2005-07-16,한,수,,56,변용호,장철환,295
20644,제주,2005-07-16,한,수,,55,장성종,정동진,323
20645,제주,2005-07-16,한,수,,55,최기호,정완모,272
20646,제주,2005-07-16,한,수,,52.5,김성오,김예근,293
20647,제주,2005-07-16,한,수,,54,백인호,김태옥,285
20648,제주,2005-07-16,한,수,,55,김성오,변공민,280
20649,제주,2005-07-16,한,수,,55,신경호,한태국,327
20650,제주,2005-07-16,한,수,,54,한상배,조창규,270
20651,제주,2005-07-16,한,암,,55,강대은,김홍협,307
20652,제주,2005-07-16,한,암,,54,한상배,오춘학,283
20653,제주,2005-07-16,한,암,,51,백인호,강상길,274
20654,제주,2005-07-16,한,암,,54,임용찬,고하구,313
20655,제주,2005-07-16,한,수,,52,윤덕상,강춘기,312
20656,제주,2005-07-16,한,수,,54,김영복,허영철,274
20657,제주,2005-07-16,한,수,,54,백인호,고정홍,273
20658,제주,2005-07-16,한,수,,55,박병진,문영준,275
20659,제주,2005-07-16,한,암,,54,최기호,김인태,293
20660,제주,2005-07-16,한,암,,53,백인호,안석호,267
20661,제주,2005-07-16,한,암,,53,김성오,고하구,258
20662,제주,2005-07-16,한,암,,57.5,김한철,김용수,231
20663,제주,2005-07-16,한,암,,53,윤덕상,양동우,282
20664,제주,2005-07-16,한,암,,56,임용찬,김경림,287
20665,제주,2005-07-16,한,암,,54,고성동,김홍진,282
20666,제주,2005-07-16,한,암,,51,좌윤철,강인선,300
20667,제주,2005-07-16,한,암,,54,백인호,신종창,275
20668,제주,2005-07-16,한,암,,54,박병진,송정웅,305
20669,제주,2005-07-16,한,암,,54,정성훈,부오현,300
20670,제주,2005-07-16,한,암,,54,변용호,진영진,290
20671,제주,2005-07-16,한,암,,59.5,고영덕,김홍협,287
20672,제주,2005-07-16,한,암,,54,임용찬,문영준,263
20673,제주,2005-07-16,한,수,,55,김성오,강춘기,322
20674,제주,2005-07-16,한,암,,52,신경호,차연옥,264
20675,제주,2005-07-16,한,암,,54,정성훈,강남환,306
20676,제주,2005-07-16,한,암,,53,고영덕,이원길,315
20677,제주,2005-07-16,한,암,,54,김영래,강태민,289
20678,제주,2005-07-16,한,암,,50,강대은,김홍협,226
20679,제주,2005-07-16,한,암,,54,고성동,이정주,311
20680,제주,2005-07-16,한,암,,53,한상배,김창식,261
20681,제주,2005-07-16,한,암,,55,최기호,김인태,288
20682,제주,2005-07-16,한,암,,54,좌윤철,김정봉,283
20683,제주,2005-07-16,한,암,,53,고영덕,강춘시,271
20684,제주,2005-07-16,한,암,,53,장성종,강도배,270
20685,제주,2005-07-16,한,암,,53,장성종,양방철,270
20686,제주,2005-07-16,한,암,,53,최기호,조동식,264
20687,제주,2005-07-16,한,암,,54,좌윤철,김정봉,272
20688,제주,2005-07-17,한,암,,52,변용호,오기봉,234
20689,제주,2005-07-17,한,암,,54,김성오,강춘기,286
20690,제주,2005-07-17,한,암,,53,김영복,강기숙,271
20691,제주,2005-07-17,한,수,,54,좌윤철,김용래,309
20692,제주,2005-07-17,한,수,,55,고성동,차청일,292
20693,제주,2005-07-17,한,암,,54,박병진,부용철,287
20694,제주,2005-07-17,한,암,,53,박병진,김한진,292
20695,제주,2005-07-17,한,수,,54,장성종,정동진,250
20696,제주,2005-07-17,한,거,,51,김성오,김예근,265
20697,제주,2005-07-17,한,암,,51,한상배,강상길,202
20698,제주,2005-07-17,한,암,,54,박병진,문영준,297
20699,제주,2005-07-17,한,암,,54,고성동,고승명,277
20700,제주,2005-07-17,한,암,,54,고성동,미듬종합,310
20701,제주,2005-07-17,한,암,,53,김성오,한성택,286
20702,제주,2005-07-17,한,수,,52,임용찬,천창수,229
20703,제주,2005-07-17,한,수,,54,김성오,송정웅,266
20704,제주,2005-07-17,한,수,,55.5,김영복,오기봉,303
20705,제주,2005-07-17,한,수,,54,한상배,강현수,281
20706,제주,2005-07-17,한,수,,54,고영덕,이원길,314
20707,제주,2005-07-17,한,암,,53,고성동,이정주,292
20708,제주,2005-07-17,한,암,,54,백인호,양동우,285
20709,제주,2005-07-17,한,암,,55,변용호,김홍협,301
20710,제주,2005-07-17,한,암,,50,윤덕상,양동우,244
20711,제주,2005-07-17,한,암,,55,최기호,장성수,290
20712,제주,2005-07-17,한,암,,53,윤덕상,강기숙,300
20713,제주,2005-07-17,한,암,,53,변용호,강상우,277
20714,제주,2005-07-17,한,암,,53,김영복,오춘광,270
20715,제주,2005-07-17,한,암,,53,장성종,천창수,261
20716,제주,2005-07-17,한,수,,53,윤덕상,고승명,260
20717,제주,2005-07-17,한,수,,52,임용찬,박영춘,252
20718,제주,2005-07-17,한,암,,53,정성훈,김태옥,269
20719,제주,2005-07-17,한,암,,53,좌윤철,허영철,277
20720,제주,2005-07-17,한,암,,54,변용호,김경남,286
20721,제주,2005-07-17,한,암,,55,고영덕,고상윤,272
20722,제주,2005-07-17,한,암,,54,김영래,송정웅,276
20723,제주,2005-07-17,한,암,,53,박병진,김복자,256
20724,제주,2005-07-17,한,암,,52,김한철,김용수,240
20725,제주,2005-07-17,한,암,,53,한상배,오기봉,231
20726,제주,2005-07-17,한,암,,53,고영덕,변창순,312
20727,제주,2005-07-17,한,암,,54,좌윤철,김정봉,296
20728,제주,2005-07-17,한,암,,53,박병진,김한진,281
20729,제주,2005-07-17,한,암,,54,강대은,오춘광,310
20730,제주,2005-07-17,한,암,,54,최기호,강현수,244
20731,제주,2005-07-17,한,암,,53,고성동,고한구,283
20732,제주,2005-07-17,한,암,,53,백인호,변공민,263
20733,제주,2005-07-17,한,암,,50,신경호,고영조,260
20734,제주,2005-07-17,한,암,,54,장성종,박칠성,254
20735,제주,2005-07-17,한,암,,51,변용호,현상춘,291
20736,제주,2005-07-17,한,암,,51,정성훈,조태만,331
20737,제주,2005-07-17,한,수,,55,좌윤철,이종철,325
20738,제주,2005-07-17,한,거,,55,고성동,정완모,279
20739,제주,2005-07-17,한,거,,54.5,고영덕,진창배,340
20740,제주,2005-07-17,한,암,,55,고성동,미듬종합,254
20741,제주,2005-07-17,한,암,,55,김영래,강태민,266
20742,제주,2005-07-17,한,암,,51,윤덕상,강홍민,309
20743,제주,2005-07-17,한,암,,51,백인호,이창훈,268
20744,제주,2005-07-17,한,수,,54,고성동,부용식,276
20745,제주,2005-07-17,한,수,,54,장성종,강도배,270
20746,제주,2005-07-17,한,수,,55,고성동,고승명,259
20747,제주,2005-07-17,한,수,,55,좌윤철,김정봉,295
20748,제주,2005-07-17,한,수,,54,김한철,김용수,265
20749,제주,2005-07-17,한,수,,54,김성오,김예근,272
20750,제주,2005-07-17,한,수,,54,변용호,장두일,290
20751,제주,2005-07-17,한,수,,53,좌윤철,김영일,301
20752,제주,2005-07-17,한,수,,62,최기호,김인태,307
20753,제주,2005-07-17,한,수,,52,윤덕상,고하구,293
20754,제주,2005-07-17,한,수,,55,장성종,송정웅,263
20755,제주,2005-07-17,한,수,,53,임용찬,박영춘,299
20756,제주,2005-07-17,한,수,,52.5,윤덕상,김영일,286
20757,제주,2005-07-17,한,수,,50,김한철,고영조,296
20758,제주,2005-07-17,한,수,,54,장성종,조동식,290
20759,제주,2005-07-17,한,수,,55,신경호,고정홍,294
20760,제주,2005-07-17,한,수,,54,임용찬,박영춘,278
20761,제주,2005-07-17,한,수,,54,고영덕,김홍협,0
20762,제주,2005-07-17,한,수,,55,박병진,강길홍,253
20763,제주,2005-07-17,한,수,,55,김영래,강태민,247
20764,제주,2005-07-17,한,수,,57,김영복,김태옥,300
20765,제주,2005-07-17,한,수,,60,정성훈,강남환,324
20766,제주,2005-07-17,한,수,,54,한상배,강상길,295
20767,제주,2005-07-17,한,수,,55,좌윤철,이창훈,288
20768,제주,2005-07-17,한,수,,54,한상배,오춘광,292
20769,제주,2005-07-17,한,수,,54,백인호,안석호,280
20770,제주,2005-07-17,한,수,,55,김성오,박경후,300
20771,제주,2005-07-17,한,수,,56,변용호,조태만,254
20772,제주,2005-07-17,한,수,,55,정성훈,강남환,312
20773,제주,2005-07-17,한,수,,55,김영복,김덕인,284
20774,제주,2005-07-17,한,수,,55,장성종,천창수,320
20775,제주,2005-07-23,한,수,,54,김한철,조태만,286
20776,제주,2005-07-23,한,수,,55,좌윤철,장두일,296
20777,제주,2005-07-23,한,수,,56,김한철,송방원,298
20778,제주,2005-07-23,한,수,,51,김영복,허영철,282
20779,제주,2005-07-23,한,수,,56,정성훈,김태옥,302
20780,제주,2005-07-23,한,수,,57.5,정성훈,고임계,322
20781,제주,2005-07-23,한,수,,54,강대은,김순녀,248
20782,제주,2005-07-23,한,수,,55,김성오,강춘기,322
20783,제주,2005-07-23,한,수,,55.5,박병진,김영일,286
20784,제주,2005-07-23,한,수,,55,김영래,최기돈,274
20785,제주,2005-07-23,한,수,,55,김성오,고하구,251
20786,제주,2005-07-23,한,수,,55,김영래,김종현,300
20787,제주,2005-07-23,한,수,,55,고성동,이정주,305
20788,제주,2005-07-23,한,수,,54,강대은,한태국,281
20789,제주,2005-07-23,한,수,,54,고영덕,고상윤,278
20790,제주,2005-07-23,한,수,,54,변용호,장두일,284
20791,제주,2005-07-23,한,암,,53,김성오,강춘기,250
20792,제주,2005-07-23,한,암,,54,변용호,안석호,309
20793,제주,2005-07-23,한,수,,54,정성훈,김용해,231
20794,제주,2005-07-23,한,수,,53,신경호,한태국,272
20795,제주,2005-07-23,한,암,,55.5,고성동,이정주,302
20796,제주,2005-07-23,한,수,,56,임용찬,신승오,303
20797,제주,2005-07-23,한,수,,56,장성종,고임계,256
20798,제주,2005-07-23,한,암,,55,윤덕상,박영춘,291
20799,제주,2005-07-23,한,암,,53,신경호,김순녀,246
20800,제주,2005-07-23,한,암,,52,임용찬,이종철,285
20801,제주,2005-07-23,한,암,,54,고성동,이정주,314
20802,제주,2005-07-23,한,암,,51,변용호,현구연,285
20803,제주,2005-07-23,한,암,,53,좌윤철,고하구,302
20804,제주,2005-07-23,한,암,,58,강대은,윤태현,260
20805,제주,2005-07-23,한,암,,53,최기호,김인태,288
20806,제주,2005-07-23,한,암,,53,한상배,김창식,264
20807,제주,2005-07-23,한,암,,53,최기호,김인태,266
20808,제주,2005-07-23,한,암,,53,최기호,조동식,265
20809,제주,2005-07-23,한,암,,54,장성종,양도봉,274
20810,제주,2005-07-23,한,암,,54,김한철,김영일,270
20811,제주,2005-07-23,한,암,,53,고성동,이정주,288
20812,제주,2005-07-23,한,암,,53,김성오,고하구,260
20813,제주,2005-07-23,한,수,,51,변용호,조태만,271
20814,제주,2005-07-23,한,수,,54,임용찬,신승오,263
20815,제주,2005-07-23,한,수,,52,좌윤철,김영,280
20816,제주,2005-07-23,한,수,,55,최기호,조창규,235
20817,제주,2005-07-23,한,수,,56.5,장성종,박칠성,275
20818,제주,2005-07-23,한,거,,56,최기호,전건영,260
20819,제주,2005-07-23,한,거,,56,고영덕,강성호,281
20820,제주,2005-07-23,한,수,,54,고영덕,이원길,314
20821,제주,2005-07-23,한,수,,54.5,한상배,임관호,265
20822,제주,2005-07-23,한,수,,54,한상배,강상길,292
20823,제주,2005-07-23,한,수,,54,정성훈,조태만,264
20824,제주,2005-07-23,한,수,,54,고영덕,조창규,265
20825,제주,2005-07-23,한,수,,54,신경호,김국현,299
20826,제주,2005-07-23,한,수,,55,백인호,고임계,328
20827,제주,2005-07-23,한,수,,55,김영래,강태민,294
20828,제주,2005-07-23,한,수,,51,백인호,고정홍,278
20829,제주,2005-07-23,한,수,,53.5,김한철,강춘시,259
20830,제주,2005-07-23,한,수,,52,신경호,김경남,274
20831,제주,2005-07-23,한,수,,51,윤덕상,양동우,263
20832,제주,2005-07-23,한,수,,54,김한철,김용수,264
20833,제주,2005-07-23,한,수,,54,신경호,오기봉,265
20834,제주,2005-07-23,한,수,,53,김영래,강태민,242
20835,제주,2005-07-23,한,암,,52,좌윤철,김정봉,275
20836,제주,2005-07-23,한,수,,52,김영복,강학민,300
20837,제주,2005-07-23,한,수,,54,강대은,윤태현,256
20838,제주,2005-07-23,한,수,,55,정성훈,신종창,241
20839,제주,2005-07-23,한,암,,50,고성동,고상운,254
20840,제주,2005-07-23,한,암,,54,한상배,김창식,280
20841,제주,2005-07-23,한,암,,55,한상배,송방원,244
20842,제주,2005-07-23,한,암,,53,강대은,김정봉,254
20843,제주,2005-07-23,한,암,,53,박병진,김태옥,259
20844,제주,2005-07-23,한,암,,53,임용찬,유상호,266
20845,제주,2005-07-23,한,암,,54,변용호,이형준,307
20846,제주,2005-07-23,한,암,,53,변용호,장철환,244
20847,제주,2005-07-23,한,암,,53,고영덕,조창규,268
20848,제주,2005-07-23,한,암,,54.5,좌윤철,강인선,271
20849,제주,2005-07-23,한,암,,55,박병진,전건영,261
20850,제주,2005-07-23,한,암,,53,고영덕,강춘시,274
20851,제주,2005-07-23,한,암,,53,장성종,강도배,275
20852,제주,2005-07-23,한,암,,53,장성종,박칠성,276
20853,제주,2005-07-23,한,암,,55,신경호,한태국,283
20854,제주,2005-07-23,한,암,,54.5,정성훈,부오현,295
20855,제주,2005-07-23,한,암,,51,김한철,고영조,275
20856,제주,2005-07-23,한,암,,50,윤덕상,강춘기,280
20857,제주,2005-07-23,한,암,,53,한상배,김종현,262
20858,제주,2005-07-23,한,암,,54,장성종,임태윤,295
20859,제주,2005-07-23,한,암,,53.5,최기호,조창규,285
20860,제주,2005-07-23,한,암,,54,정성훈,고영조,320
20861,제주,2005-07-23,한,암,,53,고성동,고승명,271
20862,제주,2005-07-23,한,암,,54,백인호,변공민,282
20863,제주,2005-07-24,한,수,,52,신경호,임상관,280
20864,제주,2005-07-24,한,암,,53,좌윤철,김용래,229
20865,제주,2005-07-24,한,암,,55,윤덕상,강춘시,329
20866,제주,2005-07-24,한,암,,53,장성종,강학민,268
20867,제주,2005-07-24,한,암,,54,고성동,고상운,230
20868,제주,2005-07-24,한,암,,53,고영덕,강상우,258
20869,제주,2005-07-24,한,암,,53,김영래,강태민,235
20870,제주,2005-07-24,한,암,,54,백인호,양동우,299
20871,제주,2005-07-24,한,암,,54,고성동,김홍진,276
20872,제주,2005-07-24,한,암,,53,고영덕,변창순,295
20873,제주,2005-07-24,한,암,,69,김영래,강태민,298
20874,제주,2005-07-24,한,수,,49,임용찬,임태윤,0
20875,제주,2005-07-24,한,암,,55,최기호,장성수,289
20876,제주,2005-07-24,한,암,,50,김한철,송방원,263
20877,제주,2005-07-24,한,암,,54,신경호,임태윤,291
20878,제주,2005-07-24,한,암,,54,백인호,양동우,283
20879,제주,2005-07-24,한,암,,53,김성오,이종철,264
20880,제주,2005-07-24,한,암,,51,정성훈,김태옥,263
20881,제주,2005-07-24,한,암,,54,김영래,강태민,279
20882,제주,2005-07-24,한,암,,54,변용호,진영진,281
20883,제주,2005-07-24,한,암,,55,김영래,김종식,290
20884,제주,2005-07-24,한,암,,54,윤덕상,김영일,220
20885,제주,2005-07-24,한,암,,55,좌윤철,강인선,303
20886,제주,2005-07-24,한,암,,51,고성동,미듬종합,308
20887,제주,2005-07-24,한,암,,50,김영복,강기숙,269
20888,제주,2005-07-24,한,암,,54,김영래,강태민,264
20889,제주,2005-07-24,한,수,,55,고성동,차청일,292
20890,제주,2005-07-24,한,수,,53,정성훈,김용해,283
20891,제주,2005-07-24,한,수,,51,백인호,김태옥,284
20892,제주,2005-07-24,한,수,,54,정성훈,김용해,278
20893,제주,2005-07-24,한,수,,54,최기호,김인태,232
20894,제주,2005-07-24,한,수,,55.5,윤덕상,강춘시,347
20895,제주,2005-07-24,한,수,,51.5,김한철,고영조,290
20896,제주,2005-07-24,한,수,,55,좌윤철,한태국,257
20897,제주,2005-07-24,한,수,,54,한상배,조창규,267
20898,제주,2005-07-24,한,수,,51.5,신경호,박칠성,275
20899,제주,2005-07-24,한,수,,54,고성동,이정주,286
20900,제주,2005-07-24,한,수,,51,임용찬,천창수,225
20901,제주,2005-07-24,한,수,,54,백인호,고정홍,237
20902,제주,2005-07-24,한,수,,55,한상배,차청일,285
20903,제주,2005-07-24,한,수,,54,고영덕,이정주,253
20904,제주,2005-07-24,한,수,,51,김영복,강기숙,271
20905,제주,2005-07-24,한,수,,49,김한철,유원택,267
20906,제주,2005-07-24,한,수,,54,박병진,김용수,249
20907,제주,2005-07-24,한,암,,53,강대은,한태국,294
20908,제주,2005-07-24,한,수,,52,윤덕상,강도배,271
20909,제주,2005-07-24,한,수,,57,최기호,정완모,306
20910,제주,2005-07-24,한,수,,57,윤덕상,현상춘,313
20911,제주,2005-07-24,한,수,,55,신경호,한태국,331
20912,제주,2005-07-24,한,수,,55,김영복,김덕인,281
20913,제주,2005-07-24,한,수,,54,변용호,장두일,276
20914,제주,2005-07-24,한,수,,57,정성훈,김용해,316
20915,제주,2005-07-24,한,수,,55,임용찬,문영준,315
20916,제주,2005-07-24,한,암,,53,임용찬,박영춘,317
20917,제주,2005-07-24,한,암,,53,신경호,한태국,272
20918,제주,2005-07-24,한,암,,53,한상배,김용해,269
20919,제주,2005-07-24,한,암,,50,박병진,고경수,273
20920,제주,2005-07-24,한,암,,56,정성훈,김용해,287
20921,제주,2005-07-24,한,암,,53,고영덕,김춘수,251
20922,제주,2005-07-24,한,암,,53.5,고성동,이정주,260
20923,제주,2005-07-24,한,암,,53,고영덕,강성호,289
20924,제주,2005-07-24,한,암,,54,정성훈,임관호,324
20925,제주,2005-07-24,한,수,,55.5,김영복,김덕인,323
20926,제주,2005-07-24,한,수,,56,장성종,임상관,310
20927,제주,2005-07-24,한,수,,57.5,김영복,김덕인,282
20928,제주,2005-07-24,한,수,,54,강대은,고임계,257
20929,제주,2005-07-24,한,수,,55,김한철,박영춘,290
20930,제주,2005-07-24,한,수,,54,좌윤철,강진일,239
20931,제주,2005-07-24,한,수,,54,박병진,김인태,248
20932,제주,2005-07-24,한,수,,55,김영래,김종현,282
20933,제주,2005-07-24,한,수,,51,한상배,오춘광,294
20934,제주,2005-07-24,한,암,,53,한상배,김경남,278
20935,제주,2005-07-24,한,암,,54,최기호,강현수,242
20936,제주,2005-07-24,한,암,,54,최기호,김인태,297
20937,제주,2005-07-24,한,수,,55,변용호,박경식,308
20938,제주,2005-07-24,한,수,,52,임용찬,문영준,284
20939,제주,2005-07-24,한,수,,54,고영덕,강춘시,283
20940,제주,2005-07-24,한,수,,54,최기호,조창규,257
20941,제주,2005-07-24,한,수,,54,김한철,고영조,0
20942,제주,2005-07-24,한,수,,54,김영복,강기숙,267
20943,제주,2005-07-24,한,수,,54,신경호,차연옥,225
20944,제주,2005-07-24,한,수,,54,변용호,양동우,323
20945,제주,2005-07-24,한,암,,54,윤덕상,양동우,285
20946,제주,2005-07-24,한,암,,55,최기호,김인태,0
20947,제주,2005-07-24,한,수,,55,김영래,정완모,293
20948,제주,2005-07-24,한,수,,55,좌윤철,이종철,317
20949,제주,2005-07-24,한,암,,50,한상배,강상길,202
20950,제주,2005-07-24,한,암,,53,고영덕,이원길,317
20951,제주,2005-07-24,한,암,,54,고성동,고한구,284
20952,제주,2005-07-24,한,암,,55.5,박병진,김인태,301
20953,제주,2005-08-06,한,수,,54,김영래,송정웅,271
20954,제주,2005-08-06,한,수,,54,백인호,안석호,285
20955,제주,2005-08-06,한,암,,54,김성오,강춘기,291
20956,제주,2005-08-06,한,암,,51,좌윤철,김홍진,335
20957,제주,2005-08-06,한,암,,80,임용찬,고경현,337
20958,제주,2005-08-06,한,수,,55,김영래,최기돈,274
20959,제주,2005-08-06,한,수,,55,변용호,김산현,312
20960,제주,2005-08-06,한,수,,54.5,변용호,김산현,263
20961,제주,2005-08-06,한,수,,54,장성종,장두일,249
20962,제주,2005-08-06,한,수,,54,장성종,김흥보,266
20963,제주,2005-08-06,한,수,,55,박병진,문영준,283
20964,제주,2005-08-06,한,수,,54,고영덕,변창순,250
20965,제주,2005-08-06,한,수,,54,강대은,한태국,283
20966,제주,2005-08-06,한,수,,54,고성동,한성택,278
20967,제주,2005-08-06,한,수,,54,고성동,고상운,278
20968,제주,2005-08-06,한,수,,54,좌윤철,강진일,237
20969,제주,2005-08-06,한,수,,54,백인호,차연옥,256
20970,제주,2005-08-06,한,암,,54,한상배,오춘학,284
20971,제주,2005-08-06,한,암,,51,백인호,이창훈,270
20972,제주,2005-08-06,한,암,,53,장성종,강도배,270
20973,제주,2005-08-06,한,암,,49,강대은,김홍협,226
20974,제주,2005-08-06,한,암,,50,좌윤철,고한구,293
20975,제주,2005-08-06,한,암,,51,백인호,양동우,305
20976,제주,2005-08-06,한,암,,58.5,김한철,김용수,228
20977,제주,2005-08-06,한,암,,60.5,고영덕,김홍협,287
20978,제주,2005-08-06,한,암,,54,최기호,오춘학,272
20979,제주,2005-08-06,한,수,,54,한상배,오기봉,271
20980,제주,2005-08-06,한,수,,54,김한철,조태만,286
20981,제주,2005-08-06,한,수,,54,신경호,한태국,277
20982,제주,2005-08-06,한,수,,54,김영래,강상우,273
20983,제주,2005-08-06,한,수,,54,장성종,김흥보,281
20984,제주,2005-08-06,한,수,,54,김영복,강기숙,263
20985,제주,2005-08-06,한,암,,54,좌윤철,김정봉,280
20986,제주,2005-08-06,한,거,,56,최기호,전건영,253
20987,제주,2005-08-06,한,암,,53,김영복,허영철,278
20988,제주,2005-08-06,한,암,,52.5,신경호,차연옥,265
20989,제주,2005-08-06,한,암,,53,고영덕,강상우,261
20990,제주,2005-08-06,한,수,,54,고영덕,이원길,296
20991,제주,2005-08-06,한,수,,54,김영래,강태민,250
20992,제주,2005-08-06,한,수,,54,최기호,김인태,226
20993,제주,2005-08-06,한,수,,54,고영덕,조창규,264
20994,제주,2005-08-06,한,수,,55,김영복,강학민,293
20995,제주,2005-08-06,한,수,,51,신경호,차연옥,225
20996,제주,2005-08-06,한,수,,54,김한철,김용수,262
20997,제주,2005-08-06,한,수,,54,강대은,양동우,302
20998,제주,2005-08-06,한,수,,51,윤덕상,양동우,271
20999,제주,2005-08-06,한,수,,54,강대은,고한구,289
21000,제주,2005-08-06,한,수,,51,임용찬,천창수,273
21001,제주,2005-08-06,한,수,,54,신경호,김국현,287
21002,제주,2005-08-06,한,수,,54,김한철,윤태현,278
21003,제주,2005-08-06,한,암,,53,백인호,안석호,271
21004,제주,2005-08-06,한,암,,51,좌윤철,이용대,262
21005,제주,2005-08-06,한,암,,54,고성동,고한구,291
21006,제주,2005-08-06,한,암,,54,신경호,송승준,268
21007,제주,2005-08-06,한,암,,50,변용호,차청일,301
21008,제주,2005-08-06,한,암,,53,고성동,고한구,281
21009,제주,2005-08-06,한,암,,53,고영덕,강춘시,274
21010,제주,2005-08-06,한,암,,55,최기호,장성수,285
21011,제주,2005-08-06,한,암,,56.5,고영덕,변창순,282
21012,제주,2005-08-06,한,수,,54,신경호,오기봉,273
21013,제주,2005-08-06,한,수,,54,한상배,강현수,286
21014,제주,2005-08-06,한,수,,54,강대은,고임계,255
21015,제주,2005-08-06,한,암,,54,백인호,변공민,289
21016,제주,2005-08-06,한,암,,53,최기호,강영종,272
21017,제주,2005-08-06,한,암,,53,한상배,김창식,271
21018,제주,2005-08-06,한,암,,53,김영래,김종식,260
21019,제주,2005-08-06,한,암,,50,박병진,고경수,266
21020,제주,2005-08-06,한,암,,53,신경호,김국현,269
21021,제주,2005-08-06,한,암,,51,윤덕상,김영일,221
21022,제주,2005-08-06,한,암,,51,좌윤철,김정봉,298
21023,제주,2005-08-06,한,암,,53,김영래,강태민,231
21024,제주,2005-08-06,한,암,,53,최기호,조동식,264
21025,제주,2005-08-06,한,암,,53,강대은,한태국,296
21026,제주,2005-08-06,한,암,,53,김한철,장두일,230
21027,제주,2005-08-06,한,암,,53,강대은,윤태현,265
21028,제주,2005-08-06,한,암,,53,박병진,조동식,257
21029,제주,2005-08-06,한,암,,54,최기호,강현수,246
21030,제주,2005-08-06,한,암,,53,김영복,이정주,240
21031,제주,2005-08-07,한,암,,53,한상배,조창규,271
21032,제주,2005-08-07,한,암,,50,고성동,미듬종합,259
21033,제주,2005-08-07,한,수,,53,변용호,장철환,292
21034,제주,2005-08-07,한,수,,53,임용찬,천창수,225
21035,제주,2005-08-07,한,수,,54,김영복,허영철,265
21036,제주,2005-08-07,한,암,,49,한상배,오기봉,234
21037,제주,2005-08-07,한,암,,53,변용호,오기봉,237
21038,제주,2005-08-07,한,암,,55,김영복,김태옥,290
21039,제주,2005-08-07,한,암,,51,한상배,김경남,286
21040,제주,2005-08-07,한,암,,51,한상배,이형준,228
21041,제주,2005-08-07,한,암,,53,김성오,강춘기,248
21042,제주,2005-08-07,한,암,,53,고영덕,변창순,298
21043,제주,2005-08-07,한,암,,53,좌윤철,김용래,233
21044,제주,2005-08-07,한,암,,52,박병진,김한진,285
21045,제주,2005-08-07,한,암,,55,고영덕,고상윤,272
21046,제주,2005-08-07,한,암,,53,좌윤철,허영철,288
21047,제주,2005-08-07,한,암,,55,박병진,전건영,262
21048,제주,2005-08-07,한,수,,55,박병진,임태윤,286
21049,제주,2005-08-07,한,수,,51,윤덕상,강춘시,287
21050,제주,2005-08-07,한,수,,51,백인호,김태옥,290
21051,제주,2005-08-07,한,수,,54,김영래,강태민,267
21052,제주,2005-08-07,한,수,,55,정성훈,강남환,250
21053,제주,2005-08-07,한,수,,55,임용찬,박영춘,300
21054,제주,2005-08-07,한,암,,50,신경호,김순녀,242
21055,제주,2005-08-07,한,수,,54,김한철,고영조,277
21056,제주,2005-08-07,한,암,,51,김한철,김영일,269
21057,제주,2005-08-07,한,수,,55,한상배,오기봉,299
21058,제주,2005-08-07,한,수,,55,김영복,현상춘,285
21059,제주,2005-08-07,한,수,,52,좌윤철,이창훈,290
21060,제주,2005-08-07,한,수,,54,한상배,조창규,277
21061,제주,2005-08-07,한,수,,50,윤덕상,현상춘,256
21062,제주,2005-08-07,한,암,,53,김영복,강기숙,268
21063,제주,2005-08-07,한,암,,54,좌윤철,김홍진,322
21064,제주,2005-08-07,한,암,,53,고영덕,강성호,292
21065,제주,2005-08-07,한,암,,54,정성훈,부오현,311
21066,제주,2005-08-07,한,암,,53,고성동,고상운,260
21067,제주,2005-08-07,한,암,,53,김한철,송방원,264
21068,제주,2005-08-07,한,암,,54,최기호,정완모,267
21069,제주,2005-08-07,한,암,,52,신경호,고영조,263
21070,제주,2005-08-07,한,암,,51,좌윤철,강인선,300
21071,제주,2005-08-07,한,수,,54,고영덕,고상윤,282
21072,제주,2005-08-07,한,수,,56,정성훈,김태옥,300
21073,제주,2005-08-07,한,수,,50,박병진,조동식,265
21074,제주,2005-08-07,한,수,,56,고성동,고승명,256
21075,제주,2005-08-07,한,암,,54,한상배,강상길,202
21076,제주,2005-08-07,한,암,,54,강대은,김홍진,289
21077,제주,2005-08-07,한,암,,54,한상배,김창식,284
21078,제주,2005-08-07,한,수,,54,정성훈,조태만,265
21079,제주,2005-08-07,한,수,,54,강대은,김순녀,254
21080,제주,2005-08-07,한,수,,54,김영복,강기숙,276
21081,제주,2005-08-07,한,수,,54,김성오,김예근,271
21082,제주,2005-08-07,한,수,,54,김한철,김국현,269
21083,제주,2005-08-07,한,수,,54,정성훈,김용해,283
21084,제주,2005-08-07,한,수,,52,윤덕상,고승명,231
21085,제주,2005-08-07,한,수,,55,김영래,김종식,255
21086,제주,2005-08-07,한,수,,53,변용호,조태만,253
21087,제주,2005-08-07,한,수,,53,강대은,윤태현,257
21088,제주,2005-08-07,한,수,,54,박병진,김한진,261
21089,제주,2005-08-07,한,수,,55,좌윤철,김홍진,303
21090,제주,2005-08-07,한,수,,54,변용호,장두일,282
21091,제주,2005-08-07,한,수,,54,변용호,조태만,273
21092,제주,2005-08-07,한,수,,54,강대은,강훈표,280
21093,제주,2005-08-07,한,암,,53,고영덕,강춘시,277
21094,제주,2005-08-07,한,암,,52,좌윤철,허영철,254
21095,제주,2005-08-07,한,암,,54,고영덕,오춘광,235
21096,제주,2005-08-07,한,암,,53,백인호,변공민,266
21097,제주,2005-08-07,한,수,,54,임용찬,박영춘,284
21098,제주,2005-08-07,한,암,,53,최기호,김인태,285
21099,제주,2005-08-07,한,암,,51,윤덕상,안석호,245
21100,제주,2005-08-07,한,수,,55,임용찬,문영준,312
21101,제주,2005-08-07,한,수,,50,윤덕상,김영일,286
21102,제주,2005-08-07,한,암,,53,강대은,강홍민,286
21103,제주,2005-08-07,한,암,,54,변용호,안석호,302
21104,제주,2005-08-07,한,암,,51,좌윤철,김정봉,286
21105,제주,2005-08-07,한,암,,51,김한철,고영조,273
21106,제주,2005-08-07,한,암,,55,강대은,김홍협,308
21107,제주,2005-08-07,한,암,,53,최기호,강남환,283
21108,제주,2005-08-07,한,암,,52,윤덕상,양동우,247
21109,제주,2005-08-07,한,암,,49,한상배,김경남,284
21110,제주,2005-08-07,한,암,,50,김한철,김용수,242
21111,제주,2005-08-07,한,암,,53,한상배,김용해,269
21112,제주,2005-08-13,한,암,,53,강대은,양동우,234
21113,제주,2005-08-13,한,암,,53,김영복,강기숙,267
21114,제주,2005-08-13,한,암,,53,좌윤철,고하구,299
21115,제주,2005-08-13,한,암,,55.5,최기호,정완모,289
21116,제주,2005-08-13,한,암,,54,고성동,고상운,232
21117,제주,2005-08-13,한,암,,54,고영덕,오춘광,226
21118,제주,2005-08-13,한,암,,53,장성종,양방철,267
21119,제주,2005-08-13,한,수,,50,김한철,유원택,266
21120,제주,2005-08-13,한,암,,51,좌윤철,김정봉,282
21121,제주,2005-08-13,한,수,,54,임용찬,박영춘,280
21122,제주,2005-08-13,한,수,,55,김영래,김종식,252
21123,제주,2005-08-13,한,암,,54,장성종,박칠성,270
21124,제주,2005-08-13,한,암,,53,김성오,강춘기,240
21125,제주,2005-08-13,한,암,,53,변용호,차청일,300
21126,제주,2005-08-13,한,암,,53,강대은,강홍민,278
21127,제주,2005-08-13,한,수,,54,백인호,김태옥,288
21128,제주,2005-08-13,한,수,,51.5,윤덕상,강도배,278
21129,제주,2005-08-13,한,수,,54,고영덕,변창순,249
21130,제주,2005-08-13,한,수,,54,고성동,고상운,273
21131,제주,2005-08-13,한,수,,54,김성오,김예근,270
21132,제주,2005-08-13,한,수,,54,박병진,김인태,245
21133,제주,2005-08-13,한,수,,52,좌윤철,한태국,249
21134,제주,2005-08-13,한,암,,51,한상배,강진일,269
21135,제주,2005-08-13,한,암,,54,변용호,진영진,285
21136,제주,2005-08-13,한,암,,51,신경호,송승준,265
21137,제주,2005-08-13,한,암,,53,장성종,천창수,265
21138,제주,2005-08-13,한,수,,54,김성오,고하구,298
21139,제주,2005-08-13,한,수,,55,좌윤철,김홍진,292
21140,제주,2005-08-13,한,수,,55,김영래,송승준,291
21141,제주,2005-08-13,한,수,,51,윤덕상,양동우,263
21142,제주,2005-08-13,한,수,,55,신경호,임상관,284
21143,제주,2005-08-13,한,수,,54,김성오,송정웅,278
21144,제주,2005-08-13,한,수,,55,신경호,김경남,286
21145,제주,2005-08-13,한,수,,54,고영덕,이원길,292
21146,제주,2005-08-13,한,수,,54,김한철,강홍민,258
21147,제주,2005-08-13,한,수,,55,최기호,김인태,284
21148,제주,2005-08-13,한,수,,54,김영복,강기숙,268
21149,제주,2005-08-13,한,수,,54,김영래,김창만,282
21150,제주,2005-08-13,한,수,,54,백인호,차연옥,247
21151,제주,2005-08-13,한,수,,50,임용찬,천창수,223
21152,제주,2005-08-13,한,수,,51,김한철,김국현,263
21153,제주,2005-08-13,한,수,,52,박병진,임태윤,279
21154,제주,2005-08-13,한,수,,52,박병진,문영준,274
21155,제주,2005-08-13,한,수,,54,최기호,김인태,226
21156,제주,2005-08-13,한,수,,51,변용호,김무현,265
21157,제주,2005-08-13,한,수,,51,김한철,조태만,284
21158,제주,2005-08-13,한,수,,54,강대은,강훈표,273
21159,제주,2005-08-13,한,수,,54,한상배,조창규,277
21160,제주,2005-08-13,한,수,,54,윤덕상,강춘시,280
21161,제주,2005-08-13,한,수,,54,고영덕,이정주,253
21162,제주,2005-08-13,한,암,,51,좌윤철,강인선,301
21163,제주,2005-08-13,한,수,,54,박병진,김태옥,267
21164,제주,2005-08-13,한,암,,53,한상배,조창규,262
21165,제주,2005-08-13,한,암,,53,신경호,한태국,276
21166,제주,2005-08-13,한,암,,53,김영래,강태민,236
21167,제주,2005-08-13,한,암,,53,김성오,김예근,269
21168,제주,2005-08-13,한,암,,53,박병진,김태옥,258
21169,제주,2005-08-13,한,암,,50,윤덕상,양동우,276
21170,제주,2005-08-13,한,암,,54,강대은,오춘광,311
21171,제주,2005-08-13,한,수,,54,김한철,강춘시,220
21172,제주,2005-08-13,한,암,,51.5,정성훈,김태옥,266
21173,제주,2005-08-13,한,암,,54,고성동,이정주,258
21174,제주,2005-08-13,한,암,,53,고영덕,변창순,305
21175,제주,2005-08-13,한,암,,54,백인호,변공민,278
21176,제주,2005-08-13,한,암,,53,고성동,한성택,246
21177,제주,2005-08-13,한,암,,54,장성종,박칠성,258
21178,제주,2005-08-13,한,암,,73,김영래,강태민,295
21179,제주,2005-08-13,한,암,,53,고영덕,김종현,292
21180,제주,2005-08-13,한,암,,53,장성종,박칠성,278
21181,제주,2005-08-13,한,암,,54,김성오,이종철,264
21182,제주,2005-08-13,한,암,,54,백인호,양동우,294
21183,제주,2005-08-14,한,수,,55,김성오,고하구,248
21184,제주,2005-08-14,한,수,,54,김성오,고하구,287
21185,제주,2005-08-14,한,암,,54,좌윤철,김홍진,320
21186,제주,2005-08-14,한,거,,55,김성오,김예근,268
21187,제주,2005-08-14,한,수,,52,신경호,한태국,274
21188,제주,2005-08-14,한,수,,55,김영래,강태민,292
21189,제주,2005-08-14,한,수,,54,변용호,장두일,272
21190,제주,2005-08-14,한,수,,54,김영복,허영철,270
21191,제주,2005-08-14,한,수,,54,한상배,강현수,285
21192,제주,2005-08-14,한,수,,54,백인호,안석호,278
21193,제주,2005-08-14,한,수,,55,좌윤철,장두일,293
21194,제주,2005-08-14,한,거,,56,고영덕,강성호,283
21195,제주,2005-08-14,한,거,,53,박병진,김경남,278
21196,제주,2005-08-14,한,암,,50,변용호,장철환,239
21197,제주,2005-08-14,한,암,,53,강대은,이정주,280
21198,제주,2005-08-14,한,암,,58,강대은,윤태현,262
21199,제주,2005-08-14,한,암,,53,신경호,김국현,267
21200,제주,2005-08-14,한,수,,54,임용찬,신승오,268
21201,제주,2005-08-14,한,수,,51,변용호,김태옥,285
21202,제주,2005-08-14,한,수,,53.5,김한철,강춘시,263
21203,제주,2005-08-14,한,수,,53,임용찬,박영춘,253
21204,제주,2005-08-14,한,수,,52,고성동,이정주,301
21205,제주,2005-08-14,한,수,,55,최기호,조창규,241
21206,제주,2005-08-14,한,수,,50,신경호,박칠성,279
21207,제주,2005-08-14,한,수,,56.5,장성종,김경림,298
21208,제주,2005-08-14,한,수,,54,정성훈,김용해,233
21209,제주,2005-08-14,한,수,,56,장성종,고임계,254
21210,제주,2005-08-14,한,수,,48,임용찬,임태윤,0
21211,제주,2005-08-14,한,수,,54,한상배,강상길,293
21212,제주,2005-08-14,한,수,,58,정성훈,강남환,300
21213,제주,2005-08-14,한,수,,54,김영래,김종식,253
21214,제주,2005-08-14,한,수,,54,백인호,송정웅,277
21215,제주,2005-08-14,한,수,,53.5,윤덕상,고승명,259
21216,제주,2005-08-14,한,수,,51,김한철,고영조,273
21217,제주,2005-08-14,한,수,,55,김영복,오기봉,276
21218,제주,2005-08-14,한,수,,54,한상배,오기봉,269
21219,제주,2005-08-14,한,수,,57,김영복,김덕인,285
21220,제주,2005-08-14,한,수,,55,임용찬,문영준,291
21221,제주,2005-08-14,한,수,,57,윤덕상,현상춘,310
21222,제주,2005-08-14,한,수,,54,좌윤철,김영일,298
21223,제주,2005-08-14,한,수,,54.5,변용호,박경식,312
21224,제주,2005-08-14,한,암,,53,박병진,조동식,294
21225,제주,2005-08-14,한,암,,54,좌윤철,김정봉,283
21226,제주,2005-08-14,한,암,,53,김한철,송방원,258
21227,제주,2005-08-14,한,암,,51,한상배,오춘학,274
21228,제주,2005-08-14,한,수,,54,박병진,조동식,282
21229,제주,2005-08-14,한,암,,53,김한철,송방원,270
21230,제주,2005-08-14,한,암,,52,한상배,이형준,229
21231,제주,2005-08-14,한,암,,53,고영덕,강상우,251
21232,제주,2005-08-14,한,수,,51,고성동,미듬종합,251
21233,제주,2005-08-14,한,수,,54,김영복,강기숙,266
21234,제주,2005-08-14,한,수,,53,김영래,강태민,245
21235,제주,2005-08-14,한,암,,50,한상배,김경남,262
21236,제주,2005-08-14,한,암,,53,김영복,오춘광,276
21237,제주,2005-08-14,한,암,,53,최기호,김인태,274
21238,제주,2005-08-14,한,암,,54,김영래,김창만,265
21239,제주,2005-08-14,한,암,,53,고영덕,강성호,267
21240,제주,2005-08-14,한,암,,51,좌윤철,김정봉,268
21241,제주,2005-08-14,한,암,,53,장성종,강도배,279
21242,제주,2005-08-14,한,암,,55,윤덕상,박영춘,298
21243,제주,2005-08-14,한,암,,53,박병진,고경수,264
21244,제주,2005-08-14,한,암,,55,한상배,송방원,239
21245,제주,2005-08-14,한,암,,54,강대은,김홍진,272
21246,제주,2005-08-14,한,암,,53,김성오,임상관,271
21247,제주,2005-08-14,한,암,,54,장성종,임태윤,290
21248,제주,2005-08-14,한,암,,53,고영덕,강춘시,272
21249,제주,2005-08-14,한,암,,53,한상배,김종현,271
21250,제주,2005-08-14,한,암,,53,임용찬,유상호,289
21251,제주,2005-08-14,한,암,,54,고영덕,이원길,322
21252,제주,2005-08-14,한,암,,53,백인호,김보준,278
21253,제주,2005-08-14,한,암,,54,박병진,문영준,297
21254,제주,2005-08-14,한,암,,51,백인호,신종창,288
21255,제주,2005-08-14,한,암,,50,윤덕상,강춘기,275
21256,제주,2005-08-14,한,암,,54,최기호,오춘학,278
21257,제주,2005-08-14,한,암,,60.5,좌윤철,강인선,257
21258,제주,2005-08-14,한,수,,56,김한철,송방원,302
21259,제주,2005-08-14,한,수,,55,장성종,임상관,311
21260,제주,2005-08-20,한,수,,54,김한철,김용수,270
21261,제주,2005-08-20,한,수,,55,변용호,김산현,305
21262,제주,2005-08-20,한,수,,56,정성훈,김태옥,303
21263,제주,2005-08-20,한,수,,55,박병진,조동식,266
21264,제주,2005-08-20,한,수,,52,김한철,송방원,302
21265,제주,2005-08-20,한,수,,54,박병진,조동식,277
21266,제주,2005-08-20,한,수,,52,김영복,현상춘,290
21267,제주,2005-08-20,한,수,,54,김한철,강홍민,253
21268,제주,2005-08-20,한,수,,55,고성동,고승명,254
21269,제주,2005-08-20,한,수,,55,한상배,오기봉,282
21270,제주,2005-08-20,한,수,,54,변용호,오기봉,266
21271,제주,2005-08-20,한,수,,54,장성종,강도배,297
21272,제주,2005-08-20,한,수,,52.5,신경호,차연옥,234
21273,제주,2005-08-20,한,수,,51.5,윤덕상,김영일,288
21274,제주,2005-08-20,한,수,,54,고영덕,변창순,0
21275,제주,2005-08-20,한,암,,54,김한철,장두일,236
21276,제주,2005-08-20,한,거,,51.5,김성오,김예근,266
21277,제주,2005-08-20,한,수,,51,변용호,조태만,274
21278,제주,2005-08-20,한,암,,53,김성오,임상관,273
21279,제주,2005-08-20,한,암,,50,한상배,김창식,281
21280,제주,2005-08-20,한,암,,51,김한철,고영조,278
21281,제주,2005-08-20,한,암,,51,김한철,김용수,236
21282,제주,2005-08-20,한,암,,54,고성동,미듬종합,256
21283,제주,2005-08-20,한,수,,54,박병진,김인태,249
21284,제주,2005-08-20,한,암,,54,윤덕상,안석호,249
21285,제주,2005-08-20,한,암,,53,고성동,김순녀,264
21286,제주,2005-08-20,한,암,,52,윤덕상,양동우,247
21287,제주,2005-08-20,한,암,,51,변용호,현상춘,291
21288,제주,2005-08-20,한,암,,53,윤덕상,안석호,279
21289,제주,2005-08-20,한,암,,54,백인호,신종창,285
21290,제주,2005-08-20,한,암,,53,고영덕,강춘시,274
21291,제주,2005-08-20,한,암,,53,최기호,조동식,264
21292,제주,2005-08-20,한,암,,54,최기호,정완모,270
21293,제주,2005-08-20,한,암,,53,좌윤철,허영철,284
21294,제주,2005-08-20,한,암,,54.5,한상배,강상길,206
21295,제주,2005-08-20,한,암,,51,박병진,김한진,278
21296,제주,2005-08-20,한,암,,50,좌윤철,강진일,288
21297,제주,2005-08-20,한,암,,53,최기호,정완모,254
21298,제주,2005-08-20,한,암,,51,좌윤철,김정봉,297
21299,제주,2005-08-20,한,암,,50,한상배,김경남,263
21300,제주,2005-08-20,한,암,,50,윤덕상,강춘시,293
21301,제주,2005-08-20,한,암,,53,신경호,고영조,292
21302,제주,2005-08-20,한,암,,53,김영래,현상춘,260
21303,제주,2005-08-20,한,암,,55,고영덕,강성호,297
21304,제주,2005-08-20,한,암,,53,신경호,차연옥,298
21305,제주,2005-08-20,한,암,,51,좌윤철,허영철,246
21306,제주,2005-08-20,한,암,,54,김성오,강춘기,289
21307,제주,2005-08-20,한,암,,51,좌윤철,김홍진,336
21308,제주,2005-08-20,한,암,,51,신경호,고영조,262
21309,제주,2005-08-20,한,암,,54,변용호,진영진,282
21310,제주,2005-08-20,한,수,,55,김성오,변공민,318
21311,제주,2005-08-20,한,수,,55.5,정성훈,김용해,234
21312,제주,2005-08-20,한,암,,53,고성동,고한구,281
21313,제주,2005-08-20,한,수,,55,좌윤철,이창훈,293
21314,제주,2005-08-20,한,수,,51,신경호,한태국,270
21315,제주,2005-08-20,한,수,,54,고영덕,조창규,264
21316,제주,2005-08-20,한,수,,54,김성오,고하구,297
21317,제주,2005-08-20,한,수,,54,강대은,양동우,296
21318,제주,2005-08-20,한,수,,54,김영복,허영철,259
21319,제주,2005-08-20,한,수,,55,변용호,조태만,253
21320,제주,2005-08-20,한,수,,55,김영래,최기돈,274
21321,제주,2005-08-20,한,수,,54,장성종,김흥보,282
21322,제주,2005-08-20,한,수,,54.5,윤덕상,현상춘,259
21323,제주,2005-08-20,한,수,,54,백인호,송정웅,273
21324,제주,2005-08-20,한,수,,55,임용찬,문영준,287
21325,제주,2005-08-20,한,수,,54,강대은,김순녀,257
21326,제주,2005-08-20,한,수,,55,김영래,김순녀,239
21327,제주,2005-08-20,한,수,,54,임용찬,박영춘,297
21328,제주,2005-08-20,한,수,,54,고영덕,고상윤,283
21329,제주,2005-08-20,한,수,,51,윤덕상,한재두,260
21330,제주,2005-08-20,한,수,,55,김영복,강학민,295
21331,제주,2005-08-20,한,수,,55,최기호,김인태,282
21332,제주,2005-08-20,한,수,,54,장성종,김흥보,269
21333,제주,2005-08-20,한,수,,51,임용찬,천창수,274
21334,제주,2005-08-20,한,수,,55,임용찬,신승오,307
21335,제주,2005-08-20,한,수,,56,김영래,강태민,244
21336,제주,2005-08-20,한,수,,50,고성동,이정주,304
21337,제주,2005-08-20,한,수,,54,강대은,고임계,263
21338,제주,2005-08-21,한,암,,53,강대은,한태국,308
21339,제주,2005-08-21,한,암,,50,김성오,이종철,268
21340,제주,2005-08-21,한,암,,55,김영복,김태옥,297
21341,제주,2005-08-21,한,암,,53,김영래,최기돈,280
21342,제주,2005-08-21,한,수,,54,신경호,김국현,292
21343,제주,2005-08-21,한,수,,54,박병진,김한진,258
21344,제주,2005-08-21,한,수,,54,변용호,김산현,257
21345,제주,2005-08-21,한,암,,53,백인호,변공민,267
21346,제주,2005-08-21,한,수,,54,신경호,한태국,245
21347,제주,2005-08-21,한,암,,53,한상배,김창식,266
21348,제주,2005-08-21,한,암,,60,고영덕,김홍협,292
21349,제주,2005-08-21,한,암,,56.5,고성동,이정주,291
21350,제주,2005-08-21,한,암,,55,고영덕,고상윤,274
21351,제주,2005-08-21,한,암,,53,강대은,윤태현,264
21352,제주,2005-08-21,한,암,,53,백인호,안석호,272
21353,제주,2005-08-21,한,암,,54,정성훈,부오현,310
21354,제주,2005-08-21,한,암,,53,김성오,강성호,229
21355,제주,2005-08-21,한,암,,51,백인호,양동우,299
21356,제주,2005-08-21,한,암,,53,고영덕,김춘수,254
21357,제주,2005-08-21,한,암,,53,강대은,양동우,232
21358,제주,2005-08-21,한,암,,53,최기호,김인태,272
21359,제주,2005-08-21,한,암,,53,좌윤철,고하구,301
21360,제주,2005-08-21,한,암,,51,김영복,정이남,276
21361,제주,2005-08-21,한,암,,53,장성종,강도배,273
21362,제주,2005-08-21,한,암,,53,김성오,김예근,271
21363,제주,2005-08-21,한,암,,53,좌윤철,김용래,237
21364,제주,2005-08-21,한,암,,54,고성동,고한구,285
21365,제주,2005-08-21,한,암,,53,임용찬,유상호,278
21366,제주,2005-08-21,한,암,,53,임용찬,김복자,302
21367,제주,2005-08-21,한,암,,75,김영래,강태민,287
21368,제주,2005-08-21,한,암,,51,고성동,미듬종합,303
21369,제주,2005-08-21,한,암,,53,고성동,한성택,240
21370,제주,2005-08-21,한,암,,53,박병진,임태윤,276
21371,제주,2005-08-21,한,암,,51,한상배,김경남,277
21372,제주,2005-08-21,한,암,,50,신경호,김순녀,250
21373,제주,2005-08-21,한,암,,51,좌윤철,이용대,268
21374,제주,2005-08-21,한,암,,51,한상배,유상호,270
21375,제주,2005-08-21,한,암,,53,박병진,김복자,261
21376,제주,2005-08-21,한,암,,49,강대은,김홍협,224
21377,제주,2005-08-21,한,암,,54,최기호,강현수,252
21378,제주,2005-08-21,한,암,,54,장성종,임태윤,292
21379,제주,2005-08-21,한,수,,54,신경호,오기봉,270
21380,제주,2005-08-21,한,거,,55,정성훈,부오현,297
21381,제주,2005-08-21,한,암,,53,김영복,김덕인,273
21382,제주,2005-08-21,한,암,,52,신경호,차연옥,0
21383,제주,2005-08-21,한,암,,80,임용찬,고경현,330
21384,제주,2005-08-21,한,암,,50,김한철,고경수,277
21385,제주,2005-08-21,한,암,,54,윤덕상,김영일,226
21386,제주,2005-08-21,한,암,,54,최기호,김인태,297
21387,제주,2005-08-21,한,암,,49,좌윤철,고한구,286
21388,제주,2005-08-21,한,암,,53,최기호,김인태,292
21389,제주,2005-08-21,한,수,,54,고영덕,고상윤,282
21390,제주,2005-08-21,한,수,,55,김영래,송승준,294
21391,제주,2005-08-21,한,수,,56.5,한상배,임관호,269
21392,제주,2005-08-21,한,수,,54,강대은,한태국,287
21393,제주,2005-08-21,한,수,,54,고영덕,변창순,277
21394,제주,2005-08-21,한,수,,54,백인호,안석호,297
21395,제주,2005-08-21,한,수,,54,한상배,송방원,274
21396,제주,2005-08-21,한,수,,54,김영래,강태민,260
21397,제주,2005-08-21,한,수,,54,정성훈,김용해,293
21398,제주,2005-08-21,한,수,,54,김성오,김동후,245
21399,제주,2005-08-21,한,수,,52,고성동,김순녀,273
21400,제주,2005-08-21,한,수,,53,윤덕상,안석호,289
21401,제주,2005-08-21,한,수,,51,변용호,김무현,266
21402,제주,2005-08-21,한,수,,54,고영덕,이정주,315
21403,제주,2005-08-21,한,수,,54,김성오,송정웅,278
21404,제주,2005-08-21,한,수,,54.5,임용찬,문영준,320
21405,제주,2005-08-21,한,수,,55,김영래,강상우,292
21406,제주,2005-08-21,한,수,,54,윤덕상,안석호,296
21407,제주,2005-08-21,한,수,,52,윤덕상,고승명,228
21408,제주,2005-08-21,한,수,,54,장성종,장두일,249
21409,제주,2005-08-21,한,수,,54,김한철,강춘시,222
21410,제주,2005-08-21,한,수,,54,고성동,부용식,273
21411,제주,2005-08-21,한,수,,54,정성훈,조태만,266
21412,제주,2005-08-21,한,암,,51,한상배,강진일,262
21413,제주,2005-08-21,한,수,,55,장성종,고임계,279
21414,제주,2005-08-27,한,수,,54,백인호,김태옥,289
21415,제주,2005-08-27,한,수,,51,한상배,조창규,266
21416,제주,2005-08-27,한,수,,54,고영덕,이정주,254
21417,제주,2005-08-27,한,수,,54,김영래,강상우,279
21418,제주,2005-08-27,한,수,,55,김영래,송정웅,281
21419,제주,2005-08-27,한,수,,51,변용호,김태옥,289
21420,제주,2005-08-27,한,수,,54,장성종,조동식,303
21421,제주,2005-08-27,한,수,,52,윤덕상,고승명,223
21422,제주,2005-08-27,한,수,,54,김영래,김창만,278
21423,제주,2005-08-27,한,수,,54,고영덕,이원길,328
21424,제주,2005-08-27,한,암,,53,김성오,강학민,260
21425,제주,2005-08-27,한,암,,53,고영덕,변창순,308
21426,제주,2005-08-27,한,암,,53,장성종,강도배,279
21427,제주,2005-08-27,한,암,,53,변용호,장철환,279
21428,제주,2005-08-27,한,암,,53,강대은,강홍민,280
21429,제주,2005-08-27,한,암,,50,김영복,오춘광,282
21430,제주,2005-08-27,한,암,,55,고성동,고승명,279
21431,제주,2005-08-27,한,수,,54,고성동,고상운,274
21432,제주,2005-08-27,한,수,,51,김성오,고하구,284
21433,제주,2005-08-27,한,수,,55,좌윤철,장두일,297
21434,제주,2005-08-27,한,암,,55,윤덕상,박영춘,294
21435,제주,2005-08-27,한,암,,51,좌윤철,강인선,298
21436,제주,2005-08-27,한,암,,54,윤덕상,양동우,283
21437,제주,2005-08-27,한,암,,51,신경호,송승준,270
21438,제주,2005-08-27,한,암,,53,한상배,김종현,267
21439,제주,2005-08-27,한,암,,53,김영복,강기숙,269
21440,제주,2005-08-27,한,암,,56.5,임용찬,김경림,285
21441,제주,2005-08-27,한,암,,53,장성종,천창수,265
21442,제주,2005-08-27,한,암,,53,김한철,고경수,275
21443,제주,2005-08-27,한,수,,51,한상배,강현수,274
21444,제주,2005-08-27,한,암,,53,백인호,안석호,287
21445,제주,2005-08-27,한,암,,54,장성종,박칠성,261
21446,제주,2005-08-27,한,암,,53,고영덕,강성호,263
21447,제주,2005-08-27,한,암,,53,임용찬,유상호,272
21448,제주,2005-08-27,한,암,,53,최기호,강남환,291
21449,제주,2005-08-27,한,암,,54,최기호,오춘학,279
21450,제주,2005-08-27,한,수,,55,변용호,김산현,303
21451,제주,2005-08-27,한,암,,53,김한철,고영조,279
21452,제주,2005-08-27,한,암,,53,좌윤철,허영철,282
21453,제주,2005-08-27,한,암,,54,백인호,양동우,290
21454,제주,2005-08-27,한,암,,53,박병진,조동식,258
21455,제주,2005-08-27,한,암,,53,박병진,조동식,287
21456,제주,2005-08-27,한,암,,55,변용호,안석호,302
21457,제주,2005-08-27,한,암,,53,장성종,양방철,267
21458,제주,2005-08-27,한,암,,52,김영복,김태옥,300
21459,제주,2005-08-27,한,암,,51,김영복,정이남,277
21460,제주,2005-08-27,한,암,,53,신경호,김국현,264
21461,제주,2005-08-27,한,암,,57,고영덕,이원길,323
21462,제주,2005-08-27,한,암,,50,한상배,유상호,281
21463,제주,2005-08-27,한,암,,50,신경호,차연옥,301
21464,제주,2005-08-27,한,암,,53,최기호,김인태,284
21465,제주,2005-08-27,한,암,,53,강대은,이정주,270
21466,제주,2005-08-27,한,암,,53.5,정성훈,고영조,261
21467,제주,2005-08-27,한,암,,54.5,박병진,김인태,293
21468,제주,2005-08-27,한,암,,50,김한철,현구연,261
21469,제주,2005-08-27,한,암,,53,박병진,김태옥,263
21470,제주,2005-08-27,한,암,,54,최기호,정완모,278
21471,제주,2005-08-27,한,암,,54,강대은,김홍진,275
21472,제주,2005-08-27,한,암,,54,변용호,진영진,283
21473,제주,2005-08-27,한,암,,50,변용호,장철환,234
21474,제주,2005-08-27,한,암,,53,김영복,차연옥,273
21475,제주,2005-08-27,한,수,,54,김영복,허영철,275
21476,제주,2005-08-27,한,수,,56,장성종,고임계,255
21477,제주,2005-08-27,한,수,,55,김영복,강학민,302
21478,제주,2005-08-27,한,거,,56,고영덕,강성호,285
21479,제주,2005-08-27,한,암,,54,백인호,이창훈,277
21480,제주,2005-08-27,한,암,,53,신경호,한태국,279
21481,제주,2005-08-27,한,암,,53,고영덕,강춘시,277
21482,제주,2005-08-27,한,암,,51,박병진,송정웅,250
21483,제주,2005-08-27,한,암,,51,좌윤철,김정봉,271
21484,제주,2005-08-27,한,암,,53,백인호,김보준,276
21485,제주,2005-08-27,한,암,,55,정성훈,김용해,282
21486,제주,2005-08-27,한,수,,54,고성동,미듬종합,253
21487,제주,2005-08-27,한,수,,55,장성종,천창수,247
21488,제주,2005-08-27,한,수,,54,고영덕,이정주,309
21489,제주,2005-08-27,한,수,,54,최기호,조창규,277
21490,제주,2005-08-27,한,수,,55,최기호,조창규,239
21491,제주,2005-08-27,한,수,,52,김한철,강춘시,270
21492,제주,2005-08-27,한,수,,55,좌윤철,김홍진,297
21493,제주,2005-08-27,한,수,,51,신경호,한태국,269
21494,제주,2005-08-27,한,수,,51,윤덕상,강춘시,277
21495,제주,2005-08-27,한,수,,54,한상배,유상호,285
21496,제주,2005-08-27,한,수,,54,한상배,오기봉,275
21497,제주,2005-08-27,한,수,,51,김한철,고영조,269
21498,제주,2005-08-28,한,수,,53.5,윤덕상,고승명,258
21499,제주,2005-08-28,한,수,,53.5,좌윤철,김영일,296
21500,제주,2005-08-28,한,수,,54,김영복,허영철,265
21501,제주,2005-08-28,한,수,,51.5,김한철,고영조,297
21502,제주,2005-08-28,한,수,,54,정성훈,부오현,275
21503,제주,2005-08-28,한,수,,54,김영복,차연옥,278
21504,제주,2005-08-28,한,수,,54,박병진,김용수,264
21505,제주,2005-08-28,한,수,,54,백인호,안석호,287
21506,제주,2005-08-28,한,수,,51,고성동,이정주,266
21507,제주,2005-08-28,한,수,,62.5,최기호,김인태,304
21508,제주,2005-08-28,한,수,,52,김영복,오기봉,286
21509,제주,2005-08-28,한,수,,55.5,장성종,김경림,300
21510,제주,2005-08-28,한,수,,55,김영래,김종식,251
21511,제주,2005-08-28,한,수,,54,정성훈,조태만,271
21512,제주,2005-08-28,한,수,,54,고영덕,변창순,254
21513,제주,2005-08-28,한,수,,54,신경호,김국현,294
21514,제주,2005-08-28,한,암,,56,최기호,정완모,272
21515,제주,2005-08-28,한,암,,53,윤덕상,안석호,281
21516,제주,2005-08-28,한,거,,55,정성훈,부오현,294
21517,제주,2005-08-28,한,수,,57,정성훈,강남환,310
21518,제주,2005-08-28,한,암,,53,김한철,송방원,274
21519,제주,2005-08-28,한,암,,55,한상배,고임계,257
21520,제주,2005-08-28,한,암,,53,한상배,조창규,269
21521,제주,2005-08-28,한,암,,54,좌윤철,김홍진,321
21522,제주,2005-08-28,한,암,,54,박병진,문영준,301
21523,제주,2005-08-28,한,암,,53.5,고성동,이정주,252
21524,제주,2005-08-28,한,암,,53,백인호,이태보,251
21525,제주,2005-08-28,한,암,,51,좌윤철,이용대,267
21526,제주,2005-08-28,한,수,,51,김한철,김국현,268
21527,제주,2005-08-28,한,암,,48,김한철,고영조,275
21528,제주,2005-08-28,한,수,,54,임용찬,박영춘,285
21529,제주,2005-08-28,한,수,,55,백인호,강상길,236
21530,제주,2005-08-28,한,수,,54,신경호,김국현,250
21531,제주,2005-08-28,한,수,,51,김한철,김용수,270
21532,제주,2005-08-28,한,수,,55.5,김영복,김덕인,292
21533,제주,2005-08-28,한,수,,51,한상배,강상길,299
21534,제주,2005-08-28,한,암,,53,강대은,김정봉,262
21535,제주,2005-08-28,한,암,,53,고영덕,김종현,293
21536,제주,2005-08-28,한,암,,50,윤덕상,강기숙,292
21537,제주,2005-08-28,한,암,,51,좌윤철,김정봉,292
21538,제주,2005-08-28,한,암,,53,고성동,한성택,244
21539,제주,2005-08-28,한,암,,53.5,정성훈,조태만,308
21540,제주,2005-08-28,한,암,,54,김영복,한재두,280
21541,제주,2005-08-28,한,암,,49,한상배,이형준,0
21542,제주,2005-08-28,한,암,,50,박병진,고경수,266
21543,제주,2005-08-28,한,암,,51,좌윤철,김정봉,282
21544,제주,2005-08-28,한,암,,54,강대은,오춘광,316
21545,제주,2005-08-28,한,암,,54,고성동,김홍진,280
21546,제주,2005-08-28,한,암,,52,변용호,현상춘,282
21547,제주,2005-08-28,한,암,,53,김성오,김예근,308
21548,제주,2005-08-28,한,암,,53,고성동,고승명,280
21549,제주,2005-08-28,한,암,,50,변용호,차청일,307
21550,제주,2005-08-28,한,암,,50,윤덕상,강춘기,276
21551,제주,2005-08-28,한,암,,55,고영덕,고상윤,270
21552,제주,2005-08-28,한,암,,55,임용찬,문영준,304
21553,제주,2005-08-28,한,암,,53,김영래,강기숙,261
21554,제주,2005-08-28,한,암,,53,김성오,강성호,225
21555,제주,2005-08-28,한,암,,54,김영래,김창만,262
21556,제주,2005-08-28,한,암,,54,장성종,박칠성,279
21557,제주,2005-08-28,한,수,,55,임용찬,문영준,310
21558,제주,2005-08-28,한,수,,54,최기호,김인태,231
21559,제주,2005-08-28,한,수,,54,김영복,강기숙,270
21560,제주,2005-08-28,한,암,,55,백인호,변공민,287
21561,제주,2005-08-28,한,수,,54,강대은,강훈표,276
21562,제주,2005-08-28,한,수,,54.5,한상배,임관호,265
21563,제주,2005-08-28,한,수,,56,김영복,오기봉,294
21564,제주,2005-08-28,한,수,,51,윤덕상,강도배,271
21565,제주,2005-08-28,한,수,,55,김영래,강태민,288
21566,제주,2005-08-28,한,수,,53,한상배,오기봉,305
21567,제주,2005-08-28,한,수,,54,박병진,김태옥,271
21568,제주,2005-08-28,한,수,,55,장성종,고임계,281
21569,제주,2005-08-28,한,수,,50,김한철,유원택,268
21570,제주,2005-08-28,한,수,,51,김성오,김예근,271
21571,제주,2005-08-28,한,수,,54,백인호,고정홍,290
21572,제주,2005-08-28,한,수,,54,변용호,장두일,281
21573,제주,2005-08-28,한,수,,58,강대은,고홍휴,281
21574,제주,2005-08-28,한,수,,50,임용찬,천창수,227
21575,제주,2005-08-28,한,수,,53.5,변용호,조태만,255
21576,제주,2005-08-28,한,수,,54,고영덕,고상윤,283
21577,제주,2005-08-28,한,수,,54,김성오,김동후,245
21578,제주,2005-09-03,한,수,,54,강대은,강훈표,274
21579,제주,2005-09-03,한,수,,54,장성종,강도배,301
21580,제주,2005-09-03,한,수,,54,강대은,한태국,287
21581,제주,2005-09-03,한,수,,51,한상배,강도배,261
21582,제주,2005-09-03,한,수,,54,최기호,조동식,309
21583,제주,2005-09-03,한,수,,55,한상배,임승주,300
21584,제주,2005-09-03,한,수,,54,장성종,강도배,271
21585,제주,2005-09-03,한,수,,51,김한철,고영조,267
21586,제주,2005-09-03,한,수,,52,임용찬,박영춘,297
21587,제주,2005-09-03,한,수,,54,백인호,송정웅,276
21588,제주,2005-09-03,한,수,,54,윤덕상,안석호,295
21589,제주,2005-09-03,한,수,,54,백인호,김태옥,289
21590,제주,2005-09-03,한,수,,51,한상배,조창규,268
21591,제주,2005-09-03,한,수,,56,한상배,오기봉,277
21592,제주,2005-09-03,한,수,,54,김성오,고하구,287
21593,제주,2005-09-03,한,거,,52,김성오,김예근,266
21594,제주,2005-09-03,한,암,,53,박병진,김복자,262
21595,제주,2005-09-03,한,암,,50,고성동,김순녀,268
21596,제주,2005-09-03,한,암,,52,고성동,한성택,250
21597,제주,2005-09-03,한,암,,51,한상배,김창식,285
21598,제주,2005-09-03,한,암,,54,고성동,미듬종합,306
21599,제주,2005-09-03,한,암,,54,장성종,임태윤,290
21600,제주,2005-09-03,한,암,,50,고성동,고한구,283
21601,제주,2005-09-03,한,수,,56,최기호,조창규,277
21602,제주,2005-09-03,한,수,,53,윤덕상,김영일,283
21603,제주,2005-09-03,한,암,,50,변용호,현상춘,275
21604,제주,2005-09-03,한,암,,53,김영래,현상춘,258
21605,제주,2005-09-03,한,암,,53,최기호,조동식,266
21606,제주,2005-09-03,한,수,,54,고영덕,고상윤,283
21607,제주,2005-09-03,한,수,,54,김한철,강홍민,255
21608,제주,2005-09-03,한,수,,54,신경호,오기봉,277
21609,제주,2005-09-03,한,수,,51,윤덕상,한재두,258
21610,제주,2005-09-03,한,암,,52,신경호,고영조,263
21611,제주,2005-09-03,한,암,,53,백인호,안석호,287
21612,제주,2005-09-03,한,암,,53,장성종,장두일,282
21613,제주,2005-09-03,한,암,,50,한상배,송방원,242
21614,제주,2005-09-03,한,암,,53,고영덕,진창배,302
21615,제주,2005-09-03,한,암,,53,좌윤철,김영,317
21616,제주,2005-09-03,한,암,,53,최기호,정완모,255
21617,제주,2005-09-03,한,암,,51,좌윤철,김정봉,277
21618,제주,2005-09-03,한,암,,54,한상배,강상길,207
21619,제주,2005-09-03,한,암,,51,좌윤철,강인선,293
21620,제주,2005-09-03,한,암,,51,김영래,강태민,226
21621,제주,2005-09-03,한,암,,53,고영덕,강상우,258
21622,제주,2005-09-03,한,암,,51,박병진,김한진,276
21623,제주,2005-09-03,한,암,,55,강대은,한태국,298
21624,제주,2005-09-03,한,암,,53,고영덕,강춘시,272
21625,제주,2005-09-03,한,암,,54,김영복,강기숙,278
21626,제주,2005-09-03,한,암,,50,한상배,김창식,260
21627,제주,2005-09-03,한,암,,54.5,윤덕상,양동우,250
21628,제주,2005-09-03,한,암,,55,좌윤철,김홍진,318
21629,제주,2005-09-03,한,암,,53,최기호,강영종,286
21630,제주,2005-09-03,한,암,,54,백인호,신종창,286
21631,제주,2005-09-03,한,암,,54,강대은,오춘광,315
21632,제주,2005-09-03,한,암,,53,장성종,강도배,290
21633,제주,2005-09-03,한,암,,53,고영덕,김홍협,316
21634,제주,2005-09-03,한,암,,50,좌윤철,강진일,288
21635,제주,2005-09-03,한,암,,54.5,고성동,미듬종합,261
21636,제주,2005-09-03,한,암,,53,좌윤철,김용래,234
21637,제주,2005-09-03,한,암,,55,김한철,장두일,232
21638,제주,2005-09-03,한,암,,53,김성오,김예근,270
21639,제주,2005-09-03,한,수,,53,김영복,오기봉,281
21640,제주,2005-09-03,한,수,,54,백인호,안석호,298
21641,제주,2005-09-03,한,수,,51.5,장성종,장두일,253
21642,제주,2005-09-03,한,수,,55,정성훈,김용해,235
21643,제주,2005-09-03,한,수,,53,좌윤철,이창훈,288
21644,제주,2005-09-03,한,수,,55,김영래,김종식,254
21645,제주,2005-09-03,한,수,,51,김한철,조태만,294
21646,제주,2005-09-03,한,수,,55,김성오,강성호,259
21647,제주,2005-09-03,한,수,,53,박병진,조동식,267
21648,제주,2005-09-03,한,수,,52.5,신경호,차연옥,230
21649,제주,2005-09-03,한,수,,54,장성종,김흥보,283
21650,제주,2005-09-03,한,수,,54,박병진,김용수,255
21651,제주,2005-09-03,한,수,,51,김한철,송정웅,303
21652,제주,2005-09-03,한,수,,53,변용호,장철환,295
21653,제주,2005-09-03,한,수,,51,변용호,김무현,261
21654,제주,2005-09-03,한,수,,55,김성오,변공민,310
21655,제주,2005-09-03,한,수,,51,김영복,강기숙,285
21656,제주,2005-09-03,한,수,,54,변용호,박영춘,260
21657,제주,2005-09-03,한,수,,55,신경호,임상관,287
21658,제주,2005-09-03,한,수,,54,김성오,송정웅,283
21659,제주,2005-09-03,한,수,,54,김성오,고하구,297
21660,제주,2005-09-04,한,암,,53,김한철,송방원,268
21661,제주,2005-09-04,한,암,,49,김성오,이종철,267
21662,제주,2005-09-04,한,암,,53,최기호,김인태,271
21663,제주,2005-09-04,한,수,,52,김한철,강춘시,270
21664,제주,2005-09-04,한,수,,51,김영복,허영철,281
21665,제주,2005-09-04,한,암,,54,변용호,진영진,295
21666,제주,2005-09-04,한,암,,53,강대은,양동우,233
21667,제주,2005-09-04,한,암,,53,고영덕,진창배,275
21668,제주,2005-09-04,한,수,,54,고영덕,이정주,253
21669,제주,2005-09-04,한,암,,53,장성종,천창수,237
21670,제주,2005-09-04,한,암,,50,신경호,김순녀,253
21671,제주,2005-09-04,한,암,,50,변용호,차청일,306
21672,제주,2005-09-04,한,암,,50,윤덕상,강춘시,294
21673,제주,2005-09-04,한,암,,50,고성동,고상운,260
21674,제주,2005-09-04,한,암,,54,김영래,고경현,273
21675,제주,2005-09-04,한,암,,55.5,임용찬,김경림,279
21676,제주,2005-09-04,한,암,,53,백인호,변공민,273
21677,제주,2005-09-04,한,암,,55,김영래,강태민,273
21678,제주,2005-09-04,한,암,,50,좌윤철,고한구,288
21679,제주,2005-09-04,한,암,,54,좌윤철,김국현,307
21680,제주,2005-09-04,한,암,,51,윤덕상,안석호,251
21681,제주,2005-09-04,한,암,,53,박병진,김태옥,261
21682,제주,2005-09-04,한,암,,51,한상배,강진일,264
21683,제주,2005-09-04,한,암,,54,최기호,김인태,298
21684,제주,2005-09-04,한,암,,51,변용호,진영진,288
21685,제주,2005-09-04,한,암,,51,신경호,송승준,269
21686,제주,2005-09-04,한,암,,53,박병진,임태윤,279
21687,제주,2005-09-04,한,암,,53,박병진,양방철,275
21688,제주,2005-09-04,한,암,,53,정성훈,임관호,254
21689,제주,2005-09-04,한,암,,51,윤덕상,김영일,231
21690,제주,2005-09-04,한,암,,53,좌윤철,고하구,305
21691,제주,2005-09-04,한,암,,53,장성종,강도배,279
21692,제주,2005-09-04,한,암,,53,백인호,장두일,296
21693,제주,2005-09-04,한,암,,53,신경호,고영조,295
21694,제주,2005-09-04,한,암,,50,한상배,김종현,266
21695,제주,2005-09-04,한,암,,59.5,김한철,김용수,232
21696,제주,2005-09-04,한,암,,52,신경호,차연옥,267
21697,제주,2005-09-04,한,암,,53,강대은,정춘조,266
21698,제주,2005-09-04,한,암,,53,김성오,강춘기,238
21699,제주,2005-09-04,한,암,,54,최기호,강현수,257
21700,제주,2005-09-04,한,암,,50,한상배,유상호,280
21701,제주,2005-09-04,한,암,,54,최기호,정완모,274
21702,제주,2005-09-04,한,암,,54,김성오,강춘기,293
21703,제주,2005-09-04,한,암,,52,한상배,고임계,259
21704,제주,2005-09-04,한,암,,53,고성동,고승명,273
21705,제주,2005-09-04,한,암,,53,임용찬,김복자,256
21706,제주,2005-09-04,한,암,,53,박병진,고경수,267
21707,제주,2005-09-04,한,암,,50,김영복,김덕인,277
21708,제주,2005-09-04,한,암,,57,고영덕,변창순,289
21709,제주,2005-09-04,한,암,,50,한상배,김경남,259
21710,제주,2005-09-04,한,암,,79,임용찬,고경현,332
21711,제주,2005-09-04,한,암,,53,고영덕,김종현,293
21712,제주,2005-09-04,한,암,,50,백인호,안석호,278
21713,제주,2005-09-04,한,암,,53,장성종,강도배,274
21714,제주,2005-09-04,한,수,,54,고성동,부용식,280
21715,제주,2005-09-04,한,수,,54,김성오,김예근,268
21716,제주,2005-09-04,한,수,,51,좌윤철,김홍진,265
21717,제주,2005-09-04,한,수,,51,변용호,오기봉,261
21718,제주,2005-09-04,한,수,,53.5,임용찬,문영준,326
21719,제주,2005-09-04,한,수,,54,강대은,송승준,296
21720,제주,2005-09-04,한,수,,54,장성종,강학민,265
21721,제주,2005-09-04,한,수,,54,임용찬,박영춘,299
21722,제주,2005-09-04,한,수,,52.5,고성동,김순녀,275
21723,제주,2005-09-04,한,수,,54,김한철,강춘시,228
21724,제주,2005-09-04,한,수,,54,장성종,김흥보,270
21725,제주,2005-09-04,한,수,,54,고영덕,이원길,293
21726,제주,2005-09-04,한,수,,54.5,변용호,김산현,258
21727,제주,2005-09-04,한,수,,55,김영래,강상우,290
21728,제주,2005-09-04,한,수,,51,김한철,김국현,264
21729,제주,2005-09-04,한,수,,52,좌윤철,한태국,261
21730,제주,2005-09-04,한,수,,53.5,윤덕상,안석호,290
21731,제주,2005-09-04,한,수,,55,김영래,송승준,290
21732,제주,2005-09-04,한,수,,54,한상배,오기봉,275
21733,제주,2005-09-04,한,수,,54,고영덕,이원길,326
21734,제주,2005-09-04,한,수,,54,정성훈,조태만,270
21735,제주,2005-09-04,한,수,,54,고영덕,강성호,253
21736,제주,2005-09-04,한,거,,55,최기호,정완모,238
21737,제주,2005-09-04,한,암,,54,고성동,고한구,289
21738,제주,2005-09-10,한,암,,51,좌윤철,이용대,272
21739,제주,2005-09-10,한,암,,54,최기호,오춘학,281
21740,제주,2005-09-10,한,수,,51,김영복,허영철,262
21741,제주,2005-09-10,한,암,,51,한상배,강상길,209
21742,제주,2005-09-10,한,암,,53,김영래,최기돈,286
21743,제주,2005-09-10,한,수,,51,고성동,미듬종합,255
21744,제주,2005-09-10,한,수,,54,한상배,유상호,290
21745,제주,2005-09-10,한,수,,55,고영덕,오춘광,321
21746,제주,2005-09-10,한,수,,54,신경호,김국현,248
21747,제주,2005-09-10,한,수,,54,김영복,차연옥,278
21748,제주,2005-09-10,한,수,,54,정성훈,부오현,233
21749,제주,2005-09-10,한,수,,54,백인호,안석호,288
21750,제주,2005-09-10,한,수,,54,정성훈,임관호,315
21751,제주,2005-09-10,한,수,,52,김영래,김순녀,243
21752,제주,2005-09-10,한,수,,54,박병진,김태옥,276
21753,제주,2005-09-10,한,수,,51,한상배,강상길,301
21754,제주,2005-09-10,한,수,,54,고영덕,조창규,266
21755,제주,2005-09-10,한,수,,54,장성종,김흥보,267
21756,제주,2005-09-10,한,수,,52,최기호,변창순,250
21757,제주,2005-09-10,한,수,,54,장성종,강도배,269
21758,제주,2005-09-10,한,수,,51,변용호,안석호,283
21759,제주,2005-09-10,한,수,,54,고영덕,고상윤,281
21760,제주,2005-09-10,한,수,,54.5,백인호,강상길,242
21761,제주,2005-09-10,한,수,,50,임용찬,천창수,230
21762,제주,2005-09-10,한,수,,54,장성종,김흥보,258
21763,제주,2005-09-10,한,수,,54,김성오,강춘기,288
21764,제주,2005-09-10,한,수,,57,강대은,고홍휴,281
21765,제주,2005-09-10,한,수,,54,좌윤철,김용래,273
21766,제주,2005-09-10,한,수,,54,백인호,이태보,251
21767,제주,2005-09-10,한,수,,51,임용찬,천창수,279
21768,제주,2005-09-10,한,수,,54,임용찬,김복자,286
21769,제주,2005-09-10,한,수,,54,최기호,정완모,251
21770,제주,2005-09-10,한,수,,54,강대은,한태국,275
21771,제주,2005-09-10,한,수,,55,한상배,임승주,298
21772,제주,2005-09-10,한,수,,50,최기호,김인태,309
21773,제주,2005-09-10,한,수,,54,김영복,강기숙,286
21774,제주,2005-09-10,한,수,,54,김성오,김동후,250
21775,제주,2005-09-10,한,수,,54,최기호,김인태,236
21776,제주,2005-09-10,한,수,,54,장성종,조동식,306
21777,제주,2005-09-10,한,수,,54,신경호,김국현,300
21778,제주,2005-09-10,한,수,,55,좌윤철,허영철,297
21779,제주,2005-09-10,한,암,,53,김한철,송방원,281
21780,제주,2005-09-10,한,암,,50,박병진,송정웅,254
21781,제주,2005-09-10,한,거,,55,정성훈,부오현,304
21782,제주,2005-09-10,한,암,,53,윤덕상,강춘기,293
21783,제주,2005-09-10,한,암,,53,박병진,김한진,283
21784,제주,2005-09-10,한,암,,55,정성훈,김용해,281
21785,제주,2005-09-10,한,암,,53,백인호,변공민,272
21786,제주,2005-09-10,한,암,,53,신경호,차연옥,300
21787,제주,2005-09-10,한,암,,51,좌윤철,김홍진,335
21788,제주,2005-09-10,한,암,,54,김한철,김영일,0
21789,제주,2005-09-10,한,암,,53,김성오,임상관,275
21790,제주,2005-09-10,한,암,,50,윤덕상,강춘기,278
21791,제주,2005-09-10,한,암,,53,변용호,진영진,283
21792,제주,2005-09-10,한,암,,54,김한철,김용수,241
21793,제주,2005-09-10,한,암,,53,정성훈,고영조,257
21794,제주,2005-09-10,한,암,,53,최기호,강남환,293
21795,제주,2005-09-10,한,암,,54,박병진,김인태,290
21796,제주,2005-09-10,한,암,,53,백인호,고정홍,278
21797,제주,2005-09-10,한,암,,54,고성동,김홍진,283
21798,제주,2005-09-10,한,암,,53,정성훈,김용해,275
21799,제주,2005-09-10,한,암,,53,신경호,정영기,252
21800,제주,2005-09-10,한,암,,53,장성종,천창수,236
21801,제주,2005-09-10,한,암,,51.5,정성훈,김태옥,269
21802,제주,2005-09-10,한,암,,56,고성동,고승명,278
21803,제주,2005-09-10,한,암,,53,윤덕상,안석호,281
21804,제주,2005-09-10,한,암,,53,고영덕,강춘시,274
21805,제주,2005-09-10,한,암,,50,신경호,김국현,267
21806,제주,2005-09-10,한,암,,53,백인호,이태보,252
21807,제주,2005-09-10,한,암,,53.5,강대은,김홍협,226
21808,제주,2005-09-10,한,암,,52,신경호,한태국,260
21809,제주,2005-09-10,한,암,,53,고영덕,한남석,298
21810,제주,2005-09-10,한,암,,54,최기호,강현수,255
21811,제주,2005-09-10,한,암,,53,김영복,허영철,292
21812,제주,2005-09-10,한,암,,54.5,백인호,양동우,299
21813,제주,2005-09-10,한,암,,54,강대은,조종호,320
21814,제주,2005-09-10,한,암,,54,최기호,정완모,277
21815,제주,2005-09-10,한,암,,53,정성훈,조태만,325
21816,제주,2005-09-10,한,암,,53,장성종,강신정,269
21817,제주,2005-09-10,한,암,,53.5,변용호,현상춘,289
21818,제주,2005-09-10,한,수,,54,김영래,김보준,291
21819,제주,2005-09-10,한,수,,51,변용호,김태옥,292
21820,제주,2005-09-10,한,수,,52,김영복,강학민,309
21821,제주,2005-09-10,한,암,,51,한상배,김경남,290
21822,제주,2005-09-10,한,암,,53,박병진,조동식,256
21823,제주,2005-09-10,한,암,,53,고영덕,강상우,255
21824,제주,2005-09-10,한,암,,55.5,백인호,변공민,285
21825,제주,2005-09-10,한,암,,53,장성종,양방철,271
21826,제주,2005-09-10,한,암,,50,변용호,김홍진,247
21827,제주,2005-09-10,한,암,,53,강대은,이정주,275
21828,제주,2005-09-11,한,암,,53,윤덕상,강춘시,255
21829,제주,2005-09-11,한,암,,53,백인호,강상우,274
21830,제주,2005-09-11,한,암,,50,좌윤철,강인선,302
21831,제주,2005-09-11,한,수,,53,윤덕상,현상춘,267
21832,제주,2005-09-11,한,암,,53,박병진,조동식,292
21833,제주,2005-09-11,한,암,,55,장성종,박칠성,265
21834,제주,2005-09-11,한,암,,53,고성동,강영종,282
21835,제주,2005-09-11,한,암,,56,강대은,김홍협,316
21836,제주,2005-09-11,한,암,,53,한상배,오춘학,283
21837,제주,2005-09-11,한,암,,53,고영덕,김홍협,314
21838,제주,2005-09-11,한,암,,53,김성오,강춘기,259
21839,제주,2005-09-11,한,암,,54,좌윤철,김정봉,293
21840,제주,2005-09-11,한,암,,60,좌윤철,강인선,255
21841,제주,2005-09-11,한,수,,54,백인호,강상우,291
21842,제주,2005-09-11,한,수,,54,김영래,강상우,278
21843,제주,2005-09-11,한,수,,53,김영래,강태민,246
21844,제주,2005-09-11,한,수,,55,김영래,강태민,250
21845,제주,2005-09-11,한,수,,54,최기호,조창규,278
21846,제주,2005-09-11,한,수,,54,좌윤철,김홍진,261
21847,제주,2005-09-11,한,수,,52,좌윤철,한태국,260
21848,제주,2005-09-11,한,수,,54,신경호,오기봉,275
21849,제주,2005-09-11,한,수,,55,좌윤철,장두일,294
21850,제주,2005-09-11,한,수,,56,장성종,임상관,314
21851,제주,2005-09-11,한,암,,53,고영덕,강춘시,263
21852,제주,2005-09-11,한,암,,57.5,강대은,윤태현,265
21853,제주,2005-09-11,한,암,,54,김한철,장두일,233
21854,제주,2005-09-11,한,암,,54.5,고성동,이정주,291
21855,제주,2005-09-11,한,암,,54,최기호,김인태,300
21856,제주,2005-09-11,한,암,,51,김영복,정이남,282
21857,제주,2005-09-11,한,암,,51,좌윤철,김정봉,275
21858,제주,2005-09-11,한,암,,52,김영복,김태옥,307
21859,제주,2005-09-11,한,암,,50,김한철,고영조,283
21860,제주,2005-09-11,한,암,,53,박병진,조동식,292
21861,제주,2005-09-11,한,암,,56.5,좌윤철,김정봉,284
21862,제주,2005-09-11,한,암,,54,최기호,정완모,271
21863,제주,2005-09-11,한,수,,54,정성훈,부오현,268
21864,제주,2005-09-11,한,수,,57.5,정성훈,부오현,302
21865,제주,2005-09-11,한,수,,52,윤덕상,김영일,284
21866,제주,2005-09-11,한,수,,55,김영복,강기숙,271
21867,제주,2005-09-11,한,수,,54,고영덕,이정주,306
21868,제주,2005-09-11,한,암,,50,고성동,고한구,273
21869,제주,2005-09-11,한,암,,53,임용찬,문영준,297
21870,제주,2005-09-11,한,수,,56,김한철,김용수,279
21871,제주,2005-09-11,한,수,,55,김영래,송정웅,276
21872,제주,2005-09-11,한,암,,58,정성훈,김용해,326
21873,제주,2005-09-11,한,암,,54,장성종,박칠성,280
21874,제주,2005-09-11,한,암,,55,고영덕,고상윤,269
21875,제주,2005-09-11,한,암,,53,김영래,진창배,263
21876,제주,2005-09-11,한,암,,50,임용찬,임태윤,294
21877,제주,2005-09-11,한,암,,55,변용호,안석호,302
21878,제주,2005-09-11,한,암,,54,김성오,강춘기,291
21879,제주,2005-09-11,한,암,,53,장성종,강도배,270
21880,제주,2005-09-11,한,암,,53,장성종,강도배,289
21881,제주,2005-09-11,한,암,,53,김영복,조창규,255
21882,제주,2005-09-11,한,암,,51,고성동,미듬종합,311
21883,제주,2005-09-11,한,암,,53,고영덕,이원길,288
21884,제주,2005-09-11,한,암,,53,임용찬,박영춘,284
21885,제주,2005-09-11,한,암,,53,장성종,강길홍,286
21886,제주,2005-09-11,한,암,,53,김성오,강학민,255
21887,제주,2005-09-11,한,암,,54,윤덕상,양동우,289
21888,제주,2005-09-11,한,암,,51,한상배,강진일,264
21889,제주,2005-09-11,한,수,,54,최기호,오춘학,277
21890,제주,2005-09-11,한,수,,55,최기호,조창규,244
21891,제주,2005-09-11,한,수,,55,장성종,천창수,252
21892,제주,2005-09-11,한,수,,53,임용찬,신승오,257
21893,제주,2005-09-11,한,수,,54,백인호,고정홍,292
21894,제주,2005-09-11,한,수,,55,임용찬,박영춘,296
21895,제주,2005-09-11,한,수,,54,강대은,윤태현,256
21896,제주,2005-09-11,한,수,,51,고성동,이정주,262
21897,제주,2005-09-11,한,수,,55,장성종,고임계,278
21898,제주,2005-09-11,한,수,,57,윤덕상,현상춘,302
21899,제주,2005-09-11,한,수,,55,김성오,고하구,250
21900,제주,2005-09-11,한,수,,54,한상배,부용식,270
21901,제주,2005-09-11,한,수,,52,임용찬,문영준,284
21902,제주,2005-09-11,한,수,,53,김한철,송방원,305
21903,제주,2005-09-11,한,수,,51,김한철,고영조,293
21904,제주,2005-09-11,한,수,,56,장성종,고임계,256
21905,제주,2005-09-11,한,수,,52,신경호,박칠성,283
21906,제주,2005-09-11,한,수,,51,한상배,강현수,281
21907,제주,2005-09-11,한,수,,53,김영복,현상춘,300
21908,제주,2005-09-11,한,수,,54,변용호,박경식,311
21909,제주,2005-09-11,한,수,,53,임용찬,박영춘,257
21910,제주,2005-09-11,한,수,,56,최기호,조창규,275
21911,제주,2005-09-11,한,수,,53,변용호,김산현,308
21912,제주,2005-09-11,한,수,,55,좌윤철,김홍진,297
21913,제주,2005-09-11,한,수,,54,장성종,김흥보,278
21914,제주,2005-09-11,한,암,,55,박병진,문영준,301
21915,제주,2005-09-24,한,암,,53,최기호,조동식,271
21916,제주,2005-09-24,한,암,,53,강대은,강길홍,281
21917,제주,2005-09-24,한,암,,53,정성훈,김용해,275
21918,제주,2005-09-24,한,암,,52,정성훈,고영조,255
21919,제주,2005-09-24,한,수,,53,윤덕상,강도배,277
21920,제주,2005-09-24,한,수,,54,박병진,김경남,285
21921,제주,2005-09-24,한,수,,54,신경호,고하구,329
21922,제주,2005-09-24,한,수,,51,고성동,김순녀,278
21923,제주,2005-09-24,한,수,,55.5,최기호,변창순,251
21924,제주,2005-09-24,한,수,,54,고영덕,고상윤,294
21925,제주,2005-09-24,한,수,,54.5,박병진,조동식,271
21926,제주,2005-09-24,한,수,,54,정성훈,조태만,301
21927,제주,2005-09-24,한,수,,51,임용찬,천창수,279
21928,제주,2005-09-24,한,수,,52,김영복,강기숙,282
21929,제주,2005-09-24,한,수,,55,좌윤철,김홍진,299
21930,제주,2005-09-24,한,수,,51,한상배,강도배,276
21931,제주,2005-09-24,한,수,,54,장성종,천창수,267
21932,제주,2005-09-24,한,수,,51,임용찬,김복자,288
21933,제주,2005-09-24,한,수,,53,김성오,강성호,258
21934,제주,2005-09-24,한,수,,54,고영덕,오춘광,0
21935,제주,2005-09-24,한,수,,54,고영덕,강성호,259
21936,제주,2005-09-24,한,수,,51,김한철,김용수,286
21937,제주,2005-09-24,한,수,,52,임용찬,박영춘,301
21938,제주,2005-09-24,한,암,,51,변용호,진영진,289
21939,제주,2005-09-24,한,암,,53,김성오,임상관,282
21940,제주,2005-09-24,한,암,,54,백인호,양동우,300
21941,제주,2005-09-24,한,암,,50,고성동,고상운,261
21942,제주,2005-09-24,한,암,,54,김성오,강춘기,295
21943,제주,2005-09-24,한,암,,50,김영복,김덕인,281
21944,제주,2005-09-24,한,암,,51,박병진,송정웅,252
21945,제주,2005-09-24,한,수,,55,윤덕상,고승명,267
21946,제주,2005-09-24,한,암,,53,임용찬,유상호,276
21947,제주,2005-09-24,한,암,,54,고성동,고한구,291
21948,제주,2005-09-24,한,암,,53,정성훈,신종창,271
21949,제주,2005-09-24,한,암,,53,고성동,고정홍,271
21950,제주,2005-09-24,한,암,,53,좌윤철,고하구,303
21951,제주,2005-09-24,한,수,,54,김성오,고하구,299
21952,제주,2005-09-24,한,수,,54,장성종,김흥보,0
21953,제주,2005-09-24,한,수,,54,강대은,한태국,293
21954,제주,2005-09-24,한,암,,53,정성훈,임관호,0
21955,제주,2005-09-24,한,암,,50,윤덕상,강춘시,301
21956,제주,2005-09-24,한,암,,51,고성동,고승명,282
21957,제주,2005-09-24,한,암,,53,최기호,김인태,295
21958,제주,2005-09-24,한,수,,54,김성오,임상관,273
21959,제주,2005-09-24,한,수,,54,신경호,고성남,262
21960,제주,2005-09-24,한,수,,55,김영래,송승준,293
21961,제주,2005-09-24,한,암,,50,신경호,김순녀,262
21962,제주,2005-09-24,한,암,,53,신경호,차연옥,302
21963,제주,2005-09-24,한,암,,53,김한철,송방원,273
21964,제주,2005-09-24,한,암,,50,한상배,김경남,266
21965,제주,2005-09-24,한,암,,51,변용호,진영진,280
21966,제주,2005-09-24,한,암,,50,윤덕상,고하구,305
21967,제주,2005-09-24,한,암,,53,장성종,송정웅,252
21968,제주,2005-09-24,한,암,,53,고성동,조종호,292
21969,제주,2005-09-24,한,암,,50,변용호,차청일,306
21970,제주,2005-09-24,한,암,,50,임용찬,김복자,303
21971,제주,2005-09-24,한,암,,56,고영덕,강성호,306
21972,제주,2005-09-24,한,암,,53,최기호,정완모,257
21973,제주,2005-09-24,한,암,,53,임용찬,임태윤,292
21974,제주,2005-09-24,한,암,,50,고성동,김순녀,277
21975,제주,2005-09-24,한,암,,50,변용호,김홍진,288
21976,제주,2005-09-24,한,암,,50,임용찬,박영춘,290
21977,제주,2005-09-24,한,암,,50,김한철,고영조,281
21978,제주,2005-09-24,한,암,,54,최기호,정완모,274
21979,제주,2005-09-24,한,암,,50,고성동,김호영,260
21980,제주,2005-09-24,한,수,,54,김영래,강태민,260
21981,제주,2005-09-24,한,수,,51,임용찬,김복자,285
21982,제주,2005-09-24,한,수,,54,백인호,김태옥,292
21983,제주,2005-09-24,한,수,,51,한상배,오기봉,265
21984,제주,2005-09-24,한,수,,54,윤덕상,안석호,304
21985,제주,2005-09-24,한,수,,54,한상배,오기봉,285
21986,제주,2005-09-24,한,수,,52.5,변용호,조태만,257
21987,제주,2005-09-24,한,수,,52,좌윤철,허영철,303
21988,제주,2005-09-24,한,수,,54,고영덕,이원길,306
21989,제주,2005-09-24,한,수,,55,김영복,강학민,310
21990,제주,2005-09-24,한,수,,54,김영복,강학민,285
21991,제주,2005-09-24,한,수,,54,박병진,김용수,286
21992,제주,2005-09-24,한,수,,55,정성훈,김용해,245
21993,제주,2005-09-24,한,수,,54,윤덕상,강춘시,285
21994,제주,2005-09-24,한,수,,51,김영복,허영철,288
21995,제주,2005-09-24,한,수,,54,정성훈,김용해,300
21996,제주,2005-09-24,한,수,,53,최기호,김인태,302
21997,제주,2005-09-24,한,수,,54,고영덕,조창규,265
21998,제주,2005-09-24,한,수,,50,김한철,유원택,272
21999,제주,2005-09-24,한,수,,54,고성동,부용식,280
22000,제주,2005-09-24,한,암,,50,좌윤철,강인선,306
22001,제주,2005-09-24,한,수,,54,김성오,고하구,309
22002,제주,2005-09-25,한,암,,55,김성오,임상관,282
22003,제주,2005-09-25,한,암,,53,장성종,천창수,239
22004,제주,2005-09-25,한,암,,53,김성오,강성호,239
22005,제주,2005-09-25,한,암,,49,최기호,장성수,286
22006,제주,2005-09-25,한,암,,53,고성동,고승명,283
22007,제주,2005-09-25,한,암,,53,강대은,정춘조,263
22008,제주,2005-09-25,한,암,,51,변용호,장두일,277
22009,제주,2005-09-25,한,암,,50,변용호,현상춘,277
22010,제주,2005-09-25,한,수,,56,김한철,김용수,283
22011,제주,2005-09-25,한,암,,52,윤덕상,강기숙,300
22012,제주,2005-09-25,한,수,,53,변용호,박경식,311
22013,제주,2005-09-25,한,수,,54,백인호,김성진,276
22014,제주,2005-09-25,한,암,,50,윤덕상,양동우,236
22015,제주,2005-09-25,한,암,,53,고영덕,조창규,303
22016,제주,2005-09-25,한,암,,53,고영덕,진창배,284
22017,제주,2005-09-25,한,암,,60,고영덕,김홍협,295
22018,제주,2005-09-25,한,수,,54,고성동,이정주,298
22019,제주,2005-09-25,한,수,,54.5,한상배,임관호,275
22020,제주,2005-09-25,한,수,,54,김성오,송정웅,284
22021,제주,2005-09-25,한,암,,50,고성동,고상운,277
22022,제주,2005-09-25,한,암,,51,좌윤철,이용대,275
22023,제주,2005-09-25,한,암,,54,김한철,김영일,276
22024,제주,2005-09-25,한,암,,78,임용찬,고경현,331
22025,제주,2005-09-25,한,수,,52,김한철,강춘시,272
22026,제주,2005-09-25,한,수,,52,박병진,김경남,291
22027,제주,2005-09-25,한,거,,52.5,정성훈,김용해,318
22028,제주,2005-09-25,한,암,,54,김영복,한재두,288
22029,제주,2005-09-25,한,암,,54,김영래,고경현,278
22030,제주,2005-09-25,한,암,,59.5,김한철,김용수,235
22031,제주,2005-09-25,한,암,,57.5,고영덕,변창순,289
22032,제주,2005-09-25,한,암,,54,강대은,조종호,319
22033,제주,2005-09-25,한,암,,52,신경호,한태국,260
22034,제주,2005-09-25,한,암,,51,한상배,강진일,267
22035,제주,2005-09-25,한,암,,51,신경호,송승준,277
22036,제주,2005-09-25,한,암,,54,윤덕상,김영일,234
22037,제주,2005-09-25,한,암,,53,강대은,고홍휴,248
22038,제주,2005-09-25,한,암,,53,정성훈,조태만,319
22039,제주,2005-09-25,한,암,,51,김영복,정이남,286
22040,제주,2005-09-25,한,암,,53,고성동,강기숙,244
22041,제주,2005-09-25,한,암,,51,강대은,김홍협,221
22042,제주,2005-09-25,한,암,,54,최기호,김인태,275
22043,제주,2005-09-25,한,암,,56,한상배,조창규,277
22044,제주,2005-09-25,한,암,,53,백인호,안석호,275
22045,제주,2005-09-25,한,암,,52,최기호,정완모,279
22046,제주,2005-09-25,한,암,,73.5,김영래,강태민,302
22047,제주,2005-09-25,한,암,,50,김영복,허영철,291
22048,제주,2005-09-25,한,암,,53,고영덕,강상우,256
22049,제주,2005-09-25,한,암,,51,좌윤철,강인선,299
22050,제주,2005-09-25,한,암,,54.5,고성동,이정주,297
22051,제주,2005-09-25,한,암,,54,백인호,신종창,286
22052,제주,2005-09-25,한,암,,50,한상배,이형준,225
22053,제주,2005-09-25,한,암,,54,윤덕상,안석호,254
22054,제주,2005-09-25,한,암,,51,백인호,강상길,268
22055,제주,2005-09-25,한,수,,54,고영덕,이정주,305
22056,제주,2005-09-25,한,수,,54,신경호,김국현,299
22057,제주,2005-09-25,한,수,,54,정성훈,조태만,279
22058,제주,2005-09-25,한,수,,54,정성훈,김용해,298
22059,제주,2005-09-25,한,수,,55,신경호,임상관,292
22060,제주,2005-09-25,한,수,,55,김영래,김종식,259
22061,제주,2005-09-25,한,수,,53.5,변용호,김산현,259
22062,제주,2005-09-25,한,수,,54,김영복,김덕인,0
22063,제주,2005-09-25,한,수,,55.5,윤덕상,현상춘,306
22064,제주,2005-09-25,한,수,,54,백인호,고임계,250
22065,제주,2005-09-25,한,수,,54,강대은,김홍진,298
22066,제주,2005-09-25,한,수,,52,임용찬,문영준,287
22067,제주,2005-09-25,한,수,,54,정성훈,임관호,312
22068,제주,2005-09-25,한,수,,55,장성종,고임계,280
22069,제주,2005-09-25,한,수,,63,최기호,김인태,303
22070,제주,2005-09-25,한,수,,54,좌윤철,고하구,350
22071,제주,2005-09-25,한,수,,51,한상배,강현수,284
22072,제주,2005-09-25,한,수,,54,정성훈,조태만,274
22073,제주,2005-09-25,한,수,,54,윤덕상,강기숙,266
22074,제주,2005-09-25,한,거,,55,정성훈,부오현,306
22075,제주,2005-09-25,한,암,,51,백인호,이창훈,274
22076,제주,2005-09-25,한,암,,53,신경호,한태국,287
22077,제주,2005-09-25,한,수,,54,박병진,김인태,271
22078,제주,2005-09-25,한,수,,51,임용찬,신승오,302
22079,제주,2005-09-25,한,수,,53,좌윤철,이창훈,297
22080,제주,2005-09-25,한,수,,53,김영복,현상춘,299
22081,제주,2005-09-25,한,수,,54,김성오,김예근,273
22082,제주,2005-09-25,한,수,,55.5,김영복,김덕인,299
22083,제주,2005-09-25,한,수,,54,한상배,강상길,303
22084,제주,2005-09-25,한,수,,57,김영복,김태옥,310
22085,제주,2005-09-25,한,수,,51,변용호,진영진,262
22086,제주,2005-09-25,한,수,,51,한상배,송방원,282
22087,제주,2005-09-25,한,수,,54,장성종,강도배,299
22088,제주,2005-09-25,한,수,,54,신경호,김국현,305
22089,제주,2005-10-01,한,암,,54,좌윤철,김홍진,324
22090,제주,2005-10-01,한,암,,50,윤덕상,현상춘,273
22091,제주,2005-10-01,한,암,,50,좌윤철,김정봉,278
22092,제주,2005-10-01,한,암,,53,좌윤철,이종철,262
22093,제주,2005-10-01,한,암,,53,장성종,장두일,291
22094,제주,2005-10-01,한,암,,54,정성훈,김용해,283
22095,제주,2005-10-01,한,암,,53,변용호,진영진,300
22096,제주,2005-10-01,한,암,,53,김성오,강학민,271
22097,제주,2005-10-01,한,암,,53,강대은,이정주,272
22098,제주,2005-10-01,한,거,,55,김성오,김예근,268
22099,제주,2005-10-01,한,암,,54,김영복,정이남,280
22100,제주,2005-10-01,한,암,,55.5,김영래,강태민,269
22101,제주,2005-10-01,한,수,,54.5,김영래,강상우,292
22102,제주,2005-10-01,한,수,,54,박병진,문영준,308
22103,제주,2005-10-01,한,수,,54,강대은,강훈표,281
22104,제주,2005-10-01,한,암,,53,최기호,강영종,288
22105,제주,2005-10-01,한,암,,52,한상배,이형준,224
22106,제주,2005-10-01,한,암,,54,최기호,오춘학,276
22107,제주,2005-10-01,한,암,,55,백인호,변공민,285
22108,제주,2005-10-01,한,수,,52,고성동,이정주,301
22109,제주,2005-10-01,한,암,,50,백인호,안석호,287
22110,제주,2005-10-01,한,수,,51,백인호,송정웅,282
22111,제주,2005-10-01,한,수,,54,윤덕상,안석호,293
22112,제주,2005-10-01,한,암,,53,김성오,한성택,257
22113,제주,2005-10-01,한,암,,53,고영덕,변창순,312
22114,제주,2005-10-01,한,수,,52,한상배,임승주,299
22115,제주,2005-10-01,한,수,,55,김영래,김종식,254
22116,제주,2005-10-01,한,수,,54,김영복,오기봉,289
22117,제주,2005-10-01,한,수,,54,김영래,강태민,280
22118,제주,2005-10-01,한,수,,54,고영덕,고상윤,284
22119,제주,2005-10-01,한,수,,54,김영복,허영철,261
22120,제주,2005-10-01,한,수,,51,변용호,김무현,273
22121,제주,2005-10-01,한,수,,53,김한철,송방원,308
22122,제주,2005-10-01,한,수,,51,변용호,한재두,269
22123,제주,2005-10-01,한,수,,54,김성오,송정웅,290
22124,제주,2005-10-01,한,수,,54,백인호,안석호,310
22125,제주,2005-10-01,한,수,,54,강대은,한태국,280
22126,제주,2005-10-01,한,수,,54,강대은,윤태현,262
22127,제주,2005-10-01,한,수,,51,변용호,안석호,291
22128,제주,2005-10-01,한,수,,56,장성종,고임계,256
22129,제주,2005-10-01,한,수,,55,고영덕,변창순,250
22130,제주,2005-10-01,한,수,,55,김영래,송정웅,278
22131,제주,2005-10-01,한,수,,55,김성오,변공민,320
22132,제주,2005-10-01,한,수,,54,신경호,김국현,251
22133,제주,2005-10-01,한,수,,55,고영덕,이원길,325
22134,제주,2005-10-01,한,수,,54,백인호,안석호,294
22135,제주,2005-10-01,한,수,,54,김한철,송정웅,312
22136,제주,2005-10-01,한,수,,54,한상배,조창규,279
22137,제주,2005-10-01,한,수,,54,김성오,강춘기,287
22138,제주,2005-10-01,한,수,,55,장성종,천창수,257
22139,제주,2005-10-01,한,수,,54,정성훈,김용해,291
22140,제주,2005-10-01,한,수,,54,최기호,조창규,279
22141,제주,2005-10-01,한,수,,54,장성종,강학민,269
22142,제주,2005-10-01,한,수,,54,김영래,강상우,281
22143,제주,2005-10-01,한,수,,54,고성동,미듬종합,261
22144,제주,2005-10-01,한,수,,54,김영래,김종식,266
22145,제주,2005-10-01,한,암,,56.5,강대은,한태국,303
22146,제주,2005-10-01,한,암,,53,박병진,임태윤,288
22147,제주,2005-10-01,한,암,,54,좌윤철,김홍진,339
22148,제주,2005-10-01,한,거,,55,정성훈,부오현,303
22149,제주,2005-10-01,한,수,,51,윤덕상,한재두,263
22150,제주,2005-10-01,한,수,,54,강대은,강훈표,299
22151,제주,2005-10-01,한,암,,53,한상배,현원,274
22152,제주,2005-10-01,한,암,,51,김영복,강기숙,278
22153,제주,2005-10-01,한,암,,53,박병진,조동식,300
22154,제주,2005-10-01,한,암,,53,김영래,진창배,266
22155,제주,2005-10-01,한,암,,53,김성오,강춘기,257
22156,제주,2005-10-01,한,암,,55,윤덕상,김창식,298
22157,제주,2005-10-01,한,암,,50,임용찬,김복자,261
22158,제주,2005-10-01,한,암,,53,정성훈,김용해,316
22159,제주,2005-10-01,한,암,,53,박병진,김복자,267
22160,제주,2005-10-01,한,암,,55,고영덕,강성호,300
22161,제주,2005-10-01,한,암,,53,백인호,고정홍,287
22162,제주,2005-10-01,한,암,,53,고영덕,김종현,284
22163,제주,2005-10-01,한,암,,53,장성종,양방철,272
22164,제주,2005-10-01,한,암,,51,좌윤철,김정봉,285
22165,제주,2005-10-01,한,암,,54,백인호,신종창,288
22166,제주,2005-10-01,한,암,,49,한상배,김창식,287
22167,제주,2005-10-01,한,암,,54.5,변용호,현상춘,282
22168,제주,2005-10-01,한,암,,53,한상배,김창식,271
22169,제주,2005-10-01,한,암,,51,좌윤철,김정봉,294
22170,제주,2005-10-01,한,암,,54,좌윤철,김국현,316
22171,제주,2005-10-01,한,암,,50,고성동,강영종,283
22172,제주,2005-10-01,한,암,,55,신경호,한태국,256
22173,제주,2005-10-01,한,암,,53,신경호,송승준,275
22174,제주,2005-10-01,한,암,,50,변용호,장철환,236
22175,제주,2005-10-01,한,암,,53,김영래,현상춘,261
22176,제주,2005-10-02,한,수,,55.5,백인호,강상길,245
22177,제주,2005-10-02,한,암,,50,윤덕상,양동우,236
22178,제주,2005-10-02,한,암,,53,정성훈,조태만,323
22179,제주,2005-10-02,한,수,,56,장성종,임상관,310
22180,제주,2005-10-02,한,수,,54,김한철,윤태현,301
22181,제주,2005-10-02,한,수,,54,한상배,유상호,288
22182,제주,2005-10-02,한,수,,57.5,정성훈,부오현,308
22183,제주,2005-10-02,한,수,,53,최기호,변창순,250
22184,제주,2005-10-02,한,수,,54,박병진,김한진,272
22185,제주,2005-10-02,한,수,,54,백인호,이태보,248
22186,제주,2005-10-02,한,수,,51,변용호,김산현,311
22187,제주,2005-10-02,한,수,,54,김성오,고하구,290
22188,제주,2005-10-02,한,수,,54,고영덕,조창규,265
22189,제주,2005-10-02,한,암,,53,좌윤철,허영철,284
22190,제주,2005-10-02,한,수,,54,고성동,김정봉,281
22191,제주,2005-10-02,한,수,,51,좌윤철,한태국,264
22192,제주,2005-10-02,한,수,,54,백인호,이창훈,284
22193,제주,2005-10-02,한,수,,51,김한철,김국현,274
22194,제주,2005-10-02,한,수,,53,변용호,박경식,311
22195,제주,2005-10-02,한,수,,52,임용찬,김경남,327
22196,제주,2005-10-02,한,수,,54,김영래,김종식,224
22197,제주,2005-10-02,한,수,,54,최기호,오춘학,280
22198,제주,2005-10-02,한,수,,55,장성종,고임계,278
22199,제주,2005-10-02,한,수,,54,김영복,현상춘,287
22200,제주,2005-10-02,한,수,,54,신경호,김국현,302
22201,제주,2005-10-02,한,수,,52,신경호,박칠성,280
22202,제주,2005-10-02,한,수,,57,강대은,고홍휴,281
22203,제주,2005-10-02,한,수,,54,김영래,김순녀,242
22204,제주,2005-10-02,한,수,,51,김한철,고영조,295
22205,제주,2005-10-02,한,수,,54,한상배,부용식,276
22206,제주,2005-10-02,한,수,,53.5,박병진,조동식,266
22207,제주,2005-10-02,한,암,,53,고영덕,변창순,317
22208,제주,2005-10-02,한,암,,51,변용호,장두일,269
22209,제주,2005-10-02,한,암,,57,변용호,안석호,306
22210,제주,2005-10-02,한,암,,55,박병진,문영준,300
22211,제주,2005-10-02,한,수,,54,정성훈,김용해,296
22212,제주,2005-10-02,한,수,,54,김영래,김보준,291
22213,제주,2005-10-02,한,수,,54,백인호,고정홍,293
22214,제주,2005-10-02,한,수,,55,김영래,강태민,278
22215,제주,2005-10-02,한,수,,55,좌윤철,김홍진,297
22216,제주,2005-10-02,한,암,,50,변용호,장철환,290
22217,제주,2005-10-02,한,암,,52,최기호,장성수,284
22218,제주,2005-10-02,한,암,,54,최기호,강현수,251
22219,제주,2005-10-02,한,암,,53,박병진,김태옥,263
22220,제주,2005-10-02,한,암,,53,김영래,최기돈,282
22221,제주,2005-10-02,한,암,,55,고성동,이정주,252
22222,제주,2005-10-02,한,암,,50,윤덕상,강춘기,284
22223,제주,2005-10-02,한,암,,53,고영덕,강춘시,288
22224,제주,2005-10-02,한,암,,53,김성오,강성호,232
22225,제주,2005-10-02,한,암,,55.5,김한철,김용수,240
22226,제주,2005-10-02,한,암,,52,한상배,강상길,210
22227,제주,2005-10-02,한,암,,53,고영덕,이원길,293
22228,제주,2005-10-02,한,암,,53,좌윤철,김영,321
22229,제주,2005-10-02,한,암,,53,장성종,강신정,269
22230,제주,2005-10-02,한,암,,53,한상배,강현수,284
22231,제주,2005-10-02,한,암,,52,한상배,오춘학,277
22232,제주,2005-10-02,한,암,,51,고성동,미듬종합,306
22233,제주,2005-10-02,한,암,,54,최기호,정완모,271
22234,제주,2005-10-02,한,암,,52,장성종,박칠성,276
22235,제주,2005-10-02,한,암,,51,백인호,강상길,265
22236,제주,2005-10-02,한,암,,53,강대은,고홍휴,246
22237,제주,2005-10-02,한,암,,53,강대은,양동우,228
22238,제주,2005-10-02,한,암,,53,박병진,임태윤,274
22239,제주,2005-10-02,한,암,,53,김영래,김보준,265
22240,제주,2005-10-02,한,암,,53,박병진,조동식,253
22241,제주,2005-10-02,한,암,,54,윤덕상,양동우,290
22242,제주,2005-10-02,한,암,,53,김영래,송정웅,252
22243,제주,2005-10-02,한,암,,52,정성훈,김태옥,267
22244,제주,2005-10-02,한,암,,53,장성종,강도배,289
22245,제주,2005-10-02,한,암,,53,백인호,이태보,248
22246,제주,2005-10-02,한,암,,54,강대은,전건영,289
22247,제주,2005-10-02,한,암,,55,김성오,이종철,271
22248,제주,2005-10-02,한,암,,49,김한철,고영조,279
22249,제주,2005-10-02,한,암,,56,임용찬,김경림,284
22250,제주,2005-10-02,한,암,,54,김영복,김덕인,294
22251,제주,2005-10-02,한,암,,53,한상배,고임계,260
22252,제주,2005-10-02,한,수,,55,한상배,임관호,273
22253,제주,2005-10-02,한,수,,51,한상배,강현수,283
22254,제주,2005-10-02,한,암,,51,윤덕상,안석호,251
22255,제주,2005-10-02,한,암,,51,좌윤철,김정봉,269
22256,제주,2005-10-02,한,암,,50,고성동,고승명,280
22257,제주,2005-10-02,한,암,,53,한상배,유상호,282
22258,제주,2005-10-02,한,수,,54,김한철,송방원,286
22259,제주,2005-10-08,한,수,,51,백인호,고정홍,297
22260,제주,2005-10-08,한,암,,52,좌윤철,고한구,294
22261,제주,2005-10-08,한,암,,51,한상배,강진일,268
22262,제주,2005-10-08,한,수,,53,최기호,조창규,275
22263,제주,2005-10-08,한,수,,55,김한철,강춘시,271
22264,제주,2005-10-08,한,수,,54,강대은,송승준,302
22265,제주,2005-10-08,한,수,,54,정성훈,임관호,308
22266,제주,2005-10-08,한,수,,54,백인호,고임계,251
22267,제주,2005-10-08,한,수,,54,김성오,김동후,260
22268,제주,2005-10-08,한,수,,54,고성동,한성택,291
22269,제주,2005-10-08,한,수,,54,한상배,오기봉,285
22270,제주,2005-10-08,한,수,,54.5,고성동,김순녀,273
22271,제주,2005-10-08,한,수,,54,고영덕,변창순,294
22272,제주,2005-10-08,한,수,,54,고영덕,이정주,310
22273,제주,2005-10-08,한,수,,50,최기호,김인태,296
22274,제주,2005-10-08,한,수,,54,한상배,조창규,278
22275,제주,2005-10-08,한,수,,55,고영덕,오춘광,322
22276,제주,2005-10-08,한,수,,55,한상배,임승주,296
22277,제주,2005-10-08,한,수,,55,변용호,김산현,257
22278,제주,2005-10-08,한,수,,54,고영덕,고상윤,295
22279,제주,2005-10-08,한,수,,54,장성종,김흥보,282
22280,제주,2005-10-08,한,수,,54,박병진,김태옥,289
22281,제주,2005-10-08,한,암,,50,김성오,이종철,269
22282,제주,2005-10-08,한,암,,54.5,최기호,정완모,275
22283,제주,2005-10-08,한,암,,52,신경호,신태업,271
22284,제주,2005-10-08,한,암,,54,강대은,조종호,319
22285,제주,2005-10-08,한,암,,73,김영래,강태민,298
22286,제주,2005-10-08,한,암,,54,김영래,고경현,270
22287,제주,2005-10-08,한,암,,53,김성오,김예근,285
22288,제주,2005-10-08,한,암,,55,정성훈,김용해,278
22289,제주,2005-10-08,한,암,,54,윤덕상,김영일,235
22290,제주,2005-10-08,한,암,,54,강대은,정춘조,272
22291,제주,2005-10-08,한,암,,52.5,백인호,양동우,294
22292,제주,2005-10-08,한,암,,52,김영복,김태옥,304
22293,제주,2005-10-08,한,암,,53,신경호,김순녀,255
22294,제주,2005-10-08,한,암,,50,고성동,이정주,283
22295,제주,2005-10-08,한,수,,54,한상배,송방원,280
22296,제주,2005-10-08,한,수,,54,박병진,김용수,286
22297,제주,2005-10-08,한,암,,52,강대은,김홍협,221
22298,제주,2005-10-08,한,암,,53,정성훈,임관호,262
22299,제주,2005-10-08,한,암,,53,강대은,강길홍,285
22300,제주,2005-10-08,한,암,,50,고성동,고상운,268
22301,제주,2005-10-08,한,암,,53,고영덕,이원길,260
22302,제주,2005-10-08,한,수,,51,변용호,오기봉,269
22303,제주,2005-10-08,한,수,,54,김성오,고하구,299
22304,제주,2005-10-08,한,수,,54,변용호,현상춘,285
22305,제주,2005-10-08,한,수,,55,최기호,김인태,278
22306,제주,2005-10-08,한,수,,51,변용호,김경남,239
22307,제주,2005-10-08,한,수,,54,김영복,김덕인,248
22308,제주,2005-10-08,한,수,,54,김성오,고하구,286
22309,제주,2005-10-08,한,암,,53,장성종,박칠성,283
22310,제주,2005-10-08,한,암,,53,고영덕,강상우,256
22311,제주,2005-10-08,한,암,,53,한상배,현구연,256
22312,제주,2005-10-08,한,암,,53,김성오,한성택,251
22313,제주,2005-10-08,한,수,,54,장성종,조동식,306
22314,제주,2005-10-08,한,수,,54,좌윤철,김홍진,273
22315,제주,2005-10-08,한,수,,54,강대은,한태국,297
22316,제주,2005-10-08,한,암,,50,백인호,안석호,277
22317,제주,2005-10-08,한,암,,51,김한철,김용수,237
22318,제주,2005-10-08,한,암,,54,좌윤철,김국현,313
22319,제주,2005-10-08,한,암,,50,박병진,송정웅,250
22320,제주,2005-10-08,한,암,,50,변용호,차청일,308
22321,제주,2005-10-08,한,암,,53,최기호,정완모,251
22322,제주,2005-10-08,한,암,,51,좌윤철,김정봉,280
22323,제주,2005-10-08,한,암,,53,박병진,김인태,293
22324,제주,2005-10-08,한,암,,53,고성동,강기숙,251
22325,제주,2005-10-08,한,암,,53,고성동,고정홍,285
22326,제주,2005-10-08,한,암,,53,장성종,천창수,239
22327,제주,2005-10-08,한,암,,50,임용찬,유상호,282
22328,제주,2005-10-08,한,암,,53,김영복,조창규,254
22329,제주,2005-10-08,한,암,,54,정성훈,고영조,255
22330,제주,2005-10-08,한,암,,53,최기호,강남환,296
22331,제주,2005-10-08,한,암,,53,정성훈,신종창,277
22332,제주,2005-10-08,한,암,,53,좌윤철,김정봉,278
22333,제주,2005-10-08,한,암,,53,장성종,강길홍,287
22334,제주,2005-10-08,한,암,,53,박병진,김영일,270
22335,제주,2005-10-08,한,암,,53,김한철,장두일,240
22336,제주,2005-10-08,한,암,,50,김한철,현구연,260
22337,제주,2005-10-08,한,암,,51,백인호,이창훈,273
22338,제주,2005-10-08,한,암,,53,강대은,양동우,226
22339,제주,2005-10-08,한,암,,53,박병진,고경수,282
22340,제주,2005-10-08,한,수,,54,좌윤철,고하구,350
22341,제주,2005-10-08,한,수,,51,백인호,김태옥,295
22342,제주,2005-10-08,한,수,,54,고영덕,이원길,299
22343,제주,2005-10-08,한,암,,51,좌윤철,이용대,274
22344,제주,2005-10-08,한,암,,50,변용호,현상춘,273
22345,제주,2005-10-09,한,암,,50,좌윤철,김용래,235
22346,제주,2005-10-09,한,암,,53,고영덕,김종현,283
22347,제주,2005-10-09,한,암,,53,최기호,김인태,292
22348,제주,2005-10-09,한,암,,53,정성훈,조태만,293
22349,제주,2005-10-09,한,암,,53,김한철,송방원,291
22350,제주,2005-10-09,한,암,,53,한상배,김종현,266
22351,제주,2005-10-09,한,암,,54,장성종,박칠성,281
22352,제주,2005-10-09,한,암,,53,최기호,김인태,275
22353,제주,2005-10-09,한,암,,53,장성종,양방철,266
22354,제주,2005-10-09,한,암,,54,김영복,한재두,279
22355,제주,2005-10-09,한,암,,53,고영덕,조창규,297
22356,제주,2005-10-09,한,암,,50,고성동,고한구,281
22357,제주,2005-10-09,한,암,,54,고영덕,김무현,306
22358,제주,2005-10-09,한,암,,59,좌윤철,강인선,251
22359,제주,2005-10-09,한,암,,56,정성훈,김태옥,266
22360,제주,2005-10-09,한,암,,50,윤덕상,강춘시,295
22361,제주,2005-10-09,한,암,,55,고영덕,고상윤,265
22362,제주,2005-10-09,한,암,,54,최기호,정완모,273
22363,제주,2005-10-09,한,암,,53,고영덕,강춘기,280
22364,제주,2005-10-09,한,암,,50,고성동,김호영,260
22365,제주,2005-10-09,한,수,,52,김영복,강기숙,278
22366,제주,2005-10-09,한,수,,54,윤덕상,김영일,287
22367,제주,2005-10-09,한,수,,55,좌윤철,허영철,295
22368,제주,2005-10-09,한,수,,55.5,김영래,강태민,250
22369,제주,2005-10-09,한,수,,54,김영복,강기숙,293
22370,제주,2005-10-09,한,수,,54,고영덕,이정주,259
22371,제주,2005-10-09,한,수,,53,좌윤철,김영일,295
22372,제주,2005-10-09,한,수,,55,윤덕상,현상춘,305
22373,제주,2005-10-09,한,암,,51,고성동,강영종,283
22374,제주,2005-10-09,한,암,,54,김성오,임상관,285
22375,제주,2005-10-09,한,수,,54,김영복,오춘광,300
22376,제주,2005-10-09,한,수,,54.5,김영래,강태민,243
22377,제주,2005-10-09,한,수,,54,김성오,김예근,272
22378,제주,2005-10-09,한,수,,54,장성종,김흥보,274
22379,제주,2005-10-09,한,암,,53,고영덕,김홍협,320
22380,제주,2005-10-09,한,암,,54,좌윤철,김홍진,322
22381,제주,2005-10-09,한,암,,54,한상배,강상길,210
22382,제주,2005-10-09,한,암,,53,한상배,김창식,264
22383,제주,2005-10-09,한,암,,56.5,강대은,윤태현,269
22384,제주,2005-10-09,한,암,,53,강대은,김정봉,278
22385,제주,2005-10-09,한,암,,53,김성오,고하구,280
22386,제주,2005-10-09,한,암,,53,박병진,양방철,287
22387,제주,2005-10-09,한,암,,53,좌윤철,고하구,301
22388,제주,2005-10-09,한,암,,56.5,변용호,안석호,299
22389,제주,2005-10-09,한,암,,54,고성동,고한구,287
22390,제주,2005-10-09,한,암,,54,김성오,강춘기,291
22391,제주,2005-10-09,한,암,,50,백인호,변공민,272
22392,제주,2005-10-09,한,암,,54,변용호,진영진,284
22393,제주,2005-10-09,한,암,,54,김영복,강기숙,285
22394,제주,2005-10-09,한,암,,52,임용찬,문영준,300
22395,제주,2005-10-09,한,암,,54,한상배,고임계,257
22396,제주,2005-10-09,한,암,,53,김영복,김덕인,276
22397,제주,2005-10-09,한,암,,53,좌윤철,김영,310
22398,제주,2005-10-09,한,암,,52,한상배,오춘학,274
22399,제주,2005-10-09,한,암,,53,김영래,김보준,282
22400,제주,2005-10-09,한,암,,53,박병진,김한진,0
22401,제주,2005-10-09,한,암,,52,정성훈,조태만,316
22402,제주,2005-10-09,한,암,,53,좌윤철,강진일,305
22403,제주,2005-10-09,한,수,,51,박병진,김경남,295
22404,제주,2005-10-09,한,수,,55.5,김영복,김덕인,302
22405,제주,2005-10-09,한,수,,51,좌윤철,강진일,304
22406,제주,2005-10-09,한,수,,56,김성오,강성호,255
22407,제주,2005-10-09,한,수,,54,김성오,고하구,309
22408,제주,2005-10-09,한,수,,54,정성훈,조태만,295
22409,제주,2005-10-09,한,수,,55,김영래,송승준,291
22410,제주,2005-10-09,한,수,,54,윤덕상,안석호,305
22411,제주,2005-10-09,한,수,,55,정성훈,김용해,244
22412,제주,2005-10-09,한,수,,51,백인호,안석호,292
22413,제주,2005-10-09,한,수,,55,김영복,강학민,306
22414,제주,2005-10-09,한,수,,56.5,정성훈,강남환,320
22415,제주,2005-10-09,한,수,,50,김한철,고영조,293
22416,제주,2005-10-09,한,수,,55.5,임용찬,박영춘,272
22417,제주,2005-10-09,한,수,,56.5,장성종,김경림,310
22418,제주,2005-10-09,한,수,,54,김성오,고하구,256
22419,제주,2005-10-09,한,수,,53,윤덕상,현상춘,274
22420,제주,2005-10-09,한,수,,54,장성종,강도배,301
22421,제주,2005-10-09,한,수,,51,고성동,조종호,274
22422,제주,2005-10-09,한,수,,52,임용찬,박영춘,306
22423,제주,2005-10-09,한,수,,51.5,신경호,신태업,241
22424,제주,2005-10-09,한,수,,53.5,강대은,김홍진,296
22425,제주,2005-10-09,한,수,,52.5,임용찬,신승오,268
22426,제주,2005-10-09,한,수,,54,박병진,김경남,289
22427,제주,2005-10-09,한,수,,54,신경호,고하구,322
22428,제주,2005-10-09,한,수,,54,강대은,김순녀,271
22429,제주,2005-10-09,한,수,,53,윤덕상,강도배,278
22430,제주,2005-10-09,한,수,,54,신경호,오기봉,278
22431,제주,2005-10-09,한,수,,53,변용호,조태만,260
22432,제주,2005-10-09,한,수,,55,윤덕상,고승명,263
22433,제주,2005-10-15,한,수,,51,변용호,김무현,278
22434,제주,2005-10-15,한,수,,54,신경호,김국현,302
22435,제주,2005-10-15,한,수,,52,김영복,김덕인,287
22436,제주,2005-10-15,한,수,,54,고영덕,조창규,268
22437,제주,2005-10-15,한,수,,54,김성오,강춘기,290
22438,제주,2005-10-15,한,수,,51,윤덕상,한재두,268
22439,제주,2005-10-15,한,수,,51,김한철,김용수,291
22440,제주,2005-10-15,한,수,,54,윤덕상,안석호,294
22441,제주,2005-10-15,한,수,,53.5,고영덕,오춘광,324
22442,제주,2005-10-15,한,수,,54,임용찬,천창수,293
22443,제주,2005-10-15,한,수,,54,백인호,이태보,248
22444,제주,2005-10-15,한,수,,51,임용찬,김복자,299
22445,제주,2005-10-15,한,수,,54,김영래,강상우,280
22446,제주,2005-10-15,한,수,,54,장성종,강도배,275
22447,제주,2005-10-15,한,수,,54,신경호,한태국,259
22448,제주,2005-10-15,한,수,,54,강대은,고임계,235
22449,제주,2005-10-15,한,수,,54,김성오,김동후,260
22450,제주,2005-10-15,한,수,,54,장성종,강학민,271
22451,제주,2005-10-15,한,수,,51,백인호,안석호,309
22452,제주,2005-10-15,한,수,,54,강대은,강훈표,291
22453,제주,2005-10-15,한,암,,53,박병진,김복자,275
22454,제주,2005-10-15,한,암,,50,고성동,고승명,279
22455,제주,2005-10-15,한,암,,54.5,백인호,변공민,283
22456,제주,2005-10-15,한,암,,53,김한철,송방원,278
22457,제주,2005-10-15,한,암,,53,박병진,조동식,256
22458,제주,2005-10-15,한,암,,53,김한철,송방원,281
22459,제주,2005-10-15,한,암,,53,김성오,강성호,238
22460,제주,2005-10-15,한,암,,50,변용호,현구연,293
22461,제주,2005-10-15,한,암,,53,백인호,장두일,289
22462,제주,2005-10-15,한,암,,55,고성동,고승명,281
22463,제주,2005-10-15,한,수,,51,신경호,김국현,249
22464,제주,2005-10-15,한,수,,54.5,김한철,김용수,290
22465,제주,2005-10-15,한,수,,51,변용호,한재두,270
22466,제주,2005-10-15,한,수,,51,한상배,오기봉,289
22467,제주,2005-10-15,한,암,,52,변용호,진영진,283
22468,제주,2005-10-15,한,암,,52,신경호,한태국,251
22469,제주,2005-10-15,한,암,,53,고영덕,김홍협,317
22470,제주,2005-10-15,한,암,,53,김영래,현상춘,264
22471,제주,2005-10-15,한,암,,50,임용찬,김복자,312
22472,제주,2005-10-15,한,수,,54,고성동,부용식,278
22473,제주,2005-10-15,한,수,,54,장성종,김흥보,274
22474,제주,2005-10-15,한,수,,51,김한철,송정웅,311
22475,제주,2005-10-15,한,암,,53,좌윤철,김홍천,307
22476,제주,2005-10-15,한,암,,51,좌윤철,이용대,272
22477,제주,2005-10-15,한,암,,50,윤덕상,양동우,236
22478,제주,2005-10-15,한,거,,55,정성훈,부오현,308
22479,제주,2005-10-15,한,암,,54,최기호,오춘학,275
22480,제주,2005-10-15,한,암,,50,한상배,현원,279
22481,제주,2005-10-15,한,수,,55,임용찬,문영준,329
22482,제주,2005-10-15,한,암,,51,한상배,강진일,265
22483,제주,2005-10-15,한,암,,53,고성동,조종호,281
22484,제주,2005-10-15,한,암,,50,한상배,강현수,292
22485,제주,2005-10-15,한,암,,51,윤덕상,안석호,252
22486,제주,2005-10-15,한,암,,51,김영복,정이남,271
22487,제주,2005-10-15,한,암,,53,장성종,강도배,286
22488,제주,2005-10-15,한,암,,53,임용찬,유상호,282
22489,제주,2005-10-15,한,암,,53,박병진,조동식,296
22490,제주,2005-10-15,한,암,,53,김영복,허영철,298
22491,제주,2005-10-15,한,암,,53,백인호,고정홍,286
22492,제주,2005-10-15,한,암,,53,고영덕,변창순,310
22493,제주,2005-10-15,한,암,,54,윤덕상,김영일,230
22494,제주,2005-10-15,한,암,,53,신경호,김국현,266
22495,제주,2005-10-15,한,암,,56,김영래,강태민,262
22496,제주,2005-10-15,한,암,,53,김영래,윤태현,280
22497,제주,2005-10-15,한,암,,50,김한철,고영조,281
22498,제주,2005-10-15,한,암,,53,윤덕상,강춘시,259
22499,제주,2005-10-15,한,암,,53,박병진,김태옥,263
22500,제주,2005-10-15,한,암,,53,좌윤철,이종철,248
22501,제주,2005-10-15,한,암,,50,윤덕상,고하구,303
22502,제주,2005-10-15,한,암,,54,백인호,신종창,282
22503,제주,2005-10-15,한,암,,53,변용호,진영진,301
22504,제주,2005-10-15,한,암,,50,임용찬,임태윤,307
22505,제주,2005-10-15,한,암,,53,장성종,송정웅,257
22506,제주,2005-10-15,한,암,,53,고영덕,강성호,260
22507,제주,2005-10-15,한,암,,53,고영덕,강춘시,293
22508,제주,2005-10-15,한,암,,50,윤덕상,강춘기,291
22509,제주,2005-10-15,한,암,,53,고영덕,변창순,309
22510,제주,2005-10-15,한,수,,54,김성오,임상관,275
22511,제주,2005-10-15,한,수,,51,변용호,김경남,238
22512,제주,2005-10-15,한,수,,54,김영복,허영철,267
22513,제주,2005-10-15,한,암,,53,강대은,이정주,270
22514,제주,2005-10-15,한,암,,53,백인호,안석호,292
22515,제주,2005-10-15,한,수,,54,고영덕,고상윤,281
22516,제주,2005-10-15,한,수,,54,정성훈,강남환,290
22517,제주,2005-10-16,한,암,,51,좌윤철,김정봉,267
22518,제주,2005-10-16,한,암,,51,고성동,미듬종합,312
22519,제주,2005-10-16,한,암,,54,강대은,고임계,285
22520,제주,2005-10-16,한,암,,54,윤덕상,양동우,289
22521,제주,2005-10-16,한,암,,54,최기호,강현수,249
22522,제주,2005-10-16,한,암,,53,장성종,강신정,269
22523,제주,2005-10-16,한,암,,53,정성훈,김용해,287
22524,제주,2005-10-16,한,암,,53,좌윤철,고하구,303
22525,제주,2005-10-16,한,암,,49,김한철,고영조,277
22526,제주,2005-10-16,한,수,,55,장성종,천창수,280
22527,제주,2005-10-16,한,수,,54,고영덕,강춘시,313
22528,제주,2005-10-16,한,수,,55,좌윤철,장두일,301
22529,제주,2005-10-16,한,수,,55,좌윤철,김홍진,298
22530,제주,2005-10-16,한,암,,55,고영덕,고상윤,267
22531,제주,2005-10-16,한,수,,53,김한철,송방원,303
22532,제주,2005-10-16,한,수,,51.5,최기호,김인태,242
22533,제주,2005-10-16,한,수,,51,변용호,장두일,306
22534,제주,2005-10-16,한,암,,53,정성훈,김용해,315
22535,제주,2005-10-16,한,수,,53,한상배,부용식,280
22536,제주,2005-10-16,한,수,,55,장성종,천창수,259
22537,제주,2005-10-16,한,수,,51,변용호,안석호,300
22538,제주,2005-10-16,한,수,,54,김영복,강기숙,294
22539,제주,2005-10-16,한,암,,49,한상배,김창식,287
22540,제주,2005-10-16,한,거,,55,김성오,김예근,269
22541,제주,2005-10-16,한,암,,59,정성훈,김용해,342
22542,제주,2005-10-16,한,거,,52,고성동,정완모,296
22543,제주,2005-10-16,한,수,,54,김영래,김보준,294
22544,제주,2005-10-16,한,수,,50,백인호,고임계,253
22545,제주,2005-10-16,한,수,,54,한상배,유상호,294
22546,제주,2005-10-16,한,암,,49,변용호,강남환,286
22547,제주,2005-10-16,한,암,,55,고성동,미듬종합,267
22548,제주,2005-10-16,한,암,,53,김영래,진창배,259
22549,제주,2005-10-16,한,암,,53,김영래,최기돈,284
22550,제주,2005-10-16,한,암,,52,강대은,고홍휴,246
22551,제주,2005-10-16,한,암,,50,한상배,김종현,268
22552,제주,2005-10-16,한,암,,52,한상배,이형준,226
22553,제주,2005-10-16,한,암,,54,고영덕,김무현,304
22554,제주,2005-10-16,한,암,,56,임용찬,김경림,282
22555,제주,2005-10-16,한,암,,53,김한철,김용수,285
22556,제주,2005-10-16,한,암,,50,고성동,고승명,282
22557,제주,2005-10-16,한,암,,51,신경호,송승준,272
22558,제주,2005-10-16,한,암,,51,김영복,김덕인,290
22559,제주,2005-10-16,한,암,,51,백인호,강상길,267
22560,제주,2005-10-16,한,암,,54,강대은,전건영,293
22561,제주,2005-10-16,한,암,,53,김성오,고하구,279
22562,제주,2005-10-16,한,암,,50,임용찬,박영춘,302
22563,제주,2005-10-16,한,암,,51,박병진,강길홍,298
22564,제주,2005-10-16,한,수,,54,윤덕상,박영춘,284
22565,제주,2005-10-16,한,수,,54,변용호,장철환,297
22566,제주,2005-10-16,한,수,,54,김영복,현상춘,286
22567,제주,2005-10-16,한,암,,51,신경호,고영조,275
22568,제주,2005-10-16,한,암,,50,좌윤철,김정봉,280
22569,제주,2005-10-16,한,암,,54.5,윤덕상,양동우,259
22570,제주,2005-10-16,한,암,,52,임용찬,문영준,297
22571,제주,2005-10-16,한,암,,54,좌윤철,강인선,300
22572,제주,2005-10-16,한,암,,55,김영복,김태옥,300
22573,제주,2005-10-16,한,수,,54,고영덕,송정웅,306
22574,제주,2005-10-16,한,수,,54,박병진,문영준,311
22575,제주,2005-10-16,한,수,,52,임용찬,김경남,329
22576,제주,2005-10-16,한,수,,54,정성훈,강남환,309
22577,제주,2005-10-16,한,수,,54,변용호,김산현,307
22578,제주,2005-10-16,한,수,,51,좌윤철,한태국,266
22579,제주,2005-10-16,한,수,,54,변용호,박경식,312
22580,제주,2005-10-16,한,수,,56,장성종,고임계,260
22581,제주,2005-10-16,한,수,,52.5,정성훈,조태만,277
22582,제주,2005-10-16,한,수,,54,강대은,강훈표,298
22583,제주,2005-10-16,한,수,,55,장성종,고임계,279
22584,제주,2005-10-16,한,수,,54,신경호,김국현,298
22585,제주,2005-10-16,한,수,,54,백인호,장두일,310
22586,제주,2005-10-16,한,수,,52,윤덕상,김영일,284
22587,제주,2005-10-16,한,수,,54,백인호,강상우,291
22588,제주,2005-10-16,한,수,,54,김한철,윤태현,306
22589,제주,2005-10-16,한,수,,54,강대은,윤태현,265
22590,제주,2005-10-16,한,수,,54,백인호,고정홍,294
22591,제주,2005-10-16,한,수,,55,최기호,정완모,254
22592,제주,2005-10-16,한,수,,54,김영래,강태민,260
22593,제주,2005-10-16,한,수,,51,김한철,고영조,271
22594,제주,2005-10-16,한,수,,53.5,신경호,신태업,232
22595,제주,2005-10-16,한,수,,57,정성훈,부오현,307
22596,제주,2005-10-16,한,수,,54,최기호,조창규,280
22597,제주,2005-10-16,한,수,,55.5,장성종,임상관,306
22598,제주,2005-10-16,한,수,,57,박병진,김용해,311
22599,제주,2005-10-16,한,수,,51,임용찬,신승오,293
22600,제주,2005-10-16,한,수,,55,김영래,송정웅,275
22601,제주,2005-10-22,한,수,,51,임용찬,신승오,308
22602,제주,2005-10-22,한,수,,51,임용찬,박영춘,308
22603,제주,2005-10-22,한,수,,53,김성오,고하구,251
22604,제주,2005-10-22,한,수,,51,김한철,송정웅,314
22605,제주,2005-10-22,한,수,,54,정성훈,조태만,313
22606,제주,2005-10-22,한,수,,54,변용호,현상춘,289
22607,제주,2005-10-22,한,수,,54,박병진,김한진,279
22608,제주,2005-10-22,한,수,,54,고영덕,변창순,296
22609,제주,2005-10-22,한,수,,51,임용찬,천창수,302
22610,제주,2005-10-22,한,수,,54,강대은,한태국,297
22611,제주,2005-10-22,한,수,,55.5,김영래,강태민,244
22612,제주,2005-10-22,한,수,,51,박병진,김용수,293
22613,제주,2005-10-22,한,수,,56,최기호,변창순,257
22614,제주,2005-10-22,한,수,,51,변용호,오기봉,270
22615,제주,2005-10-22,한,수,,54,윤덕상,강기숙,276
22616,제주,2005-10-22,한,수,,54,강대은,김순녀,273
22617,제주,2005-10-22,한,수,,51,한상배,조창규,281
22618,제주,2005-10-22,한,수,,54,고영덕,이원길,309
22619,제주,2005-10-22,한,수,,52,임용찬,신승오,269
22620,제주,2005-10-22,한,수,,54,신경호,오기봉,0
22621,제주,2005-10-22,한,수,,54,김성오,송정웅,295
22622,제주,2005-10-22,한,수,,52,변용호,조태만,259
22623,제주,2005-10-22,한,암,,53,김성오,김예근,283
22624,제주,2005-10-22,한,암,,53,변용호,현상춘,270
22625,제주,2005-10-22,한,암,,53,윤덕상,고하구,298
22626,제주,2005-10-22,한,수,,54,김성오,고하구,315
22627,제주,2005-10-22,한,수,,56,김성오,강성호,255
22628,제주,2005-10-22,한,수,,51,한상배,송방원,290
22629,제주,2005-10-22,한,암,,55,박병진,김인태,296
22630,제주,2005-10-22,한,암,,53,백인호,변공민,274
22631,제주,2005-10-22,한,암,,53,최기호,김인태,295
22632,제주,2005-10-22,한,암,,53,고영덕,이원길,298
22633,제주,2005-10-22,한,암,,53,김영복,강학민,310
22634,제주,2005-10-22,한,수,,51,김한철,김국현,277
22635,제주,2005-10-22,한,암,,53,백인호,고정홍,286
22636,제주,2005-10-22,한,수,,50,백인호,장덕지,239
22637,제주,2005-10-22,한,암,,53,좌윤철,김영,311
22638,제주,2005-10-22,한,암,,53,박병진,조동식,308
22639,제주,2005-10-22,한,암,,53,신경호,송승준,0
22640,제주,2005-10-22,한,암,,53,박병진,임태윤,283
22641,제주,2005-10-22,한,암,,53,정성훈,조태만,328
22642,제주,2005-10-22,한,수,,52,윤덕상,현상춘,278
22643,제주,2005-10-22,한,수,,54,김성오,김예근,273
22644,제주,2005-10-22,한,암,,50,한상배,현구연,254
22645,제주,2005-10-22,한,암,,50,고성동,고한구,280
22646,제주,2005-10-22,한,암,,50,윤덕상,현상춘,278
22647,제주,2005-10-22,한,암,,50,한상배,유상호,289
22648,제주,2005-10-22,한,암,,58,좌윤철,강인선,254
22649,제주,2005-10-22,한,암,,50,신경호,신태업,302
22650,제주,2005-10-22,한,암,,53,고영덕,강춘시,287
22651,제주,2005-10-22,한,암,,50,고성동,이정주,289
22652,제주,2005-10-22,한,암,,53,변용호,장철환,274
22653,제주,2005-10-22,한,암,,53,최기호,정완모,294
22654,제주,2005-10-22,한,암,,53,고성동,고상운,278
22655,제주,2005-10-22,한,암,,53,고성동,강영종,280
22656,제주,2005-10-22,한,암,,50,윤덕상,강춘시,303
22657,제주,2005-10-22,한,암,,56,고영덕,강성호,308
22658,제주,2005-10-22,한,암,,56,강대은,윤태현,264
22659,제주,2005-10-22,한,수,,50,고성동,이정주,309
22660,제주,2005-10-22,한,수,,54,김성오,고하구,287
22661,제주,2005-10-22,한,수,,51,변용호,장철환,264
22662,제주,2005-10-22,한,수,,54,백인호,이창훈,283
22663,제주,2005-10-22,한,수,,56,김영복,강기숙,286
22664,제주,2005-10-22,한,수,,54,장성종,김흥보,289
22665,제주,2005-10-22,한,수,,54,좌윤철,김홍진,277
22666,제주,2005-10-22,한,수,,49,김한철,유원택,271
22667,제주,2005-10-22,한,수,,50,윤덕상,강도배,277
22668,제주,2005-10-22,한,수,,54,김한철,김무현,278
22669,제주,2005-10-22,한,수,,58,강대은,김홍진,296
22670,제주,2005-10-22,한,수,,55.5,김영래,강태민,255
22671,제주,2005-10-22,한,수,,56,김한철,김용수,290
22672,제주,2005-10-22,한,수,,54,고영덕,고상윤,298
22673,제주,2005-10-22,한,수,,54,정성훈,김용해,310
22674,제주,2005-10-22,한,수,,51,김한철,고영조,274
22675,제주,2005-10-22,한,수,,54,최기호,오춘학,0
22676,제주,2005-10-22,한,암,,53,신경호,오춘학,253
22677,제주,2005-10-22,한,암,,56,한상배,조창규,273
22678,제주,2005-10-22,한,암,,53,장성종,박칠성,280
22679,제주,2005-10-22,한,암,,53,강대은,김정봉,283
22680,제주,2005-10-22,한,암,,53,고영덕,강상우,256
22681,제주,2005-10-22,한,거,,54,임용찬,박영춘,279
22682,제주,2005-10-22,한,수,,56,고영덕,이원길,336
22683,제주,2005-10-22,한,암,,53,정성훈,고영조,256
22684,제주,2005-10-22,한,암,,53,김영래,김보준,271
22685,제주,2005-10-22,한,수,,54,장성종,조동식,305
22686,제주,2005-10-22,한,수,,56,최기호,조창규,282
22687,제주,2005-10-23,한,암,,53,정성훈,고영조,322
22688,제주,2005-10-23,한,암,,53,백인호,안석호,291
22689,제주,2005-10-23,한,암,,50,박병진,임태윤,289
22690,제주,2005-10-23,한,암,,50,좌윤철,고한구,294
22691,제주,2005-10-23,한,암,,53,한상배,김창식,262
22692,제주,2005-10-23,한,암,,54,좌윤철,김홍진,324
22693,제주,2005-10-23,한,암,,53,고영덕,진창배,282
22694,제주,2005-10-23,한,암,,53,김영복,허영철,299
22695,제주,2005-10-23,한,암,,53,고영덕,변창순,311
22696,제주,2005-10-23,한,암,,60,고영덕,김홍협,296
22697,제주,2005-10-23,한,수,,54,김한철,송방원,293
22698,제주,2005-10-23,한,암,,54,김영래,고경현,286
22699,제주,2005-10-23,한,암,,55.5,고성동,이정주,298
22700,제주,2005-10-23,한,수,,51,백인호,고정홍,296
22701,제주,2005-10-23,한,수,,54,김영래,김창만,286
22702,제주,2005-10-23,한,수,,54,박병진,문영준,316
22703,제주,2005-10-23,한,암,,53,박병진,조동식,296
22704,제주,2005-10-23,한,암,,53,김성오,한성택,256
22705,제주,2005-10-23,한,수,,56.5,정성훈,강남환,320
22706,제주,2005-10-23,한,수,,54,고영덕,이정주,262
22707,제주,2005-10-23,한,암,,50,김영복,김덕인,277
22708,제주,2005-10-23,한,암,,53,김성오,강춘기,257
22709,제주,2005-10-23,한,암,,54,김영복,강기숙,292
22710,제주,2005-10-23,한,암,,53,고영덕,조창규,280
22711,제주,2005-10-23,한,암,,57,고영덕,변창순,288
22712,제주,2005-10-23,한,암,,53,김영래,김종식,271
22713,제주,2005-10-23,한,암,,50,좌윤철,김정봉,278
22714,제주,2005-10-23,한,암,,54,좌윤철,김용래,286
22715,제주,2005-10-23,한,암,,50,변용호,김홍진,293
22716,제주,2005-10-23,한,암,,53,고영덕,이원길,304
22717,제주,2005-10-23,한,암,,51.5,정성훈,조태만,319
22718,제주,2005-10-23,한,암,,73.5,김영래,강태민,303
22719,제주,2005-10-23,한,암,,50,강대은,김홍협,222
22720,제주,2005-10-23,한,암,,51,김한철,김영일,278
22721,제주,2005-10-23,한,암,,53,장성종,양방철,266
22722,제주,2005-10-23,한,암,,50,박병진,고경수,273
22723,제주,2005-10-23,한,암,,53,최기호,김인태,274
22724,제주,2005-10-23,한,수,,54,정성훈,김용해,306
22725,제주,2005-10-23,한,수,,53,변용호,김산현,257
22726,제주,2005-10-23,한,수,,54,김성오,임상관,278
22727,제주,2005-10-23,한,수,,54,백인호,안석호,294
22728,제주,2005-10-23,한,수,,54,김영복,허영철,265
22729,제주,2005-10-23,한,수,,54,신경호,고태오,276
22730,제주,2005-10-23,한,수,,54,백인호,송정웅,289
22731,제주,2005-10-23,한,수,,54,최기호,조동식,342
22732,제주,2005-10-23,한,수,,55,한상배,임승주,300
22733,제주,2005-10-23,한,수,,55.5,장성종,김경림,309
22734,제주,2005-10-23,한,수,,54,정성훈,강남환,294
22735,제주,2005-10-23,한,수,,51,신경호,임상관,289
22736,제주,2005-10-23,한,수,,51,한상배,강현수,284
22737,제주,2005-10-23,한,수,,51,변용호,안석호,297
22738,제주,2005-10-23,한,수,,54,신경호,고하구,321
22739,제주,2005-10-23,한,수,,51,한상배,송방원,282
22740,제주,2005-10-23,한,암,,60.5,김한철,김용수,235
22741,제주,2005-10-23,한,암,,53,좌윤철,강진일,304
22742,제주,2005-10-23,한,암,,53,박병진,김영일,281
22743,제주,2005-10-23,한,암,,58,변용호,안석호,302
22744,제주,2005-10-23,한,암,,51,좌윤철,김정봉,277
22745,제주,2005-10-23,한,암,,53,고성동,김순녀,273
22746,제주,2005-10-23,한,암,,52,강대은,정춘조,277
22747,제주,2005-10-23,한,수,,54,정성훈,조태만,299
22748,제주,2005-10-23,한,수,,54,좌윤철,강진일,309
22749,제주,2005-10-23,한,수,,54,신경호,한태국,260
22750,제주,2005-10-23,한,암,,51,김영복,정이남,274
22751,제주,2005-10-23,한,암,,54,백인호,이창훈,276
22752,제주,2005-10-23,한,암,,55,박병진,김태옥,265
22753,제주,2005-10-23,한,수,,53,박병진,김인태,278
22754,제주,2005-10-23,한,암,,53,최기호,정완모,295
22755,제주,2005-10-23,한,수,,50,박병진,김경남,299
22756,제주,2005-10-23,한,암,,51,백인호,안석호,277
22757,제주,2005-10-23,한,수,,53,좌윤철,김영일,293
22758,제주,2005-10-23,한,수,,54,김영복,오기봉,308
22759,제주,2005-10-23,한,수,,54,김영복,신태업,285
22760,제주,2005-10-23,한,수,,54,윤덕상,현상춘,309
22761,제주,2005-10-23,한,수,,54,한상배,유상호,293
22762,제주,2005-10-23,한,수,,54,백인호,고정홍,279
22763,제주,2005-10-23,한,수,,54,윤덕상,박영춘,280
22764,제주,2005-10-23,한,수,,55,김영래,송정웅,277
22765,제주,2005-10-23,한,수,,54,고성동,한성택,283
22766,제주,2005-10-23,한,수,,54,김성오,고하구,292
22767,제주,2005-10-23,한,수,,54,정성훈,부오현,288
22768,제주,2005-10-23,한,수,,51,김영복,김태옥,306
22769,제주,2005-10-23,한,수,,51,변용호,진영진,273
22770,제주,2005-10-23,한,수,,55,김영래,최기돈,308
22771,제주,2005-10-23,한,수,,55,정성훈,임관호,316
22772,제주,2005-10-23,한,수,,63,최기호,김인태,305
22773,제주,2005-10-29,한,암,,50,임용찬,박영춘,301
22774,제주,2005-10-29,한,암,,50,김영래,강태민,230
22775,제주,2005-10-29,한,암,,54,신경호,송승준,273
22776,제주,2005-10-29,한,수,,51,김영래,김종식,234
22777,제주,2005-10-29,한,수,,54,강대은,한태국,286
22778,제주,2005-10-29,한,수,,54,정성훈,강남환,304
22779,제주,2005-10-29,한,수,,55,장성종,천창수,259
22780,제주,2005-10-29,한,암,,53,윤덕상,강춘시,245
22781,제주,2005-10-29,한,수,,56,김한철,송방원,300
22782,제주,2005-10-29,한,수,,55,강대은,정춘조,292
22783,제주,2005-10-29,한,수,,54,강대은,윤태현,264
22784,제주,2005-10-29,한,수,,54,김성오,송정웅,294
22785,제주,2005-10-29,한,수,,55,최기호,김인태,282
22786,제주,2005-10-29,한,수,,55,김영래,강태민,282
22787,제주,2005-10-29,한,수,,54,신경호,김국현,299
22788,제주,2005-10-29,한,수,,49,백인호,고임계,254
22789,제주,2005-10-29,한,수,,52,좌윤철,허영철,295
22790,제주,2005-10-29,한,수,,54,정성훈,조태만,309
22791,제주,2005-10-29,한,수,,54,장성종,장두일,286
22792,제주,2005-10-29,한,수,,51,김한철,김용수,293
22793,제주,2005-10-29,한,암,,51,윤덕상,안석호,254
22794,제주,2005-10-29,한,암,,54,정성훈,김용해,289
22795,제주,2005-10-29,한,수,,54,김영복,강기숙,299
22796,제주,2005-10-29,한,암,,53,박병진,조동식,260
22797,제주,2005-10-29,한,암,,53,김성오,고하구,277
22798,제주,2005-10-29,한,암,,53,고영덕,강춘시,278
22799,제주,2005-10-29,한,암,,50,윤덕상,안석호,286
22800,제주,2005-10-29,한,암,,55,고성동,미듬종합,260
22801,제주,2005-10-29,한,암,,51,백인호,이창훈,277
22802,제주,2005-10-29,한,암,,53,고성동,고정홍,284
22803,제주,2005-10-29,한,암,,54,김성오,강춘기,292
22804,제주,2005-10-29,한,수,,54,백인호,김태옥,297
22805,제주,2005-10-29,한,수,,52,윤덕상,김영일,288
22806,제주,2005-10-29,한,수,,55,임용찬,문영준,330
22807,제주,2005-10-29,한,수,,55,고영덕,변창순,254
22808,제주,2005-10-29,한,암,,50,김영복,조창규,258
22809,제주,2005-10-29,한,암,,53,고영덕,진창배,276
22810,제주,2005-10-29,한,암,,53,한상배,유상호,279
22811,제주,2005-10-29,한,수,,54,김성오,임상관,279
22812,제주,2005-10-29,한,수,,56,장성종,고임계,258
22813,제주,2005-10-29,한,수,,54,고영덕,이원길,308
22814,제주,2005-10-29,한,수,,51,고성동,김순녀,274
22815,제주,2005-10-29,한,암,,55,윤덕상,김창식,295
22816,제주,2005-10-29,한,암,,53,좌윤철,김홍천,309
22817,제주,2005-10-29,한,암,,53,박병진,전건영,309
22818,제주,2005-10-29,한,암,,53,고성동,강기숙,252
22819,제주,2005-10-29,한,암,,53,신경호,김국현,271
22820,제주,2005-10-29,한,암,,53,장성종,송정웅,256
22821,제주,2005-10-29,한,암,,53,최기호,정완모,252
22822,제주,2005-10-29,한,암,,50,김한철,고영조,278
22823,제주,2005-10-29,한,암,,53,김영래,강기숙,272
22824,제주,2005-10-29,한,암,,53,김한철,천창수,279
22825,제주,2005-10-29,한,암,,56,윤덕상,양동우,256
22826,제주,2005-10-29,한,암,,51,김성오,강성호,233
22827,제주,2005-10-29,한,암,,52,한상배,오기봉,232
22828,제주,2005-10-29,한,암,,55.5,백인호,변공민,285
22829,제주,2005-10-29,한,암,,54,최기호,오춘학,273
22830,제주,2005-10-29,한,암,,53,고성동,고승명,283
22831,제주,2005-10-29,한,암,,55,변용호,현상춘,275
22832,제주,2005-10-29,한,암,,53,변용호,진영진,303
22833,제주,2005-10-29,한,암,,50,좌윤철,김용래,239
22834,제주,2005-10-29,한,암,,50,임용찬,신승오,295
22835,제주,2005-10-29,한,암,,52,신경호,한태국,247
22836,제주,2005-10-29,한,암,,54,백인호,신종창,281
22837,제주,2005-10-29,한,암,,51,좌윤철,김정봉,273
22838,제주,2005-10-29,한,암,,54,최기호,정완모,270
22839,제주,2005-10-29,한,암,,54,고성동,김홍진,291
22840,제주,2005-10-29,한,암,,53,김성오,강춘기,247
22841,제주,2005-10-29,한,암,,50,좌윤철,허영철,291
22842,제주,2005-10-29,한,암,,53,고영덕,강성호,262
22843,제주,2005-10-29,한,암,,50,고성동,고상운,264
22844,제주,2005-10-29,한,암,,54,강대은,조종호,324
22845,제주,2005-10-29,한,암,,50,변용호,현구연,288
22846,제주,2005-10-29,한,암,,51,변용호,진영진,285
22847,제주,2005-10-29,한,암,,50,백인호,이창훈,270
22848,제주,2005-10-29,한,수,,54,강대은,송승준,305
22849,제주,2005-10-29,한,수,,55,좌윤철,장두일,300
22850,제주,2005-10-29,한,수,,53.5,윤덕상,안석호,299
22851,제주,2005-10-29,한,수,,54.5,신경호,신태업,237
22852,제주,2005-10-29,한,수,,55,장성종,천창수,286
22853,제주,2005-10-29,한,수,,55,윤덕상,고승명,268
22854,제주,2005-10-29,한,수,,53,고영덕,오춘광,324
22855,제주,2005-10-29,한,거,,55,정성훈,부오현,311
22856,제주,2005-10-29,한,수,,54,최기호,정완모,295
22857,제주,2005-10-30,한,암,,53,김성오,김예근,312
22858,제주,2005-10-30,한,암,,53,강대은,양동우,228
22859,제주,2005-10-30,한,암,,51,변용호,강남환,297
22860,제주,2005-10-30,한,암,,51,김영복,김덕인,288
22861,제주,2005-10-30,한,암,,55,정성훈,조태만,318
22862,제주,2005-10-30,한,암,,52,변용호,강남환,276
22863,제주,2005-10-30,한,암,,53,변용호,장철환,296
22864,제주,2005-10-30,한,암,,54,좌윤철,강인선,296
22865,제주,2005-10-30,한,암,,51,변용호,김홍진,275
22866,제주,2005-10-30,한,암,,50,고성동,김호영,262
22867,제주,2005-10-30,한,암,,53,고영덕,김홍협,318
22868,제주,2005-10-30,한,수,,54.5,변용호,박경식,314
22869,제주,2005-10-30,한,암,,50,윤덕상,강춘기,296
22870,제주,2005-10-30,한,암,,50,윤덕상,양동우,288
22871,제주,2005-10-30,한,수,,54,신경호,김국현,307
22872,제주,2005-10-30,한,수,,51,임용찬,천창수,292
22873,제주,2005-10-30,한,수,,54,최기호,조창규,280
22874,제주,2005-10-30,한,수,,55,김영래,강태민,258
22875,제주,2005-10-30,한,암,,55.5,백인호,양동우,297
22876,제주,2005-10-30,한,거,,55,최기호,정완모,274
22877,제주,2005-10-30,한,암,,51,윤덕상,김영일,233
22878,제주,2005-10-30,한,암,,53,고영덕,김홍협,320
22879,제주,2005-10-30,한,수,,54,백인호,이태보,246
22880,제주,2005-10-30,한,암,,51,변용호,장두일,271
22881,제주,2005-10-30,한,수,,54,백인호,김성진,283
22882,제주,2005-10-30,한,암,,53,고영덕,강춘기,292
22883,제주,2005-10-30,한,수,,54,강대은,고임계,234
22884,제주,2005-10-30,한,거,,54,한상배,임관호,282
22885,제주,2005-10-30,한,수,,55,장성종,고임계,282
22886,제주,2005-10-30,한,수,,52.5,한상배,부용식,281
22887,제주,2005-10-30,한,수,,51,장성종,박칠성,278
22888,제주,2005-10-30,한,수,,51,김한철,김국현,279
22889,제주,2005-10-30,한,수,,54,김영복,허영철,300
22890,제주,2005-10-30,한,수,,55,장성종,임상관,308
22891,제주,2005-10-30,한,수,,54,윤덕상,강춘시,287
22892,제주,2005-10-30,한,수,,52,임용찬,문영준,281
22893,제주,2005-10-30,한,수,,54,고영덕,이정주,314
22894,제주,2005-10-30,한,수,,49,윤덕상,강도배,276
22895,제주,2005-10-30,한,수,,51,신경호,고성남,277
22896,제주,2005-10-30,한,수,,56.5,김영복,김덕인,309
22897,제주,2005-10-30,한,수,,54,고성동,부용식,280
22898,제주,2005-10-30,한,수,,51,변용호,김산현,310
22899,제주,2005-10-30,한,수,,54.5,백인호,강상길,252
22900,제주,2005-10-30,한,수,,54,박병진,변공민,285
22901,제주,2005-10-30,한,수,,53.5,김영래,김순녀,249
22902,제주,2005-10-30,한,수,,54,강대은,송자민,292
22903,제주,2005-10-30,한,수,,54,좌윤철,고하구,356
22904,제주,2005-10-30,한,수,,54,정성훈,조태만,302
22905,제주,2005-10-30,한,수,,54,강대은,김순녀,259
22906,제주,2005-10-30,한,수,,54,김한철,차청일,267
22907,제주,2005-10-30,한,수,,54,장성종,강도배,304
22908,제주,2005-10-30,한,수,,54,백인호,고정홍,299
22909,제주,2005-10-30,한,수,,54,고영덕,강춘시,305
22910,제주,2005-10-30,한,수,,54,박병진,김태옥,288
22911,제주,2005-10-30,한,수,,54,최기호,조창규,278
22912,제주,2005-10-30,한,수,,53,좌윤철,김홍진,301
22913,제주,2005-10-30,한,수,,56.5,박병진,김용해,315
22914,제주,2005-10-30,한,수,,51,김영복,현상춘,291
22915,제주,2005-10-30,한,거,,53,정성훈,김용해,328
22916,제주,2005-10-30,한,암,,53,백인호,진창배,255
22917,제주,2005-10-30,한,거,,49,고성동,정완모,292
22918,제주,2005-10-30,한,암,,51,한상배,고임계,262
22919,제주,2005-10-30,한,암,,55,좌윤철,고한구,293
22920,제주,2005-10-30,한,암,,50,박병진,김영일,279
22921,제주,2005-10-30,한,암,,51,좌윤철,이용대,270
22922,제주,2005-10-30,한,암,,53,고성동,이정주,254
22923,제주,2005-10-30,한,암,,57,최기호,정완모,277
22924,제주,2005-10-30,한,암,,54,강대은,전건영,293
22925,제주,2005-10-30,한,암,,53,최기호,조동식,276
22926,제주,2005-10-30,한,암,,53,임용찬,유상호,279
22927,제주,2005-10-30,한,암,,53,최기호,강남환,300
22928,제주,2005-10-30,한,암,,54,김영복,한재두,286
22929,제주,2005-10-30,한,암,,55,고성동,고한구,258
22930,제주,2005-10-30,한,암,,52,한상배,강상길,210
22931,제주,2005-10-30,한,암,,53,한상배,현원,284
22932,제주,2005-10-30,한,암,,53,좌윤철,한태국,300
22933,제주,2005-10-30,한,암,,53,신경호,고영조,278
22934,제주,2005-10-30,한,암,,53.5,김성오,이종철,273
22935,제주,2005-10-30,한,암,,53,윤덕상,양동우,231
22936,제주,2005-10-30,한,암,,53,윤덕상,박영춘,242
22937,제주,2005-10-30,한,암,,54,김한철,김용수,240
22938,제주,2005-10-30,한,암,,50,한상배,김종현,270
22939,제주,2005-10-30,한,암,,53,김영래,김보준,281
22940,제주,2005-10-30,한,암,,54,박병진,강길홍,294
22941,제주,2005-10-30,한,암,,56,임용찬,김경림,282
22942,제주,2005-10-30,한,암,,55,김영래,강태민,259
22943,제주,2005-10-30,한,암,,51,좌윤철,김정봉,268
22944,제주,2005-10-30,한,암,,53,정성훈,김용해,284
22945,제주,2005-11-05,한,수,,51,김영복,김태옥,304
22946,제주,2005-11-05,한,수,,54,신경호,고태오,274
22947,제주,2005-11-05,한,수,,54,김성오,고하구,312
22948,제주,2005-11-05,한,수,,54,윤덕상,강기숙,277
22949,제주,2005-11-05,한,수,,54,김한철,천창수,295
22950,제주,2005-11-05,한,수,,53,김영복,강기숙,298
22951,제주,2005-11-05,한,수,,54.5,좌윤철,한태국,269
22952,제주,2005-11-05,한,수,,55,김영래,송정웅,276
22953,제주,2005-11-05,한,수,,54,장성종,강학민,274
22954,제주,2005-11-05,한,수,,55,김영래,강태민,264
22955,제주,2005-11-05,한,수,,50,김한철,유원택,267
22956,제주,2005-11-05,한,수,,52,백인호,장덕지,240
22957,제주,2005-11-05,한,암,,53,박병진,김복자,278
22958,제주,2005-11-05,한,암,,50,변용호,양동우,305
22959,제주,2005-11-05,한,암,,50,윤덕상,현상춘,281
22960,제주,2005-11-05,한,수,,52,변용호,조태만,265
22961,제주,2005-11-05,한,수,,55,좌윤철,한태국,288
22962,제주,2005-11-05,한,수,,54,변용호,한재두,276
22963,제주,2005-11-05,한,수,,54,고영덕,이정주,260
22964,제주,2005-11-05,한,암,,50,고성동,고승명,280
22965,제주,2005-11-05,한,암,,51,김영래,강태민,225
22966,제주,2005-11-05,한,암,,52,정성훈,고영조,259
22967,제주,2005-11-05,한,암,,53,한상배,오춘학,272
22968,제주,2005-11-05,한,암,,52,한상배,김창식,281
22969,제주,2005-11-05,한,암,,51,김영복,정이남,286
22970,제주,2005-11-05,한,수,,55,정성훈,임관호,315
22971,제주,2005-11-05,한,암,,51,윤덕상,안석호,256
22972,제주,2005-11-05,한,암,,56.5,김영복,강학민,308
22973,제주,2005-11-05,한,암,,55,신경호,한태국,246
22974,제주,2005-11-05,한,수,,54,신경호,김국현,262
22975,제주,2005-11-05,한,수,,54,고영덕,조창규,274
22976,제주,2005-11-05,한,암,,50,김한철,현구연,262
22977,제주,2005-11-05,한,암,,53,최기호,김인태,295
22978,제주,2005-11-05,한,수,,51,좌윤철,강진일,312
22979,제주,2005-11-05,한,암,,50,박병진,임태윤,285
22980,제주,2005-11-05,한,암,,54.5,임용찬,문영준,299
22981,제주,2005-11-05,한,암,,53,최기호,정완모,301
22982,제주,2005-11-05,한,암,,53,신경호,오춘학,247
22983,제주,2005-11-05,한,암,,50,박병진,송정웅,250
22984,제주,2005-11-05,한,수,,54,정성훈,김용해,310
22985,제주,2005-11-05,한,수,,50,김영래,김종식,228
22986,제주,2005-11-05,한,수,,54,정성훈,부오현,287
22987,제주,2005-11-05,한,암,,55,고성동,강영종,280
22988,제주,2005-11-05,한,암,,52,강대은,고임계,292
22989,제주,2005-11-05,한,암,,53,장성종,강신정,272
22990,제주,2005-11-05,한,암,,50,신경호,신태업,302
22991,제주,2005-11-05,한,암,,54,백인호,신종창,282
22992,제주,2005-11-05,한,암,,52,김영래,진창배,263
22993,제주,2005-11-05,한,암,,53,임용찬,유상호,299
22994,제주,2005-11-05,한,암,,53,윤덕상,박경식,266
22995,제주,2005-11-05,한,암,,53,강대은,이정주,275
22996,제주,2005-11-05,한,암,,55,박병진,문영준,308
22997,제주,2005-11-05,한,암,,53,고영덕,강춘시,279
22998,제주,2005-11-05,한,암,,51,백인호,진창배,251
22999,제주,2005-11-05,한,암,,51,신경호,송승준,275
23000,제주,2005-11-05,한,암,,54,좌윤철,김용래,286
23001,제주,2005-11-05,한,암,,53,고성동,김순녀,271
23002,제주,2005-11-05,한,암,,50,임용찬,김복자,314
23003,제주,2005-11-05,한,암,,52,한상배,오기봉,252
23004,제주,2005-11-05,한,수,,56,윤덕상,현상춘,279
23005,제주,2005-11-05,한,수,,54,한상배,강현수,285
23006,제주,2005-11-05,한,수,,49,변용호,김경남,247
23007,제주,2005-11-05,한,수,,54,김한철,송방원,295
23008,제주,2005-11-05,한,수,,51,임용찬,천창수,303
23009,제주,2005-11-05,한,암,,54.5,고성동,미듬종합,261
23010,제주,2005-11-05,한,암,,53,장성종,양방철,263
23011,제주,2005-11-05,한,암,,53,변용호,장철환,276
23012,제주,2005-11-05,한,암,,53,정성훈,신종창,282
23013,제주,2005-11-05,한,암,,51,김성오,강성호,235
23014,제주,2005-11-05,한,암,,54,좌윤철,김홍진,322
23015,제주,2005-11-05,한,암,,52,장성종,박칠성,287
23016,제주,2005-11-05,한,암,,52,백인호,안석호,281
23017,제주,2005-11-05,한,암,,52.5,한상배,오기봉,227
23018,제주,2005-11-05,한,수,,54,강대은,김순녀,275
23019,제주,2005-11-05,한,수,,54,변용호,안석호,301
23020,제주,2005-11-05,한,수,,51,백인호,장두일,311
23021,제주,2005-11-05,한,수,,55,최기호,조창규,287
23022,제주,2005-11-05,한,수,,51,변용호,김무현,282
23023,제주,2005-11-05,한,수,,54,임용찬,박영춘,306
23024,제주,2005-11-05,한,수,,50,최기호,김인태,294
23025,제주,2005-11-05,한,수,,54,한상배,유상호,299
23026,제주,2005-11-05,한,수,,54,백인호,고정홍,297
23027,제주,2005-11-05,한,수,,55,김영래,강태민,283
23028,제주,2005-11-06,한,암,,53,장성종,장두일,292
23029,제주,2005-11-06,한,암,,53,변용호,고상운,291
23030,제주,2005-11-06,한,암,,50,김한철,송방원,273
23031,제주,2005-11-06,한,암,,53,정성훈,고영조,309
23032,제주,2005-11-06,한,암,,53,최기호,강영종,295
23033,제주,2005-11-06,한,암,,58,정성훈,김용해,338
23034,제주,2005-11-06,한,암,,53,김한철,송방원,289
23035,제주,2005-11-06,한,암,,53,좌윤철,고하구,308
23036,제주,2005-11-06,한,암,,54,강대은,김정봉,287
23037,제주,2005-11-06,한,암,,53,한상배,김창식,265
23038,제주,2005-11-06,한,암,,50,백인호,장두일,298
23039,제주,2005-11-06,한,암,,53,고영덕,이원길,301
23040,제주,2005-11-06,한,암,,50,고성동,고한구,279
23041,제주,2005-11-06,한,수,,51,김한철,송정웅,320
23042,제주,2005-11-06,한,수,,51,박병진,김인태,276
23043,제주,2005-11-06,한,수,,55,고영덕,이정주,313
23044,제주,2005-11-06,한,암,,53,고성동,고상운,278
23045,제주,2005-11-06,한,암,,53,김영래,윤태현,282
23046,제주,2005-11-06,한,암,,53,박병진,조동식,304
23047,제주,2005-11-06,한,암,,52,한상배,이형준,229
23048,제주,2005-11-06,한,수,,55,장성종,김경림,310
23049,제주,2005-11-06,한,수,,54,한상배,강상길,314
23050,제주,2005-11-06,한,수,,51,좌윤철,김홍진,284
23051,제주,2005-11-06,한,수,,62.5,최기호,김인태,313
23052,제주,2005-11-06,한,수,,54,백인호,안석호,313
23053,제주,2005-11-06,한,수,,53.5,윤덕상,고승명,263
23054,제주,2005-11-06,한,수,,54,김성오,김예근,275
23055,제주,2005-11-06,한,암,,53,한상배,유상호,276
23056,제주,2005-11-06,한,암,,53,고성동,고상운,268
23057,제주,2005-11-06,한,암,,59.5,고영덕,김홍협,298
23058,제주,2005-11-06,한,암,,50,백인호,변공민,278
23059,제주,2005-11-06,한,암,,53,장성종,박칠성,274
23060,제주,2005-11-06,한,암,,56,고영덕,변창순,284
23061,제주,2005-11-06,한,암,,53,한상배,오춘학,269
23062,제주,2005-11-06,한,암,,53,최기호,정완모,293
23063,제주,2005-11-06,한,암,,53,장성종,강도배,292
23064,제주,2005-11-06,한,암,,59.5,김한철,김용수,235
23065,제주,2005-11-06,한,암,,75,김영래,강태민,303
23066,제주,2005-11-06,한,암,,57,고성동,이정주,296
23067,제주,2005-11-06,한,암,,53,변용호,김홍진,294
23068,제주,2005-11-06,한,암,,53,김영복,허영철,299
23069,제주,2005-11-06,한,암,,53,한상배,김창식,279
23070,제주,2005-11-06,한,암,,53,장성종,강길홍,296
23071,제주,2005-11-06,한,암,,53,신경호,한남석,273
23072,제주,2005-11-06,한,암,,53,고영덕,조창규,296
23073,제주,2005-11-06,한,암,,53,김영래,최기돈,291
23074,제주,2005-11-06,한,암,,53,고영덕,강상우,255
23075,제주,2005-11-06,한,암,,53,박병진,김영일,278
23076,제주,2005-11-06,한,암,,52,강대은,정춘조,279
23077,제주,2005-11-06,한,암,,54,김영래,송정웅,273
23078,제주,2005-11-06,한,수,,54,강대은,차청일,273
23079,제주,2005-11-06,한,수,,53,장성종,김흥보,283
23080,제주,2005-11-06,한,수,,53,최기호,김인태,286
23081,제주,2005-11-06,한,수,,54,한상배,조창규,276
23082,제주,2005-11-06,한,수,,51,변용호,오기봉,272
23083,제주,2005-11-06,한,수,,52,변용호,김산현,257
23084,제주,2005-11-06,한,수,,57,정성훈,부오현,308
23085,제주,2005-11-06,한,수,,51,김한철,윤태현,302
23086,제주,2005-11-06,한,수,,54,김성오,고하구,292
23087,제주,2005-11-06,한,수,,54,장성종,김흥보,275
23088,제주,2005-11-06,한,수,,51,윤덕상,한재두,267
23089,제주,2005-11-06,한,수,,54,강대은,강훈표,294
23090,제주,2005-11-06,한,수,,54,고영덕,고상윤,297
23091,제주,2005-11-06,한,수,,54,장성종,강학민,275
23092,제주,2005-11-06,한,수,,54,박병진,김한진,276
23093,제주,2005-11-06,한,수,,51,고성동,조종호,285
23094,제주,2005-11-06,한,수,,54,김성오,임상관,279
23095,제주,2005-11-06,한,수,,54,김영래,강상우,286
23096,제주,2005-11-06,한,수,,52,임용찬,김경남,338
23097,제주,2005-11-06,한,수,,54,김영래,현상춘,294
23098,제주,2005-11-06,한,수,,51,신경호,임상관,287
23099,제주,2005-11-06,한,거,,54,임용찬,박영춘,280
23100,제주,2005-11-06,한,수,,51,임용찬,김복자,291
23101,제주,2005-11-06,한,수,,55,김영복,김덕인,309
23102,제주,2005-11-06,한,수,,54,정성훈,김용해,305
23103,제주,2005-11-06,한,수,,55,김영복,현상춘,289
23104,제주,2005-11-06,한,수,,51,백인호,송정웅,286
23105,제주,2005-11-06,한,수,,54,백인호,고정홍,279
23106,제주,2005-11-06,한,수,,50,박병진,김경남,297
23107,제주,2005-11-06,한,수,,54,한상배,현광철,293
23108,제주,2005-11-06,한,수,,51,임용찬,김복자,304
23109,제주,2005-11-06,한,수,,54,한상배,송방원,293
23110,제주,2005-11-06,한,수,,54,백인호,안석호,294
23111,제주,2005-11-06,한,수,,55,임용찬,문영준,274
23112,제주,2005-11-06,한,수,,52,좌윤철,김영일,295
23113,제주,2005-11-12,한,암,,54,고영덕,이원길,295
23114,제주,2005-11-12,한,암,,53,한상배,오기봉,251
23115,제주,2005-11-12,한,암,,53.5,정성훈,김용해,290
23116,제주,2005-11-12,한,수,,51,한상배,강현수,282
23117,제주,2005-11-12,한,수,,54,백인호,안석호,310
23118,제주,2005-11-12,한,수,,54,김영래,강상우,294
23119,제주,2005-11-12,한,수,,54,김성오,송정웅,295
23120,제주,2005-11-12,한,수,,54,장성종,김흥보,283
23121,제주,2005-11-12,한,수,,54,백인호,안석호,292
23122,제주,2005-11-12,한,수,,56,김한철,김용수,295
23123,제주,2005-11-12,한,수,,54,김영복,허영철,291
23124,제주,2005-11-12,한,수,,54,신경호,한태국,297
23125,제주,2005-11-12,한,수,,54,변용호,오기봉,270
23126,제주,2005-11-12,한,암,,55,백인호,변공민,287
23127,제주,2005-11-12,한,암,,56.5,한상배,조창규,274
23128,제주,2005-11-12,한,수,,54,임용찬,천창수,297
23129,제주,2005-11-12,한,수,,50,고성동,김순녀,274
23130,제주,2005-11-12,한,수,,54,김영래,강상우,282
23131,제주,2005-11-12,한,수,,52,김성오,강성호,255
23132,제주,2005-11-12,한,수,,51,김한철,송정웅,305
23133,제주,2005-11-12,한,수,,53,좌윤철,김홍진,306
23134,제주,2005-11-12,한,수,,54,박병진,김태옥,290
23135,제주,2005-11-12,한,수,,54,정성훈,조태만,307
23136,제주,2005-11-12,한,수,,54,김성오,김예근,292
23137,제주,2005-11-12,한,수,,54,최기호,조창규,276
23138,제주,2005-11-12,한,수,,54.5,최기호,조창규,287
23139,제주,2005-11-12,한,수,,54,김한철,차청일,264
23140,제주,2005-11-12,한,수,,54,강대은,송승준,307
23141,제주,2005-11-12,한,수,,54,고영덕,조창규,271
23142,제주,2005-11-12,한,수,,54,고영덕,강춘시,306
23143,제주,2005-11-12,한,수,,55,장성종,고임계,285
23144,제주,2005-11-12,한,수,,54,강대은,고홍휴,310
23145,제주,2005-11-12,한,수,,54,장성종,조동식,309
23146,제주,2005-11-12,한,수,,56,김영복,강기숙,288
23147,제주,2005-11-12,한,암,,54,박병진,강길홍,291
23148,제주,2005-11-12,한,암,,53,김성오,강춘기,248
23149,제주,2005-11-12,한,암,,53,정성훈,조태만,298
23150,제주,2005-11-12,한,암,,51,정성훈,김태옥,271
23151,제주,2005-11-12,한,암,,54,김성오,이종철,271
23152,제주,2005-11-12,한,암,,53,김성오,고하구,281
23153,제주,2005-11-12,한,암,,53,백인호,고정홍,288
23154,제주,2005-11-12,한,암,,50,윤덕상,양동우,234
23155,제주,2005-11-12,한,암,,55,고성동,고한구,251
23156,제주,2005-11-12,한,암,,53,윤덕상,강춘시,259
23157,제주,2005-11-12,한,암,,55.5,백인호,양동우,294
23158,제주,2005-11-12,한,암,,53,최기호,정완모,248
23159,제주,2005-11-12,한,암,,51,백인호,강상길,275
23160,제주,2005-11-12,한,거,,49,고성동,정완모,293
23161,제주,2005-11-12,한,거,,52.5,정성훈,김용해,280
23162,제주,2005-11-12,한,거,,55,최기호,정완모,274
23163,제주,2005-11-12,한,암,,53,좌윤철,김영,309
23164,제주,2005-11-12,한,암,,50,김한철,장두일,246
23165,제주,2005-11-12,한,암,,50,김영복,김덕인,283
23166,제주,2005-11-12,한,수,,52,최기호,변창순,259
23167,제주,2005-11-12,한,암,,53,김성오,한성택,259
23168,제주,2005-11-12,한,암,,53,임용찬,유상호,295
23169,제주,2005-11-12,한,암,,53,박병진,조동식,295
23170,제주,2005-11-12,한,암,,54,윤덕상,김영일,237
23171,제주,2005-11-12,한,암,,53,김영복,오춘광,290
23172,제주,2005-11-12,한,암,,52,한상배,강상길,208
23173,제주,2005-11-12,한,암,,53,고영덕,김홍협,324
23174,제주,2005-11-12,한,암,,53,고영덕,김홍협,321
23175,제주,2005-11-12,한,암,,54,강대은,전건영,287
23176,제주,2005-11-12,한,암,,54,김영복,강기숙,293
23177,제주,2005-11-12,한,암,,53,한상배,고임계,259
23178,제주,2005-11-12,한,암,,53,김영래,김종현,245
23179,제주,2005-11-12,한,수,,54,강대은,고임계,233
23180,제주,2005-11-12,한,수,,54,신경호,김국현,311
23181,제주,2005-11-12,한,수,,55,임용찬,김경남,336
23182,제주,2005-11-12,한,수,,54,장성종,김흥보,280
23183,제주,2005-11-12,한,암,,50,윤덕상,강춘기,296
23184,제주,2005-11-12,한,암,,53,김영래,강태민,243
23185,제주,2005-11-12,한,암,,53,임용찬,박영춘,298
23186,제주,2005-11-12,한,암,,50,좌윤철,김정봉,275
23187,제주,2005-11-12,한,수,,55,백인호,강상길,253
23188,제주,2005-11-12,한,암,,55,김성오,임상관,295
23189,제주,2005-11-12,한,암,,53,강대은,양동우,226
23190,제주,2005-11-12,한,암,,54,고영덕,김무현,306
23191,제주,2005-11-12,한,암,,53,김영래,강태민,252
23192,제주,2005-11-12,한,암,,54,좌윤철,강인선,297
23193,제주,2005-11-12,한,암,,53,박병진,장두일,272
23194,제주,2005-11-12,한,암,,54,고성동,고승명,281
23195,제주,2005-11-12,한,암,,52,변용호,진영진,291
23196,제주,2005-11-12,한,암,,54,변용호,강남환,286
23197,제주,2005-11-12,한,암,,54.5,김한철,김용수,236
23198,제주,2005-11-13,한,암,,54.5,정성훈,조태만,321
23199,제주,2005-11-13,한,암,,53,신경호,고영조,281
23200,제주,2005-11-13,한,암,,53,좌윤철,한태국,308
23201,제주,2005-11-13,한,암,,57,임용찬,김경림,286
23202,제주,2005-11-13,한,암,,53,좌윤철,강진일,308
23203,제주,2005-11-13,한,수,,51,윤덕상,현상춘,283
23204,제주,2005-11-13,한,암,,55,고영덕,고상윤,264
23205,제주,2005-11-13,한,암,,54,고성동,김홍진,276
23206,제주,2005-11-13,한,수,,54,고영덕,이원길,312
23207,제주,2005-11-13,한,암,,53,임용찬,김복자,307
23208,제주,2005-11-13,한,암,,53,김영래,김보준,280
23209,제주,2005-11-13,한,수,,51,김한철,김국현,280
23210,제주,2005-11-13,한,암,,55,김영복,김태옥,298
23211,제주,2005-11-13,한,암,,53,고성동,고승명,284
23212,제주,2005-11-13,한,암,,53,장성종,강길홍,295
23213,제주,2005-11-13,한,암,,54,김영래,강태민,258
23214,제주,2005-11-13,한,암,,57,좌윤철,강인선,257
23215,제주,2005-11-13,한,암,,50,박병진,임태윤,280
23216,제주,2005-11-13,한,암,,53,장성종,양방철,264
23217,제주,2005-11-13,한,암,,53,김성오,김예근,286
23218,제주,2005-11-13,한,암,,53,변용호,현상춘,276
23219,제주,2005-11-13,한,암,,56,강대은,윤태현,260
23220,제주,2005-11-13,한,암,,53,김영래,김국현,232
23221,제주,2005-11-13,한,암,,53,박병진,고경수,282
23222,제주,2005-11-13,한,암,,53,고영덕,김춘수,259
23223,제주,2005-11-13,한,수,,61,강대은,김홍진,304
23224,제주,2005-11-13,한,수,,51,백인호,송정웅,290
23225,제주,2005-11-13,한,암,,53,김한철,천창수,278
23226,제주,2005-11-13,한,암,,54,김성오,강춘기,287
23227,제주,2005-11-13,한,암,,53,고영덕,조창규,274
23228,제주,2005-11-13,한,수,,56,한상배,임관호,280
23229,제주,2005-11-13,한,수,,55.5,윤덕상,현상춘,311
23230,제주,2005-11-13,한,수,,54.5,김영래,강태민,262
23231,제주,2005-11-13,한,수,,54,최기호,정완모,303
23232,제주,2005-11-13,한,수,,54,장성종,강도배,286
23233,제주,2005-11-13,한,수,,51,신경호,신태업,237
23234,제주,2005-11-13,한,수,,54,임용찬,신승오,302
23235,제주,2005-11-13,한,수,,54,좌윤철,고하구,362
23236,제주,2005-11-13,한,수,,55,장성종,천창수,260
23237,제주,2005-11-13,한,수,,55,강대은,정춘조,286
23238,제주,2005-11-13,한,수,,54,김성오,강춘기,290
23239,제주,2005-11-13,한,수,,52,윤덕상,안석호,298
23240,제주,2005-11-13,한,수,,54,변용호,박경식,318
23241,제주,2005-11-13,한,수,,55.5,박병진,김용해,311
23242,제주,2005-11-13,한,수,,54,박병진,변공민,281
23243,제주,2005-11-13,한,수,,54,백인호,고정홍,301
23244,제주,2005-11-13,한,수,,54,정성훈,조태만,314
23245,제주,2005-11-13,한,수,,54,백인호,김태옥,291
23246,제주,2005-11-13,한,수,,55,윤덕상,고승명,272
23247,제주,2005-11-13,한,수,,55,김영래,송승준,289
23248,제주,2005-11-13,한,수,,54,김영복,허영철,273
23249,제주,2005-11-13,한,수,,56,김영래,강태민,251
23250,제주,2005-11-13,한,수,,54,한상배,유상호,297
23251,제주,2005-11-13,한,수,,54,고영덕,변창순,296
23252,제주,2005-11-13,한,수,,54,변용호,장철환,267
23253,제주,2005-11-13,한,거,,53,정성훈,김용해,328
23254,제주,2005-11-13,한,수,,54,장성종,강도배,309
23255,제주,2005-11-13,한,수,,54,변용호,장철환,249
23256,제주,2005-11-13,한,수,,54,김성오,고하구,293
23257,제주,2005-11-13,한,수,,54,신경호,고성남,273
23258,제주,2005-11-13,한,수,,55,한상배,임승주,298
23259,제주,2005-11-13,한,수,,51.5,한상배,부용식,281
23260,제주,2005-11-13,한,수,,55,고영덕,변창순,252
23261,제주,2005-11-13,한,수,,52,임용찬,신승오,268
23262,제주,2005-11-13,한,수,,54,박병진,조동식,293
23263,제주,2005-11-13,한,수,,54,김영래,김창만,284
23264,제주,2005-11-13,한,수,,52,윤덕상,김영일,289
23265,제주,2005-11-13,한,암,,53,고성동,고상운,266
23266,제주,2005-11-13,한,암,,53,고성동,강기숙,248
23267,제주,2005-11-13,한,암,,53,신경호,송승준,305
23268,제주,2005-11-13,한,암,,50,박병진,김영일,272
23269,제주,2005-11-13,한,암,,55,윤덕상,김창식,298
23270,제주,2005-11-13,한,암,,50,고성동,이정주,283
23271,제주,2005-11-13,한,암,,53,임용찬,신승오,284
23272,제주,2005-11-13,한,암,,54,김영래,송정웅,276
23273,제주,2005-11-13,한,암,,54,최기호,강현수,239
23274,제주,2005-11-13,한,암,,53,고영덕,김종현,270
23275,제주,2005-11-13,한,암,,54,최기호,김인태,298
23276,제주,2005-11-13,한,수,,54,강대은,한태국,297
23277,제주,2005-11-13,한,수,,54,강대은,윤태현,271
23278,제주,2005-11-13,한,수,,52,좌윤철,한태국,287
23279,제주,2005-11-13,한,수,,51,김영복,오춘광,305
23280,제주,2005-11-13,한,수,,54,김한철,송방원,297
23281,제주,2005-11-13,한,거,,55,김성오,김예근,266
23282,제주,2005-11-13,한,암,,53,윤덕상,박영춘,244
23283,제주,2005-11-13,한,암,,53,최기호,조동식,274
23284,제주,2005-11-13,한,암,,53,임용찬,박영춘,306
23285,제주,2005-11-13,한,암,,53,김영복,조창규,258
23286,제주,2005-11-13,한,암,,54,변용호,진영진,289
23287,제주,2005-11-19,한,암,,53,장성종,강신정,272
23288,제주,2005-11-19,한,암,,53,장성종,강도배,299
23289,제주,2005-11-19,한,암,,55,고성동,강영종,274
23290,제주,2005-11-19,한,수,,51,변용호,안석호,307
23291,제주,2005-11-19,한,수,,54,정성훈,강학민,321
23292,제주,2005-11-19,한,수,,54,강대은,송자민,298
23293,제주,2005-11-19,한,암,,53,장성종,박칠성,271
23294,제주,2005-11-19,한,암,,56.5,박병진,김태옥,268
23295,제주,2005-11-19,한,암,,53,좌윤철,강인선,293
23296,제주,2005-11-19,한,암,,54,좌윤철,김정봉,276
23297,제주,2005-11-19,한,수,,54,백인호,김성진,287
23298,제주,2005-11-19,한,암,,53,김성오,박경후,287
23299,제주,2005-11-19,한,암,,54,김성오,강춘기,288
23300,제주,2005-11-19,한,암,,53,박병진,조동식,310
23301,제주,2005-11-19,한,수,,54,김성오,임상관,282
23302,제주,2005-11-19,한,암,,50,윤덕상,강춘시,247
23303,제주,2005-11-19,한,암,,53,임용찬,유상호,279
23304,제주,2005-11-19,한,암,,50,고성동,고승명,282
23305,제주,2005-11-19,한,암,,53,김영래,최기돈,295
23306,제주,2005-11-19,한,암,,56.5,한상배,조창규,273
23307,제주,2005-11-19,한,암,,50,백인호,이창훈,277
23308,제주,2005-11-19,한,암,,51,변용호,김홍진,277
23309,제주,2005-11-19,한,암,,54,강대은,김국현,297
23310,제주,2005-11-19,한,암,,50,고성동,고한구,283
23311,제주,2005-11-19,한,암,,53,고영덕,강상우,254
23312,제주,2005-11-19,한,암,,51,김한철,김영일,275
23313,제주,2005-11-19,한,암,,55,신경호,한태국,244
23314,제주,2005-11-19,한,암,,51,김영복,정이남,284
23315,제주,2005-11-19,한,암,,50,한상배,오춘학,275
23316,제주,2005-11-19,한,암,,50,좌윤철,허영철,292
23317,제주,2005-11-19,한,암,,55.5,고영덕,강성호,312
23318,제주,2005-11-19,한,암,,53,김성오,한성택,258
23319,제주,2005-11-19,한,암,,53,변용호,현구연,294
23320,제주,2005-11-19,한,암,,54,백인호,신종창,281
23321,제주,2005-11-19,한,암,,51,백인호,이창훈,269
23322,제주,2005-11-19,한,암,,53,좌윤철,김영,306
23323,제주,2005-11-19,한,암,,54.5,임용찬,문영준,297
23324,제주,2005-11-19,한,암,,53,김성오,김예근,312
23325,제주,2005-11-19,한,암,,53,강대은,고상운,280
23326,제주,2005-11-19,한,암,,53,정성훈,조태만,289
23327,제주,2005-11-19,한,암,,53,좌윤철,김홍천,318
23328,제주,2005-11-19,한,암,,53,박병진,김용수,281
23329,제주,2005-11-19,한,거,,54,최기호,정완모,281
23330,제주,2005-11-19,한,암,,50,임용찬,신승오,295
23331,제주,2005-11-19,한,암,,53,고영덕,강성호,270
23332,제주,2005-11-19,한,암,,54,신경호,송승준,275
23333,제주,2005-11-19,한,암,,53,한상배,김종현,268
23334,제주,2005-11-19,한,암,,60,강대은,고임계,285
23335,제주,2005-11-19,한,암,,54,좌윤철,김용래,286
23336,제주,2005-11-19,한,수,,52,윤덕상,고승명,252
23337,제주,2005-11-19,한,수,,54,김한철,이정충,284
23338,제주,2005-11-19,한,수,,54,최기호,조창규,284
23339,제주,2005-11-19,한,수,,51,변용호,한재두,278
23340,제주,2005-11-19,한,수,,53,고영덕,오춘광,330
23341,제주,2005-11-19,한,수,,54,김영복,강기숙,301
23342,제주,2005-11-19,한,수,,51,임용찬,천창수,296
23343,제주,2005-11-19,한,수,,55,김성오,변공민,316
23344,제주,2005-11-19,한,수,,51,한상배,현광철,295
23345,제주,2005-11-19,한,수,,51,윤덕상,한재두,270
23346,제주,2005-11-19,한,수,,54,한상배,송방원,296
23347,제주,2005-11-19,한,수,,48,김한철,유원택,268
23348,제주,2005-11-19,한,수,,54,김한철,김무현,293
23349,제주,2005-11-19,한,수,,54,정성훈,김용해,309
23350,제주,2005-11-19,한,수,,51,김한철,고영조,285
23351,제주,2005-11-19,한,수,,52,고성동,이정주,302
23352,제주,2005-11-19,한,수,,50,윤덕상,강도배,280
23353,제주,2005-11-19,한,수,,51,김한철,윤태현,305
23354,제주,2005-11-19,한,수,,50,임용찬,천창수,231
23355,제주,2005-11-19,한,수,,54,좌윤철,한태국,272
23356,제주,2005-11-19,한,수,,54,신경호,고태오,268
23357,제주,2005-11-19,한,수,,54,백인호,이창훈,295
23358,제주,2005-11-19,한,수,,51.5,임용찬,박영춘,310
23359,제주,2005-11-19,한,수,,52,백인호,장덕지,241
23360,제주,2005-11-19,한,수,,50,변용호,조태만,268
23361,제주,2005-11-19,한,수,,54,고성동,부용식,283
23362,제주,2005-11-19,한,수,,54,장성종,강도배,288
23363,제주,2005-11-19,한,수,,54,변용호,진영진,277
23364,제주,2005-11-19,한,수,,55,김영래,강태민,285
23365,제주,2005-11-19,한,수,,54,정성훈,강남환,301
23366,제주,2005-11-19,한,수,,54,장성종,강학민,276
23367,제주,2005-11-19,한,수,,55.5,정성훈,임관호,319
23368,제주,2005-11-19,한,수,,54,고영덕,강성호,277
23369,제주,2005-11-19,한,수,,54,신경호,김국현,271
23370,제주,2005-11-19,한,수,,54,변용호,장두일,316
23371,제주,2005-11-19,한,암,,53,백인호,고정홍,284
23372,제주,2005-11-19,한,수,,54,정성훈,김용해,309
23373,제주,2005-11-19,한,암,,53,박병진,김인태,300
23374,제주,2005-11-20,한,암,,77,김영래,강태민,306
23375,제주,2005-11-20,한,수,,50,백인호,강상길,254
23376,제주,2005-11-20,한,수,,54,정성훈,부오현,270
23377,제주,2005-11-20,한,수,,51,임용찬,김복자,300
23378,제주,2005-11-20,한,수,,54.5,장성종,김경림,310
23379,제주,2005-11-20,한,수,,62.5,최기호,김인태,313
23380,제주,2005-11-20,한,수,,54,신경호,김국현,302
23381,제주,2005-11-20,한,수,,54,좌윤철,강진일,313
23382,제주,2005-11-20,한,수,,53,백인호,김태옥,303
23383,제주,2005-11-20,한,수,,54,김성오,김예근,279
23384,제주,2005-11-20,한,수,,52,김한철,강학민,313
23385,제주,2005-11-20,한,수,,54,김성오,고하구,318
23386,제주,2005-11-20,한,수,,51,임용찬,천창수,312
23387,제주,2005-11-20,한,수,,54,변용호,김산현,309
23388,제주,2005-11-20,한,수,,51,고영덕,이원길,315
23389,제주,2005-11-20,한,수,,54,백인호,고정홍,304
23390,제주,2005-11-20,한,수,,53,윤덕상,고승명,268
23391,제주,2005-11-20,한,수,,55,정성훈,강남환,329
23392,제주,2005-11-20,한,수,,54,한상배,조창규,281
23393,제주,2005-11-20,한,수,,53,변용호,김산현,258
23394,제주,2005-11-20,한,수,,50,김영래,김순녀,251
23395,제주,2005-11-20,한,암,,53,고영덕,변창순,315
23396,제주,2005-11-20,한,암,,50,김한철,송방원,278
23397,제주,2005-11-20,한,수,,54,김한철,천창수,289
23398,제주,2005-11-20,한,암,,55,최기호,정완모,265
23399,제주,2005-11-20,한,암,,53,변용호,고상운,298
23400,제주,2005-11-20,한,암,,53,고성동,고정홍,282
23401,제주,2005-11-20,한,암,,53,정성훈,김용해,288
23402,제주,2005-11-20,한,암,,53,한상배,김창식,266
23403,제주,2005-11-20,한,수,,54,김영래,김보준,301
23404,제주,2005-11-20,한,거,,51,한상배,임관호,282
23405,제주,2005-11-20,한,수,,54,윤덕상,박영춘,283
23406,제주,2005-11-20,한,수,,54,신경호,한태국,269
23407,제주,2005-11-20,한,수,,51,백인호,장두일,309
23408,제주,2005-11-20,한,수,,54,고영덕,변창순,273
23409,제주,2005-11-20,한,수,,55,김영복,김덕인,312
23410,제주,2005-11-20,한,수,,53,임용찬,송방원,360
23411,제주,2005-11-20,한,수,,54,고영덕,이정주,264
23412,제주,2005-11-20,한,수,,54,김성오,임상관,285
23413,제주,2005-11-20,한,수,,54,강대은,차청일,277
23414,제주,2005-11-20,한,수,,54,임용찬,신승오,308
23415,제주,2005-11-20,한,수,,55,김영복,현상춘,292
23416,제주,2005-11-20,한,수,,54,김영복,허영철,297
23417,제주,2005-11-20,한,수,,51,변용호,김무현,287
23418,제주,2005-11-20,한,암,,49,변용호,강남환,270
23419,제주,2005-11-20,한,암,,53,신경호,신태업,307
23420,제주,2005-11-20,한,암,,53,김영복,허영철,307
23421,제주,2005-11-20,한,암,,50,변용호,김홍진,296
23422,제주,2005-11-20,한,암,,53,고영덕,강춘시,283
23423,제주,2005-11-20,한,암,,53,고성동,고상운,266
23424,제주,2005-11-20,한,암,,53,고영덕,강춘기,290
23425,제주,2005-11-20,한,암,,53,좌윤철,고하구,315
23426,제주,2005-11-20,한,암,,53,고영덕,김종현,308
23427,제주,2005-11-20,한,암,,53,장성종,송정웅,258
23428,제주,2005-11-20,한,암,,52,강대은,정춘조,278
23429,제주,2005-11-20,한,암,,50,윤덕상,양동우,301
23430,제주,2005-11-20,한,암,,53,고성동,고상운,283
23431,제주,2005-11-20,한,암,,54,김영래,고경현,286
23432,제주,2005-11-20,한,암,,50,김한철,고영조,288
23433,제주,2005-11-20,한,암,,50,좌윤철,고한구,295
23434,제주,2005-11-20,한,암,,53,정성훈,조태만,304
23435,제주,2005-11-20,한,암,,50,백인호,장두일,292
23436,제주,2005-11-20,한,암,,59,김한철,김용수,233
23437,제주,2005-11-20,한,암,,50,한상배,김창식,288
23438,제주,2005-11-20,한,암,,50,고성동,김호영,264
23439,제주,2005-11-20,한,수,,53,김영래,현상춘,303
23440,제주,2005-11-20,한,암,,53,백인호,안석호,300
23441,제주,2005-11-20,한,암,,55,고영덕,변창순,287
23442,제주,2005-11-20,한,암,,56.5,고성동,이정주,296
23443,제주,2005-11-20,한,수,,54,김영복,신태업,295
23444,제주,2005-11-20,한,암,,52,최기호,김인태,298
23445,제주,2005-11-20,한,수,,54,김성오,고하구,0
23446,제주,2005-11-20,한,수,,54,박병진,김용수,275
23447,제주,2005-11-20,한,암,,53,변용호,양동우,300
23448,제주,2005-11-20,한,암,,53,김영래,김보준,263
23449,제주,2005-11-20,한,암,,59,변용호,안석호,309
23450,제주,2005-11-20,한,암,,55,한상배,오춘학,269
23451,제주,2005-11-20,한,암,,53,좌윤철,김용래,242
23452,제주,2005-11-20,한,암,,53,최기호,김인태,294
23453,제주,2005-11-20,한,암,,53,박병진,조동식,265
23454,제주,2005-11-20,한,암,,50,한상배,오기봉,231
23455,제주,2005-11-20,한,암,,53,박병진,전건영,314
23456,제주,2005-11-20,한,암,,53,김영래,김종식,280
23457,제주,2005-11-20,한,암,,60,고영덕,김홍협,300
23458,제주,2005-11-20,한,암,,53,최기호,정완모,278
23459,제주,2005-11-20,한,암,,53,변용호,장철환,289
23460,제주,2005-11-20,한,암,,53,최기호,강영종,296
23461,제주,2005-11-20,한,암,,54,김영복,한재두,0
23462,제주,2005-11-26,한,암,,53,정성훈,조태만,300
23463,제주,2005-11-26,한,수,,50,좌윤철,한태국,289
23464,제주,2005-11-26,한,수,,54,김영복,김태옥,307
23465,제주,2005-11-26,한,수,,54,정성훈,강학민,317
23466,제주,2005-11-26,한,암,,54,고영덕,김무현,309
23467,제주,2005-11-26,한,암,,53,변용호,현상춘,278
23468,제주,2005-11-26,한,암,,52,한상배,김창식,276
23469,제주,2005-11-26,한,암,,53,박병진,김복자,280
23470,제주,2005-11-26,한,암,,54,변용호,장두일,256
23471,제주,2005-11-26,한,수,,53.5,김영래,강상우,294
23472,제주,2005-11-26,한,수,,55,백인호,고홍휴,246
23473,제주,2005-11-26,한,수,,54,장성종,김흥보,282
23474,제주,2005-11-26,한,수,,55,최기호,정완모,322
23475,제주,2005-11-26,한,암,,53,김영래,진창배,259
23476,제주,2005-11-26,한,암,,53,김영복,허영철,305
23477,제주,2005-11-26,한,암,,53,박병진,고경수,283
23478,제주,2005-11-26,한,암,,53,김한철,송방원,287
23479,제주,2005-11-26,한,암,,53,신경호,오춘학,248
23480,제주,2005-11-26,한,암,,50,한상배,송방원,253
23481,제주,2005-11-26,한,암,,51,변용호,강남환,275
23482,제주,2005-11-26,한,암,,54,좌윤철,강인선,295
23483,제주,2005-11-26,한,수,,54,임용찬,문영준,338
23484,제주,2005-11-26,한,수,,53,좌윤철,김홍진,304
23485,제주,2005-11-26,한,수,,51,변용호,김산현,308
23486,제주,2005-11-26,한,수,,53,김한철,송방원,299
23487,제주,2005-11-26,한,수,,54,좌윤철,김정봉,271
23488,제주,2005-11-26,한,수,,54,강대은,김순녀,277
23489,제주,2005-11-26,한,수,,54,정성훈,강남환,303
23490,제주,2005-11-26,한,수,,54,장성종,김흥보,283
23491,제주,2005-11-26,한,수,,54,신경호,한태국,303
23492,제주,2005-11-26,한,수,,54,장성종,조동식,308
23493,제주,2005-11-26,한,수,,51,김한철,송정웅,299
23494,제주,2005-11-26,한,수,,54,김영래,강상우,290
23495,제주,2005-11-26,한,수,,54,백인호,김태옥,294
23496,제주,2005-11-26,한,수,,55,강대은,전건영,262
23497,제주,2005-11-26,한,수,,52,좌윤철,장두일,304
23498,제주,2005-11-26,한,수,,51,백인호,강상우,303
23499,제주,2005-11-26,한,수,,54,백인호,안석호,320
23500,제주,2005-11-26,한,수,,54,김영복,신태업,291
23501,제주,2005-11-26,한,수,,54,좌윤철,김홍진,278
23502,제주,2005-11-26,한,암,,50,임용찬,김복자,314
23503,제주,2005-11-26,한,암,,51,변용호,진영진,290
23504,제주,2005-11-26,한,수,,54,김영복,허영철,277
23505,제주,2005-11-26,한,수,,52,한상배,강현수,288
23506,제주,2005-11-26,한,수,,54,백인호,이창훈,290
23507,제주,2005-11-26,한,암,,51,좌윤철,김홍진,325
23508,제주,2005-11-26,한,암,,54,고영덕,이원길,299
23509,제주,2005-11-26,한,암,,58,박병진,김태옥,265
23510,제주,2005-11-26,한,거,,55,김성오,김예근,260
23511,제주,2005-11-26,한,수,,54,김영래,김창만,285
23512,제주,2005-11-26,한,수,,54,김영복,김산현,252
23513,제주,2005-11-26,한,수,,54,윤덕상,안석호,318
23514,제주,2005-11-26,한,수,,56.5,정성훈,임관호,316
23515,제주,2005-11-26,한,수,,64,강대은,김홍진,307
23516,제주,2005-11-26,한,수,,54,김영래,강태민,260
23517,제주,2005-11-26,한,수,,50,윤덕상,현상춘,283
23518,제주,2005-11-26,한,수,,51,임용찬,신승오,274
23519,제주,2005-11-26,한,수,,55,장성종,고임계,291
23520,제주,2005-11-26,한,수,,54,고영덕,강춘시,308
23521,제주,2005-11-26,한,수,,54,김성오,고하구,295
23522,제주,2005-11-26,한,수,,56,장성종,고임계,263
23523,제주,2005-11-26,한,수,,51,김한철,송정웅,323
23524,제주,2005-11-26,한,수,,54,신경호,김국현,310
23525,제주,2005-11-26,한,수,,57,김영래,강태민,249
23526,제주,2005-11-26,한,암,,53,좌윤철,한태국,307
23527,제주,2005-11-26,한,암,,53.5,고성동,고승명,275
23528,제주,2005-11-26,한,암,,53,정성훈,김용해,285
23529,제주,2005-11-26,한,암,,52.5,변용호,진영진,304
23530,제주,2005-11-26,한,암,,51,고성동,고상운,271
23531,제주,2005-11-26,한,암,,55,고영덕,김홍협,330
23532,제주,2005-11-26,한,암,,53,고성동,고승명,291
23533,제주,2005-11-26,한,암,,50,윤덕상,현상춘,281
23534,제주,2005-11-26,한,암,,51,백인호,강상길,277
23535,제주,2005-11-26,한,암,,50,변용호,김경남,300
23536,제주,2005-11-26,한,암,,55,강대은,김정봉,287
23537,제주,2005-11-26,한,암,,53,고성동,김순녀,279
23538,제주,2005-11-26,한,암,,53,한상배,오기봉,252
23539,제주,2005-11-26,한,암,,53,김성오,고하구,278
23540,제주,2005-11-26,한,암,,56,강대은,윤태현,260
23541,제주,2005-11-26,한,암,,56,백인호,변공민,281
23542,제주,2005-11-26,한,암,,54,강대은,전건영,293
23543,제주,2005-11-26,한,암,,54,박병진,강길홍,282
23544,제주,2005-11-26,한,암,,50,박병진,조동식,296
23545,제주,2005-11-26,한,암,,50,윤덕상,고하구,313
23546,제주,2005-11-27,한,암,,51,백인호,이창훈,293
23547,제주,2005-11-27,한,암,,53,정성훈,신종창,285
23548,제주,2005-11-27,한,암,,53,김영복,김덕인,286
23549,제주,2005-11-27,한,암,,56,고영덕,강성호,307
23550,제주,2005-11-27,한,암,,55,고영덕,고상윤,261
23551,제주,2005-11-27,한,암,,52,임용찬,송방원,257
23552,제주,2005-11-27,한,암,,53,고영덕,강영수,225
23553,제주,2005-11-27,한,암,,50,고성동,한성택,246
23554,제주,2005-11-27,한,암,,52.5,한상배,강상길,210
23555,제주,2005-11-27,한,암,,53,정성훈,고영조,256
23556,제주,2005-11-27,한,암,,53,고영덕,조창규,271
23557,제주,2005-11-27,한,암,,53,좌윤철,강진일,308
23558,제주,2005-11-27,한,암,,53,고성동,고상운,268
23559,제주,2005-11-27,한,암,,53,김영래,김종현,248
23560,제주,2005-11-27,한,수,,54,김성오,임상관,275
23561,제주,2005-11-27,한,수,,52,김성오,강성호,255
23562,제주,2005-11-27,한,수,,55.5,윤덕상,현상춘,315
23563,제주,2005-11-27,한,암,,53,김영복,조창규,260
23564,제주,2005-11-27,한,암,,51,좌윤철,김정봉,274
23565,제주,2005-11-27,한,암,,53,김성오,김예근,287
23566,제주,2005-11-27,한,암,,53,김영복,허영철,287
23567,제주,2005-11-27,한,암,,51,정성훈,김태옥,269
23568,제주,2005-11-27,한,암,,55,정성훈,조태만,319
23569,제주,2005-11-27,한,암,,49,박병진,송정웅,250
23570,제주,2005-11-27,한,암,,53,정성훈,조태만,302
23571,제주,2005-11-27,한,암,,52,김한철,현구연,262
23572,제주,2005-11-27,한,수,,51,백인호,송정웅,297
23573,제주,2005-11-27,한,수,,55,한상배,임관호,283
23574,제주,2005-11-27,한,암,,54,강대은,조종호,319
23575,제주,2005-11-27,한,암,,53,장성종,장두일,300
23576,제주,2005-11-27,한,수,,55,김영래,송승준,291
23577,제주,2005-11-27,한,수,,54,변용호,오기봉,273
23578,제주,2005-11-27,한,수,,54,강대은,한태국,301
23579,제주,2005-11-27,한,수,,54,강대은,고임계,236
23580,제주,2005-11-27,한,수,,51,임용찬,문영준,296
23581,제주,2005-11-27,한,수,,54,백인호,고정홍,302
23582,제주,2005-11-27,한,수,,54,김성오,강춘기,289
23583,제주,2005-11-27,한,수,,54,박병진,문영준,324
23584,제주,2005-11-27,한,수,,51,김한철,김국현,288
23585,제주,2005-11-27,한,수,,53,좌윤철,김영일,294
23586,제주,2005-11-27,한,수,,53,고성동,이정주,306
23587,제주,2005-11-27,한,수,,55,좌윤철,허영철,304
23588,제주,2005-11-27,한,수,,50,박병진,김경남,303
23589,제주,2005-11-27,한,수,,50,임용찬,천창수,227
23590,제주,2005-11-27,한,수,,54,강대은,강훈표,293
23591,제주,2005-11-27,한,수,,54,정성훈,김용해,312
23592,제주,2005-11-27,한,수,,54,신경호,임상관,297
23593,제주,2005-11-27,한,암,,55,고성동,강영종,265
23594,제주,2005-11-27,한,암,,53,박병진,김영일,277
23595,제주,2005-11-27,한,거,,55,정성훈,김용해,326
23596,제주,2005-11-27,한,거,,52,정성훈,김용해,284
23597,제주,2005-11-27,한,거,,55,정성훈,부오현,317
23598,제주,2005-11-27,한,수,,51,임용찬,김복자,295
23599,제주,2005-11-27,한,수,,54,한상배,유상호,297
23600,제주,2005-11-27,한,수,,54,김영복,오춘광,299
23601,제주,2005-11-27,한,수,,54,장성종,장두일,284
23602,제주,2005-11-27,한,수,,54,박병진,김한진,280
23603,제주,2005-11-27,한,수,,51,최기호,변창순,261
23604,제주,2005-11-27,한,수,,54,변용호,박경식,316
23605,제주,2005-11-27,한,수,,54,정성훈,조태만,310
23606,제주,2005-11-27,한,수,,53,임용찬,송방원,354
23607,제주,2005-11-27,한,수,,51,장성종,박칠성,279
23608,제주,2005-11-27,한,수,,54,좌윤철,강진일,309
23609,제주,2005-11-27,한,수,,54,박병진,조동식,289
23610,제주,2005-11-27,한,수,,51,윤덕상,강춘시,291
23611,제주,2005-11-27,한,수,,54,장성종,임상관,309
23612,제주,2005-11-27,한,수,,49,최기호,김인태,296
23613,제주,2005-11-27,한,수,,57,백인호,고홍휴,277
23614,제주,2005-11-27,한,수,,54,김한철,차청일,264
23615,제주,2005-11-27,한,수,,54,백인호,고정홍,271
23616,제주,2005-11-27,한,수,,54,고성동,김정봉,281
23617,제주,2005-11-27,한,수,,55,장성종,천창수,290
23618,제주,2005-11-27,한,암,,54,윤덕상,김영일,237
23619,제주,2005-11-27,한,암,,55.5,김한철,김용수,237
23620,제주,2005-11-27,한,암,,66,강대은,고임계,284
23621,제주,2005-11-27,한,암,,49,한상배,이형준,226
23622,제주,2005-11-27,한,암,,53,백인호,안석호,283
23623,제주,2005-11-27,한,암,,54,최기호,오춘학,269
23624,제주,2005-11-27,한,암,,55,김영복,김태옥,299
23625,제주,2005-11-27,한,암,,50,김한철,장두일,253
23626,제주,2005-11-27,한,암,,53,고영덕,진창배,274
23627,제주,2005-11-27,한,암,,50,윤덕상,양동우,228
23628,제주,2005-11-27,한,암,,53,김영복,오춘광,290
23629,제주,2005-11-27,한,암,,55,고성동,고한구,241
23630,제주,2005-11-27,한,암,,53,고영덕,조창규,298
23631,제주,2005-11-27,한,암,,50,박병진,임태윤,276
23632,제주,2005-11-27,한,암,,53,신경호,김순녀,275
23633,제주,2005-11-27,한,암,,53,고영덕,김종현,273
23634,제주,2005-11-27,한,암,,53,김영복,강학민,303
23635,제주,2005-11-27,한,암,,56,박병진,문영준,311
23636,제주,2005-12-03,한,암,,53,고영덕,김홍협,337
23637,제주,2005-12-03,한,암,,54,김영래,고경현,281
23638,제주,2005-12-03,한,암,,50,고성동,이정주,290
23639,제주,2005-12-03,한,암,,53,정성훈,김용해,285
23640,제주,2005-12-03,한,암,,53,김성오,강춘기,255
23641,제주,2005-12-03,한,암,,53,고성동,강기숙,248
23642,제주,2005-12-03,한,암,,53,좌윤철,김용래,237
23643,제주,2005-12-03,한,암,,50,박병진,김영일,280
23644,제주,2005-12-03,한,암,,53,변용호,현구연,291
23645,제주,2005-12-03,한,암,,56.5,고성동,미듬종합,265
23646,제주,2005-12-03,한,암,,52,한상배,오기봉,253
23647,제주,2005-12-03,한,암,,54,장성종,박칠성,282
23648,제주,2005-12-03,한,암,,53,고영덕,강성호,265
23649,제주,2005-12-03,한,암,,54,최기호,김인태,304
23650,제주,2005-12-03,한,수,,54,김한철,이정충,280
23651,제주,2005-12-03,한,암,,53,박병진,김경남,268
23652,제주,2005-12-03,한,암,,50,한상배,김종현,267
23653,제주,2005-12-03,한,암,,53,한상배,유상호,287
23654,제주,2005-12-03,한,암,,53,좌윤철,김홍천,317
23655,제주,2005-12-03,한,암,,50,고성동,고한구,284
23656,제주,2005-12-03,한,암,,52.5,백인호,진창배,254
23657,제주,2005-12-03,한,암,,50,윤덕상,강춘시,314
23658,제주,2005-12-03,한,암,,53,정성훈,조태만,282
23659,제주,2005-12-03,한,수,,49,변용호,김경남,252
23660,제주,2005-12-03,한,수,,54,강대은,송승준,314
23661,제주,2005-12-03,한,수,,54,최기호,조창규,288
23662,제주,2005-12-03,한,수,,54,윤덕상,박영춘,284
23663,제주,2005-12-03,한,수,,54,정성훈,강남환,312
23664,제주,2005-12-03,한,수,,54,고성동,부용식,283
23665,제주,2005-12-03,한,수,,55,김영복,현상춘,293
23666,제주,2005-12-03,한,수,,52,고성동,김순녀,278
23667,제주,2005-12-03,한,수,,55,고영덕,오춘광,327
23668,제주,2005-12-03,한,수,,54,정성훈,조태만,310
23669,제주,2005-12-03,한,수,,53,윤덕상,고승명,253
23670,제주,2005-12-03,한,수,,50,윤덕상,김영일,292
23671,제주,2005-12-03,한,수,,53,백인호,장덕지,244
23672,제주,2005-12-03,한,수,,54,고성동,미듬종합,285
23673,제주,2005-12-03,한,수,,54,신경호,이원길,282
23674,제주,2005-12-03,한,수,,54,김영래,강상우,283
23675,제주,2005-12-03,한,수,,54,장성종,임태윤,265
23676,제주,2005-12-03,한,수,,54,신경호,이원길,265
23677,제주,2005-12-03,한,수,,51,김한철,고영조,284
23678,제주,2005-12-03,한,수,,54,정성훈,조태만,310
23679,제주,2005-12-03,한,수,,54,고영덕,이원길,312
23680,제주,2005-12-03,한,수,,52,강대은,윤태현,276
23681,제주,2005-12-03,한,수,,51,임용찬,문영준,317
23682,제주,2005-12-03,한,수,,53,좌윤철,김정봉,279
23683,제주,2005-12-03,한,수,,54,신경호,고태오,272
23684,제주,2005-12-03,한,수,,53,장성종,천창수,265
23685,제주,2005-12-03,한,수,,54,김영래,김보준,297
23686,제주,2005-12-03,한,수,,54,김영복,강기숙,302
23687,제주,2005-12-03,한,수,,54,김한철,송정웅,0
23688,제주,2005-12-03,한,수,,52,임용찬,김경남,342
23689,제주,2005-12-03,한,수,,55,좌윤철,한태국,273
23690,제주,2005-12-03,한,수,,53,임용찬,박영춘,311
23691,제주,2005-12-03,한,암,,53,임용찬,유상호,298
23692,제주,2005-12-03,한,암,,57.5,윤덕상,양동우,264
23693,제주,2005-12-03,한,암,,54,변용호,김홍진,273
23694,제주,2005-12-03,한,거,,55,최기호,정완모,278
23695,제주,2005-12-03,한,암,,53,장성종,유상호,291
23696,제주,2005-12-03,한,암,,53,김영래,강태민,228
23697,제주,2005-12-03,한,암,,52,한상배,오춘학,263
23698,제주,2005-12-03,한,수,,50,변용호,조태만,270
23699,제주,2005-12-03,한,수,,54,김성오,고하구,304
23700,제주,2005-12-03,한,수,,54,좌윤철,강진일,272
23701,제주,2005-12-03,한,수,,54,한상배,조창규,0
23702,제주,2005-12-03,한,거,,55,고영덕,변창순,306
23703,제주,2005-12-03,한,거,,55,김영복,강기숙,259
23704,제주,2005-12-03,한,수,,55,김영래,송정웅,276
23705,제주,2005-12-03,한,암,,53,고영덕,진창배,272
23706,제주,2005-12-03,한,암,,51,좌윤철,김정봉,267
23707,제주,2005-12-03,한,암,,53,백인호,고정홍,285
23708,제주,2005-12-03,한,암,,56,임용찬,문영준,299
23709,제주,2005-12-03,한,암,,52,정성훈,고영조,256
23710,제주,2005-12-03,한,암,,53,좌윤철,고하구,316
23711,제주,2005-12-03,한,암,,50,김한철,고영조,279
23712,제주,2005-12-03,한,암,,51,변용호,고상운,237
23713,제주,2005-12-03,한,암,,50,강대은,양동우,234
23714,제주,2005-12-03,한,암,,53,박병진,전건영,307
23715,제주,2005-12-03,한,암,,53,장성종,송정웅,259
23716,제주,2005-12-03,한,암,,54,강대은,김국현,298
23717,제주,2005-12-03,한,암,,53,고성동,고승명,288
23718,제주,2005-12-03,한,암,,53,임용찬,박영춘,304
23719,제주,2005-12-03,한,암,,53,고영덕,강상우,256
23720,제주,2005-12-03,한,암,,53,김성오,박경후,286
23721,제주,2005-12-03,한,암,,50,임용찬,신승오,289
23722,제주,2005-12-03,한,암,,51,김한철,현구연,261
23723,제주,2005-12-04,한,수,,54,김영복,허영철,299
23724,제주,2005-12-04,한,수,,51,임용찬,신승오,308
23725,제주,2005-12-04,한,수,,53,백인호,김태옥,310
23726,제주,2005-12-04,한,수,,53.5,윤덕상,고승명,264
23727,제주,2005-12-04,한,수,,54,장성종,강학민,281
23728,제주,2005-12-04,한,수,,54,김성오,임상관,282
23729,제주,2005-12-04,한,수,,51,신경호,김국현,303
23730,제주,2005-12-04,한,수,,51,김한철,김용수,288
23731,제주,2005-12-04,한,수,,54,박병진,김태옥,293
23732,제주,2005-12-04,한,수,,55.5,한상배,오기봉,312
23733,제주,2005-12-04,한,수,,54,정성훈,부오현,297
23734,제주,2005-12-04,한,수,,54,김한철,송방원,301
23735,제주,2005-12-04,한,수,,54,한상배,유상호,300
23736,제주,2005-12-04,한,암,,53,변용호,진영진,288
23737,제주,2005-12-04,한,수,,51.5,박병진,김인태,282
23738,제주,2005-12-04,한,수,,55.5,김영복,김덕인,317
23739,제주,2005-12-04,한,수,,54,변용호,박경식,311
23740,제주,2005-12-04,한,수,,54,백인호,고정홍,307
23741,제주,2005-12-04,한,수,,54,고영덕,이정주,265
23742,제주,2005-12-04,한,수,,54,고영덕,송정웅,296
23743,제주,2005-12-04,한,수,,54,한상배,송방원,298
23744,제주,2005-12-04,한,수,,54,신경호,고성남,291
23745,제주,2005-12-04,한,수,,52,김한철,강학민,306
23746,제주,2005-12-04,한,수,,51,윤덕상,강춘시,291
23747,제주,2005-12-04,한,수,,54,좌윤철,고하구,368
23748,제주,2005-12-04,한,수,,54,좌윤철,김홍진,278
23749,제주,2005-12-04,한,수,,54,백인호,김태옥,295
23750,제주,2005-12-04,한,수,,50,백인호,강상길,252
23751,제주,2005-12-04,한,수,,51,신경호,한태국,270
23752,제주,2005-12-04,한,수,,54,고영덕,강춘시,303
23753,제주,2005-12-04,한,수,,55,장성종,김경림,309
23754,제주,2005-12-04,한,수,,54,김성오,김예근,281
23755,제주,2005-12-04,한,수,,55.5,정성훈,강남환,324
23756,제주,2005-12-04,한,수,,54,정성훈,김용해,307
23757,제주,2005-12-04,한,수,,63,최기호,김인태,315
23758,제주,2005-12-04,한,수,,54,김성오,송정웅,303
23759,제주,2005-12-04,한,수,,51,고성동,조종호,289
23760,제주,2005-12-04,한,수,,54,장성종,강도배,314
23761,제주,2005-12-04,한,암,,50,윤덕상,고하구,302
23762,제주,2005-12-04,한,암,,53,김성오,김예근,322
23763,제주,2005-12-04,한,암,,49,변용호,강남환,271
23764,제주,2005-12-04,한,수,,53,변용호,김산현,258
23765,제주,2005-12-04,한,수,,53,좌윤철,김홍진,305
23766,제주,2005-12-04,한,수,,54,백인호,김성진,292
23767,제주,2005-12-04,한,수,,54,박병진,변공민,293
23768,제주,2005-12-04,한,암,,53,임용찬,박영춘,303
23769,제주,2005-12-04,한,암,,54,고성동,김홍진,284
23770,제주,2005-12-04,한,암,,50,임용찬,유상호,276
23771,제주,2005-12-04,한,암,,52,한상배,이형준,227
23772,제주,2005-12-04,한,암,,53,신경호,고영조,282
23773,제주,2005-12-04,한,암,,53,고영덕,강춘기,292
23774,제주,2005-12-04,한,암,,53,고성동,고상운,265
23775,제주,2005-12-04,한,암,,60.5,정성훈,김용해,344
23776,제주,2005-12-04,한,암,,54,김영복,한재두,290
23777,제주,2005-12-04,한,암,,53,김영래,김종식,272
23778,제주,2005-12-04,한,암,,50,좌윤철,고한구,289
23779,제주,2005-12-04,한,암,,53,정성훈,고영조,311
23780,제주,2005-12-04,한,암,,54,최기호,정완모,276
23781,제주,2005-12-04,한,암,,53,박병진,김용수,283
23782,제주,2005-12-04,한,암,,53,최기호,조동식,275
23783,제주,2005-12-04,한,암,,53,강대은,고상운,280
23784,제주,2005-12-04,한,암,,51,좌윤철,김홍진,324
23785,제주,2005-12-04,한,암,,50,백인호,이창훈,282
23786,제주,2005-12-04,한,암,,54,좌윤철,김정봉,268
23787,제주,2005-12-04,한,암,,53,고영덕,변창순,313
23788,제주,2005-12-04,한,암,,53,고성동,고상운,278
23789,제주,2005-12-04,한,암,,50,김영복,김덕인,282
23790,제주,2005-12-04,한,암,,53,강대은,이정주,292
23791,제주,2005-12-04,한,암,,53,한상배,김창식,265
23792,제주,2005-12-04,한,암,,53,변용호,장철환,289
23793,제주,2005-12-04,한,암,,56,임용찬,김경림,282
23794,제주,2005-12-04,한,암,,53,고성동,고정홍,287
23795,제주,2005-12-04,한,암,,53,고영덕,강춘시,280
23796,제주,2005-12-04,한,암,,53,고성동,김순녀,277
23797,제주,2005-12-04,한,수,,54,장성종,천창수,293
23798,제주,2005-12-04,한,암,,60.5,고영덕,김홍협,298
23799,제주,2005-12-04,한,암,,53,박병진,조동식,263
23800,제주,2005-12-04,한,암,,53,백인호,안석호,301
23801,제주,2005-12-04,한,암,,56.5,고영덕,변창순,284
23802,제주,2005-12-04,한,암,,50,한상배,오춘학,276
23803,제주,2005-12-04,한,암,,52,강대은,정춘조,270
23804,제주,2005-12-04,한,암,,50,윤덕상,강춘기,296
23805,제주,2005-12-04,한,수,,50,김영래,김순녀,255
23806,제주,2005-12-04,한,암,,50,한상배,김창식,285
23807,제주,2005-12-04,한,암,,53,좌윤철,강인선,293
23808,제주,2005-12-04,한,암,,53,김한철,천창수,286
23809,제주,2005-12-04,한,암,,50,김성오,이종철,271
23810,제주,2005-12-04,한,암,,53,정성훈,김용해,286
23811,제주,2005-12-04,한,암,,50,윤덕상,양동우,300
23812,제주,2005-12-10,한,암,,53,한상배,고임계,272
23813,제주,2005-12-10,한,암,,53,변용호,고상운,282
23814,제주,2005-12-10,한,암,,50,김한철,고영조,275
23815,제주,2005-12-10,한,암,,53,김영래,최기돈,287
23816,제주,2005-12-10,한,암,,55,김한철,김용수,240
23817,제주,2005-12-10,한,암,,56,최기호,정완모,284
23818,제주,2005-12-10,한,암,,52,최기호,강영종,257
23819,제주,2005-12-10,한,암,,53,변용호,현상춘,0
23820,제주,2005-12-10,한,암,,54,좌윤철,김정봉,264
23821,제주,2005-12-10,한,암,,51,좌윤철,강인선,295
23822,제주,2005-12-10,한,암,,50,임용찬,박영춘,304
23823,제주,2005-12-10,한,암,,50,좌윤철,김정봉,273
23824,제주,2005-12-10,한,암,,50,변용호,김홍진,294
23825,제주,2005-12-10,한,암,,51,한상배,강상길,208
23826,제주,2005-12-10,한,수,,55,강대은,전건영,260
23827,제주,2005-12-10,한,암,,54,김영복,강기숙,302
23828,제주,2005-12-10,한,암,,72,강대은,고임계,279
23829,제주,2005-12-10,한,암,,53,박병진,조동식,311
23830,제주,2005-12-10,한,수,,56.5,정성훈,임관호,321
23831,제주,2005-12-10,한,수,,52.5,김영래,강상우,287
23832,제주,2005-12-10,한,수,,51,임용찬,문영준,314
23833,제주,2005-12-10,한,수,,54,강대은,차청일,283
23834,제주,2005-12-10,한,수,,54,최기호,김인태,303
23835,제주,2005-12-10,한,수,,55,장성종,김흥보,284
23836,제주,2005-12-10,한,수,,55,장성종,고임계,292
23837,제주,2005-12-10,한,수,,51,백인호,장두일,314
23838,제주,2005-12-10,한,암,,53,박병진,조동식,299
23839,제주,2005-12-10,한,암,,53,고영덕,김종현,306
23840,제주,2005-12-10,한,암,,55,고영덕,이원길,303
23841,제주,2005-12-10,한,암,,53,신경호,오춘학,250
23842,제주,2005-12-10,한,암,,55,백인호,양동우,293
23843,제주,2005-12-10,한,암,,54,신경호,송승준,273
23844,제주,2005-12-10,한,암,,50,윤덕상,강춘시,308
23845,제주,2005-12-10,한,암,,52,변용호,진영진,301
23846,제주,2005-12-10,한,암,,55.5,고영덕,강성호,309
23847,제주,2005-12-10,한,암,,51,좌윤철,이용대,275
23848,제주,2005-12-10,한,암,,53,정성훈,신종창,285
23849,제주,2005-12-10,한,암,,55,김영복,강학민,303
23850,제주,2005-12-10,한,암,,51,정성훈,김태옥,273
23851,제주,2005-12-10,한,암,,55,고영덕,김홍협,326
23852,제주,2005-12-10,한,암,,50,고성동,한성택,248
23853,제주,2005-12-10,한,암,,53,한상배,강현수,290
23854,제주,2005-12-10,한,암,,53,김영복,오춘광,295
23855,제주,2005-12-10,한,암,,53,고성동,고상운,263
23856,제주,2005-12-10,한,암,,53,신경호,김순녀,270
23857,제주,2005-12-10,한,암,,50,김영복,허영철,288
23858,제주,2005-12-10,한,암,,53,고영덕,김춘수,258
23859,제주,2005-12-10,한,수,,55,한상배,강현수,289
23860,제주,2005-12-10,한,수,,50,김성오,강성호,257
23861,제주,2005-12-10,한,수,,54,최기호,강남환,260
23862,제주,2005-12-10,한,수,,53,최기호,조창규,287
23863,제주,2005-12-10,한,수,,54,김한철,송정웅,326
23864,제주,2005-12-10,한,수,,55,최기호,김인태,291
23865,제주,2005-12-10,한,수,,54,좌윤철,고하구,368
23866,제주,2005-12-10,한,수,,54,김영복,김태옥,308
23867,제주,2005-12-10,한,수,,49,임용찬,천창수,229
23868,제주,2005-12-10,한,수,,54,변용호,안석호,317
23869,제주,2005-12-10,한,수,,54,정성훈,김용해,309
23870,제주,2005-12-10,한,암,,54,최기호,정완모,280
23871,제주,2005-12-10,한,암,,54,변용호,장두일,252
23872,제주,2005-12-10,한,암,,54,윤덕상,김영일,235
23873,제주,2005-12-10,한,암,,54,강대은,전건영,299
23874,제주,2005-12-10,한,암,,53,김한철,고영조,299
23875,제주,2005-12-10,한,거,,54,고성동,이정주,264
23876,제주,2005-12-10,한,암,,56,백인호,변공민,280
23877,제주,2005-12-10,한,암,,51.5,변용호,진영진,288
23878,제주,2005-12-10,한,암,,50,윤덕상,양동우,232
23879,제주,2005-12-10,한,거,,51,정성훈,김용해,287
23880,제주,2005-12-10,한,거,,51,임용찬,박영춘,287
23881,제주,2005-12-10,한,수,,54,백인호,고정홍,271
23882,제주,2005-12-10,한,수,,54,강대은,고임계,234
23883,제주,2005-12-10,한,수,,54,최기호,오춘학,252
23884,제주,2005-12-10,한,수,,51,김한철,윤태현,314
23885,제주,2005-12-10,한,수,,55,임용찬,문영준,310
23886,제주,2005-12-10,한,암,,53,고영덕,조창규,296
23887,제주,2005-12-10,한,수,,54,고영덕,변창순,275
23888,제주,2005-12-10,한,수,,54,강대은,김순녀,293
23889,제주,2005-12-10,한,수,,51,한상배,현광철,302
23890,제주,2005-12-10,한,수,,54,김영래,강상우,290
23891,제주,2005-12-10,한,수,,56,백인호,고홍휴,277
23892,제주,2005-12-10,한,수,,54,백인호,안석호,324
23893,제주,2005-12-10,한,수,,55.5,고영덕,이정주,323
23894,제주,2005-12-10,한,수,,53.5,임용찬,문영준,338
23895,제주,2005-12-10,한,수,,54,김성오,고하구,297
23896,제주,2005-12-10,한,수,,54,윤덕상,안석호,321
23897,제주,2005-12-10,한,수,,54,정성훈,조태만,313
23898,제주,2005-12-11,한,수,,51,임용찬,김복자,298
23899,제주,2005-12-11,한,수,,54,신경호,김춘수,256
23900,제주,2005-12-11,한,수,,54,최기호,조창규,280
23901,제주,2005-12-11,한,수,,51,변용호,한재두,283
23902,제주,2005-12-11,한,수,,55.5,한상배,임관호,285
23903,제주,2005-12-11,한,수,,68,강대은,김홍진,314
23904,제주,2005-12-11,한,수,,52,김영래,강태민,259
23905,제주,2005-12-11,한,수,,48,좌윤철,한태국,292
23906,제주,2005-12-11,한,수,,50,윤덕상,현상춘,283
23907,제주,2005-12-11,한,수,,55,임용찬,문영준,279
23908,제주,2005-12-11,한,수,,54,신경호,김국현,276
23909,제주,2005-12-11,한,수,,54,정성훈,강남환,305
23910,제주,2005-12-11,한,수,,58,김영래,강태민,247
23911,제주,2005-12-11,한,수,,51,임용찬,신승오,272
23912,제주,2005-12-11,한,수,,55,김성오,변공민,312
23913,제주,2005-12-11,한,수,,54,변용호,장두일,322
23914,제주,2005-12-11,한,수,,54,고영덕,고상윤,312
23915,제주,2005-12-11,한,수,,55,좌윤철,장두일,306
23916,제주,2005-12-11,한,수,,55,최기호,강남환,260
23917,제주,2005-12-11,한,수,,51,고성동,조종호,281
23918,제주,2005-12-11,한,수,,54,박병진,김용수,284
23919,제주,2005-12-11,한,수,,54,강대은,강훈표,289
23920,제주,2005-12-11,한,암,,50,백인호,장두일,296
23921,제주,2005-12-11,한,암,,53,고성동,고상운,278
23922,제주,2005-12-11,한,암,,58,임용찬,김경림,275
23923,제주,2005-12-11,한,암,,50,최기호,김인태,292
23924,제주,2005-12-11,한,암,,51,백인호,이창훈,270
23925,제주,2005-12-11,한,암,,54,김영래,송정웅,282
23926,제주,2005-12-11,한,암,,53,변용호,현구연,287
23927,제주,2005-12-11,한,암,,55,좌윤철,강인선,255
23928,제주,2005-12-11,한,암,,55,강대은,윤태현,260
23929,제주,2005-12-11,한,암,,53,백인호,안석호,300
23930,제주,2005-12-11,한,암,,53,박병진,김복자,285
23931,제주,2005-12-11,한,거,,55,정성훈,김용해,327
23932,제주,2005-12-11,한,암,,53,김영복,조창규,258
23933,제주,2005-12-11,한,수,,54,고영덕,송정웅,287
23934,제주,2005-12-11,한,수,,51,윤덕상,안석호,305
23935,제주,2005-12-11,한,수,,54,신경호,임상관,307
23936,제주,2005-12-11,한,암,,50,윤덕상,현상춘,286
23937,제주,2005-12-11,한,수,,55,백인호,고홍휴,248
23938,제주,2005-12-11,한,수,,55,고영덕,변창순,252
23939,제주,2005-12-11,한,암,,53,고성동,조종호,282
23940,제주,2005-12-11,한,수,,54,박병진,김한진,285
23941,제주,2005-12-11,한,암,,50,고성동,김호영,265
23942,제주,2005-12-11,한,수,,54,김영래,김보준,297
23943,제주,2005-12-11,한,수,,51,백인호,송정웅,297
23944,제주,2005-12-11,한,수,,54,박병진,조동식,289
23945,제주,2005-12-11,한,수,,54,김한철,천창수,294
23946,제주,2005-12-11,한,수,,54,고영덕,변창순,308
23947,제주,2005-12-11,한,암,,50,윤덕상,강춘시,248
23948,제주,2005-12-11,한,암,,53,장성종,장두일,300
23949,제주,2005-12-11,한,암,,50,변용호,김경남,306
23950,제주,2005-12-11,한,암,,55,최기호,강남환,298
23951,제주,2005-12-11,한,암,,55,윤덕상,김창식,301
23952,제주,2005-12-11,한,암,,54,최기호,오춘학,272
23953,제주,2005-12-11,한,암,,53,김영래,김국현,231
23954,제주,2005-12-11,한,암,,53,김성오,김예근,287
23955,제주,2005-12-11,한,암,,53,변용호,장철환,284
23956,제주,2005-12-11,한,암,,53,장성종,강신정,273
23957,제주,2005-12-11,한,수,,55,윤덕상,현상춘,317
23958,제주,2005-12-11,한,수,,54,백인호,고정홍,309
23959,제주,2005-12-11,한,수,,51,임용찬,천창수,311
23960,제주,2005-12-11,한,수,,51,변용호,김무현,293
23961,제주,2005-12-11,한,수,,55,좌윤철,허영철,302
23962,제주,2005-12-11,한,수,,51,김한철,송정웅,296
23963,제주,2005-12-11,한,수,,54,변용호,장철환,258
23964,제주,2005-12-11,한,수,,53,고영덕,오춘광,320
23965,제주,2005-12-11,한,수,,50,박병진,김경남,311
23966,제주,2005-12-11,한,수,,55,윤덕상,고승명,272
23967,제주,2005-12-11,한,수,,53,장성종,임상관,320
23968,제주,2005-12-11,한,수,,54,신경호,한태국,303
23969,제주,2005-12-11,한,수,,54,강대은,김순녀,282
23970,제주,2005-12-11,한,수,,54,고영덕,강성호,282
23971,제주,2005-12-11,한,암,,53,한상배,유상호,289
23972,제주,2005-12-11,한,암,,54,강대은,조종호,312
23973,제주,2005-12-11,한,암,,50,한상배,김창식,286
23974,제주,2005-12-11,한,암,,53,고영덕,강성호,258
23975,제주,2005-12-11,한,거,,55,정성훈,부오현,317
23976,제주,2005-12-11,한,거,,55,김성오,김예근,255
23977,제주,2005-12-11,한,수,,54,김성오,임상관,281
23978,제주,2005-12-11,한,수,,51,김한철,강학민,302
23979,제주,2005-12-11,한,암,,53,신경호,김춘수,309
23980,제주,2005-12-11,한,암,,50,한상배,송방원,242
23981,제주,2005-12-11,한,수,,54.5,박병진,김용해,317
23982,제주,2005-12-11,한,수,,55,김영래,강태민,257
23983,제주,2005-12-11,한,수,,54,강대은,한태국,300
23984,제주,2005-12-18,한,암,,53,고영덕,김홍협,343
23985,제주,2005-12-18,한,수,,53,김영복,현상춘,297
23986,제주,2005-12-18,한,수,,54,좌윤철,김정봉,281
23987,제주,2005-12-18,한,수,,56,박병진,김용해,317
23988,제주,2005-12-18,한,암,,56,고영덕,진창배,276
23989,제주,2005-12-18,한,수,,51,임용찬,천창수,298
23990,제주,2005-12-18,한,수,,55,김영래,송승준,283
23991,제주,2005-12-18,한,수,,54,박병진,김태옥,293
23992,제주,2005-12-18,한,수,,51,고성동,김순녀,276
23993,제주,2005-12-18,한,수,,54,박병진,김인태,297
23994,제주,2005-12-18,한,수,,48,김한철,유원택,269
23995,제주,2005-12-18,한,수,,49,최기호,김인태,298
23996,제주,2005-12-18,한,수,,54,고영덕,김홍협,314
23997,제주,2005-12-18,한,수,,53,윤덕상,고승명,252
23998,제주,2005-12-18,한,암,,53,고성동,미듬종합,266
23999,제주,2005-12-18,한,암,,53,임용찬,박영춘,298
24000,제주,2005-12-18,한,암,,53,좌윤철,김영,312
24001,제주,2005-12-18,한,암,,50,변용호,진영진,283
24002,제주,2005-12-18,한,암,,49,한상배,김창식,283
24003,제주,2005-12-18,한,암,,61,정성훈,김용해,332
24004,제주,2005-12-18,한,암,,55.5,한상배,조창규,274
24005,제주,2005-12-18,한,수,,57,고영덕,이정주,321
24006,제주,2005-12-18,한,수,,55,김영래,송정웅,271
24007,제주,2005-12-18,한,암,,53,김영래,강태민,272
24008,제주,2005-12-18,한,암,,53,좌윤철,한태국,314
24009,제주,2005-12-18,한,암,,56,김영래,강태민,220
24010,제주,2005-12-18,한,암,,53,임용찬,김복자,323
24011,제주,2005-12-18,한,수,,52,임용찬,문영준,287
24012,제주,2005-12-18,한,암,,54.5,고성동,강영종,272
24013,제주,2005-12-18,한,암,,58,고성동,이정주,297
24014,제주,2005-12-18,한,암,,51,김영복,허영철,286
24015,제주,2005-12-18,한,암,,56,윤덕상,양동우,257
24016,제주,2005-12-18,한,거,,55,김영복,강기숙,262
24017,제주,2005-12-18,한,수,,51,장성종,천창수,266
24018,제주,2005-12-18,한,암,,51,김영복,정이남,287
24019,제주,2005-12-18,한,암,,54,박병진,강길홍,273
24020,제주,2005-12-18,한,암,,54,좌윤철,김용래,287
24021,제주,2005-12-18,한,암,,52,최기호,강영종,259
24022,제주,2005-12-18,한,암,,54,고성동,고한구,241
24023,제주,2005-12-18,한,암,,54.5,백인호,안석호,280
24024,제주,2005-12-18,한,암,,53.5,박병진,문영준,317
24025,제주,2005-12-18,한,암,,52,김영래,진창배,267
24026,제주,2005-12-18,한,암,,51,백인호,강상길,272
24027,제주,2005-12-18,한,암,,53,김성오,고하구,285
24028,제주,2005-12-18,한,암,,54,최기호,정완모,271
24029,제주,2005-12-18,한,암,,49,박병진,송정웅,253
24030,제주,2005-12-18,한,암,,53,윤덕상,안석호,303
24031,제주,2005-12-18,한,암,,53,김영복,오춘광,290
24032,제주,2005-12-18,한,암,,55.5,강대은,김정봉,294
24033,제주,2005-12-18,한,암,,54,강대은,양동우,237
24034,제주,2005-12-18,한,암,,53,정성훈,임관호,276
24035,제주,2005-12-18,한,암,,54,김영복,한재두,278
24036,제주,2005-12-18,한,수,,50,임용찬,김경남,342
24037,제주,2005-12-18,한,수,,49,변용호,조태만,268
24038,제주,2005-12-18,한,수,,54,윤덕상,현상춘,316
24039,제주,2005-12-18,한,수,,53,윤덕상,고승명,261
24040,제주,2005-12-18,한,수,,51,좌윤철,이창훈,308
24041,제주,2005-12-18,한,수,,63,강대은,정춘조,302
24042,제주,2005-12-18,한,수,,55,정성훈,강남환,323
24043,제주,2005-12-18,한,수,,53,좌윤철,김영일,302
24044,제주,2005-12-18,한,수,,54.5,김한철,윤태현,318
24045,제주,2005-12-18,한,수,,55,임용찬,문영준,300
24046,제주,2005-12-18,한,수,,52,윤덕상,고승명,271
24047,제주,2005-12-18,한,암,,54,백인호,신종창,275
24048,제주,2005-12-18,한,암,,53,고영덕,고상윤,256
24049,제주,2005-12-18,한,암,,53,임용찬,유상호,297
24050,제주,2005-12-18,한,암,,56,백인호,진창배,255
24051,제주,2005-12-18,한,암,,53,고성동,고정홍,282
24052,제주,2005-12-18,한,거,,55,고영덕,변창순,299
24053,제주,2005-12-18,한,수,,50,박병진,김경남,311
24054,제주,2005-12-18,한,수,,54,변용호,김산현,300
24055,제주,2005-12-18,한,거,,55,최기호,정완모,278
24056,제주,2005-12-18,한,수,,50,윤덕상,강도배,279
24057,제주,2005-12-18,한,수,,54,신경호,이원길,267
24058,제주,2005-12-18,한,수,,54,신경호,김국현,302
24059,제주,2005-12-18,한,수,,51,강대은,윤태현,269
24060,제주,2005-12-18,한,수,,51,신경호,김춘수,253
24061,제주,2005-12-18,한,수,,54,고영덕,변창순,306
